msdX(mean),msdX(std),msdY(mean),msdY(std),msdZ(mean),msdZ(std),DmsdX(mean),DmsdX(std),DmsdY(mean),DmsdY(std),DmsdZ(mean),DmsdZ(std)
441.74562724999998,0,442.67983674999999,0,442.38523199999997,0,2.4209661705334304,0,2.4260860618377786,0,2.4244714943368648,0