msdX(mean),msdX(std),msdY(mean),msdY(std),msdZ(mean),msdZ(std),DmsdX(mean),DmsdX(std),DmsdY(mean),DmsdY(std),DmsdZ(mean),DmsdZ(std)
2439.7674312499998,0,2432.640879,0,2441.6161885000001,0,2.3200527113446179,0,2.3132758453784712,0,2.3218107536135415,0