msdX(mean),msdX(std),msdY(mean),msdY(std),msdZ(mean),msdZ(std),DmsdX(mean),DmsdX(std),DmsdY(mean),DmsdY(std),DmsdZ(mean),DmsdZ(std)
375.15589775000001,0,375.55161475,0,375.10810950000001,0,2.4297661771373056,0,2.4323291110751293,0,2.429456667746114,0