msdX(mean),msdX(std),msdY(mean),msdY(std),msdZ(mean),msdZ(std),DmsdX(mean),DmsdX(std),DmsdY(mean),DmsdY(std),DmsdZ(mean),DmsdZ(std)
88.205381500000001,0,88.413689750000003,0,88.427937999999997,0,2.459257848513011,0,2.4650656993494424,0,2.4654629553903344,0