msdX(mean),msdX(std),msdY(mean),msdY(std),msdZ(mean),msdZ(std),DmsdX(mean),DmsdX(std),DmsdY(mean),DmsdY(std),DmsdZ(mean),DmsdZ(std)
18181.662723000001,0,18225.001674250001,0,18225.914666500001,0,1.8955950098003103,0,1.9001134689187689,0,1.9002086562280625,0