msdX(mean),msdX(std),msdY(mean),msdY(std),msdZ(mean),msdZ(std),DmsdX(mean),DmsdX(std),DmsdY(mean),DmsdY(std),DmsdZ(mean),DmsdZ(std)
2079.3912405000001,0,2072.9939922499998,0,2080.2926075,0,2.3362196545202609,0,2.3290322735188376,0,2.3372323505729908,0