msdX(mean),msdX(std),msdY(mean),msdY(std),msdZ(mean),msdZ(std),DmsdX(mean),DmsdX(std),DmsdY(mean),DmsdY(std),DmsdZ(mean),DmsdZ(std)
521.18213275000005,0,521.43174999999997,0,521.76379374999999,0,2.4173568309369204,0,2.4185146103896105,0,2.4200547019944341,0