msdX(mean),msdX(std),msdY(mean),msdY(std),msdZ(mean),msdZ(std),DmsdX(mean),DmsdX(std),DmsdY(mean),DmsdY(std),DmsdZ(mean),DmsdZ(std)
281.03280074999998,0,282.000158,0,280.85173624999999,0,2.4367005845375722,0,2.4450880751445085,0,2.4351306611271677,0