msdX(mean),msdX(std),msdY(mean),msdY(std),msdZ(mean),msdZ(std),DmsdX(mean),DmsdX(std),DmsdY(mean),DmsdY(std),DmsdZ(mean),DmsdZ(std)
95.980032249999994,0,96.108318499999996,0,96.020752000000002,0,2.4610264679487179,0,2.4643158589743588,0,2.462070564102564,0