msdX(mean),msdX(std),msdY(mean),msdY(std),msdZ(mean),msdZ(std),DmsdX(mean),DmsdX(std),DmsdY(mean),DmsdY(std),DmsdZ(mean),DmsdZ(std)
81.210882749999996,0,81.413542250000006,0,81.417799000000002,0,2.4609358409090909,0,2.4670770378787878,0,2.4672060303030303,0