msdX(mean),msdX(std),msdY(mean),msdY(std),msdZ(mean),msdZ(std),DmsdX(mean),DmsdX(std),DmsdY(mean),DmsdY(std),DmsdZ(mean),DmsdZ(std)
8839.20770275,0,8845.7869627500004,0,8812.3378857499993,0,2.1222587521608642,0,2.123838406422569,0,2.1158074155462181,0