msdX(mean),msdX(std),msdY(mean),msdY(std),msdZ(mean),msdZ(std),DmsdX(mean),DmsdX(std),DmsdY(mean),DmsdY(std),DmsdZ(mean),DmsdZ(std)
786.69436174999998,0,786.91163774999995,0,786.36754125000004,0,2.4048125996026086,0,2.4054767813837374,0,2.4038135558895459,0