msdX(mean),msdX(std),msdY(mean),msdY(std),msdZ(mean),msdZ(std),DmsdX(mean),DmsdX(std),DmsdY(mean),DmsdY(std),DmsdZ(mean),DmsdZ(std)
7887.3825077499996,0,7899.3384487499998,0,7862.1203489999998,0,2.14614866791681,0,2.149401867165817,0,2.1392748605039271,0