msdX(mean),msdX(std),msdY(mean),msdY(std),msdZ(mean),msdZ(std),DmsdX(mean),DmsdX(std),DmsdY(mean),DmsdY(std),DmsdZ(mean),DmsdZ(std)
4961.3043115,0,4966.9450084999999,0,4959.5966705000001,0,2.2268638999521229,0,2.2293957068583738,0,2.2260974313264907,0