msdX(mean),msdX(std),msdY(mean),msdY(std),msdZ(mean),msdZ(std),DmsdX(mean),DmsdX(std),DmsdY(mean),DmsdY(std),DmsdZ(mean),DmsdZ(std)
164.3173175,0,164.59421975000001,0,164.40478024999999,0,2.4500594060636183,0,2.4541881672465213,0,2.4513635226143142,0