msdX(mean),msdX(std),msdY(mean),msdY(std),msdZ(mean),msdZ(std),DmsdX(mean),DmsdX(std),DmsdY(mean),DmsdY(std),DmsdZ(mean),DmsdZ(std)
6507.3428522499999,0,6525.9768125000001,0,6496.4499329999999,0,2.1812322409776534,0,2.1874782611731844,0,2.1775809831284914,0