msdX(mean),msdX(std),msdY(mean),msdY(std),msdZ(mean),msdZ(std),DmsdX(mean),DmsdX(std),DmsdY(mean),DmsdY(std),DmsdZ(mean),DmsdZ(std)
258.70493175000001,0,259.69921975,0,258.61041525000002,0,2.4375464674937191,0,2.4469147589510052,0,2.4366559225816586,0