msdX(mean),msdX(std),msdY(mean),msdY(std),msdZ(mean),msdZ(std),DmsdX(mean),DmsdX(std),DmsdY(mean),DmsdY(std),DmsdZ(mean),DmsdZ(std)
11037.296436000001,0,11059.49270275,0,11010.014198250001,0,2.0633288867009809,0,2.0674782903731352,0,2.0582287039189175,0