msdX(mean),msdX(std),msdY(mean),msdY(std),msdZ(mean),msdZ(std),DmsdX(mean),DmsdX(std),DmsdY(mean),DmsdY(std),DmsdZ(mean),DmsdZ(std)
128.06002475,0,128.38665674999999,0,128.21991875000001,0,2.4532571791187743,0,2.4595144971264369,0,2.45632028256705,0