msdX(mean),msdX(std),msdY(mean),msdY(std),msdZ(mean),msdZ(std),DmsdX(mean),DmsdX(std),DmsdY(mean),DmsdY(std),DmsdZ(mean),DmsdZ(std)
8511.2781697499995,0,8519.9524787499995,0,8487.4767342499999,0,2.1305893085386001,0,2.1327607086086915,0,2.1246312041278665,0