msdX(mean),msdX(std),msdY(mean),msdY(std),msdZ(mean),msdZ(std),DmsdX(mean),DmsdX(std),DmsdY(mean),DmsdY(std),DmsdZ(mean),DmsdZ(std)
9516.5990897499996,0,9528.7207754999999,0,9495.2020410000005,0,2.1020628539111166,0,2.1047403382835856,0,2.0973365918361337,0