msdX(mean),msdX(std),msdY(mean),msdY(std),msdZ(mean),msdZ(std),DmsdX(mean),DmsdX(std),DmsdY(mean),DmsdY(std),DmsdZ(mean),DmsdZ(std)
754.74543900000003,0,754.99529725000002,0,754.50487999999996,0,2.4056909445388865,0,2.4064873478006801,0,2.4049241818954523,0