msdX(mean),msdX(std),msdY(mean),msdY(std),msdZ(mean),msdZ(std),DmsdX(mean),DmsdX(std),DmsdY(mean),DmsdY(std),DmsdZ(mean),DmsdZ(std)
13725.552823,0,13766.297876500001,0,13701.083456750001,0,1.9978001294939596,0,2.0037307083353553,0,1.9942385313788755,0