msdX(mean),msdX(std),msdY(mean),msdY(std),msdZ(mean),msdZ(std),DmsdX(mean),DmsdX(std),DmsdY(mean),DmsdY(std),DmsdZ(mean),DmsdZ(std)
16385.539340750001,0,16428.5360845,0,16393.16409025,0,1.9360469008613561,0,1.9411272165441784,0,1.9369478094205639,0