msdX(mean),msdX(std),msdY(mean),msdY(std),msdZ(mean),msdZ(std),DmsdX(mean),DmsdX(std),DmsdY(mean),DmsdY(std),DmsdZ(mean),DmsdZ(std)
68.862258999999995,0,69.100975750000003,0,69.009049750000003,0,2.4652360023866344,0,2.4737819480906924,0,2.470491041169451,0