msdX(mean),msdX(std),msdY(mean),msdY(std),msdZ(mean),msdZ(std),DmsdX(mean),DmsdX(std),DmsdY(mean),DmsdY(std),DmsdZ(mean),DmsdZ(std)
668.07122924999999,0,668.28225150000003,0,667.09766999999999,0,2.4129709700818682,0,2.4137331501324346,0,2.409454623163978,0