msdX(mean),msdX(std),msdY(mean),msdY(std),msdZ(mean),msdZ(std),DmsdX(mean),DmsdX(std),DmsdY(mean),DmsdY(std),DmsdZ(mean),DmsdZ(std)
6260.8196035000001,0,6276.3554940000004,0,6249.0519050000003,0,2.1879757246283957,0,2.1934050698942267,0,2.1838632536927451,0