msdX(mean),msdX(std),msdY(mean),msdY(std),msdZ(mean),msdZ(std),DmsdX(mean),DmsdX(std),DmsdY(mean),DmsdY(std),DmsdZ(mean),DmsdZ(std)
590.14349800000002,0,590.28490175000002,0,589.75098025,0,2.4159804776200877,0,2.4165593685180133,0,2.4143735545169216,0