msdX(mean),msdX(std),msdY(mean),msdY(std),msdZ(mean),msdZ(std),DmsdX(mean),DmsdX(std),DmsdY(mean),DmsdY(std),DmsdZ(mean),DmsdZ(std)
63.45942625,0,63.683267000000001,0,63.568236499999998,0,2.4660398801813472,0,2.4747383549222799,0,2.4702682577720205,0