msdX(mean),msdX(std),msdY(mean),msdY(std),msdZ(mean),msdZ(std),DmsdX(mean),DmsdX(std),DmsdY(mean),DmsdY(std),DmsdZ(mean),DmsdZ(std)
7589.8834804999997,0,7603.3306257499999,0,7563.6252602499999,0,2.1531584341843972,0,2.1569732271631206,0,2.1457092936879434,0