msdX(mean),msdX(std),msdY(mean),msdY(std),msdZ(mean),msdZ(std),DmsdX(mean),DmsdX(std),DmsdY(mean),DmsdY(std),DmsdZ(mean),DmsdZ(std)
133.54337125000001,0,133.91727599999999,0,133.8034935,0,2.4518366814565482,0,2.4587015177478575,0,2.4566124877600979,0