msdX(mean),msdX(std),msdY(mean),msdY(std),msdZ(mean),msdZ(std),DmsdX(mean),DmsdX(std),DmsdY(mean),DmsdY(std),DmsdZ(mean),DmsdZ(std)
460.44490124999999,0,461.21768650000001,0,460.86066049999999,0,2.4208459582018929,0,2.4249089721345953,0,2.4230318638275499,0