msdX(mean),msdX(std),msdY(mean),msdY(std),msdZ(mean),msdZ(std),DmsdX(mean),DmsdX(std),DmsdY(mean),DmsdY(std),DmsdZ(mean),DmsdZ(std)
9884.3799424999997,0,9901.4204572500003,0,9855.9677502499999,0,2.0940891378421513,0,2.0976993144084912,0,2.0880697756242763,0