msdX(mean),msdX(std),msdY(mean),msdY(std),msdZ(mean),msdZ(std),DmsdX(mean),DmsdX(std),DmsdY(mean),DmsdY(std),DmsdZ(mean),DmsdZ(std)
640.8110375,0,641.19820600000003,0,639.97310700000003,0,2.4132979067285967,0,2.4147559854381124,0,2.4101422558373091,0