msdX(mean),msdX(std),msdY(mean),msdY(std),msdZ(mean),msdZ(std),DmsdX(mean),DmsdX(std),DmsdY(mean),DmsdY(std),DmsdZ(mean),DmsdZ(std)
60.869199250000001,0,61.07933525,0,60.920321000000001,0,2.4676702398648649,0,2.4761892668918919,0,2.4697427432432431,0