msdX(mean),msdX(std),msdY(mean),msdY(std),msdZ(mean),msdZ(std),DmsdX(mean),DmsdX(std),DmsdY(mean),DmsdY(std),DmsdZ(mean),DmsdZ(std)
566.13904200000002,0,566.37471674999995,0,566.62153824999996,0,2.415956082503556,0,2.4169618068990038,0,2.4180150992176386,0