msdX(mean),msdX(std),msdY(mean),msdY(std),msdZ(mean),msdZ(std),DmsdX(mean),DmsdX(std),DmsdY(mean),DmsdY(std),DmsdZ(mean),DmsdZ(std)
390.76556025000002,0,391.42540750000001,0,391.00606025000002,0,2.4271152810559009,0,2.4312137111801242,0,2.4286090698757765,0