msdX(mean),msdX(std),msdY(mean),msdY(std),msdZ(mean),msdZ(std),DmsdX(mean),DmsdX(std),DmsdY(mean),DmsdY(std),DmsdZ(mean),DmsdZ(std)
5157.5936394999999,0,5167.4623342499999,0,5158.2484112499997,0,2.2203571619120051,0,2.2246056600680193,0,2.2206390428134775,0