msdX(mean),msdX(std),msdY(mean),msdY(std),msdZ(mean),msdZ(std),DmsdX(mean),DmsdX(std),DmsdY(mean),DmsdY(std),DmsdZ(mean),DmsdZ(std)
888.734962,0,890.04822999999999,0,887.86126624999997,0,2.3972351069951445,0,2.4007774590900914,0,2.3948784380057542,0