msdX(mean),msdX(std),msdY(mean),msdY(std),msdZ(mean),msdZ(std),DmsdX(mean),DmsdX(std),DmsdY(mean),DmsdY(std),DmsdZ(mean),DmsdZ(std)
13243.8555055,0,13274.39006575,0,13225.329793749999,0,2.0097914166877433,0,2.0144251199984824,0,2.0069800890915066,0