msdX(mean),msdX(std),msdY(mean),msdY(std),msdZ(mean),msdZ(std),DmsdX(mean),DmsdX(std),DmsdY(mean),DmsdY(std),DmsdZ(mean),DmsdZ(std)
6766.7676984999998,0,6780.4175812499998,0,6750.77526175,0,2.1755297384580761,0,2.1799182038483793,0,2.1703881371367024,0