msdX(mean),msdX(std),msdY(mean),msdY(std),msdZ(mean),msdZ(std),DmsdX(mean),DmsdX(std),DmsdY(mean),DmsdY(std),DmsdZ(mean),DmsdZ(std)
74.851680500000001,0,75.049336999999994,0,75.054133750000005,0,2.4622263322368423,0,2.4687281907894736,0,2.4688859786184212,0