msdX(mean),msdX(std),msdY(mean),msdY(std),msdZ(mean),msdZ(std),DmsdX(mean),DmsdX(std),DmsdY(mean),DmsdY(std),DmsdZ(mean),DmsdZ(std)
819.18951025000001,0,820.13018350000004,0,819.02998849999994,0,2.4018457102716968,0,2.4046037436473808,0,2.4013779959929633,0