msdX(mean),msdX(std),msdY(mean),msdY(std),msdZ(mean),msdZ(std),DmsdX(mean),DmsdX(std),DmsdY(mean),DmsdY(std),DmsdZ(mean),DmsdZ(std)
1180.0133832500001,0,1181.2596344999999,0,1179.39393425,0,2.3771421902699439,0,2.3796527689363418,0,2.3758943075141019,0