msdX(mean),msdX(std),msdY(mean),msdY(std),msdZ(mean),msdZ(std),DmsdX(mean),DmsdX(std),DmsdY(mean),DmsdY(std),DmsdZ(mean),DmsdZ(std)
4772.6244097500003,0,4776.7092362499998,0,4770.2289414999996,0,2.2333988315420852,0,2.2353103682457727,0,2.2322778474605349,0