msdX(mean),msdX(std),msdY(mean),msdY(std),msdZ(mean),msdZ(std),DmsdX(mean),DmsdX(std),DmsdY(mean),DmsdY(std),DmsdZ(mean),DmsdZ(std)
3488.1632169999998,0,3479.0230365000002,0,3481.1874769999999,0,2.2788522759146339,0,2.2728809036367594,0,2.2742949544860624,0