msdX(mean),msdX(std),msdY(mean),msdY(std),msdZ(mean),msdZ(std),DmsdX(mean),DmsdX(std),DmsdY(mean),DmsdY(std),DmsdZ(mean),DmsdZ(std)
248.46641074999999,0,249.19319924999999,0,248.2607515,0,2.4407309503929273,0,2.447870326620825,0,2.4387107220039295,0