msdX(mean),msdX(std),msdY(mean),msdY(std),msdZ(mean),msdZ(std),DmsdX(mean),DmsdX(std),DmsdY(mean),DmsdY(std),DmsdZ(mean),DmsdZ(std)
479.84622050000002,0,480.46938625000001,0,480.05987025000002,0,2.4193927084033615,0,2.422534720588235,0,2.4204699340336133,0