msdX(mean),msdX(std),msdY(mean),msdY(std),msdZ(mean),msdZ(std),DmsdX(mean),DmsdX(std),DmsdY(mean),DmsdY(std),DmsdZ(mean),DmsdZ(std)
615.10366124999996,0,615.25437925000006,0,614.30766349999999,0,2.4146963932870977,0,2.4152880630070666,0,2.4115715656896102,0