msdX(mean),msdX(std),msdY(mean),msdY(std),msdZ(mean),msdZ(std),DmsdX(mean),DmsdX(std),DmsdY(mean),DmsdY(std),DmsdZ(mean),DmsdZ(std)
345.58046074999999,0,346.15179749999999,0,345.18602425,0,2.432523186884092,0,2.4365447970436414,0,2.4297467685358987,0