msdX(mean),msdX(std),msdY(mean),msdY(std),msdZ(mean),msdZ(std),DmsdX(mean),DmsdX(std),DmsdY(mean),DmsdY(std),DmsdZ(mean),DmsdZ(std)
17566.064042999998,0,17611.374389500001,0,17593.417849500001,0,1.9094101325038404,0,1.914335312925737,0,1.9123834585241601,0