msdX(mean),msdX(std),msdY(mean),msdY(std),msdZ(mean),msdZ(std),DmsdX(mean),DmsdX(std),DmsdY(mean),DmsdY(std),DmsdZ(mean),DmsdZ(std)
2539.2106399999998,0,2532.3788517500002,0,2538.7166754999998,0,2.3159527909522066,0,2.3097216816399122,0,2.3155022578438524,0