msdX(mean),msdX(std),msdY(mean),msdY(std),msdZ(mean),msdZ(std),DmsdX(mean),DmsdX(std),DmsdY(mean),DmsdY(std),DmsdZ(mean),DmsdZ(std)
3625.3051989999999,0,3621.1405827499998,0,3622.0844897500001,0,2.2716842670649178,0,2.2690746403730468,0,2.2696661102117974,0