msdX(mean),msdX(std),msdY(mean),msdY(std),msdZ(mean),msdZ(std),DmsdX(mean),DmsdX(std),DmsdY(mean),DmsdY(std),DmsdZ(mean),DmsdZ(std)
925.76261450000004,0,927.27021200000001,0,924.25565174999997,0,2.3950395338909973,0,2.3989398378751297,0,2.3911408720679548,0