msdX(mean),msdX(std),msdY(mean),msdY(std),msdZ(mean),msdZ(std),DmsdX(mean),DmsdX(std),DmsdY(mean),DmsdY(std),DmsdZ(mean),DmsdZ(std)
424.08777900000001,0,425.01346999999998,0,424.24214675000002,0,2.4233587371428573,0,2.4286483999999997,0,2.4242408385714285,0