msdX(mean),msdX(std),msdY(mean),msdY(std),msdZ(mean),msdZ(std),DmsdX(mean),DmsdX(std),DmsdY(mean),DmsdY(std),DmsdZ(mean),DmsdZ(std)
1843.6084552499999,0,1836.8926635,0,1844.3928255000001,0,2.3475489667869267,0,2.338997449278438,0,2.3485477404499151,0