msdX(mean),msdX(std),msdY(mean),msdY(std),msdZ(mean),msdZ(std),DmsdX(mean),DmsdX(std),DmsdY(mean),DmsdY(std),DmsdZ(mean),DmsdZ(std)
10252.716936250001,0,10276.773322749999,0,10225.397095750001,0,2.08340563886029,0,2.0882940222611324,0,2.0778541045592482,0