msdX(mean),msdX(std),msdY(mean),msdY(std),msdZ(mean),msdZ(std),DmsdX(mean),DmsdX(std),DmsdY(mean),DmsdY(std),DmsdZ(mean),DmsdZ(std)
4594.7926468750002,0,3726.3880931250001,0,3728.5242406249999,0,0.49978437566282891,0,0.4053263530545872,0,0.40555870589978849,0