msdX(mean),msdX(std),msdY(mean),msdY(std),msdZ(mean),msdZ(std),DmsdX(mean),DmsdX(std),DmsdY(mean),DmsdY(std),DmsdZ(mean),DmsdZ(std)
3955.8074562500001,0,3214.6382868750002,0,3199.0525306250001,0,0.55114897345364955,0,0.44788443609323736,0,0.44571292657142925,0