msdX(mean),msdX(std),msdY(mean),msdY(std),msdZ(mean),msdZ(std),DmsdX(mean),DmsdX(std),DmsdY(mean),DmsdY(std),DmsdZ(mean),DmsdZ(std)
4254.8230343750001,0,3446.0797881250001,0,3455.4702824999999,0,0.52628413529033424,0,0.4262497186798439,0,0.42741124012789672,0