msdX(mean),msdX(std),msdY(mean),msdY(std),msdZ(mean),msdZ(std),DmsdX(mean),DmsdX(std),DmsdY(mean),DmsdY(std),DmsdZ(mean),DmsdZ(std)
2492.049854375,0,2069.524094375,0,1966.7599793750001,0,0.74463641066982078,0,0.61838369353834666,0,0.58767728467380487,0