msdX(mean),msdX(std),msdY(mean),msdY(std),msdZ(mean),msdZ(std),DmsdX(mean),DmsdX(std),DmsdY(mean),DmsdY(std),DmsdZ(mean),DmsdZ(std)
2719.79511,0,2244.2706518750001,0,2159.6454699999999,0,0.70630881091398567,0,0.5828189519375182,0,0.560842476075882,0