msdX(mean),msdX(std),msdY(mean),msdY(std),msdZ(mean),msdZ(std),DmsdX(mean),DmsdX(std),DmsdY(mean),DmsdY(std),DmsdZ(mean),DmsdZ(std)
2803.5346737499999,0,2315.0037918749999,0,2229.01998,0,0.69183219719091882,0,0.57127674390268979,0,0.55005839763099451,0