msdX(mean),msdX(std),msdY(mean),msdY(std),msdZ(mean),msdZ(std),DmsdX(mean),DmsdX(std),DmsdY(mean),DmsdY(std),DmsdZ(mean),DmsdZ(std)
2678.8879112499999,0,2207.1078743749999,0,2125.1405912499999,0,0.71438916004426778,0,0.58857779524120635,0,0.56671927018053814,0