msdX(mean),msdX(std),msdY(mean),msdY(std),msdZ(mean),msdZ(std),DmsdX(mean),DmsdX(std),DmsdY(mean),DmsdY(std),DmsdZ(mean),DmsdZ(std)
4704.1739137499999,0,3810.9762112499998,0,3843.1242506250001,0,0.49018236114705099,0,0.3971097480145257,0,0.40045962455736039,0