msdX(mean),msdX(std),msdY(mean),msdY(std),msdZ(mean),msdZ(std),DmsdX(mean),DmsdX(std),DmsdY(mean),DmsdY(std),DmsdZ(mean),DmsdZ(std)
882.49092687500001,0,760.32128187499995,0,693.78713625,0,1.2161106020326138,0,1.0477555560978411,0,0.95606863056959124,0