msdX(mean),msdX(std),msdY(mean),msdY(std),msdZ(mean),msdZ(std),DmsdX(mean),DmsdX(std),DmsdY(mean),DmsdY(std),DmsdZ(mean),DmsdZ(std)
4347.9525299999996,0,3517.3518600000002,0,3527.8971268750001,0,0.51841055551691584,0,0.41937724000198717,0,0.42063456229817675,0