msdX(mean),msdX(std),msdY(mean),msdY(std),msdZ(mean),msdZ(std),DmsdX(mean),DmsdX(std),DmsdY(mean),DmsdY(std),DmsdZ(mean),DmsdZ(std)
468.62895624999999,0,413.80096624999999,0,367.18173687500001,0,1.4534134898687066,0,1.2833690672490436,0,1.1387834287449603,0