msdX(mean),msdX(std),msdY(mean),msdY(std),msdZ(mean),msdZ(std),DmsdX(mean),DmsdX(std),DmsdY(mean),DmsdY(std),DmsdZ(mean),DmsdZ(std)
4469.2068606250004,0,3630.8964000000001,0,3626.9202531249998,0,0.50842387482722473,0,0.41305638211744367,0,0.41260404950807616,0