msdX(mean),msdX(std),msdY(mean),msdY(std),msdZ(mean),msdZ(std),DmsdX(mean),DmsdX(std),DmsdY(mean),DmsdY(std),DmsdZ(mean),DmsdZ(std)
4558.7907324999996,0,3700.9604275000002,0,3702.9439981249998,0,0.50136637305614007,0,0.40702397088150977,0,0.4072421198750284,0