msdX(mean),msdX(std),msdY(mean),msdY(std),msdZ(mean),msdZ(std),DmsdX(mean),DmsdX(std),DmsdY(mean),DmsdY(std),DmsdZ(mean),DmsdZ(std)
4444.2620712500002,0,3607.20679875,0,3589.6660425,0,0.51145199047701251,0,0.41512248101156568,0,0.41310386587260489,0