msdX(mean),msdX(std),msdY(mean),msdY(std),msdZ(mean),msdZ(std),DmsdX(mean),DmsdX(std),DmsdY(mean),DmsdY(std),DmsdZ(mean),DmsdZ(std)
40.881497500000002,0,39.211772500000002,0,33.751338750000002,0,2.0440748750000002,0,1.9605886250000002,0,1.6875669375000002,0