msdX(mean),msdX(std),msdY(mean),msdY(std),msdZ(mean),msdZ(std),DmsdX(mean),DmsdX(std),DmsdY(mean),DmsdY(std),DmsdZ(mean),DmsdZ(std)
2640.99532125,0,2171.1919668750002,0,2083.6636468749998,0,0.72373881813323837,0,0.59499382501849774,0,0.57100754895042605,0