msdX(mean),msdX(std),msdY(mean),msdY(std),msdZ(mean),msdZ(std),DmsdX(mean),DmsdX(std),DmsdY(mean),DmsdY(std),DmsdZ(mean),DmsdZ(std)
4063.7218687499999,0,3298.873370625,0,3287.4107518750002,0,0.54329285124602256,0,0.44103764413821223,0,0.43950516750113638,0