msdX(mean),msdX(std),msdY(mean),msdY(std),msdZ(mean),msdZ(std),DmsdX(mean),DmsdX(std),DmsdY(mean),DmsdY(std),DmsdZ(mean),DmsdZ(std)
4317.1973743750004,0,3493.9898400000002,0,3505.2360775000002,0,0.52100632866932439,0,0.42166031827763212,0,0.42301753232255784,0