msdX(mean),msdX(std),msdY(mean),msdY(std),msdZ(mean),msdZ(std),DmsdX(mean),DmsdX(std),DmsdY(mean),DmsdY(std),DmsdZ(mean),DmsdZ(std)
3447.566811875,0,2823.6990356249999,0,2762.8928575,0,0.60854448955771423,0,0.498422969608668,0,0.48768981586627286,0