msdX(mean),msdX(std),msdY(mean),msdY(std),msdZ(mean),msdZ(std),DmsdX(mean),DmsdX(std),DmsdY(mean),DmsdY(std),DmsdZ(mean),DmsdZ(std)
1060.4236787499999,0,904.05241249999995,0,825.91267374999995,0,1.143581083182055,0,0.97494733271024681,0,0.89067995084206553,0