msdX(mean),msdX(std),msdY(mean),msdY(std),msdZ(mean),msdZ(std),DmsdX(mean),DmsdX(std),DmsdY(mean),DmsdY(std),DmsdZ(mean),DmsdZ(std)
2203.6948993750002,0,1821.6687400000001,0,1742.8244275,0,0.8037304356118169,0,0.6643980572609568,0,0.63564200139809124,0