msdX(mean),msdX(std),msdY(mean),msdY(std),msdZ(mean),msdZ(std),DmsdX(mean),DmsdX(std),DmsdY(mean),DmsdY(std),DmsdZ(mean),DmsdZ(std)
3099.3904106250002,0,2547.8430062500001,0,2458.377960625,0,0.65140842106599783,0,0.53548800568518173,0,0.51668486171487216,0