msdX(mean),msdX(std),msdY(mean),msdY(std),msdZ(mean),msdZ(std),DmsdX(mean),DmsdX(std),DmsdY(mean),DmsdY(std),DmsdZ(mean),DmsdZ(std)
3902.3067056250002,0,3165.3630881250001,0,3148.8377706249998,0,0.5594090072238177,0,0.45376562023648537,0,0.45139665947709451,0