msdX(mean),msdX(std),msdY(mean),msdY(std),msdZ(mean),msdZ(std),DmsdX(mean),DmsdX(std),DmsdY(mean),DmsdY(std),DmsdZ(mean),DmsdZ(std)
3860.1681981249999,0,3140.7811487499998,0,3114.2333587500002,0,0.5614830941497756,0,0.45684421686703175,0,0.45298269205594227,0