msdX(mean),msdX(std),msdY(mean),msdY(std),msdZ(mean),msdZ(std),DmsdX(mean),DmsdX(std),DmsdY(mean),DmsdY(std),DmsdZ(mean),DmsdZ(std)
3828.0099006249998,0,3118.2117874999999,0,3087.0226775000001,0,0.56509080853317395,0,0.46031041348361051,0,0.45570627717130568,0