msdX(mean),msdX(std),msdY(mean),msdY(std),msdZ(mean),msdZ(std),DmsdX(mean),DmsdX(std),DmsdY(mean),DmsdY(std),DmsdZ(mean),DmsdZ(std)
3570.1519587500002,0,2930.8496962499999,0,2877.9991518749998,0,0.588308800980473,0,0.48296114299250226,0,0.4742521466383785,0