msdX(mean),msdX(std),msdY(mean),msdY(std),msdZ(mean),msdZ(std),DmsdX(mean),DmsdX(std),DmsdY(mean),DmsdY(std),DmsdZ(mean),DmsdZ(std)
2402.0103518750002,0,1992.533075625,0,1893.2415774999999,0,0.76373908932773027,0,0.63354239728622608,0,0.60197184293920636,0