msdX(mean),msdX(std),msdY(mean),msdY(std),msdZ(mean),msdZ(std),DmsdX(mean),DmsdX(std),DmsdY(mean),DmsdY(std),DmsdZ(mean),DmsdZ(std)
3287.3226475000001,0,2706.1835068750001,0,2617.9108162500002,0,0.62472478588758473,0,0.51428475181488786,0,0.49750935625328618,0