msdX(mean),msdX(std),msdY(mean),msdY(std),msdZ(mean),msdZ(std),DmsdX(mean),DmsdX(std),DmsdY(mean),DmsdY(std),DmsdZ(mean),DmsdZ(std)
3753.2568981250001,0,3066.9630025000001,0,3024.5873918749999,0,0.57105178593616879,0,0.4666333127510448,0,0.46018593417175518,0