msdX(mean),msdX(std),msdY(mean),msdY(std),msdZ(mean),msdZ(std),DmsdX(mean),DmsdX(std),DmsdY(mean),DmsdY(std),DmsdZ(mean),DmsdZ(std)
4028.1183887500001,0,3271.9772406249999,0,3260.5289793749998,0,0.54588946859330534,0,0.44341743334123862,0,0.44186596820368612,0