msdX(mean),msdX(std),msdY(mean),msdY(std),msdZ(mean),msdZ(std),DmsdX(mean),DmsdX(std),DmsdY(mean),DmsdY(std),DmsdZ(mean),DmsdZ(std)
207.17851937500001,0,187.91202999999999,0,164.20971750000001,0,1.7148173765346946,0,1.5553485722168574,0,1.3591644433714996,0