msdX(mean),msdX(std),msdY(mean),msdY(std),msdZ(mean),msdZ(std),DmsdX(mean),DmsdX(std),DmsdY(mean),DmsdY(std),DmsdZ(mean),DmsdZ(std)
4673.1491081249997,0,3787.2395993750001,0,3817.1391781249999,0,0.49211936732349515,0,0.39882612611406948,0,0.40197478699289874,0