msdX(mean),msdX(std),msdY(mean),msdY(std),msdZ(mean),msdZ(std),DmsdX(mean),DmsdX(std),DmsdY(mean),DmsdY(std),DmsdZ(mean),DmsdZ(std)
4373.73752375,0,3546.42484625,0,3544.6762262500001,0,0.51529189928584473,0,0.41782205374131359,0,0.41761604007084613,0