msdX(mean),msdX(std),msdY(mean),msdY(std),msdZ(mean),msdZ(std),DmsdX(mean),DmsdX(std),DmsdY(mean),DmsdY(std),DmsdZ(mean),DmsdZ(std)
3507.9874018750002,0,2874.7119606249998,0,2817.8475993749998,0,0.59793031539318153,0,0.48998962435336191,0,0.48029719346302552,0