msdX(mean),msdX(std),msdY(mean),msdY(std),msdZ(mean),msdZ(std),DmsdX(mean),DmsdX(std),DmsdY(mean),DmsdY(std),DmsdZ(mean),DmsdZ(std)
2845.914916875,0,2352.4841649999998,0,2259.8267368749998,0,0.68524525664357838,0,0.56643598367497627,0,0.54412573724457036,0