msdX(mean),msdX(std),msdY(mean),msdY(std),msdZ(mean),msdZ(std),DmsdX(mean),DmsdX(std),DmsdY(mean),DmsdY(std),DmsdZ(mean),DmsdZ(std)
1999.555783077102,0,2130.3845900495985,0,1804.507899774112,0,0.89354103130646123,0,0.95200447008429845,0,0.8063800287099282,0