msdX(mean),msdX(std),msdY(mean),msdY(std),msdZ(mean),msdZ(std),DmsdX(mean),DmsdX(std),DmsdY(mean),DmsdY(std),DmsdZ(mean),DmsdZ(std)
5454.6403957898447,0,5881.470667009432,0,5003.3696267157648,0,0.74945066927756865,0,0.80809582445229855,0,0.68744746551568259,0