msdX(mean),msdX(std),msdY(mean),msdY(std),msdZ(mean),msdZ(std),DmsdX(mean),DmsdX(std),DmsdY(mean),DmsdY(std),DmsdZ(mean),DmsdZ(std)
1203.6184593842695,0,1278.2737073697754,0,1091.9079236179016,0,0.97878960863320619,0,1.0394996952793758,0,0.88794594407284022,0