msdX(mean),msdX(std),msdY(mean),msdY(std),msdZ(mean),msdZ(std),DmsdX(mean),DmsdX(std),DmsdY(mean),DmsdY(std),DmsdZ(mean),DmsdZ(std)
4313.6004539923515,0,4627.7399581595482,0,3955.3274389947555,0,0.77520759483545065,0,0.83166236668221882,0,0.71082148276666146,0