msdX(mean),msdX(std),msdY(mean),msdY(std),msdZ(mean),msdZ(std),DmsdX(mean),DmsdX(std),DmsdY(mean),DmsdY(std),DmsdZ(mean),DmsdZ(std)
6100.6375952737872,0,6621.6667734093071,0,5602.5989941853395,0,0.73623427049361589,0,0.79911286816145155,0,0.67613021080744828,0