msdX(mean),msdX(std),msdY(mean),msdY(std),msdZ(mean),msdZ(std),DmsdX(mean),DmsdX(std),DmsdY(mean),DmsdY(std),DmsdZ(mean),DmsdZ(std)
7072.3894267162605,0,7692.9278261971704,0,6503.7207072678802,0,0.72179048141893187,0,0.7851210876788618,0,0.6637535657440109,0