msdX(mean),msdX(std),msdY(mean),msdY(std),msdZ(mean),msdZ(std),DmsdX(mean),DmsdX(std),DmsdY(mean),DmsdY(std),DmsdZ(mean),DmsdZ(std)
2146.8745727804003,0,2288.269380925899,0,1938.2356063979901,0,0.88008189537868986,0,0.93804476490405608,0,0.79455320203454249,0