msdX(mean),msdX(std),msdY(mean),msdY(std),msdZ(mean),msdZ(std),DmsdX(mean),DmsdX(std),DmsdY(mean),DmsdY(std),DmsdZ(mean),DmsdZ(std)
5516.5984532410039,0,5952.1539214410568,0,5061.0186585708734,0,0.74760867028590805,0,0.80663508795556693,0,0.68586855862301133,0