msdX(mean),msdX(std),msdY(mean),msdY(std),msdZ(mean),msdZ(std),DmsdX(mean),DmsdX(std),DmsdY(mean),DmsdY(std),DmsdZ(mean),DmsdZ(std)
5254.9065383587586,0,5655.9832489330665,0,4828.3591367830422,0,0.7533092585704434,0,0.81080500987774795,0,0.69216219449220973,0