msdX(mean),msdX(std),msdY(mean),msdY(std),msdZ(mean),msdZ(std),DmsdX(mean),DmsdX(std),DmsdY(mean),DmsdY(std),DmsdZ(mean),DmsdZ(std)
6359.0997115781784,0,6885.0639076708148,0,5833.2395217404055,0,0.73181407969846601,0,0.79234277425833655,0,0.67129735432372206,0