msdX(mean),msdX(std),msdY(mean),msdY(std),msdZ(mean),msdZ(std),DmsdX(mean),DmsdX(std),DmsdY(mean),DmsdY(std),DmsdZ(mean),DmsdZ(std)
6622.0568188603738,0,7173.5143777797248,0,6088.8951533182335,0,0.72828027753280189,0,0.78892845302315695,0,0.66964424701053527,0