msdX(mean),msdX(std),msdY(mean),msdY(std),msdZ(mean),msdZ(std),DmsdX(mean),DmsdX(std),DmsdY(mean),DmsdY(std),DmsdZ(mean),DmsdZ(std)
4244.5301194318681,0,4554.5614200166137,0,3898.0797830690794,0,0.77686881517323836,0,0.83361329391995242,0,0.71345862493937684,0