msdX(mean),msdX(std),msdY(mean),msdY(std),msdZ(mean),msdZ(std),DmsdX(mean),DmsdX(std),DmsdY(mean),DmsdY(std),DmsdZ(mean),DmsdZ(std)
588.25739130683894,0,619.11113031383877,0,526.66484839720738,0,1.1225230336450331,0,1.1813986775744509,0,1.0049910669607962,0