msdX(mean),msdX(std),msdY(mean),msdY(std),msdZ(mean),msdZ(std),DmsdX(mean),DmsdX(std),DmsdY(mean),DmsdY(std),DmsdZ(mean),DmsdZ(std)
1288.0574951164583,0,1362.5784082023715,0,1166.3632853429624,0,0.96809431715629868,0,1.0241036744569589,0,0.87662986517397778,0