msdX(mean),msdX(std),msdY(mean),msdY(std),msdZ(mean),msdZ(std),DmsdX(mean),DmsdX(std),DmsdY(mean),DmsdY(std),DmsdZ(mean),DmsdZ(std)
7010.8603685403923,0,7615.3544661227725,0,6448.9601948305381,0,0.72294878417294894,0,0.78528325525269316,0,0.66500653086079509,0