msdX(mean),msdX(std),msdY(mean),msdY(std),msdZ(mean),msdZ(std),DmsdX(mean),DmsdX(std),DmsdY(mean),DmsdY(std),DmsdZ(mean),DmsdZ(std)
6156.162847709842,0,6690.1011116428026,0,5669.116664950403,0,0.73400553398465251,0,0.79766753419940439,0,0.67593452412101318,0