msdX(mean),msdX(std),msdY(mean),msdY(std),msdZ(mean),msdZ(std),DmsdX(mean),DmsdX(std),DmsdY(mean),DmsdY(std),DmsdZ(mean),DmsdZ(std)
3297.9850816355843,0,3540.2620020722693,0,3001.9211346556312,0,0.81384809489224408,0,0.87363508763266284,0,0.74078800721700899,0