msdX(mean),msdX(std),msdY(mean),msdY(std),msdZ(mean),msdZ(std),DmsdX(mean),DmsdX(std),DmsdY(mean),DmsdY(std),DmsdZ(mean),DmsdZ(std)
488.49132905301138,0,511.70781229751856,0,438.17238893268183,0,1.1541657796908897,0,1.2090197123850956,0,1.0352764662003386,0