msdX(mean),msdX(std),msdY(mean),msdY(std),msdZ(mean),msdZ(std),DmsdX(mean),DmsdX(std),DmsdY(mean),DmsdY(std),DmsdZ(mean),DmsdZ(std)
3706.4821675472622,0,3984.4614228794576,0,3381.2662524208836,0,0.7958641945435605,0,0.85555252599752685,0,0.72603310116585251,0