msdX(mean),msdX(std),msdY(mean),msdY(std),msdZ(mean),msdZ(std),DmsdX(mean),DmsdX(std),DmsdY(mean),DmsdY(std),DmsdZ(mean),DmsdZ(std)
2939.5384466743176,0,3151.7451514810582,0,2670.976106463404,0,0.82843938381738691,0,0.88824482435207641,0,0.75275144039463682,0