msdX(mean),msdX(std),msdY(mean),msdY(std),msdZ(mean),msdZ(std),DmsdX(mean),DmsdX(std),DmsdY(mean),DmsdY(std),DmsdZ(mean),DmsdZ(std)
3230.9321849975427,0,3461.8256360300988,0,2938.0951382452922,0,0.81764130949012448,0,0.87607275058677403,0,0.74353400773816491,0