msdX(mean),msdX(std),msdY(mean),msdY(std),msdZ(mean),msdZ(std),DmsdX(mean),DmsdX(std),DmsdY(mean),DmsdY(std),DmsdZ(mean),DmsdZ(std)
6892.3202550304404,0,7468.0592115392055,0,6330.8156621028802,0,0.72581600331744289,0,0.78644588308287489,0,0.66668511496593086,0