msdX(mean),msdX(std),msdY(mean),msdY(std),msdZ(mean),msdZ(std),DmsdX(mean),DmsdX(std),DmsdY(mean),DmsdY(std),DmsdZ(mean),DmsdZ(std)
7132.7287386128364,0,7759.9235942865853,0,6556.6876922593365,0,0.7205355834879843,0,0.78389369338596915,0,0.6623449405156191,0