msdX(mean),msdX(std),msdY(mean),msdY(std),msdZ(mean),msdZ(std),DmsdX(mean),DmsdX(std),DmsdY(mean),DmsdY(std),DmsdZ(mean),DmsdZ(std)
1764.3995470350528,0,1888.6031239131603,0,1600.0822270046135,0,0.9116618060358902,0,0.97583755205843403,0,0.82675936713328513,0