msdX(mean),msdX(std),msdY(mean),msdY(std),msdZ(mean),msdZ(std),DmsdX(mean),DmsdX(std),DmsdY(mean),DmsdY(std),DmsdZ(mean),DmsdZ(std)
6687.6463370308384,0,7245.4199678485547,0,6145.9788899542,0,0.72742897271955775,0,0.78809915155798138,0,0.6685106964344032,0