msdX(mean),msdX(std),msdY(mean),msdY(std),msdZ(mean),msdZ(std),DmsdX(mean),DmsdX(std),DmsdY(mean),DmsdY(std),DmsdZ(mean),DmsdZ(std)
3779.0406228575398,0,4050.9590541420043,0,3445.9064093203801,0,0.79425205807275889,0,0.85140195277600605,0,0.72423626276324293,0