msdX(mean),msdX(std),msdY(mean),msdY(std),msdZ(mean),msdZ(std),DmsdX(mean),DmsdX(std),DmsdY(mean),DmsdY(std),DmsdZ(mean),DmsdZ(std)
4509.1250133930143,0,4863.503927992926,0,4145.0169459790459,0,0.76857271322206389,0,0.8289759983591497,0,0.70651111048379345,0