msdX(mean),msdX(std),msdY(mean),msdY(std),msdZ(mean),msdZ(std),DmsdX(mean),DmsdX(std),DmsdY(mean),DmsdY(std),DmsdZ(mean),DmsdZ(std)
1926.4903023218101,0,2048.5802999024813,0,1731.2862693774002,0,0.90150087891949382,0,0.95863287693350119,0,0.81015517785059776,0