msdX(mean),msdX(std),msdY(mean),msdY(std),msdZ(mean),msdZ(std),DmsdX(mean),DmsdX(std),DmsdY(mean),DmsdY(std),DmsdZ(mean),DmsdZ(std)
1368.8995863725013,0,1449.5516990670603,0,1239.1068380827739,0,0.95639252791545415,0,1.0127407646375315,0,0.86571179729236236,0