msdX(mean),msdX(std),msdY(mean),msdY(std),msdZ(mean),msdZ(std),DmsdX(mean),DmsdX(std),DmsdY(mean),DmsdY(std),DmsdZ(mean),DmsdZ(std)
4098.2548366532819,0,4407.3096789824986,0,3769.1042913273745,0,0.77883629531029297,0,0.83756937513115559,0,0.71628420874206566,0