msdX(mean),msdX(std),msdY(mean),msdY(std),msdZ(mean),msdZ(std),DmsdX(mean),DmsdX(std),DmsdY(mean),DmsdY(std),DmsdZ(mean),DmsdZ(std)
4984.8997785120418,0,5356.3729538694342,0,4587.6004590268558,0,0.75844422713680326,0,0.8149632541793268,0,0.69799579513264676,0