msdX(mean),msdX(std),msdY(mean),msdY(std),msdZ(mean),msdZ(std),DmsdX(mean),DmsdX(std),DmsdY(mean),DmsdY(std),DmsdZ(mean),DmsdZ(std)
5906.3734449607464,0,6407.1298278089025,0,5414.8893542266151,0,0.73979012113853582,0,0.80251128643230851,0,0.67823033688004442,0