msdX(mean),msdX(std),msdY(mean),msdY(std),msdZ(mean),msdZ(std),DmsdX(mean),DmsdX(std),DmsdY(mean),DmsdY(std),DmsdZ(mean),DmsdZ(std)
6953.1155042951978,0,7542.1866694721066,0,6392.5164697713753,0,0.72452678225500378,0,0.78590902674111685,0,0.66611138352217658,0