msdX(mean),msdX(std),msdY(mean),msdY(std),msdZ(mean),msdZ(std),DmsdX(mean),DmsdX(std),DmsdY(mean),DmsdY(std),DmsdZ(mean),DmsdZ(std)
5719.631261292845,0,6189.093795344691,0,5243.3781209184745,0,0.74460654198492215,0,0.80572322208237479,0,0.68260583114128948,0