msdX(mean),msdX(std),msdY(mean),msdY(std),msdZ(mean),msdZ(std),DmsdX(mean),DmsdX(std),DmsdY(mean),DmsdY(std),DmsdZ(mean),DmsdZ(std)
456.22889824999999,0,451.47071637499999,0,412.09538293750001,0,0.65837062617249498,0,0.65150423258694501,0,0.59468283650608489,0