msdX(mean),msdX(std),msdY(mean),msdY(std),msdZ(mean),msdZ(std),DmsdX(mean),DmsdX(std),DmsdY(mean),DmsdY(std),DmsdZ(mean),DmsdZ(std)
547.34422356250002,0,540.75247937500001,0,496.12134687499997,0,0.61498199310406176,0,0.60757567765584919,0,0.55742927683938504,0