msdX(mean),msdX(std),msdY(mean),msdY(std),msdZ(mean),msdZ(std),DmsdX(mean),DmsdX(std),DmsdY(mean),DmsdY(std),DmsdZ(mean),DmsdZ(std)
59.933219375,0,59.456447375000003,0,51.941048250000001,0,1.1970682964380825,0,1.1875455534287618,0,1.0374377147137153,0