msdX(mean),msdX(std),msdY(mean),msdY(std),msdZ(mean),msdZ(std),DmsdX(mean),DmsdX(std),DmsdY(mean),DmsdY(std),DmsdZ(mean),DmsdZ(std)
2752.3714695624999,0,2722.791955875,0,2636.9451079374999,0,0.31192351080733688,0,0.30857129405192735,0,0.29884235648062452,0