msdX(mean),msdX(std),msdY(mean),msdY(std),msdZ(mean),msdZ(std),DmsdX(mean),DmsdX(std),DmsdY(mean),DmsdY(std),DmsdZ(mean),DmsdZ(std)
231.68208368750001,0,228.0343246875,0,205.0037304375,0,0.83690096455448537,0,0.82372423126128846,0,0.7405312357766406,0