msdX(mean),msdX(std),msdY(mean),msdY(std),msdZ(mean),msdZ(std),DmsdX(mean),DmsdX(std),DmsdY(mean),DmsdY(std),DmsdZ(mean),DmsdZ(std)
73.686905312500002,0,73.076947250000003,0,63.780320562500002,0,1.1456891212101581,0,1.136205450894014,0,0.99166085352422917,0