msdX(mean),msdX(std),msdY(mean),msdY(std),msdZ(mean),msdZ(std),DmsdX(mean),DmsdX(std),DmsdY(mean),DmsdY(std),DmsdZ(mean),DmsdZ(std)
403.31906256249999,0,399.60709893749998,0,364.02193843750001,0,0.68769057812810819,0,0.68136138953224012,0,0.62068590486373587,0