msdX(mean),msdX(std),msdY(mean),msdY(std),msdZ(mean),msdZ(std),DmsdX(mean),DmsdX(std),DmsdY(mean),DmsdY(std),DmsdZ(mean),DmsdZ(std)
76.245436187500005,0,75.606806500000005,0,66.001209312499995,0,1.1371429707307981,0,1.1276182923191649,0,0.98435808072334074,0