msdX(mean),msdX(std),msdY(mean),msdY(std),msdZ(mean),msdZ(std),DmsdX(mean),DmsdX(std),DmsdY(mean),DmsdY(std),DmsdZ(mean),DmsdZ(std)
1325.81781525,0,1314.5197014375001,0,1239.7451732500001,0,0.42625772371424586,0,0.4226253179488485,0,0.39858489564467214,0