msdX(mean),msdX(std),msdY(mean),msdY(std),msdZ(mean),msdZ(std),DmsdX(mean),DmsdX(std),DmsdY(mean),DmsdY(std),DmsdZ(mean),DmsdZ(std)
57.924409312500003,0,57.509145937500001,0,50.223679437500003,0,1.2059210821478141,0,1.1972757655274116,0,1.0456005434594033,0