msdX(mean),msdX(std),msdY(mean),msdY(std),msdZ(mean),msdZ(std),DmsdX(mean),DmsdX(std),DmsdY(mean),DmsdY(std),DmsdZ(mean),DmsdZ(std)
368.06708656249998,0,364.23306131250001,0,331.1780119375,0,0.71121784141412514,0,0.70380933556890279,0,0.63993690110624457,0