msdX(mean),msdX(std),msdY(mean),msdY(std),msdZ(mean),msdZ(std),DmsdX(mean),DmsdX(std),DmsdY(mean),DmsdY(std),DmsdZ(mean),DmsdZ(std)
2245.0178658125001,0,2226.60458625,0,2133.3700333749998,0,0.34068934525631173,0,0.33789506541840975,0,0.32374639459580451,0