msdX(mean),msdX(std),msdY(mean),msdY(std),msdZ(mean),msdZ(std),DmsdX(mean),DmsdX(std),DmsdY(mean),DmsdY(std),DmsdZ(mean),DmsdZ(std)
121.34911025,0,120.0455480625,0,106.01923906250001,0,1.0094200214889781,0,0.99857658169277697,0,0.88190133699570228,0