msdX(mean),msdX(std),msdY(mean),msdY(std),msdZ(mean),msdZ(std),DmsdX(mean),DmsdX(std),DmsdY(mean),DmsdY(std),DmsdZ(mean),DmsdZ(std)
599.81626018750001,0,591.82266812499995,0,544.97257324999998,0,0.59467234440836769,0,0.58674730394586816,0,0.54029898701234325,0