msdX(mean),msdX(std),msdY(mean),msdY(std),msdZ(mean),msdZ(std),DmsdX(mean),DmsdX(std),DmsdY(mean),DmsdY(std),DmsdZ(mean),DmsdZ(std)
1996.5406720000001,0,1981.2787337499999,0,1889.2755325000001,0,0.35799117911446882,0,0.35525462616249881,0,0.33875792516376591,0