msdX(mean),msdX(std),msdY(mean),msdY(std),msdZ(mean),msdZ(std),DmsdX(mean),DmsdX(std),DmsdY(mean),DmsdY(std),DmsdZ(mean),DmsdZ(std)
297.38625762499998,0,292.71835325000001,0,264.9612855625,0,0.76946722400707224,0,0.75738933093276983,0,0.68556975866790282,0