msdX(mean),msdX(std),msdY(mean),msdY(std),msdZ(mean),msdZ(std),DmsdX(mean),DmsdX(std),DmsdY(mean),DmsdY(std),DmsdZ(mean),DmsdZ(std)
989.84900381249997,0,982.42929325,0,917.03595712499998,0,0.48294347909568452,0,0.47932343117005616,0,0.44741827681192414,0