msdX(mean),msdX(std),msdY(mean),msdY(std),msdZ(mean),msdZ(std),DmsdX(mean),DmsdX(std),DmsdY(mean),DmsdY(std),DmsdZ(mean),DmsdZ(std)
55.974393749999997,0,55.5418965,0,48.529680249999998,0,1.2150736704052099,0,1.2056851628075254,0,1.0534662861794502,0