msdX(mean),msdX(std),msdY(mean),msdY(std),msdZ(mean),msdZ(std),DmsdX(mean),DmsdX(std),DmsdY(mean),DmsdY(std),DmsdZ(mean),DmsdZ(std)
191.5776705625,0,188.34905843749999,0,168.5508309375,0,0.88878529604500123,0,0.87380681251449788,0,0.78195699808629093,0