msdX(mean),msdX(std),msdY(mean),msdY(std),msdZ(mean),msdZ(std),DmsdX(mean),DmsdX(std),DmsdY(mean),DmsdY(std),DmsdZ(mean),DmsdZ(std)
391.35246749999999,0,387.59795481250001,0,352.86202237499998,0,0.69569649354112351,0,0.6890221998326026,0,0.62727309026131783,0