msdX(mean),msdX(std),msdY(mean),msdY(std),msdZ(mean),msdZ(std),DmsdX(mean),DmsdX(std),DmsdY(mean),DmsdY(std),DmsdZ(mean),DmsdZ(std)
1288.5476121249999,0,1277.1044588750001,0,1203.206079625,0,0.43191781366097015,0,0.4280820984055777,0,0.40331155357013171,0