msdX(mean),msdX(std),msdY(mean),msdY(std),msdZ(mean),msdZ(std),DmsdX(mean),DmsdX(std),DmsdY(mean),DmsdY(std),DmsdZ(mean),DmsdZ(std)
78.918118000000007,0,78.214340437499999,0,68.28888225,0,1.1290145636623747,0,1.1189462151287553,0,0.97695110515021455,0