msdX(mean),msdX(std),msdY(mean),msdY(std),msdZ(mean),msdZ(std),DmsdX(mean),DmsdX(std),DmsdY(mean),DmsdY(std),DmsdZ(mean),DmsdZ(std)
246.98054412499999,0,242.896535,0,218.72634206250001,0,0.82076060080310154,0,0.80718870672943777,0,0.72686682490999721,0