msdX(mean),msdX(std),msdY(mean),msdY(std),msdZ(mean),msdZ(std),DmsdX(mean),DmsdX(std),DmsdY(mean),DmsdY(std),DmsdZ(mean),DmsdZ(std)
2450.5461115624998,0,2428.1450997500001,0,2337.0198459375001,0,0.32814027591953648,0,0.32514066935741243,0,0.31293854600695414,0