msdX(mean),msdX(std),msdY(mean),msdY(std),msdZ(mean),msdZ(std),DmsdX(mean),DmsdX(std),DmsdY(mean),DmsdY(std),DmsdZ(mean),DmsdZ(std)
1530.7922909375,0,1523.5667591875001,0,1442.8635496874999,0,0.39951603307676914,0,0.39763026725555362,0,0.37656782376999259,0