msdX(mean),msdX(std),msdY(mean),msdY(std),msdZ(mean),msdZ(std),DmsdX(mean),DmsdX(std),DmsdY(mean),DmsdY(std),DmsdZ(mean),DmsdZ(std)
636.80074524999998,0,628.18056906250001,0,580.43829237499995,0,0.58081060311017874,0,0.57294834828757746,0,0.52940376903958397,0