msdX(mean),msdX(std),msdY(mean),msdY(std),msdZ(mean),msdZ(std),DmsdX(mean),DmsdX(std),DmsdY(mean),DmsdY(std),DmsdZ(mean),DmsdZ(std)
716.64407874999995,0,707.26491550000003,0,656.04088468750001,0,0.55320087903817206,0,0.54596079779227291,0,0.5064193019317611,0