msdX(mean),msdX(std),msdY(mean),msdY(std),msdZ(mean),msdZ(std),DmsdX(mean),DmsdX(std),DmsdY(mean),DmsdY(std),DmsdZ(mean),DmsdZ(std)
44.010724375000002,0,43.673127812499999,0,38.189406875000003,0,1.2793815225290699,0,1.2695676689680233,0,1.1101571765988374,0