msdX(mean),msdX(std),msdY(mean),msdY(std),msdZ(mean),msdZ(std),DmsdX(mean),DmsdX(std),DmsdY(mean),DmsdY(std),DmsdZ(mean),DmsdZ(std)
2380.5398508124999,0,2357.4789215625001,0,2266.3992839375001,0,0.33234302458675957,0,0.32912352839806508,0,0.31640805873842998,0