msdX(mean),msdX(std),msdY(mean),msdY(std),msdZ(mean),msdZ(std),DmsdX(mean),DmsdX(std),DmsdY(mean),DmsdY(std),DmsdZ(mean),DmsdZ(std)
581.55057812500002,0,574.5855415625,0,528.47907693750005,0,0.60111693433769198,0,0.59391755807793689,0,0.54625983455217331,0