msdX(mean),msdX(std),msdY(mean),msdY(std),msdZ(mean),msdZ(std),DmsdX(mean),DmsdX(std),DmsdY(mean),DmsdY(std),DmsdZ(mean),DmsdZ(std)
485.21066106249998,0,479.32135993750001,0,438.57877406249997,0,0.64415620453036837,0,0.63633768328908069,0,0.58224862139064049,0