msdX(mean),msdX(std),msdY(mean),msdY(std),msdZ(mean),msdZ(std),DmsdX(mean),DmsdX(std),DmsdY(mean),DmsdY(std),DmsdZ(mean),DmsdZ(std)
133.94664918749999,0,132.384934875,0,117.006283375,0,0.98321494387692687,0,0.97175141821629563,0,0.85886677299975533,0