msdX(mean),msdX(std),msdY(mean),msdY(std),msdZ(mean),msdZ(std),DmsdX(mean),DmsdX(std),DmsdY(mean),DmsdY(std),DmsdZ(mean),DmsdZ(std)
3000.188293875,0,2974.7265900000002,0,2888.1108281249999,0,0.30001882938750002,0,0.29747265900000003,0,0.28881108281250001,0