msdX(mean),msdX(std),msdY(mean),msdY(std),msdZ(mean),msdZ(std),DmsdX(mean),DmsdX(std),DmsdY(mean),DmsdY(std),DmsdZ(mean),DmsdZ(std)
93.120508437500007,0,92.408530562500005,0,80.931621437499999,0,1.081329689616799,0,1.0730620928488486,0,0.9397904560189666,0