msdX(mean),msdX(std),msdY(mean),msdY(std),msdZ(mean),msdZ(std),DmsdX(mean),DmsdX(std),DmsdY(mean),DmsdY(std),DmsdZ(mean),DmsdZ(std)
325.90341675000002,0,321.48521993750001,0,291.29873974999998,0,0.74407172773972607,0,0.7339845204052512,0,0.66506561586757984,0