msdX(mean),msdX(std),msdY(mean),msdY(std),msdZ(mean),msdZ(std),DmsdX(mean),DmsdX(std),DmsdY(mean),DmsdY(std),DmsdZ(mean),DmsdZ(std)
357.00174068749999,0,352.73123062500002,0,320.44830006249998,0,0.71922988520750786,0,0.71062634603115982,0,0.64558787199482903,0