msdX(mean),msdX(std),msdY(mean),msdY(std),msdZ(mean),msdZ(std),DmsdX(mean),DmsdX(std),DmsdY(mean),DmsdY(std),DmsdZ(mean),DmsdZ(std)
738.76555574999998,0,728.77797218750004,0,675.29554743749998,0,0.54697713844122509,0,0.53958239753263904,0,0.49998436346220293,0