msdX(mean),msdX(std),msdY(mean),msdY(std),msdZ(mean),msdZ(std),DmsdX(mean),DmsdX(std),DmsdY(mean),DmsdY(std),DmsdZ(mean),DmsdZ(std)
2916.5990044999999,0,2888.5650724375,0,2802.0007810625002,0,0.3040816352499609,0,0.30115884610723037,0,0.29213374144424753,0