msdX(mean),msdX(std),msdY(mean),msdY(std),msdZ(mean),msdZ(std),DmsdX(mean),DmsdX(std),DmsdY(mean),DmsdY(std),DmsdZ(mean),DmsdZ(std)
129.5327719375,0,128.22114937500001,0,113.2672369375,0,0.99132223421556132,0,0.98128430644132669,0,0.86684109901147965,0