msdX(mean),msdX(std),msdY(mean),msdY(std),msdZ(mean),msdZ(std),DmsdX(mean),DmsdX(std),DmsdY(mean),DmsdY(std),DmsdZ(mean),DmsdZ(std)
655.46303024999997,0,647.65504131249997,0,598.43481537499997,0,0.57341666275424652,0,0.56658602433112193,0,0.52352684876430711,0