msdX(mean),msdX(std),msdY(mean),msdY(std),msdZ(mean),msdZ(std),DmsdX(mean),DmsdX(std),DmsdY(mean),DmsdY(std),DmsdZ(mean),DmsdZ(std)
117.380461375,0,116.1837409375,0,102.46186581249999,0,1.018043897441457,0,1.0076647089115351,0,0.88865451702081522,0