msdX(mean),msdX(std),msdY(mean),msdY(std),msdZ(mean),msdZ(std),DmsdX(mean),DmsdX(std),DmsdY(mean),DmsdY(std),DmsdZ(mean),DmsdZ(std)
2674.6481059375001,0,2645.4135299374998,0,2559.5801023125,0,0.3160252506011178,0,0.31257101518745423,0,0.30242929582821326,0