msdX(mean),msdX(std),msdY(mean),msdY(std),msdZ(mean),msdZ(std),DmsdX(mean),DmsdX(std),DmsdY(mean),DmsdY(std),DmsdZ(mean),DmsdZ(std)
499.97685993750002,0,493.82829318749998,0,452.28430943749999,0,0.63664286070140064,0,0.62881361611311537,0,0.57591380658425295,0