msdX(mean),msdX(std),msdY(mean),msdY(std),msdZ(mean),msdZ(std),DmsdX(mean),DmsdX(std),DmsdY(mean),DmsdY(std),DmsdZ(mean),DmsdZ(std)
179.60194593750001,0,176.66306093750001,0,157.93631393749999,0,0.9057082498108926,0,0.89088785142460913,0,0.79645140664397363,0