msdX(mean),msdX(std),msdY(mean),msdY(std),msdZ(mean),msdZ(std),DmsdX(mean),DmsdX(std),DmsdY(mean),DmsdY(std),DmsdZ(mean),DmsdZ(std)
335.63325175,0,331.61831187500002,0,301.02124193750001,0,0.73499014945800945,0,0.726197989433921,0,0.65919466098215274,0