msdX(mean),msdX(std),msdY(mean),msdY(std),msdZ(mean),msdZ(std),DmsdX(mean),DmsdX(std),DmsdY(mean),DmsdY(std),DmsdZ(mean),DmsdZ(std)
110.025268125,0,108.91486156249999,0,95.817887124999999,0,1.0371588511390417,0,1.0266915465435977,0,0.90323224312647288,0