msdX(mean),msdX(std),msdY(mean),msdY(std),msdZ(mean),msdZ(std),DmsdX(mean),DmsdX(std),DmsdY(mean),DmsdY(std),DmsdZ(mean),DmsdZ(std)
1939.421474125,0,1926.5391628750001,0,1834.0247885000001,0,0.36255951285226901,0,0.36015126660279478,0,0.34285643566855167,0