msdX(mean),msdX(std),msdY(mean),msdY(std),msdZ(mean),msdZ(std),DmsdX(mean),DmsdX(std),DmsdY(mean),DmsdY(std),DmsdZ(mean),DmsdZ(std)
142.86236137500001,0,141.28248962500001,0,125.11064675,0,0.96474301435002807,0,0.9540742124366911,0,0.84486649465391106,0