msdX(mean),msdX(std),msdY(mean),msdY(std),msdZ(mean),msdZ(std),DmsdX(mean),DmsdX(std),DmsdY(mean),DmsdY(std),DmsdZ(mean),DmsdZ(std)
36.983895124999997,0,36.768523999999999,0,32.1074106875,0,1.324005792064439,0,1.3162956085918853,0,1.1494299768794749,0