msdX(mean),msdX(std),msdY(mean),msdY(std),msdZ(mean),msdZ(std),DmsdX(mean),DmsdX(std),DmsdY(mean),DmsdY(std),DmsdZ(mean),DmsdZ(std)
66.381191999999999,0,65.978599937499993,0,57.582225937499999,0,1.1697126343612334,0,1.1626185011013215,0,1.0146647742290749,0