msdX(mean),msdX(std),msdY(mean),msdY(std),msdZ(mean),msdZ(std),DmsdX(mean),DmsdX(std),DmsdY(mean),DmsdY(std),DmsdZ(mean),DmsdZ(std)
262.82705512500002,0,258.68359993749999,0,233.2609165625,0,0.80350674143992662,0,0.79083949843320078,0,0.71311805736013445,0