msdX(mean),msdX(std),msdY(mean),msdY(std),msdZ(mean),msdZ(std),DmsdX(mean),DmsdX(std),DmsdY(mean),DmsdY(std),DmsdZ(mean),DmsdZ(std)
64.163877624999998,0,63.682448062500001,0,55.651038687499998,0,1.178760764696877,0,1.1699163759185549,0,1.0223705821341089,0