msdX(mean),msdX(std),msdY(mean),msdY(std),msdZ(mean),msdZ(std),DmsdX(mean),DmsdX(std),DmsdY(mean),DmsdY(std),DmsdZ(mean),DmsdZ(std)
784.05534318749994,0,774.14633687499997,0,719.05414106249998,0,0.53404913939753429,0,0.52729974812119706,0,0.48977441267539279,0