msdX(mean),msdX(std),msdY(mean),msdY(std),msdZ(mean),msdZ(std),DmsdX(mean),DmsdX(std),DmsdY(mean),DmsdY(std),DmsdZ(mean),DmsdZ(std)
674.66927068749999,0,667.42250318749996,0,617.39646668750004,0,0.566100608908918,0,0.56002000071671298,0,0.51804421946452794,0