msdX(mean),msdX(std),msdY(mean),msdY(std),msdZ(mean),msdZ(std),DmsdX(mean),DmsdX(std),DmsdY(mean),DmsdY(std),DmsdZ(mean),DmsdZ(std)
217.52737825,0,213.83407937499999,0,192.04052949999999,0,0.85410920064131923,0,0.83960766720109936,0,0.75403650088344998,0