msdX(mean),msdX(std),msdY(mean),msdY(std),msdZ(mean),msdZ(std),DmsdX(mean),DmsdX(std),DmsdY(mean),DmsdY(std),DmsdZ(mean),DmsdZ(std)
855.03756512500001,0,846.25315456249996,0,789.05379031250004,0,0.51390131031563979,0,0.50862163573460617,0,0.47424323011098984,0