msdX(mean),msdX(std),msdY(mean),msdY(std),msdZ(mean),msdZ(std),DmsdX(mean),DmsdX(std),DmsdY(mean),DmsdY(std),DmsdZ(mean),DmsdZ(std)
2600.9585058124999,0,2570.7613518124999,0,2483.9859341874999,0,0.32040715794511965,0,0.31668722766958896,0,0.30599752813051778,0