msdX(mean),msdX(std),msdY(mean),msdY(std),msdZ(mean),msdZ(std),DmsdX(mean),DmsdX(std),DmsdY(mean),DmsdY(std),DmsdZ(mean),DmsdZ(std)
147.61122306249999,0,145.7850021875,0,129.44441893749999,0,0.95603123745142471,0,0.94420338204339371,0,0.83837058897344552,0