msdX(mean),msdX(std),msdY(mean),msdY(std),msdZ(mean),msdZ(std),DmsdX(mean),DmsdX(std),DmsdY(mean),DmsdY(std),DmsdZ(mean),DmsdZ(std)
379.61637949999999,0,375.75238400000001,0,341.914495875,0,0.70357961171346495,0,0.69641809656194986,0,0.63370307825966088,0