msdX(mean),msdX(std),msdY(mean),msdY(std),msdZ(mean),msdZ(std),DmsdX(mean),DmsdX(std),DmsdY(mean),DmsdY(std),DmsdZ(mean),DmsdZ(std)
162.753703,0,160.51298550000001,0,142.95682024999999,0,0.93019834063631168,0,0.91739180129548492,0,0.81705174461802244,0