msdX(mean),msdX(std),msdY(mean),msdY(std),msdZ(mean),msdZ(std),DmsdX(mean),DmsdX(std),DmsdY(mean),DmsdY(std),DmsdZ(mean),DmsdZ(std)
306.48125012499997,0,302.06120762500001,0,273.519715625,0,0.76062520712690262,0,0.74965554506535403,0,0.67882126644192586,0