msdX(mean),msdX(std),msdY(mean),msdY(std),msdZ(mean),msdZ(std),DmsdX(mean),DmsdX(std),DmsdY(mean),DmsdY(std),DmsdZ(mean),DmsdZ(std)
185.44251862499999,0,182.44148974999999,0,163.18164418750001,0,0.89701315039503382,0,0.88249672565301518,0,0.78933397704369568,0