msdX(mean),msdX(std),msdY(mean),msdY(std),msdZ(mean),msdZ(std),DmsdX(mean),DmsdX(std),DmsdY(mean),DmsdY(std),DmsdZ(mean),DmsdZ(std)
7011.3031914062503,0,6125.6773320312504,0,6333.77358203125,0,1.1553522372463867,0,1.0094150569449689,0,1.0437060384410723,0