msdX(mean),msdX(std),msdY(mean),msdY(std),msdZ(mean),msdZ(std),DmsdX(mean),DmsdX(std),DmsdY(mean),DmsdY(std),DmsdZ(mean),DmsdZ(std)
3636.5686406250002,0,3257.81345703125,0,3319.0264570312502,0,1.326307231593344,0,1.1881699410189195,0,1.2104951746637793,0