msdX(mean),msdX(std),msdY(mean),msdY(std),msdZ(mean),msdZ(std),DmsdX(mean),DmsdX(std),DmsdY(mean),DmsdY(std),DmsdZ(mean),DmsdZ(std)
1336.6763046875001,0,1233.25182421875,0,1245.5835507812501,0,1.6171509168241966,0,1.4920248913043479,0,1.5069441824196599,0