msdX(mean),msdX(std),msdY(mean),msdY(std),msdZ(mean),msdZ(std),DmsdX(mean),DmsdX(std),DmsdY(mean),DmsdY(std),DmsdZ(mean),DmsdZ(std)
3304.1760390625,0,2959.21355078125,0,3021.9423281250001,0,1.3544596257312438,0,1.2130513722831886,0,1.2387653764037747,0