msdX(mean),msdX(std),msdY(mean),msdY(std),msdZ(mean),msdZ(std),DmsdX(mean),DmsdX(std),DmsdY(mean),DmsdY(std),DmsdZ(mean),DmsdZ(std)
8138.3253593749996,0,7038.5303906250001,0,7334.4339960937496,0,1.1181738267664696,0,0.96706633295644828,0,1.007722322029168,0