msdX(mean),msdX(std),msdY(mean),msdY(std),msdZ(mean),msdZ(std),DmsdX(mean),DmsdX(std),DmsdY(mean),DmsdY(std),DmsdZ(mean),DmsdZ(std)
743.97819140624995,0,712.18124999999998,0,711.24052734375005,0,1.7574287985974406,0,1.6823179133858266,0,1.6800957338828739,0