msdX(mean),msdX(std),msdY(mean),msdY(std),msdZ(mean),msdZ(std),DmsdX(mean),DmsdX(std),DmsdY(mean),DmsdY(std),DmsdZ(mean),DmsdZ(std)
6127.6709101562501,0,5387.7732109375002,0,5507.4976601562503,0,1.1872455141983531,0,1.043889215003633,0,1.0670860082647131,0