msdX(mean),msdX(std),msdY(mean),msdY(std),msdZ(mean),msdZ(std),DmsdX(mean),DmsdX(std),DmsdY(mean),DmsdY(std),DmsdZ(mean),DmsdZ(std)
8232.7406992187498,0,7104.3165078125003,0,7423.4042773437504,0,1.1156892490365475,0,0.96276681594884173,0,1.0060091342692585,0