msdX(mean),msdX(std),msdY(mean),msdY(std),msdZ(mean),msdZ(std),DmsdX(mean),DmsdX(std),DmsdY(mean),DmsdY(std),DmsdZ(mean),DmsdZ(std)
5634.948796875,0,4983.3220859374997,0,5080.5347695312503,0,1.2099467322015702,0,1.0700282275380795,0,1.0909019165604241,0