msdX(mean),msdX(std),msdY(mean),msdY(std),msdZ(mean),msdZ(std),DmsdX(mean),DmsdX(std),DmsdY(mean),DmsdY(std),DmsdZ(mean),DmsdZ(std)
3523.8123046874998,0,3155.43149609375,0,3207.1336875000002,0,1.3342509318056319,0,1.1947677826970102,0,1.2143442218190423,0