msdX(mean),msdX(std),msdY(mean),msdY(std),msdZ(mean),msdZ(std),DmsdX(mean),DmsdX(std),DmsdY(mean),DmsdY(std),DmsdZ(mean),DmsdZ(std)
8835.0815039062509,0,7654.9684414062503,0,8005.7372773437501,0,1.0928166987167098,0,0.94684778371535705,0,0.99023459810212211,0