msdX(mean),msdX(std),msdY(mean),msdY(std),msdZ(mean),msdZ(std),DmsdX(mean),DmsdX(std),DmsdY(mean),DmsdY(std),DmsdZ(mean),DmsdZ(std)
6910.9636992187498,0,6045.2302421875002,0,6253.5438828124998,0,1.158059897233374,0,1.0129902308430789,0,1.047897037441089,0