msdX(mean),msdX(std),msdY(mean),msdY(std),msdZ(mean),msdZ(std),DmsdX(mean),DmsdX(std),DmsdY(mean),DmsdY(std),DmsdZ(mean),DmsdZ(std)
9363.6947773437496,0,8140.7335117187504,0,8483.6343164062491,0,1.0775769583133541,0,0.93683818883361303,0,0.97629932195516644,0