msdX(mean),msdX(std),msdY(mean),msdY(std),msdZ(mean),msdZ(std),DmsdX(mean),DmsdX(std),DmsdY(mean),DmsdY(std),DmsdZ(mean),DmsdZ(std)
9545.7650390625004,0,8289.3605781250008,0,8646.5476953124999,0,1.0736259665514616,0,0.93231634409232034,0,0.97248969451115919,0