msdX(mean),msdX(std),msdY(mean),msdY(std),msdZ(mean),msdZ(std),DmsdX(mean),DmsdX(std),DmsdY(mean),DmsdY(std),DmsdZ(mean),DmsdZ(std)
1475.4448984374999,0,1351.83491796875,0,1373.21738671875,0,1.5911335682992584,0,1.4578314100763872,0,1.4808904642215233,0