msdX(mean),msdX(std),msdY(mean),msdY(std),msdZ(mean),msdZ(std),DmsdX(mean),DmsdX(std),DmsdY(mean),DmsdY(std),DmsdZ(mean),DmsdZ(std)
7771.5452226562502,0,6726.1352265625001,0,7017.4647734375003,0,1.1304065778409091,0,0.97834694204545458,0,1.0207221488636364,0