msdX(mean),msdX(std),msdY(mean),msdY(std),msdZ(mean),msdZ(std),DmsdX(mean),DmsdX(std),DmsdY(mean),DmsdY(std),DmsdZ(mean),DmsdZ(std)
4502.5041601562498,0,4000.0851874999998,0,4083.9535859375001,0,1.2689067619040628,0,1.1273138151714419,0,1.1509498128522779,0