msdX(mean),msdX(std),msdY(mean),msdY(std),msdZ(mean),msdZ(std),DmsdX(mean),DmsdX(std),DmsdY(mean),DmsdY(std),DmsdZ(mean),DmsdZ(std)
10173.449828125,0,8801.5544179687495,0,9192.9360429687495,0,1.0600909415059319,0,0.91713708400720717,0,0.95791972139608583,0