msdX(mean),msdX(std),msdY(mean),msdY(std),msdZ(mean),msdZ(std),DmsdX(mean),DmsdX(std),DmsdY(mean),DmsdY(std),DmsdZ(mean),DmsdZ(std)
6232.8223593749999,0,5463.8374179687498,0,5607.21303515625,0,1.1844780792224243,0,1.0383411040561406,0,1.0655880342366775,0