msdX(mean),msdX(std),msdY(mean),msdY(std),msdZ(mean),msdZ(std),DmsdX(mean),DmsdX(std),DmsdY(mean),DmsdY(std),DmsdZ(mean),DmsdZ(std)
8313.7420742187496,0,7180.67958203125,0,7503.8541640624999,0,1.1114783226217497,0,0.95999727028701931,0,1.0032030299970753,0