msdX(mean),msdX(std),msdY(mean),msdY(std),msdZ(mean),msdZ(std),DmsdX(mean),DmsdX(std),DmsdY(mean),DmsdY(std),DmsdZ(mean),DmsdZ(std)
2616.77256640625,0,2369.2801835937498,0,2429.1267539062501,0,1.4263579739666135,0,1.2914541087042923,0,1.3240754506870316,0