msdX(mean),msdX(std),msdY(mean),msdY(std),msdZ(mean),msdZ(std),DmsdX(mean),DmsdX(std),DmsdY(mean),DmsdY(std),DmsdZ(mean),DmsdZ(std)
5106.0580468750004,0,4542.2972656250004,0,4622.0992617187503,0,1.2294188069022598,0,1.0936784567730933,0,1.1128929024228136,0