msdX(mean),msdX(std),msdY(mean),msdY(std),msdZ(mean),msdZ(std),DmsdX(mean),DmsdX(std),DmsdY(mean),DmsdY(std),DmsdZ(mean),DmsdZ(std)
9637.1374062499999,0,8360.8211718750008,0,8719.8033554687499,0,1.0717481910962314,0,0.92980877923612471,0,0.96973126759380457,0