msdX(mean),msdX(std),msdY(mean),msdY(std),msdZ(mean),msdZ(std),DmsdX(mean),DmsdX(std),DmsdY(mean),DmsdY(std),DmsdZ(mean),DmsdZ(std)
5735.3082265624998,0,5060.6307187499997,0,5157.0069570312498,0,1.2053978802241827,0,1.0635999496464301,0,1.083855480602929,0