msdX(mean),msdX(std),msdY(mean),msdY(std),msdZ(mean),msdZ(std),DmsdX(mean),DmsdX(std),DmsdY(mean),DmsdY(std),DmsdZ(mean),DmsdZ(std)
1610.8403359375,0,1467.35542578125,0,1498.1493515625,0,1.5667747948328268,0,1.427215003799392,0,1.4571665425531914,0