msdX(mean),msdX(std),msdY(mean),msdY(std),msdZ(mean),msdZ(std),DmsdX(mean),DmsdX(std),DmsdY(mean),DmsdY(std),DmsdZ(mean),DmsdZ(std)
4299.8477148437496,0,3813.4425390625001,0,3898.9189375000001,0,1.28481505423618,0,1.1394748622696713,0,1.1650156187749003,0