msdX(mean),msdX(std),msdY(mean),msdY(std),msdZ(mean),msdZ(std),DmsdX(mean),DmsdX(std),DmsdY(mean),DmsdY(std),DmsdZ(mean),DmsdZ(std)
9452.0405820312499,0,8219.7723867187506,0,8556.5395156249997,0,1.0752792442852572,0,0.93509444479007442,0,0.97340561164634365,0