msdX(mean),msdX(std),msdY(mean),msdY(std),msdZ(mean),msdZ(std),DmsdX(mean),DmsdX(std),DmsdY(mean),DmsdY(std),DmsdZ(mean),DmsdZ(std)
5321.0512226562496,0,4719.0568710937496,0,4798.9515898437503,0,1.2218842208654259,0,1.0836469875735539,0,1.1019933804358226,0