msdX(mean),msdX(std),msdY(mean),msdY(std),msdZ(mean),msdZ(std),DmsdX(mean),DmsdX(std),DmsdY(mean),DmsdY(std),DmsdZ(mean),DmsdZ(std)
2007.1039921874999,0,1816.8191367187501,0,1851.26749609375,0,1.5085100074375635,0,1.3654946929069129,0,1.3913855760197289,0