msdX(mean),msdX(std),msdY(mean),msdY(std),msdZ(mean),msdZ(std),DmsdX(mean),DmsdX(std),DmsdY(mean),DmsdY(std),DmsdZ(mean),DmsdZ(std)
157.61584306250001,0,155.39949437499999,0,138.35292525,0,0.93912120990566039,0,0.92591555734856001,0,0.82434712164846069,0