msdX(mean),msdX(std),msdY(mean),msdY(std),msdZ(mean),msdZ(std),DmsdX(mean),DmsdX(std),DmsdY(mean),DmsdY(std),DmsdZ(mean),DmsdZ(std)
102.8994384375,0,101.99741643749999,0,89.510613500000005,0,1.0544775928693424,0,1.0452339856959862,0,0.91727357984628533,0