msdX(mean),msdX(std),msdY(mean),msdY(std),msdZ(mean),msdZ(std),DmsdX(mean),DmsdX(std),DmsdY(mean),DmsdY(std),DmsdZ(mean),DmsdZ(std)
41.086524750000002,0,40.755118875000001,0,35.620130375000002,0,1.2981524407582941,0,1.287681481042654,0,1.125438558451817,0