msdX(mean),msdX(std),msdY(mean),msdY(std),msdZ(mean),msdZ(std),DmsdX(mean),DmsdX(std),DmsdY(mean),DmsdY(std),DmsdZ(mean),DmsdZ(std)
2311.957259625,0,2290.9160048125,0,2198.0355365625001,0,0.33651474602637438,0,0.33345210613983378,0,0.31993297768110562,0