msdX(mean),msdX(std),msdY(mean),msdY(std),msdZ(mean),msdZ(std),DmsdX(mean),DmsdX(std),DmsdY(mean),DmsdY(std),DmsdZ(mean),DmsdZ(std)
515.38471293750001,0,509.13538887499999,0,466.34986368749998,0,0.62945188544486741,0,0.62181943396706496,0,0.56956443139719504,0