msdX(mean),msdX(std),msdY(mean),msdY(std),msdZ(mean),msdZ(std),DmsdX(mean),DmsdX(std),DmsdY(mean),DmsdY(std),DmsdZ(mean),DmsdZ(std)
50.501898250000004,0,50.1171648125,0,43.827540437499998,0,1.2423591205412055,0,1.2328945833333333,0,1.0781682764452645,0