msdX(mean),msdX(std),msdY(mean),msdY(std),msdZ(mean),msdZ(std),DmsdX(mean),DmsdX(std),DmsdY(mean),DmsdY(std),DmsdZ(mean),DmsdZ(std)
1446.0617605625,0,1437.1234299375001,0,1357.6602160625,0,0.41023610563625018,0,0.40770037303720624,0,0.38515729756805062,0