msdX(mean),msdX(std),msdY(mean),msdY(std),msdZ(mean),msdZ(std),DmsdX(mean),DmsdX(std),DmsdY(mean),DmsdY(std),DmsdZ(mean),DmsdZ(std)
1578.2716005625,0,1567.5068325,0,1487.2883030625001,0,0.39508150609855314,0,0.39238681097927308,0,0.37230607366138485,0