msdX(mean),msdX(std),msdY(mean),msdY(std),msdZ(mean),msdZ(std),DmsdX(mean),DmsdX(std),DmsdY(mean),DmsdY(std),DmsdZ(mean),DmsdZ(std)
1773.6772564375001,0,1764.0553431875001,0,1676.6384125625,0,0.37577111850119699,0,0.3737326207469121,0,0.35521247697347513,0