msdX(mean),msdX(std),msdY(mean),msdY(std),msdZ(mean),msdZ(std),DmsdX(mean),DmsdX(std),DmsdY(mean),DmsdY(std),DmsdZ(mean),DmsdZ(std)
47.162274125000003,0,46.773833500000002,0,40.931037312500003,0,1.2610233723262034,0,1.2506372593582888,0,1.0944127623663102,0