msdX(mean),msdX(std),msdY(mean),msdY(std),msdZ(mean),msdZ(std),DmsdX(mean),DmsdX(std),DmsdY(mean),DmsdY(std),DmsdZ(mean),DmsdZ(std)
210.5622945625,0,207.10504231249999,0,185.925391375,0,0.86201812730281124,0,0.84786452911776744,0,0.76115744285616815,0