msdX(mean),msdX(std),msdY(mean),msdY(std),msdZ(mean),msdZ(std),DmsdX(mean),DmsdX(std),DmsdY(mean),DmsdY(std),DmsdZ(mean),DmsdZ(std)
96.270443874999998,0,95.496095312500003,0,83.731307562500007,0,1.0722529483014664,0,1.063628312372378,0,0.93259299308520527,0