msdX(mean),msdX(std),msdY(mean),msdY(std),msdZ(mean),msdZ(std),DmsdX(mean),DmsdX(std),DmsdY(mean),DmsdY(std),DmsdZ(mean),DmsdZ(std)
879.64665618749996,0,871.30194893750001,0,813.9689346875,0,0.5070935076647034,0,0.50228300012730465,0,0.4692320027790855,0