msdX(mean),msdX(std),msdY(mean),msdY(std),msdZ(mean),msdZ(std),DmsdX(mean),DmsdX(std),DmsdY(mean),DmsdY(std),DmsdZ(mean),DmsdZ(std)
84.325946625,0,83.566312374999995,0,73.215294812500005,0,1.1097953054397893,0,1.0997979255319148,0,0.96357045157929377,0