msdX(mean),msdX(std),msdY(mean),msdY(std),msdZ(mean),msdZ(std),DmsdX(mean),DmsdX(std),DmsdY(mean),DmsdY(std),DmsdZ(mean),DmsdZ(std)
429.22364206250001,0,424.70967081250001,0,387.13982831250001,0,0.67327438560429798,0,0.6661938315011372,0,0.60726228592062959,0