msdX(mean),msdX(std),msdY(mean),msdY(std),msdZ(mean),msdZ(std),DmsdX(mean),DmsdX(std),DmsdY(mean),DmsdY(std),DmsdZ(mean),DmsdZ(std)
806.25802899999996,0,797.95758318749995,0,741.92954143750001,0,0.52674225263776819,0,0.52131942846993096,0,0.48471534409401235,0