msdX(mean),msdX(std),msdY(mean),msdY(std),msdZ(mean),msdZ(std),DmsdX(mean),DmsdX(std),DmsdY(mean),DmsdY(std),DmsdZ(mean),DmsdZ(std)
1179.4112600625001,0,1169.4225670000001,0,1099.3583169374999,0,0.44803081815145684,0,0.4442363467260963,0,0.41762057295689664,0