msdX(mean),msdX(std),msdY(mean),msdY(std),msdZ(mean),msdZ(std),DmsdX(mean),DmsdX(std),DmsdY(mean),DmsdY(std),DmsdZ(mean),DmsdZ(std)
1487.8021143125,0,1478.33195075,0,1399.103005125,0,0.40483493280764604,0,0.40225807598467156,0,0.38069966806875127,0