msdX(mean),msdX(std),msdY(mean),msdY(std),msdZ(mean),msdZ(std),DmsdX(mean),DmsdX(std),DmsdY(mean),DmsdY(std),DmsdZ(mean),DmsdZ(std)
32.209536874999998,0,32.014919374999998,0,27.935931,0,1.3628859044428772,0,1.3546510313822284,0,1.1820563187588153,0