msdX(mean),msdX(std),msdY(mean),msdY(std),msdZ(mean),msdZ(std),DmsdX(mean),DmsdX(std),DmsdY(mean),DmsdY(std),DmsdZ(mean),DmsdZ(std)
760.69802543749995,0,751.23509581250005,0,696.79215724999995,0,0.5402109330948407,0,0.53349081831658562,0,0.49482807744203383,0