msdX(mean),msdX(std),msdY(mean),msdY(std),msdZ(mean),msdZ(std),DmsdX(mean),DmsdX(std),DmsdY(mean),DmsdY(std),DmsdZ(mean),DmsdZ(std)
81.598968687500005,0,80.822756249999998,0,70.735297062499995,0,1.1195833801166248,0,1.1089333123713698,0,0.97052774382574891,0