msdX(mean),msdX(std),msdY(mean),msdY(std),msdZ(mean),msdZ(std),DmsdX(mean),DmsdX(std),DmsdY(mean),DmsdY(std),DmsdZ(mean),DmsdZ(std)
224.41333793749999,0,220.8334976875,0,198.45657156249999,0,0.84519492035967614,0,0.83171237594940683,0,0.74743545877534368,0