msdX(mean),msdX(std),msdY(mean),msdY(std),msdZ(mean),msdZ(std),DmsdX(mean),DmsdX(std),DmsdY(mean),DmsdY(std),DmsdZ(mean),DmsdZ(std)
34.512341562499998,0,34.341437374999998,0,29.964229249999999,0,1.3428926678015565,0,1.3362426994163423,0,1.1659233171206225,0