msdX(mean),msdX(std),msdY(mean),msdY(std),msdZ(mean),msdZ(std),DmsdX(mean),DmsdX(std),DmsdY(mean),DmsdY(std),DmsdZ(mean),DmsdZ(std)
316.16709956250003,0,311.65038993749999,0,282.25748118749999,0,0.75259961809688181,0,0.74184810744465612,0,0.67188165005355871,0