msdX(mean),msdX(std),msdY(mean),msdY(std),msdZ(mean),msdZ(std),DmsdX(mean),DmsdX(std),DmsdY(mean),DmsdY(std),DmsdZ(mean),DmsdZ(std)
531.19751900000006,0,524.36951643750001,0,480.95534924999998,0,0.62225402459976586,0,0.61425558348789544,0,0.56339947198360019,0