msdX(mean),msdX(std),msdY(mean),msdY(std),msdZ(mean),msdZ(std),DmsdX(mean),DmsdX(std),DmsdY(mean),DmsdY(std),DmsdZ(mean),DmsdZ(std)
415.71052687500003,0,412.2496185,0,375.11784037500001,0,0.67985803566561276,0,0.67419802414958563,0,0.61347226402365895,0