msdX(mean),msdX(std),msdY(mean),msdY(std),msdZ(mean),msdZ(std),DmsdX(mean),DmsdX(std),DmsdY(mean),DmsdY(std),DmsdZ(mean),DmsdZ(std)
54.081978624999998,0,53.648291499999999,0,46.901169750000001,0,1.2240357289702,0,1.2142201018483592,0,1.0615127065258394,0