msdX(mean),msdX(std),msdY(mean),msdY(std),msdZ(mean),msdZ(std),DmsdX(mean),DmsdX(std),DmsdY(mean),DmsdY(std),DmsdZ(mean),DmsdZ(std)
1827.4319963124999,0,1817.366867,0,1725.5823111249999,0,0.37134372766012569,0,0.36929844080631835,0,0.35064733959487654,0