msdX(mean),msdX(std),msdY(mean),msdY(std),msdZ(mean),msdZ(std),DmsdX(mean),DmsdX(std),DmsdY(mean),DmsdY(std),DmsdZ(mean),DmsdZ(std)
1113.19262875,0,1103.2831713124999,0,1034.5412823125,0,0.45966455197687622,0,0.45557269384226279,0,0.42718748108289462,0