msdX(mean),msdX(std),msdY(mean),msdY(std),msdZ(mean),msdZ(std),DmsdX(mean),DmsdX(std),DmsdY(mean),DmsdY(std),DmsdZ(mean),DmsdZ(std)
33.343888312499999,0,33.177046875000002,0,28.9394600625,0,1.3526932378296146,0,1.3459248225152132,0,1.1740146069979718,0