msdX(mean),msdX(std),msdY(mean),msdY(std),msdZ(mean),msdZ(std),DmsdX(mean),DmsdX(std),DmsdY(mean),DmsdY(std),DmsdZ(mean),DmsdZ(std)
1017.9061180625,0,1010.70216825,0,945.77587068749995,0,0.47634338481261945,0,0.47297219588191713,0,0.44258902812658424,0