msdX(mean),msdX(std),msdY(mean),msdY(std),msdZ(mean),msdZ(std),DmsdX(mean),DmsdX(std),DmsdY(mean),DmsdY(std),DmsdZ(mean),DmsdZ(std)
1402.7305493125,0,1396.689913875,0,1317.4113146875,0,0.41489038124574823,0,0.41310372197547052,0,0.3896552212939593,0