msdX(mean),msdX(std),msdY(mean),msdY(std),msdZ(mean),msdZ(std),DmsdX(mean),DmsdX(std),DmsdY(mean),DmsdY(std),DmsdZ(mean),DmsdZ(std)
2054.9068080000002,0,2040.2634781874999,0,1946.9961738750001,0,0.35340467237643175,0,0.35088629969172425,0,0.33484610701939943,0