msdX(mean),msdX(std),msdY(mean),msdY(std),msdZ(mean),msdZ(std),DmsdX(mean),DmsdX(std),DmsdY(mean),DmsdY(std),DmsdZ(mean),DmsdZ(std)
907.642870625,0,899.04437199999995,0,838.7743284375,0,0.50186219381548758,0,0.49710783334715652,0,0.46378276986397943,0