msdX(mean),msdX(std),msdY(mean),msdY(std),msdZ(mean),msdZ(std),DmsdX(mean),DmsdX(std),DmsdY(mean),DmsdY(std),DmsdZ(mean),DmsdZ(std)
62.043831562500003,0,61.524735312499999,0,53.763994562500002,0,1.1885791487068966,0,1.1786347761015326,0,1.0299615816570882,0