msdX(mean),msdX(std),msdY(mean),msdY(std),msdZ(mean),msdZ(std),DmsdX(mean),DmsdX(std),DmsdY(mean),DmsdY(std),DmsdZ(mean),DmsdZ(std)
694.74292962499999,0,686.87142362500003,0,636.48148881249995,0,0.55913423888695135,0,0.55279919274466149,0,0.51224500119044425,0