msdX(mean),msdX(std),msdY(mean),msdY(std),msdZ(mean),msdZ(std),DmsdX(mean),DmsdX(std),DmsdY(mean),DmsdY(std),DmsdZ(mean),DmsdZ(std)
29.022234624999999,0,28.864765500000001,0,25.169599375000001,0,1.3908419149361022,0,1.3832954712460064,0,1.2062108326677317,0