msdX(mean),msdX(std),msdY(mean),msdY(std),msdZ(mean),msdZ(std),DmsdX(mean),DmsdX(std),DmsdY(mean),DmsdY(std),DmsdZ(mean),DmsdZ(std)
39.6779621875,0,39.385854250000001,0,34.411219250000002,0,1.3066288316410537,0,1.2970094703622392,0,1.133190535126235,0