msdX(mean),msdX(std),msdY(mean),msdY(std),msdZ(mean),msdZ(std),DmsdX(mean),DmsdX(std),DmsdY(mean),DmsdY(std),DmsdZ(mean),DmsdZ(std)
71.158701750000006,0,70.644360562499998,0,61.677918124999998,0,1.1536131059173198,0,1.1452746916373953,0,0.99991220953796278,0