msdX(mean),msdX(std),msdY(mean),msdY(std),msdZ(mean),msdZ(std),DmsdX(mean),DmsdX(std),DmsdY(mean),DmsdY(std),DmsdZ(mean),DmsdZ(std)
618.39898881249997,0,609.9372776875,0,561.89688324999997,0,0.5880553335988018,0,0.58000882244912522,0,0.53432567825218713,0