msdX(mean),msdX(std),msdY(mean),msdY(std),msdZ(mean),msdZ(std),DmsdX(mean),DmsdX(std),DmsdY(mean),DmsdY(std),DmsdZ(mean),DmsdZ(std)
38.310915187500001,0,38.051665687499998,0,33.230918625000001,0,1.3157727024899828,0,1.3068688845163137,0,1.1413022996565541,0