msdX(mean),msdX(std),msdY(mean),msdY(std),msdZ(mean),msdZ(std),DmsdX(mean),DmsdX(std),DmsdY(mean),DmsdY(std),DmsdZ(mean),DmsdZ(std)
52.269292999999998,0,51.88116625,0,45.340495312500003,0,1.2332511128588282,0,1.2240935804168305,0,1.0697718123279591,0