msdX(mean),msdX(std),msdY(mean),msdY(std),msdZ(mean),msdZ(std),DmsdX(mean),DmsdX(std),DmsdY(mean),DmsdY(std),DmsdZ(mean),DmsdZ(std)
1214.2659062499999,0,1203.1653806874999,0,1132.4824080625001,0,0.44242805059117152,0,0.43838348023810819,0,0.41262954147765574,0