msdX(mean),msdX(std),msdY(mean),msdY(std),msdZ(mean),msdZ(std),DmsdX(mean),DmsdX(std),DmsdY(mean),DmsdY(std),DmsdZ(mean),DmsdZ(std)
288.25065187500002,0,283.98081624999998,0,256.52593206249998,0,0.77761967144013311,0,0.76610084865788397,0,0.69203524678521644,0