msdX(mean),msdX(std),msdY(mean),msdY(std),msdZ(mean),msdZ(std),DmsdX(mean),DmsdX(std),DmsdY(mean),DmsdY(std),DmsdZ(mean),DmsdZ(std)
254.708162375,0,250.72043668750001,0,225.916140875,0,0.81186197102103697,0,0.79915141315607729,0,0.72008969679664259,0