msdX(mean),msdX(std),msdY(mean),msdY(std),msdZ(mean),msdZ(std),DmsdX(mean),DmsdX(std),DmsdY(mean),DmsdY(std),DmsdZ(mean),DmsdZ(std)
1048.8353833125,0,1040.8601960625001,0,974.29022456250004,0,0.47076605373253239,0,0.46718641913095849,0,0.43730672277559174,0