msdX(mean),msdX(std),msdY(mean),msdY(std),msdZ(mean),msdZ(std),DmsdX(mean),DmsdX(std),DmsdY(mean),DmsdY(std),DmsdZ(mean),DmsdZ(std)
564.64944693749999,0,557.74671324999997,0,511.62881012499997,0,0.60851309952851373,0,0.6010741409070498,0,0.55137366156264034,0