msdX(mean),msdX(std),msdY(mean),msdY(std),msdZ(mean),msdZ(std),DmsdX(mean),DmsdX(std),DmsdY(mean),DmsdY(std),DmsdZ(mean),DmsdZ(std)
87.164975937500003,0,86.369116812499996,0,75.702030375000007,0,1.100336325741637,0,1.0902897136019356,0,0.95563261571638969,0