msdX(mean),msdX(std),msdY(mean),msdY(std),msdZ(mean),msdZ(std),DmsdX(mean),DmsdX(std),DmsdY(mean),DmsdY(std),DmsdZ(mean),DmsdZ(std)
42.550642500000002,0,42.189533500000003,0,36.869781187500003,0,1.2894134090909091,0,1.2784707121212122,0,1.1172660965909091,0