msdX(mean),msdX(std),msdY(mean),msdY(std),msdZ(mean),msdZ(std),DmsdX(mean),DmsdX(std),DmsdY(mean),DmsdY(std),DmsdZ(mean),DmsdZ(std)
138.42157943749999,0,136.74391175,0,120.94390799999999,0,0.97457108263905179,0,0.96275929417977002,0,0.85151777517014782,0