msdX(mean),msdX(std),msdY(mean),msdY(std),msdZ(mean),msdZ(std),DmsdX(mean),DmsdX(std),DmsdY(mean),DmsdY(std),DmsdZ(mean),DmsdZ(std)
933.92731856249998,0,925.44810768750006,0,863.80851143749999,0,0.49529888287223228,0,0.49080201936845369,0,0.45811208455606134,0