msdX(mean),msdX(std),msdY(mean),msdY(std),msdZ(mean),msdZ(std),DmsdX(mean),DmsdX(std),DmsdY(mean),DmsdY(std),DmsdZ(mean),DmsdZ(std)
31.096545562500001,0,30.9282085,0,26.964440625000002,0,1.3719064218749999,0,1.3644797867647058,0,1.189607674632353,0