msdX(mean),msdX(std),msdY(mean),msdY(std),msdZ(mean),msdZ(std),DmsdX(mean),DmsdX(std),DmsdY(mean),DmsdY(std),DmsdZ(mean),DmsdZ(std)
99.559180249999997,0,98.736761562500007,0,86.551905500000004,0,1.0636664556623932,0,1.0548799312232908,0,0.92469984508547021,0