msdX(mean),msdX(std),msdY(mean),msdY(std),msdZ(mean),msdZ(std),DmsdX(mean),DmsdX(std),DmsdY(mean),DmsdY(std),DmsdZ(mean),DmsdZ(std)
442.52343406249997,0,437.9173955,0,399.641374375,0,0.66578249858951855,0,0.65885265120361092,0,0.60126585913991981,0