msdX(mean),msdX(std),msdY(mean),msdY(std),msdZ(mean),msdZ(std),DmsdX(mean),DmsdX(std),DmsdY(mean),DmsdY(std),DmsdZ(mean),DmsdZ(std)
1626.2742036249999,0,1614.5816303125,0,1534.9636095000001,0,0.39046668114263078,0,0.38765930690944672,0,0.36854310603968837,0