msdX(mean),msdX(std),msdY(mean),msdY(std),msdZ(mean),msdZ(std),DmsdX(mean),DmsdX(std),DmsdY(mean),DmsdY(std),DmsdZ(mean),DmsdZ(std)
1673.8936827499999,0,1662.8135932499999,0,1580.3276733125001,0,0.38548253997466803,0,0.38293089581254319,0,0.36393513625067175,0