msdX(mean),msdX(std),msdY(mean),msdY(std),msdZ(mean),msdZ(std),DmsdX(mean),DmsdX(std),DmsdY(mean),DmsdY(std),DmsdZ(mean),DmsdZ(std)
45.554842624999999,0,45.188705624999997,0,39.550298499999997,0,1.2701164300650558,0,1.2599081493959108,0,1.1027034897769517,0