msdX(mean),msdX(std),msdY(mean),msdY(std),msdZ(mean),msdZ(std),DmsdX(mean),DmsdX(std),DmsdY(mean),DmsdY(std),DmsdZ(mean),DmsdZ(std)
90.093848812499999,0,89.365580249999994,0,78.344745312499995,0,1.0907245618946733,0,1.0819077512106539,0,0.94848359942493943,0