msdX(mean),msdX(std),msdY(mean),msdY(std),msdZ(mean),msdZ(std),DmsdX(mean),DmsdX(std),DmsdY(mean),DmsdY(std),DmsdZ(mean),DmsdZ(std)
173.830349875,0,171.13535375000001,0,152.70831443750001,0,0.91393454192954793,0,0.8997652668243955,0,0.80288283090168255,0