msdX(mean),msdX(std),msdY(mean),msdY(std),msdZ(mean),msdZ(std),DmsdX(mean),DmsdX(std),DmsdY(mean),DmsdY(std),DmsdZ(mean),DmsdZ(std)
470.66336862499998,0,464.96287743750003,0,424.95790799999997,0,0.65145221614108739,0,0.64356208093035594,0,0.58819060370481435,0