msdX(mean),msdX(std),msdY(mean),msdY(std),msdZ(mean),msdZ(std),DmsdX(mean),DmsdX(std),DmsdY(mean),DmsdY(std),DmsdZ(mean),DmsdZ(std)
239.22164356249999,0,235.17580100000001,0,211.8919566875,0,0.82885595736848183,0,0.81483790841369752,0,0.73416396611711032,0