msdX(mean),msdX(std),msdY(mean),msdY(std),msdZ(mean),msdZ(std),DmsdX(mean),DmsdX(std),DmsdY(mean),DmsdY(std),DmsdZ(mean),DmsdZ(std)
168.0746369375,0,165.67949593750001,0,147.8145171875,0,0.92129346028229486,0,0.9081646040791157,0,0.81023853747944452,0