msdX(mean),msdX(std),msdY(mean),msdY(std),msdZ(mean),msdZ(std),DmsdX(mean),DmsdX(std),DmsdY(mean),DmsdY(std),DmsdZ(mean),DmsdZ(std)
5129.3047367500003,0,4548.0013817500003,0,4847.895829,0,0.77838606961657142,0,0.69017169028529513,0,0.7356814956244625,0