msdX(mean),msdX(std),msdY(mean),msdY(std),msdZ(mean),msdZ(std),DmsdX(mean),DmsdX(std),DmsdY(mean),DmsdY(std),DmsdZ(mean),DmsdZ(std)
6208.92785,0,5550.9769244999998,0,5960.9468602500001,0,0.70365159453905313,0,0.62908667301938681,0,0.67554815654323874,0