msdX(mean),msdX(std),msdY(mean),msdY(std),msdZ(mean),msdZ(std),DmsdX(mean),DmsdX(std),DmsdY(mean),DmsdY(std),DmsdZ(mean),DmsdZ(std)
3157.351917,0,2794.39986275,0,2900.7362312499999,0,0.97362989032337643,0,0.86170667806775891,0,0.89449753240445695,0