msdX(mean),msdX(std),msdY(mean),msdY(std),msdZ(mean),msdZ(std),DmsdX(mean),DmsdX(std),DmsdY(mean),DmsdY(std),DmsdZ(mean),DmsdZ(std)
831.02744074999998,0,770.05906900000002,0,734.73888124999996,0,1.4772945735067553,0,1.3689127796871297,0,1.3061250555522637,0