msdX(mean),msdX(std),msdY(mean),msdY(std),msdZ(mean),msdZ(std),DmsdX(mean),DmsdX(std),DmsdY(mean),DmsdY(std),DmsdZ(mean),DmsdZ(std)
589.54040275,0,552.49993274999997,0,519.22695399999998,0,1.5902006907480668,0,1.4902893348768205,0,1.4005402463585686,0