msdX(mean),msdX(std),msdY(mean),msdY(std),msdZ(mean),msdZ(std),DmsdX(mean),DmsdX(std),DmsdY(mean),DmsdY(std),DmsdZ(mean),DmsdZ(std)
1089.10586225,0,995.70259650000003,0,968.21603374999995,0,1.386807125106112,0,1.2678725761884551,0,1.2328727085101867,0