msdX(mean),msdX(std),msdY(mean),msdY(std),msdZ(mean),msdZ(std),DmsdX(mean),DmsdX(std),DmsdY(mean),DmsdY(std),DmsdZ(mean),DmsdZ(std)
52.312186750000002,0,51.820264999999999,0,46.880148249999998,0,2.1207643277027026,0,2.100821554054054,0,1.9005465506756756,0