msdX(mean),msdX(std),msdY(mean),msdY(std),msdZ(mean),msdZ(std),DmsdX(mean),DmsdX(std),DmsdY(mean),DmsdY(std),DmsdZ(mean),DmsdZ(std)
6377.1135722500003,0,5712.3387919999996,0,6135.6341830000001,0,0.69318461103039219,0,0.62092438824313745,0,0.66693609050262326,0