msdX(mean),msdX(std),msdY(mean),msdY(std),msdZ(mean),msdZ(std),DmsdX(mean),DmsdX(std),DmsdY(mean),DmsdY(std),DmsdZ(mean),DmsdZ(std)
165.07741999999999,0,160.51271374999999,0,144.98959300000001,0,1.9165335139318886,0,1.8635376983359133,0,1.6833157082043346,0