msdX(mean),msdX(std),msdY(mean),msdY(std),msdZ(mean),msdZ(std),DmsdX(mean),DmsdX(std),DmsdY(mean),DmsdY(std),DmsdZ(mean),DmsdZ(std)
654.51713549999999,0,610.67571874999999,0,576.60219099999995,0,1.5578795672008887,0,1.4535283689701681,0,1.3724266685179307,0