msdX(mean),msdX(std),msdY(mean),msdY(std),msdZ(mean),msdZ(std),DmsdX(mean),DmsdX(std),DmsdY(mean),DmsdY(std),DmsdZ(mean),DmsdZ(std)
257.59134125000003,0,248.17147299999999,0,225.92012800000001,0,1.8131722753402162,0,1.7468663045518535,0,1.5902402252463632,0