msdX(mean),msdX(std),msdY(mean),msdY(std),msdZ(mean),msdZ(std),DmsdX(mean),DmsdX(std),DmsdY(mean),DmsdY(std),DmsdZ(mean),DmsdZ(std)
371.03780549999999,0,352.85476249999999,0,326.43456500000002,0,1.7209545709647496,0,1.6366176368274583,0,1.5140749768089055,0