msdX(mean),msdX(std),msdY(mean),msdY(std),msdZ(mean),msdZ(std),DmsdX(mean),DmsdX(std),DmsdY(mean),DmsdY(std),DmsdZ(mean),DmsdZ(std)
191.728745,0,186.07783524999999,0,168.15345300000001,0,1.8833864931237723,0,1.8278765741650294,0,1.6518020923379177,0