msdX(mean),msdX(std),msdY(mean),msdY(std),msdZ(mean),msdZ(std),DmsdX(mean),DmsdX(std),DmsdY(mean),DmsdY(std),DmsdZ(mean),DmsdZ(std)
1711.1829479999999,0,1538.14376975,0,1541.3651757499999,0,1.2151561908819768,0,1.0922765017398097,0,1.0945641071935803,0