msdX(mean),msdX(std),msdY(mean),msdY(std),msdZ(mean),msdZ(std),DmsdX(mean),DmsdX(std),DmsdY(mean),DmsdY(std),DmsdZ(mean),DmsdZ(std)
3652.9352319999998,0,3223.8331589999998,0,3383.285335,0,0.91442255732452193,0,0.80700739936917998,0,0.84692233278261742,0