msdX(mean),msdX(std),msdY(mean),msdY(std),msdZ(mean),msdZ(std),DmsdX(mean),DmsdX(std),DmsdY(mean),DmsdY(std),DmsdZ(mean),DmsdZ(std)
750.68264050000005,0,697.40673849999996,0,662.12502449999999,0,1.5122535062449638,0,1.4049289655519741,0,1.3338537963336019,0