msdX(mean),msdX(std),msdY(mean),msdY(std),msdZ(mean),msdZ(std),DmsdX(mean),DmsdX(std),DmsdY(mean),DmsdY(std),DmsdZ(mean),DmsdZ(std)
5723.8032967500003,0,5103.4995564999999,0,5450.4290517500003,0,0.73513412378736376,0,0.65546568954371487,0,0.70002342454684008,0