msdX(mean),msdX(std),msdY(mean),msdY(std),msdZ(mean),msdZ(std),DmsdX(mean),DmsdX(std),DmsdY(mean),DmsdY(std),DmsdZ(mean),DmsdZ(std)
86.463536000000005,0,85.095143750000005,0,76.787916249999995,0,2.0392343396226416,0,2.0069609375000002,0,1.8110357606132075,0