msdX(mean),msdX(std),msdY(mean),msdY(std),msdZ(mean),msdZ(std),DmsdX(mean),DmsdX(std),DmsdY(mean),DmsdY(std),DmsdZ(mean),DmsdZ(std)
3978.6074570000001,0,3516.4558995000002,0,3703.9177719999998,0,0.87881005249672361,0,0.77672824651371697,0,0.81813554285882573,0