msdX(mean),msdX(std),msdY(mean),msdY(std),msdZ(mean),msdZ(std),DmsdX(mean),DmsdX(std),DmsdY(mean),DmsdY(std),DmsdZ(mean),DmsdZ(std)
477.09617650000001,0,450.31860825000001,0,419.45546849999999,0,1.6527581172055426,0,1.55999517869515,0,1.4530789901847574,0