msdX(mean),msdX(std),msdY(mean),msdY(std),msdZ(mean),msdZ(std),DmsdX(mean),DmsdX(std),DmsdY(mean),DmsdY(std),DmsdZ(mean),DmsdZ(std)
569.39012349999996,0,533.84525074999999,0,501.47802424999998,0,1.6012095711473564,0,1.5012521112204724,0,1.4102306643700786,0