msdX(mean),msdX(std),msdY(mean),msdY(std),msdZ(mean),msdZ(std),DmsdX(mean),DmsdX(std),DmsdY(mean),DmsdY(std),DmsdZ(mean),DmsdZ(std)
2265.7955569999999,0,2019.9886147499999,0,2056.8030047500001,0,1.1054458726622216,0,0.98552054712148318,0,1.0034817066596196,0