msdX(mean),msdX(std),msdY(mean),msdY(std),msdZ(mean),msdZ(std),DmsdX(mean),DmsdX(std),DmsdY(mean),DmsdY(std),DmsdZ(mean),DmsdZ(std)
74.005241749999996,0,73.035436000000004,0,65.994226999999995,0,2.0633431714684014,0,2.0363039776951672,0,1.8399877416356876,0