msdX(mean),msdX(std),msdY(mean),msdY(std),msdZ(mean),msdZ(std),DmsdX(mean),DmsdX(std),DmsdY(mean),DmsdY(std),DmsdZ(mean),DmsdZ(std)
889.21808424999995,0,821.30266525000002,0,787.86310000000003,0,1.4542380357337548,0,1.3431683361044482,0,1.2884808656781508,0