msdX(mean),msdX(std),msdY(mean),msdY(std),msdZ(mean),msdZ(std),DmsdX(mean),DmsdX(std),DmsdY(mean),DmsdY(std),DmsdZ(mean),DmsdZ(std)
919.25356624999995,0,848.12295825000001,0,815.38727025000003,0,1.4418909854386699,0,1.3303193949335983,0,1.2789719809421731,0