msdX(mean),msdX(std),msdY(mean),msdY(std),msdZ(mean),msdZ(std),DmsdX(mean),DmsdX(std),DmsdY(mean),DmsdY(std),DmsdZ(mean),DmsdZ(std)
54.395130999999999,0,53.880960000000002,0,48.743550999999997,0,2.1138004274611397,0,2.0938196891191709,0,1.894179443005181,0