msdX(mean),msdX(std),msdY(mean),msdY(std),msdZ(mean),msdZ(std),DmsdX(mean),DmsdX(std),DmsdY(mean),DmsdY(std),DmsdZ(mean),DmsdZ(std)
131.607876,0,128.53214249999999,0,115.99679424999999,0,1.9623440755467199,0,1.9164832380715706,0,1.7295744669483102,0