msdX(mean),msdX(std),msdY(mean),msdY(std),msdZ(mean),msdZ(std),DmsdX(mean),DmsdX(std),DmsdY(mean),DmsdY(std),DmsdZ(mean),DmsdZ(std)
6048.7756097499996,0,5399.71544025,0,5784.1461959999997,0,0.7146980657596238,0,0.63800782667131417,0,0.68343055934967034,0