msdX(mean),msdX(std),msdY(mean),msdY(std),msdZ(mean),msdZ(std),DmsdX(mean),DmsdX(std),DmsdY(mean),DmsdY(std),DmsdZ(mean),DmsdZ(std)
320.20799275000002,0,307.02777099999997,0,281.91481225000001,0,1.754884870752649,0,1.6826512842528314,0,1.5450208928571429,0