msdX(mean),msdX(std),msdY(mean),msdY(std),msdZ(mean),msdZ(std),DmsdX(mean),DmsdX(std),DmsdY(mean),DmsdY(std),DmsdZ(mean),DmsdZ(std)
3444.7010922499999,0,3045.7174212499999,0,3178.8463807500002,0,0.93729962420864554,0,0.82873657769786135,0,0.86496083065013518,0