msdX(mean),msdX(std),msdY(mean),msdY(std),msdZ(mean),msdZ(std),DmsdX(mean),DmsdX(std),DmsdY(mean),DmsdY(std),DmsdZ(mean),DmsdZ(std)
512.28094224999995,0,482.23690275000001,0,450.45830425000003,0,1.6328546820548233,0,1.5370917002231195,0,1.43579994979813,0