msdX(mean),msdX(std),msdY(mean),msdY(std),msdZ(mean),msdZ(std),DmsdX(mean),DmsdX(std),DmsdY(mean),DmsdY(std),DmsdZ(mean),DmsdZ(std)
5270.3536764999999,0,4676.7363167499998,0,4990.2781892499997,0,0.7671176085342778,0,0.68071461599388672,0,0.72635168442821796,0