msdX(mean),msdX(std),msdY(mean),msdY(std),msdZ(mean),msdZ(std),DmsdX(mean),DmsdX(std),DmsdY(mean),DmsdY(std),DmsdZ(mean),DmsdZ(std)
46.625144749999997,0,46.19469325,0,41.832721249999999,0,2.1387681077981648,0,2.1190226261467888,0,1.9189321674311925,0