msdX(mean),msdX(std),msdY(mean),msdY(std),msdZ(mean),msdZ(std),DmsdX(mean),DmsdX(std),DmsdY(mean),DmsdY(std),DmsdZ(mean),DmsdZ(std)
610.34983375000002,0,571.39113525000005,0,537.52802799999995,0,1.5790354443342534,0,1.4782454344170406,0,1.3906382235253536,0