msdX(mean),msdX(std),msdY(mean),msdY(std),msdZ(mean),msdZ(std),DmsdX(mean),DmsdX(std),DmsdY(mean),DmsdY(std),DmsdZ(mean),DmsdZ(std)
267.25599149999999,0,257.03259174999999,0,234.42028074999999,0,1.804158358460846,0,1.7351435086633664,0,1.5824951445769577,0