msdX(mean),msdX(std),msdY(mean),msdY(std),msdZ(mean),msdZ(std),DmsdX(mean),DmsdX(std),DmsdY(mean),DmsdY(std),DmsdZ(mean),DmsdZ(std)
725.65905625000005,0,674.45071900000005,0,639.72514424999997,0,1.5240669061537386,0,1.4165164918790256,0,1.343584033008961,0