msdX(mean),msdX(std),msdY(mean),msdY(std),msdZ(mean),msdZ(std),DmsdX(mean),DmsdX(std),DmsdY(mean),DmsdY(std),DmsdZ(mean),DmsdZ(std)
113.03466899999999,0,110.8476015,0,99.956113250000001,0,1.9900469894366197,0,1.9515422799295774,0,1.7597907262323944,0