msdX(mean),msdX(std),msdY(mean),msdY(std),msdZ(mean),msdZ(std),DmsdX(mean),DmsdX(std),DmsdY(mean),DmsdY(std),DmsdZ(mean),DmsdZ(std)
5884.0752352500003,0,5251.9083705000003,0,5615.1384500000004,0,0.72484809697983821,0,0.64697265681846183,0,0.69171828316839812,0