msdX(mean),msdX(std),msdY(mean),msdY(std),msdZ(mean),msdZ(std),DmsdX(mean),DmsdX(std),DmsdY(mean),DmsdY(std),DmsdZ(mean),DmsdZ(std)
239.18173924999999,0,231.13725825,0,209.76865749999999,0,1.8304724942602042,0,1.7689075886479593,0,1.6053723788265306,0