msdX(mean),msdX(std),msdY(mean),msdY(std),msdZ(mean),msdZ(std),DmsdX(mean),DmsdX(std),DmsdY(mean),DmsdY(std),DmsdZ(mean),DmsdZ(std)
96.965230250000005,0,95.360859250000004,0,85.944107500000001,0,2.0173071480582525,0,1.9839291106102637,0,1.7880188800277395,0