msdX(mean),msdX(std),msdY(mean),msdY(std),msdZ(mean),msdZ(std),DmsdX(mean),DmsdX(std),DmsdY(mean),DmsdY(std),DmsdZ(mean),DmsdZ(std)
5566.8847112499998,0,4955.8206319999999,0,5292.2464137500001,0,0.74543180386314944,0,0.66360747616497051,0,0.70865645604579541,0