msdX(mean),msdX(std),msdY(mean),msdY(std),msdZ(mean),msdZ(std),DmsdX(mean),DmsdX(std),DmsdY(mean),DmsdY(std),DmsdZ(mean),DmsdZ(std)
230.4139275,0,222.91534949999999,0,202.15635775000001,0,1.8384089960106385,0,1.7785799162234042,0,1.6129496628989364,0