msdX(mean),msdX(std),msdY(mean),msdY(std),msdZ(mean),msdZ(std),DmsdX(mean),DmsdX(std),DmsdY(mean),DmsdY(std),DmsdZ(mean),DmsdZ(std)
5418.0708312500001,0,4814.5713402499996,0,5142.6395009999997,0,0.75640391709867472,0,0.6721507957982763,0,0.71795160748855213,0