msdX(mean),msdX(std),msdY(mean),msdY(std),msdZ(mean),msdZ(std),DmsdX(mean),DmsdX(std),DmsdY(mean),DmsdY(std),DmsdZ(mean),DmsdZ(std)
2484.5517517500002,0,2207.9134792499999,0,2263.4095392499999,0,1.0696058398028299,0,0.95051236084005386,0,0.9744035556281031,0