msdX(mean),msdX(std),msdY(mean),msdY(std),msdZ(mean),msdZ(std),DmsdX(mean),DmsdX(std),DmsdY(mean),DmsdY(std),DmsdZ(mean),DmsdZ(std)
1939.7145967500001,0,1736.9856675000001,0,1752.7335085,0,1.165787280681545,0,1.0439452284838531,0,1.0534098336204825,0