msdX(mean),msdX(std),msdY(mean),msdY(std),msdZ(mean),msdZ(std),DmsdX(mean),DmsdX(std),DmsdY(mean),DmsdY(std),DmsdZ(mean),DmsdZ(std)
398.62351975000001,0,378.37085024999999,0,351.09410100000002,0,1.7010961013513513,0,1.6146693467283071,0,1.4982678563300142,0