msdX(mean),msdX(std),msdY(mean),msdY(std),msdZ(mean),msdZ(std),DmsdX(mean),DmsdX(std),DmsdY(mean),DmsdY(std),DmsdZ(mean),DmsdZ(std)
65.944725750000003,0,65.145856249999994,0,58.916892500000003,0,2.0824650236842106,0,2.0572375657894733,0,1.860533447368421,0