msdX(mean),msdX(std),msdY(mean),msdY(std),msdZ(mean),msdZ(std),DmsdX(mean),DmsdX(std),DmsdY(mean),DmsdY(std),DmsdZ(mean),DmsdZ(std)
4718.2719065000001,0,4175.5948697499998,0,4438.6361487499998,0,0.81145253439617515,0,0.71812246237918331,0,0.76336053189385333,0