msdX(mean),msdX(std),msdY(mean),msdY(std),msdZ(mean),msdZ(std),DmsdX(mean),DmsdX(std),DmsdY(mean),DmsdY(std),DmsdZ(mean),DmsdZ(std)
297.90654124999998,0,286.09565375,0,262.24200000000002,0,1.7746616833796662,0,1.7043029413224782,0,1.5622041302621128,0