msdX(mean),msdX(std),msdY(mean),msdY(std),msdZ(mean),msdZ(std),DmsdX(mean),DmsdX(std),DmsdY(mean),DmsdY(std),DmsdZ(mean),DmsdZ(std)
4095.8308967500002,0,3622.6977837499999,0,3819.5541294999998,0,0.86773627088570948,0,0.76749903613245385,0,0.809204710919183,0