msdX(mean),msdX(std),msdY(mean),msdY(std),msdZ(mean),msdZ(std),DmsdX(mean),DmsdX(std),DmsdY(mean),DmsdY(std),DmsdZ(mean),DmsdZ(std)
631.82346674999997,0,590.64277724999999,0,556.57914125000002,0,1.5680595634099932,0,1.4658573227581071,0,1.3813181864245534,0