msdX(mean),msdX(std),msdY(mean),msdY(std),msdZ(mean),msdZ(std),DmsdX(mean),DmsdX(std),DmsdY(mean),DmsdY(std),DmsdZ(mean),DmsdZ(std)
38.071101187499998,0,37.499458437500003,0,36.338885500000004,0,1.9035550593749999,0,1.8749729218750002,0,1.8169442750000002,0