msdX(mean),msdX(std),msdY(mean),msdY(std),msdZ(mean),msdZ(std),DmsdX(mean),DmsdX(std),DmsdY(mean),DmsdY(std),DmsdZ(mean),DmsdZ(std)
100.4664625625,0,97.538025125000004,0,95.570575312499997,0,1.6980247193661973,0,1.6485300021126761,0,1.6152773292253522,0