msdX(mean),msdX(std),msdY(mean),msdY(std),msdZ(mean),msdZ(std),DmsdX(mean),DmsdX(std),DmsdY(mean),DmsdY(std),DmsdZ(mean),DmsdZ(std)
2183.9228295624998,0,1880.6616014374999,0,2042.5432068125001,0,0.79573074987247439,0,0.68523495707401938,0,0.74421788883878959,0