msdX(mean),msdX(std),msdY(mean),msdY(std),msdZ(mean),msdZ(std),DmsdX(mean),DmsdX(std),DmsdY(mean),DmsdY(std),DmsdZ(mean),DmsdZ(std)
64.530331562499995,0,63.071296812500002,0,61.453367624999998,0,1.7991728130808549,0,1.758493405552974,0,1.7133838557156134,0