msdX(mean),msdX(std),msdY(mean),msdY(std),msdZ(mean),msdZ(std),DmsdX(mean),DmsdX(std),DmsdY(mean),DmsdY(std),DmsdZ(mean),DmsdZ(std)
1288.85332275,0,1137.9278425,0,1201.5825298750001,0,0.95425848817838554,0,0.84251425935980662,0,0.88964376949702628,0