msdX(mean),msdX(std),msdY(mean),msdY(std),msdZ(mean),msdZ(std),DmsdX(mean),DmsdX(std),DmsdY(mean),DmsdY(std),DmsdZ(mean),DmsdZ(std)
698.43331850000004,0,636.41365681249999,0,656.40288499999997,0,1.1422263167793285,0,1.0407986101381923,0,1.0734892362625381,0