msdX(mean),msdX(std),msdY(mean),msdY(std),msdZ(mean),msdZ(std),DmsdX(mean),DmsdX(std),DmsdY(mean),DmsdY(std),DmsdZ(mean),DmsdZ(std)
62.153542937499999,0,60.808359187500002,0,59.188060437499999,0,1.8067890388808141,0,1.7676848601017443,0,1.7205831522529069,0