msdX(mean),msdX(std),msdY(mean),msdY(std),msdZ(mean),msdZ(std),DmsdX(mean),DmsdX(std),DmsdY(mean),DmsdY(std),DmsdZ(mean),DmsdZ(std)
57.663783125000002,0,56.465729375000002,0,54.922355562500002,0,1.8219204778830964,0,1.7840672788309637,0,1.7353034932859401,0