msdX(mean),msdX(std),msdY(mean),msdY(std),msdZ(mean),msdZ(std),DmsdX(mean),DmsdX(std),DmsdY(mean),DmsdY(std),DmsdZ(mean),DmsdZ(std)
77.653985375000005,0,75.670440562500005,0,73.92230825,0,1.7575402197284047,0,1.7126467120897777,0,1.6730812881931347,0