msdX(mean),msdX(std),msdY(mean),msdY(std),msdZ(mean),msdZ(std),DmsdX(mean),DmsdX(std),DmsdY(mean),DmsdY(std),DmsdZ(mean),DmsdZ(std)
334.51036800000003,0,314.303837875,0,316.6716713125,0,1.3694474672489085,0,1.2867242271083517,0,1.2964178683644925,0