msdX(mean),msdX(std),msdY(mean),msdY(std),msdZ(mean),msdZ(std),DmsdX(mean),DmsdX(std),DmsdY(mean),DmsdY(std),DmsdZ(mean),DmsdZ(std)
55.5477050625,0,54.430715812499997,0,52.915034937500003,0,1.8292328780186609,0,1.7924494779088913,0,1.7425368256037324,0