msdX(mean),msdX(std),msdY(mean),msdY(std),msdZ(mean),msdZ(std),DmsdX(mean),DmsdX(std),DmsdY(mean),DmsdY(std),DmsdZ(mean),DmsdZ(std)
172.57411956249999,0,165.71392987499999,0,163.713657875,0,1.5603446615054248,0,1.4983176299728753,0,1.4802319880198915,0