msdX(mean),msdX(std),msdY(mean),msdY(std),msdZ(mean),msdZ(std),DmsdX(mean),DmsdX(std),DmsdY(mean),DmsdY(std),DmsdZ(mean),DmsdZ(std)
5602.2702484375004,0,4535.1461603124999,0,5212.6411855625001,0,0.56022702484375009,0,0.45351461603124998,0,0.52126411855624999,0