msdX(mean),msdX(std),msdY(mean),msdY(std),msdZ(mean),msdZ(std),DmsdX(mean),DmsdX(std),DmsdY(mean),DmsdY(std),DmsdZ(mean),DmsdZ(std)
536.54917306250002,0,494.59116862500002,0,504.58666087500001,0,1.2249981120148403,0,1.1292035813356165,0,1.1520243398972603,0