msdX(mean),msdX(std),msdY(mean),msdY(std),msdZ(mean),msdZ(std),DmsdX(mean),DmsdX(std),DmsdY(mean),DmsdY(std),DmsdZ(mean),DmsdZ(std)
1815.4308095624999,0,1578.843454375,0,1695.2607430625001,0,0.84955620304761537,0,0.73884184582537149,0,0.79332094204071291,0