msdX(mean),msdX(std),msdY(mean),msdY(std),msdZ(mean),msdZ(std),DmsdX(mean),DmsdX(std),DmsdY(mean),DmsdY(std),DmsdZ(mean),DmsdZ(std)
89.976850437500005,0,87.495970249999999,0,85.638103062499994,0,1.7236944528256708,0,1.6761680124521074,0,1.6405766870210727,0