msdX(mean),msdX(std),msdY(mean),msdY(std),msdZ(mean),msdZ(std),DmsdX(mean),DmsdX(std),DmsdY(mean),DmsdY(std),DmsdZ(mean),DmsdZ(std)
213.08641018750001,0,203.37116131249999,0,201.65921887499999,0,1.5002563495951655,0,1.4318551606137058,0,1.4198020573222248,0