msdX(mean),msdX(std),msdY(mean),msdY(std),msdZ(mean),msdZ(std),DmsdX(mean),DmsdX(std),DmsdY(mean),DmsdY(std),DmsdZ(mean),DmsdZ(std)
968.68278250000003,0,866.49268412499998,0,904.20448925000005,0,1.043932949259093,0,0.9338044193533902,0,0.97444578994162556,0