msdX(mean),msdX(std),msdY(mean),msdY(std),msdZ(mean),msdZ(std),DmsdX(mean),DmsdX(std),DmsdY(mean),DmsdY(std),DmsdZ(mean),DmsdZ(std)
592.67794449999997,0,544.149449,0,556.91166531249996,0,1.194032525350883,0,1.0962650909945604,0,1.1219763588325162,0