msdX(mean),msdX(std),msdY(mean),msdY(std),msdZ(mean),msdZ(std),DmsdX(mean),DmsdX(std),DmsdY(mean),DmsdY(std),DmsdZ(mean),DmsdZ(std)
2705.3960133750002,0,2303.2323648124998,0,2533.7931182500001,0,0.73614548786875578,0,0.626715683947076,0,0.68945188134055913,0