msdX(mean),msdX(std),msdY(mean),msdY(std),msdZ(mean),msdZ(std),DmsdX(mean),DmsdX(std),DmsdY(mean),DmsdY(std),DmsdZ(mean),DmsdZ(std)
74.817452625000001,0,72.971783875,0,71.276659875000007,0,1.7652564520251672,0,1.7217094111285882,0,1.6817143501769565,0