msdX(mean),msdX(std),msdY(mean),msdY(std),msdZ(mean),msdZ(std),DmsdX(mean),DmsdX(std),DmsdY(mean),DmsdY(std),DmsdZ(mean),DmsdZ(std)
573.12313168749995,0,527.21720212499997,0,539.01851618750004,0,1.2037872961300147,0,1.1073665241020794,0,1.1321539932524682,0