msdX(mean),msdX(std),msdY(mean),msdY(std),msdZ(mean),msdZ(std),DmsdX(mean),DmsdX(std),DmsdY(mean),DmsdY(std),DmsdZ(mean),DmsdZ(std)
83.637597,0,81.436594374999999,0,79.559054437499995,0,1.7412407425399028,0,1.6954183422970159,0,1.6563300715648854,0