msdX(mean),msdX(std),msdY(mean),msdY(std),msdZ(mean),msdZ(std),DmsdX(mean),DmsdX(std),DmsdY(mean),DmsdY(std),DmsdZ(mean),DmsdZ(std)
1991.3198898124999,0,1722.7964901875,0,1862.7798118124999,0,0.8222648455920305,0,0.71138494484876635,0,0.76918749326416846,0