msdX(mean),msdX(std),msdY(mean),msdY(std),msdZ(mean),msdZ(std),DmsdX(mean),DmsdX(std),DmsdY(mean),DmsdY(std),DmsdZ(mean),DmsdZ(std)
745.16810943749999,0,677.4693125,0,700.08511668749998,0,1.1211155106883151,0,1.0192617540120361,0,1.0532875376441826,0