msdX(mean),msdX(std),msdY(mean),msdY(std),msdZ(mean),msdZ(std),DmsdX(mean),DmsdX(std),DmsdY(mean),DmsdY(std),DmsdZ(mean),DmsdZ(std)
80.589951812500004,0,78.529872187500004,0,76.715701312500002,0,1.7494200827604922,0,1.7047005539978295,0,1.6653191312409552,0