msdX(mean),msdX(std),msdY(mean),msdY(std),msdZ(mean),msdZ(std),DmsdX(mean),DmsdX(std),DmsdY(mean),DmsdY(std),DmsdZ(mean),DmsdZ(std)
3055.6584403749998,0,2585.0186509374998,0,2863.8014082499999,0,0.70369043687149768,0,0.59530636008386428,0,0.65950750170799111,0