msdX(mean),msdX(std),msdY(mean),msdY(std),msdZ(mean),msdZ(std),DmsdX(mean),DmsdX(std),DmsdY(mean),DmsdY(std),DmsdZ(mean),DmsdZ(std)
125.074405,0,120.88627943749999,0,118.79328662499999,0,1.6460768370256635,0,1.5909578342289974,0,1.5634124144549242,0