msdX(mean),msdX(std),msdY(mean),msdY(std),msdZ(mean),msdZ(std),DmsdX(mean),DmsdX(std),DmsdY(mean),DmsdY(std),DmsdZ(mean),DmsdZ(std)
3445.9069856874999,0,2897.8941533749999,0,3234.3066976875002,0,0.67162293487670666,0,0.56481274286730576,0,0.63038107691664269,0