msdX(mean),msdX(std),msdY(mean),msdY(std),msdZ(mean),msdZ(std),DmsdX(mean),DmsdX(std),DmsdY(mean),DmsdY(std),DmsdZ(mean),DmsdZ(std)
2544.8844698749999,0,2175.8405475625,0,2381.4514944375001,0,0.75270912753009489,0,0.64355575256460185,0,0.70437000101672109,0