msdX(mean),msdX(std),msdY(mean),msdY(std),msdZ(mean),msdZ(std),DmsdX(mean),DmsdX(std),DmsdY(mean),DmsdY(std),DmsdZ(mean),DmsdZ(std)
554.32076481249999,0,510.6731626875,0,521.58280612500005,0,1.2138853932169058,0,1.1183032140315341,0,1.1421938161064273,0