msdX(mean),msdX(std),msdY(mean),msdY(std),msdZ(mean),msdZ(std),DmsdX(mean),DmsdX(std),DmsdY(mean),DmsdY(std),DmsdZ(mean),DmsdZ(std)
5119.2135097500004,0,4170.76725025,0,4773.5420388749999,0,0.58015535627804893,0,0.47266888857303674,0,0.54098075358591846,0