msdX(mean),msdX(std),msdY(mean),msdY(std),msdZ(mean),msdZ(std),DmsdX(mean),DmsdX(std),DmsdY(mean),DmsdY(std),DmsdZ(mean),DmsdZ(std)
46.076978687500002,0,45.194300124999998,0,43.895309374999997,0,1.8692486282961462,0,1.8334401673427991,0,1.7807427738336714,0