msdX(mean),msdX(std),msdY(mean),msdY(std),msdZ(mean),msdZ(std),DmsdX(mean),DmsdX(std),DmsdY(mean),DmsdY(std),DmsdZ(mean),DmsdZ(std)
205.757852125,0,196.65145287499999,0,194.8252188125,0,1.5103341237460242,0,1.4434899892953268,0,1.4300847967641304,0