msdX(mean),msdX(std),msdY(mean),msdY(std),msdZ(mean),msdZ(std),DmsdX(mean),DmsdX(std),DmsdY(mean),DmsdY(std),DmsdZ(mean),DmsdZ(std)
4818.3807344375,0,3941.33240075,0,4503.3384493125004,0,0.59356720746160641,0,0.48552528239847248,0,0.5547577443410463,0