msdX(mean),msdX(std),msdY(mean),msdY(std),msdZ(mean),msdZ(std),DmsdX(mean),DmsdX(std),DmsdY(mean),DmsdY(std),DmsdZ(mean),DmsdZ(std)
518.70873943749996,0,479.11180050000002,0,488.12471349999998,0,1.2347268256069983,0,1.1404708414663176,0,1.1619250499880982,0