msdX(mean),msdX(std),msdY(mean),msdY(std),msdZ(mean),msdZ(std),DmsdX(mean),DmsdX(std),DmsdY(mean),DmsdY(std),DmsdZ(mean),DmsdZ(std)
72.120188062500006,0,70.397267499999998,0,68.692339687499995,0,1.774174368081181,0,1.731790098400984,0,1.6898484547970478,0