msdX(mean),msdX(std),msdY(mean),msdY(std),msdZ(mean),msdZ(std),DmsdX(mean),DmsdX(std),DmsdY(mean),DmsdY(std),DmsdZ(mean),DmsdZ(std)
139.24461612499999,0,134.4410883125,0,132.3181859375,0,1.616929933713954,0,1.5611506287497583,0,1.5364991593284305,0