msdX(mean),msdX(std),msdY(mean),msdY(std),msdZ(mean),msdZ(std),DmsdX(mean),DmsdX(std),DmsdY(mean),DmsdY(std),DmsdZ(mean),DmsdZ(std)
908.07915068750003,0,813.96648268750005,0,848.50132074999999,0,1.0637397313793442,0,0.95349451310523248,0,0.99394922383834439,0