msdX(mean),msdX(std),msdY(mean),msdY(std),msdZ(mean),msdZ(std),DmsdX(mean),DmsdX(std),DmsdY(mean),DmsdY(std),DmsdZ(mean),DmsdZ(std)
166.60254843749999,0,160.09826706250001,0,157.97659937500001,0,1.5704874950903378,0,1.5091745520424196,0,1.4891745424194818,0