msdX(mean),msdX(std),msdY(mean),msdY(std),msdZ(mean),msdZ(std),DmsdX(mean),DmsdX(std),DmsdY(mean),DmsdY(std),DmsdZ(mean),DmsdZ(std)
822.49124287500001,0,743.00378143750004,0,771.77561681249995,0,1.0919233227680054,0,0.98639732019581816,0,1.0245942473448391,0