msdX(mean),msdX(std),msdY(mean),msdY(std),msdZ(mean),msdZ(std),DmsdX(mean),DmsdX(std),DmsdY(mean),DmsdY(std),DmsdZ(mean),DmsdZ(std)
66.965504687500001,0,65.417933375000004,0,63.782254312500001,0,1.7905215157085563,0,1.7491426036096258,0,1.705407869318182,0