msdX(mean),msdX(std),msdY(mean),msdY(std),msdZ(mean),msdZ(std),DmsdX(mean),DmsdX(std),DmsdY(mean),DmsdY(std),DmsdZ(mean),DmsdZ(std)
4263.5696365624999,0,3525.9374481875002,0,3989.3880046250001,0,0.62057983444136355,0,0.51321448090876676,0,0.58067158706679478,0