msdX(mean),msdX(std),msdY(mean),msdY(std),msdZ(mean),msdZ(std),DmsdX(mean),DmsdX(std),DmsdY(mean),DmsdY(std),DmsdZ(mean),DmsdZ(std)
1417.6571520625,0,1244.4038465624999,0,1320.5740281875001,0,0.92617982691176948,0,0.81299045932283653,0,0.86275375048998793,0