msdX(mean),msdX(std),msdY(mean),msdY(std),msdZ(mean),msdZ(std),DmsdX(mean),DmsdX(std),DmsdY(mean),DmsdY(std),DmsdZ(mean),DmsdZ(std)
149.59036131249999,0,144.22133737499999,0,141.98562068749999,0,1.5981876208600427,0,1.5408262540064102,0,1.51694039196047,0