msdX(mean),msdX(std),msdY(mean),msdY(std),msdZ(mean),msdZ(std),DmsdX(mean),DmsdX(std),DmsdY(mean),DmsdY(std),DmsdZ(mean),DmsdZ(std)
2963.7367330625002,0,2512.9547188124998,0,2778.9277243749998,0,0.71158999101129672,0,0.60335771589394827,0,0.66721754747956152,0