msdX(mean),msdX(std),msdY(mean),msdY(std),msdZ(mean),msdZ(std),DmsdX(mean),DmsdX(std),DmsdY(mean),DmsdY(std),DmsdZ(mean),DmsdZ(std)
51.518764124999997,0,50.559653500000003,0,49.127865312499999,0,1.8443471643794749,0,1.8100114618138425,0,1.7587541281324581,0