msdX(mean),msdX(std),msdY(mean),msdY(std),msdZ(mean),msdZ(std),DmsdX(mean),DmsdX(std),DmsdY(mean),DmsdY(std),DmsdZ(mean),DmsdZ(std)
769.94553199999996,0,698.80428231250005,0,723.29026006250001,0,1.1110859569964884,0,1.0084240929999038,0,1.0437590938416952,0