msdX(mean),msdX(std),msdY(mean),msdY(std),msdZ(mean),msdZ(std),DmsdX(mean),DmsdX(std),DmsdY(mean),DmsdY(std),DmsdZ(mean),DmsdZ(std)
4528.7366333749997,0,3731.8824383125002,0,4240.9505465000002,0,0.60642029196302427,0,0.49971756386429628,0,0.56788430787874455,0