msdX(mean),msdX(std),msdY(mean),msdY(std),msdZ(mean),msdZ(std),DmsdX(mean),DmsdX(std),DmsdY(mean),DmsdY(std),DmsdZ(mean),DmsdZ(std)
312.56866550000001,0,294.09712274999998,0,295.79319674999999,0,1.3908424747849304,0,1.3086493151142093,0,1.3161963664342926,0