msdX(mean),msdX(std),msdY(mean),msdY(std),msdZ(mean),msdZ(std),DmsdX(mean),DmsdX(std),DmsdY(mean),DmsdY(std),DmsdZ(mean),DmsdZ(std)
160.77488918750001,0,154.5739575625,0,152.52331975000001,0,1.580097191031941,0,1.519154374078624,0,1.4990006855036857,0