msdX(mean),msdX(std),msdY(mean),msdY(std),msdZ(mean),msdZ(std),DmsdX(mean),DmsdX(std),DmsdY(mean),DmsdY(std),DmsdZ(mean),DmsdZ(std)
144.39990206249999,0,139.1996944375,0,137.0697818125,0,1.6083152262390941,0,1.5503957056339335,0,1.5266728993410061,0