msdX(mean),msdX(std),msdY(mean),msdY(std),msdZ(mean),msdZ(std),DmsdX(mean),DmsdX(std),DmsdY(mean),DmsdY(std),DmsdZ(mean),DmsdZ(std)
1461.7809629999999,0,1281.0434148125,0,1361.2524743125,0,0.91598894820941823,0,0.80273422615690704,0,0.85299525288247646,0