msdX(mean),msdX(std),msdY(mean),msdY(std),msdZ(mean),msdZ(std),DmsdX(mean),DmsdX(std),DmsdY(mean),DmsdY(std),DmsdZ(mean),DmsdZ(std)
86.678345375000006,0,84.357418812500001,0,82.526314562500005,0,1.7312585627496673,0,1.6849018404627165,0,1.6483285198901467,0