msdX(mean),msdX(std),msdY(mean),msdY(std),msdZ(mean),msdZ(std),DmsdX(mean),DmsdX(std),DmsdY(mean),DmsdY(std),DmsdZ(mean),DmsdZ(std)
323.41251143749997,0,304.06127406249999,0,306.02894550000002,0,1.3803350893619291,0,1.2977433805484422,0,1.3061414660691424,0