msdX(mean),msdX(std),msdY(mean),msdY(std),msdZ(mean),msdZ(std),DmsdX(mean),DmsdX(std),DmsdY(mean),DmsdY(std),DmsdZ(mean),DmsdZ(std)
2052.338149875,0,1772.9820995,0,1920.9384038124999,0,0.81283937972790998,0,0.70219893837379699,0,0.76079781528476365,0