msdX(mean),msdX(std),msdY(mean),msdY(std),msdZ(mean),msdZ(std),DmsdX(mean),DmsdX(std),DmsdY(mean),DmsdY(std),DmsdZ(mean),DmsdZ(std)
612.89624800000001,0,561.66358068750003,0,575.71603243749996,0,1.1843024340600947,0,1.0853052990644425,0,1.1124589206869344,0