msdX(mean),msdX(std),msdY(mean),msdY(std),msdZ(mean),msdZ(std),DmsdX(mean),DmsdX(std),DmsdY(mean),DmsdY(std),DmsdZ(mean),DmsdZ(std)
198.60109968750001,0,189.95259287499999,0,188.30050125,0,1.519906375159439,0,1.4537188230229592,0,1.4410752646683673,0