msdX(mean),msdX(std),msdY(mean),msdY(std),msdZ(mean),msdZ(std),DmsdX(mean),DmsdX(std),DmsdY(mean),DmsdY(std),DmsdZ(mean),DmsdZ(std)
1032.2831899375001,0,920.40517943750001,0,963.23541712500003,0,1.0234305159743222,0,0.91251195106082394,0,0.95497488437515499,0