msdX(mean),msdX(std),msdY(mean),msdY(std),msdZ(mean),msdZ(std),DmsdX(mean),DmsdX(std),DmsdY(mean),DmsdY(std),DmsdZ(mean),DmsdZ(std)
3659.9514394375001,0,3065.2018684999998,0,3434.7538392500001,0,0.65625025809938919,0,0.54960825317371131,0,0.61587103840429858,0