msdX(mean),msdX(std),msdY(mean),msdY(std),msdZ(mean),msdZ(std),DmsdX(mean),DmsdX(std),DmsdY(mean),DmsdY(std),DmsdZ(mean),DmsdZ(std)
3687.4635806249998,0,3918.0914831250002,0,3423.8299274999999,0,1.5767487997883394,0,1.6753646262266693,0,1.4640198095054839,0