msdX(mean),msdX(std),msdY(mean),msdY(std),msdZ(mean),msdZ(std),DmsdX(mean),DmsdX(std),DmsdY(mean),DmsdY(std),DmsdZ(mean),DmsdZ(std)
8354.4936693750005,0,9244.38369375,0,7674.3189281249997,0,1.3113418986768066,0,1.4510212281920278,0,1.2045799964094837,0