msdX(mean),msdX(std),msdY(mean),msdY(std),msdZ(mean),msdZ(std),DmsdX(mean),DmsdX(std),DmsdY(mean),DmsdY(std),DmsdZ(mean),DmsdZ(std)
4476.3826893750002,0,4810.1841450000002,0,4142.8224225000004,0,1.5207945402079195,0,1.6341993731845286,0,1.4074716480660452,0