msdX(mean),msdX(std),msdY(mean),msdY(std),msdZ(mean),msdZ(std),DmsdX(mean),DmsdX(std),DmsdY(mean),DmsdY(std),DmsdZ(mean),DmsdZ(std)
2578.6974262499998,0,2721.2480099999998,0,2416.2944793749998,0,1.6829482305433185,0,1.7759817327459617,0,1.5769583810572685,0