msdX(mean),msdX(std),msdY(mean),msdY(std),msdZ(mean),msdZ(std),DmsdX(mean),DmsdX(std),DmsdY(mean),DmsdY(std),DmsdZ(mean),DmsdZ(std)
4721.3797556250001,0,5096.6075531249999,0,4362.7148606250003,0,1.5011381647033577,0,1.6204398935282336,0,1.3871025246804656,0