msdX(mean),msdX(std),msdY(mean),msdY(std),msdZ(mean),msdZ(std),DmsdX(mean),DmsdX(std),DmsdY(mean),DmsdY(std),DmsdZ(mean),DmsdZ(std)
5601.8645156250004,0,6050.6347556250003,0,5142.09969,0,1.4547274632868497,0,1.5712669459917421,0,1.3353328373325024,0