msdX(mean),msdX(std),msdY(mean),msdY(std),msdZ(mean),msdZ(std),DmsdX(mean),DmsdX(std),DmsdY(mean),DmsdY(std),DmsdZ(mean),DmsdZ(std)
648.56072812499997,0,667.21540500000003,0,613.05934500000001,0,2.0110410174418605,0,2.0688849767441861,0,1.9009592093023255,0