msdX(mean),msdX(std),msdY(mean),msdY(std),msdZ(mean),msdZ(std),DmsdX(mean),DmsdX(std),DmsdY(mean),DmsdY(std),DmsdZ(mean),DmsdZ(std)
10351.23672375,0,11484.729815625,0,9469.9963856249997,0,1.2491988853589662,0,1.385990106033453,0,1.1428498106060607,0