msdX(mean),msdX(std),msdY(mean),msdY(std),msdZ(mean),msdZ(std),DmsdX(mean),DmsdX(std),DmsdY(mean),DmsdY(std),DmsdZ(mean),DmsdZ(std)
5224.1691543750003,0,5657.2162931250004,0,4804.1795643750002,0,1.4722604989220494,0,1.5943006124239094,0,1.3539002266866758,0