msdX(mean),msdX(std),msdY(mean),msdY(std),msdZ(mean),msdZ(std),DmsdX(mean),DmsdX(std),DmsdY(mean),DmsdY(std),DmsdZ(mean),DmsdZ(std)
11832.97955625,0,13332.966181874999,0,10839.625571250001,0,1.1953410163648761,0,1.3468662961209181,0,1.0949946280021214,0