msdX(mean),msdX(std),msdY(mean),msdY(std),msdZ(mean),msdZ(std),DmsdX(mean),DmsdX(std),DmsdY(mean),DmsdY(std),DmsdZ(mean),DmsdZ(std)
9306.8067768750007,0,10304.600175,0,8532.9515025000001,0,1.2787061232533696,0,1.4157976690985532,0,1.1723824935080993,0