msdX(mean),msdX(std),msdY(mean),msdY(std),msdZ(mean),msdZ(std),DmsdX(mean),DmsdX(std),DmsdY(mean),DmsdY(std),DmsdZ(mean),DmsdZ(std)
3821.9493487499999,0,4063.9114800000002,0,3556.42587,0,1.5667258393285373,0,1.665913004980631,0,1.4578802066039478,0