msdX(mean),msdX(std),msdY(mean),msdY(std),msdZ(mean),msdZ(std),DmsdX(mean),DmsdX(std),DmsdY(mean),DmsdY(std),DmsdZ(mean),DmsdZ(std)
3561.4714275000001,0,3778.3067962499999,0,3310.0446768749998,0,1.5914701286949529,0,1.6883646340237282,0,1.4791182058113814,0