msdX(mean),msdX(std),msdY(mean),msdY(std),msdZ(mean),msdZ(std),DmsdX(mean),DmsdX(std),DmsdY(mean),DmsdY(std),DmsdZ(mean),DmsdZ(std)
1000.28910375,0,1043.1849768750001,0,950.17177125000001,0,1.9085844376073267,0,1.9904311712936462,0,1.8129589224384659,0