msdX(mean),msdX(std),msdY(mean),msdY(std),msdZ(mean),msdZ(std),DmsdX(mean),DmsdX(std),DmsdY(mean),DmsdY(std),DmsdZ(mean),DmsdZ(std)
6063.360879375,0,6593.3277862499999,0,5572.6763343749999,0,1.42533165946756,0,1.5499125026445697,0,1.3099850339386458,0