msdX(mean),msdX(std),msdY(mean),msdY(std),msdZ(mean),msdZ(std),DmsdX(mean),DmsdX(std),DmsdY(mean),DmsdY(std),DmsdZ(mean),DmsdZ(std)
7063.6125093749997,0,7751.3872725000001,0,6512.4320568749999,0,1.3685590997268158,0,1.501813919323433,0,1.2617691218140603,0