msdX(mean),msdX(std),msdY(mean),msdY(std),msdZ(mean),msdZ(std),DmsdX(mean),DmsdX(std),DmsdY(mean),DmsdY(std),DmsdZ(mean),DmsdZ(std)
1173.4957181249999,0,1223.5167618749999,0,1105.8401925000001,0,1.8778936119779164,0,1.9579400894143062,0,1.7696274483917429,0