msdX(mean),msdX(std),msdY(mean),msdY(std),msdZ(mean),msdZ(std),DmsdX(mean),DmsdX(std),DmsdY(mean),DmsdY(std),DmsdZ(mean),DmsdZ(std)
11028.897815625,0,12283.514679374999,0,10105.642282500001,0,1.2265165135452984,0,1.3660416344854622,0,1.1238418694847117,0