msdX(mean),msdX(std),msdY(mean),msdY(std),msdZ(mean),msdZ(std),DmsdX(mean),DmsdX(std),DmsdY(mean),DmsdY(std),DmsdZ(mean),DmsdZ(std)
10052.938642499999,0,11097.10837125,0,9193.7541206250007,0,1.2591513724495547,0,1.3899357921880284,0,1.1515367327527901,0