msdX(mean),msdX(std),msdY(mean),msdY(std),msdZ(mean),msdZ(std),DmsdX(mean),DmsdX(std),DmsdY(mean),DmsdY(std),DmsdZ(mean),DmsdZ(std)
9108.4962487499997,0,10062.30821625,0,8340.2770612500008,0,1.2871106940735089,0,1.4218927206536944,0,1.1785545609182246,0