msdX(mean),msdX(std),msdY(mean),msdY(std),msdZ(mean),msdZ(std),DmsdX(mean),DmsdX(std),DmsdY(mean),DmsdY(std),DmsdZ(mean),DmsdZ(std)
4218.8153118749997,0,4515.0872456249999,0,3909.3045806250002,0,1.5386747312489741,0,1.6467302170523552,0,1.4257908275890367,0