msdX(mean),msdX(std),msdY(mean),msdY(std),msdZ(mean),msdZ(std),DmsdX(mean),DmsdX(std),DmsdY(mean),DmsdY(std),DmsdZ(mean),DmsdZ(std)
7823.6467593750003,0,8634.1781981250006,0,7194.4978781250002,0,1.3335117496101041,0,1.4716638454605886,0,1.2262756420499579,0