msdX(mean),msdX(std),msdY(mean),msdY(std),msdZ(mean),msdZ(std),DmsdX(mean),DmsdX(std),DmsdY(mean),DmsdY(std),DmsdZ(mean),DmsdZ(std)
7503.8047875000002,0,8261.0762737500008,0,6902.9687868749998,0,1.3485016375987275,0,1.4845901777771788,0,1.2405259700919211,0