msdX(mean),msdX(std),msdY(mean),msdY(std),msdZ(mean),msdZ(std),DmsdX(mean),DmsdX(std),DmsdY(mean),DmsdY(std),DmsdZ(mean),DmsdZ(std)
6173.81485875,0,6727.9328100000002,0,5679.8199112499997,0,1.4177034212248554,0,1.5449464521906862,0,1.3042665360636538,0