msdX(mean),msdX(std),msdY(mean),msdY(std),msdZ(mean),msdZ(std),DmsdX(mean),DmsdX(std),DmsdY(mean),DmsdY(std),DmsdZ(mean),DmsdZ(std)
11559.214209375001,0,12994.40066625,0,10592.142884999999,0,1.2044800334875507,0,1.3540276930711639,0,1.1037103721533628,0