msdX(mean),msdX(std),msdY(mean),msdY(std),msdZ(mean),msdZ(std),DmsdX(mean),DmsdX(std),DmsdY(mean),DmsdY(std),DmsdZ(mean),DmsdZ(std)
7277.8210537499999,0,7996.7446987499998,0,6708.7650599999997,0,1.3570555484854419,0,1.4911093146029704,0,1.2509467848851845,0