msdX(mean),msdX(std),msdY(mean),msdY(std),msdZ(mean),msdZ(std),DmsdX(mean),DmsdX(std),DmsdY(mean),DmsdY(std),DmsdZ(mean),DmsdZ(std)
8463.3713774999997,0,9355.954933125,0,7769.2774668749998,0,1.3077407776103835,0,1.4456607460308264,0,1.2004909749101866,0