msdX(mean),msdX(std),msdY(mean),msdY(std),msdZ(mean),msdZ(std),DmsdX(mean),DmsdX(std),DmsdY(mean),DmsdY(std),DmsdZ(mean),DmsdZ(std)
2280.7066668749999,0,2409.86680875,0,2135.9374706250001,0,1.7139793836658777,0,1.811044834291512,0,1.6051835348326009,0