msdX(mean),msdX(std),msdY(mean),msdY(std),msdZ(mean),msdZ(std),DmsdX(mean),DmsdX(std),DmsdY(mean),DmsdY(std),DmsdZ(mean),DmsdZ(std)
6502.1451243749998,0,7117.37789625,0,5995.2285449999999,0,1.396149000338186,0,1.5282525758502963,0,1.287303217598557,0