msdX(mean),msdX(std),msdY(mean),msdY(std),msdZ(mean),msdZ(std),DmsdX(mean),DmsdX(std),DmsdY(mean),DmsdY(std),DmsdZ(mean),DmsdZ(std)
5832.85257,0,6329.1143474999999,0,5362.6679381249996,0,1.4393575584838616,0,1.5618187611045307,0,1.3233313439258219,0