msdX(mean),msdX(std),msdY(mean),msdY(std),msdZ(mean),msdZ(std),DmsdX(mean),DmsdX(std),DmsdY(mean),DmsdY(std),DmsdZ(mean),DmsdZ(std)
8138.6549943749997,0,9014.8800599999995,0,7487.1420243749999,0,1.3192078572904764,0,1.4612366067738092,0,1.2136030577573003,0