msdX(mean),msdX(std),msdY(mean),msdY(std),msdZ(mean),msdZ(std),DmsdX(mean),DmsdX(std),DmsdY(mean),DmsdY(std),DmsdZ(mean),DmsdZ(std)
8902.4901918750002,0,9844.9919324999992,0,8141.3664412500002,0,1.2949170818515043,0,1.4320092411581173,0,1.1842073675081275,0