msdX(mean),msdX(std),msdY(mean),msdY(std),msdZ(mean),msdZ(std),DmsdX(mean),DmsdX(std),DmsdY(mean),DmsdY(std),DmsdZ(mean),DmsdZ(std)
6622.2248793749995,0,7240.831104375,0,6107.4872156250003,0,1.3918085076450188,0,1.5218224263083229,0,1.2836248876891552,0