msdX(mean),msdX(std),msdY(mean),msdY(std),msdZ(mean),msdZ(std),DmsdX(mean),DmsdX(std),DmsdY(mean),DmsdY(std),DmsdZ(mean),DmsdZ(std)
9655.4575293750004,0,10645.70544,0,8828.4828881249996,0,1.2736894388875699,0,1.4043169417072301,0,1.1645999562210614,0