msdX(mean),msdX(std),msdY(mean),msdY(std),msdZ(mean),msdZ(std),DmsdX(mean),DmsdX(std),DmsdY(mean),DmsdY(std),DmsdZ(mean),DmsdZ(std)
11927.093056874999,0,13450.249333125001,0,10930.143785625,0,1.1927033421707891,0,1.345018208221459,0,1.0930089135179324,0