msdX(mean),msdX(std),msdY(mean),msdY(std),msdZ(mean),msdZ(std),DmsdX(mean),DmsdX(std),DmsdY(mean),DmsdY(std),DmsdZ(mean),DmsdZ(std)
8246.2483012499997,0,9132.6677400000008,0,7581.4196568750003,0,1.3151596534771897,0,1.4565309825123802,0,1.2091289134829311,0