msdX(mean),msdX(std),msdY(mean),msdY(std),msdZ(mean),msdZ(std),DmsdX(mean),DmsdX(std),DmsdY(mean),DmsdY(std),DmsdZ(mean),DmsdZ(std)
10636.871630625001,0,11822.148084375,0,9728.5021593750007,0,1.2384728341454472,0,1.3764770086712774,0,1.1327095089332497,0