msdX(mean),msdX(std),msdY(mean),msdY(std),msdZ(mean),msdZ(std),DmsdX(mean),DmsdX(std),DmsdY(mean),DmsdY(std),DmsdZ(mean),DmsdZ(std)
7616.1588356250004,0,8400.4661531250003,0,6992.3507793749995,0,1.3443403912600282,0,1.4827797317244302,0,1.2342310323942915,0