msdX(mean),msdX(std),msdY(mean),msdY(std),msdZ(mean),msdZ(std),DmsdX(mean),DmsdX(std),DmsdY(mean),DmsdY(std),DmsdZ(mean),DmsdZ(std)
6280.7364337500003,0,6850.31122125,0,5783.6002387500002,0,1.4096275324872074,0,1.5374609976770808,0,1.2980519433409643,0