msdX(mean),msdX(std),msdY(mean),msdY(std),msdZ(mean),msdZ(std),DmsdX(mean),DmsdX(std),DmsdY(mean),DmsdY(std),DmsdZ(mean),DmsdZ(std)
74.256238749999994,0,79.361184499999993,0,66.385456750000003,0,0.67139456374321882,0,0.7175513969258589,0,0.60023016952983732,0