msdX(mean),msdX(std),msdY(mean),msdY(std),msdZ(mean),msdZ(std),DmsdX(mean),DmsdX(std),DmsdY(mean),DmsdY(std),DmsdZ(mean),DmsdZ(std)
55.279595499999999,0,58.384863500000002,0,49.037878999999997,0,0.75794692184643508,0,0.80052372257769655,0,0.67236579981718458,0