msdX(mean),msdX(std),msdY(mean),msdY(std),msdZ(mean),msdZ(std),DmsdX(mean),DmsdX(std),DmsdY(mean),DmsdY(std),DmsdZ(mean),DmsdZ(std)
279.19854275,0,308.93297575000003,0,255.99203349999999,0,0.38641614146982839,0,0.42756916739712131,0,0.35429788729470379,0