msdX(mean),msdX(std),msdY(mean),msdY(std),msdZ(mean),msdZ(std),DmsdX(mean),DmsdX(std),DmsdY(mean),DmsdY(std),DmsdZ(mean),DmsdZ(std)
44.746811000000001,0,47.051969499999998,0,39.674167750000002,0,0.82154487760097916,0,0.86386724908200729,0,0.72841189259485928,0