msdX(mean),msdX(std),msdY(mean),msdY(std),msdZ(mean),msdZ(std),DmsdX(mean),DmsdX(std),DmsdY(mean),DmsdY(std),DmsdZ(mean),DmsdZ(std)
550.97885250000002,0,626.21673075000001,0,515.12000499999999,0,0.28026324349757537,0,0.31853406223507069,0,0.26202312981111597,0