msdX(mean),msdX(std),msdY(mean),msdY(std),msdZ(mean),msdZ(std),DmsdX(mean),DmsdX(std),DmsdY(mean),DmsdY(std),DmsdZ(mean),DmsdZ(std)
49.007151999999998,0,51.621105749999998,0,43.470337749999999,0,0.793852354211663,0,0.83619501754859604,0,0.70416313849892009,0