msdX(mean),msdX(std),msdY(mean),msdY(std),msdZ(mean),msdZ(std),DmsdX(mean),DmsdX(std),DmsdY(mean),DmsdY(std),DmsdZ(mean),DmsdZ(std)
331.85033750000002,0,369.34653075,0,306.07342925,0,0.35762303775414905,0,0.39803132130540991,0,0.32984420136144843,0