msdX(mean),msdX(std),msdY(mean),msdY(std),msdZ(mean),msdZ(std),DmsdX(mean),DmsdX(std),DmsdY(mean),DmsdY(std),DmsdZ(mean),DmsdZ(std)
37.406726249999998,0,39.191650750000001,0,33.097851749999997,0,0.88223410966981131,0,0.9243313856132076,0,0.78060971108490562,0