msdX(mean),msdX(std),msdY(mean),msdY(std),msdZ(mean),msdZ(std),DmsdX(mean),DmsdX(std),DmsdY(mean),DmsdY(std),DmsdZ(mean),DmsdZ(std)
1478.3892525000001,0,1779.5216632500001,0,1460.7664185000001,0,0.16069914191353374,0,0.19343187446556423,0,0.15878356095466536,0