msdX(mean),msdX(std),msdY(mean),msdY(std),msdZ(mean),msdZ(std),DmsdX(mean),DmsdX(std),DmsdY(mean),DmsdY(std),DmsdZ(mean),DmsdZ(std)
382.61917999999997,0,428.38468949999998,0,353.38379250000003,0,0.33471089403394183,0,0.37474603968624254,0,0.30913611054411855,0