msdX(mean),msdX(std),msdY(mean),msdY(std),msdZ(mean),msdZ(std),DmsdX(mean),DmsdX(std),DmsdY(mean),DmsdY(std),DmsdZ(mean),DmsdZ(std)
23.741667,0,24.582864499999999,0,20.948431249999999,0,1.0474264852941175,0,1.0845381397058822,0,0.92419549632352926,0