msdX(mean),msdX(std),msdY(mean),msdY(std),msdZ(mean),msdZ(std),DmsdX(mean),DmsdX(std),DmsdY(mean),DmsdY(std),DmsdZ(mean),DmsdZ(std)
36.311458500000001,0,37.9933075,0,32.085130999999997,0,0.89290471721311482,0,0.93426165983606568,0,0.78897863114754097,0