msdX(mean),msdX(std),msdY(mean),msdY(std),msdZ(mean),msdZ(std),DmsdX(mean),DmsdX(std),DmsdY(mean),DmsdY(std),DmsdZ(mean),DmsdZ(std)
60.41167875,0,64.029497250000006,0,53.638992500000001,0,0.73137625605326884,0,0.77517551150121078,0,0.64938247578692498,0