msdX(mean),msdX(std),msdY(mean),msdY(std),msdZ(mean),msdZ(std),DmsdX(mean),DmsdX(std),DmsdY(mean),DmsdY(std),DmsdZ(mean),DmsdZ(std)
89.033466250000004,0,95.314621500000001,0,79.520946249999994,0,0.62670201489910848,0,0.67091474542468332,0,0.5597438731816049,0