msdX(mean),msdX(std),msdY(mean),msdY(std),msdZ(mean),msdZ(std),DmsdX(mean),DmsdX(std),DmsdY(mean),DmsdY(std),DmsdZ(mean),DmsdZ(std)
26.007696500000002,0,27.039161249999999,0,23.024298000000002,0,1.0106617810880829,0,1.0507446081606218,0,0.89472660621761657,0