msdX(mean),msdX(std),msdY(mean),msdY(std),msdZ(mean),msdZ(std),DmsdX(mean),DmsdX(std),DmsdY(mean),DmsdY(std),DmsdZ(mean),DmsdZ(std)
599.32732475,0,682.68161399999997,0,561.80981999999995,0,0.26900595084383133,0,0.30641922888177381,0,0.25216635147670485,0