msdX(mean),msdX(std),msdY(mean),msdY(std),msdZ(mean),msdZ(std),DmsdX(mean),DmsdX(std),DmsdY(mean),DmsdY(std),DmsdZ(mean),DmsdZ(std)
567.17981550000002,0,645.45079925000005,0,530.36738975000003,0,0.27671807554073835,0,0.31490525252073515,0,0.25875787432915925,0