msdX(mean),msdX(std),msdY(mean),msdY(std),msdZ(mean),msdZ(std),DmsdX(mean),DmsdX(std),DmsdY(mean),DmsdY(std),DmsdZ(mean),DmsdZ(std)
952.316866,0,1109.7788182500001,0,912.44735100000003,0,0.2103513965748281,0,0.24513219564048952,0,0.20154486540811969,0