msdX(mean),msdX(std),msdY(mean),msdY(std),msdZ(mean),msdZ(std),DmsdX(mean),DmsdX(std),DmsdY(mean),DmsdY(std),DmsdZ(mean),DmsdZ(std)
175.340158,0,191.60495399999999,0,158.76041499999999,0,0.4729549307678475,0,0.51682688545225675,0,0.42823345171731697,0