msdX(mean),msdX(std),msdY(mean),msdY(std),msdZ(mean),msdZ(std),DmsdX(mean),DmsdX(std),DmsdY(mean),DmsdY(std),DmsdZ(mean),DmsdZ(std)
727.21007774999998,0,835.65434149999999,0,687.94190824999998,0,0.24375756796089385,0,0.28010760050279326,0,0.23059505304469272,0