msdX(mean),msdX(std),msdY(mean),msdY(std),msdZ(mean),msdZ(std),DmsdX(mean),DmsdX(std),DmsdY(mean),DmsdY(std),DmsdZ(mean),DmsdZ(std)
191.61813524999999,0,210.02215125000001,0,173.67616325,0,0.45608886524119324,0,0.49989404454934944,0,0.41338344156616946,0