msdX(mean),msdX(std),msdY(mean),msdY(std),msdZ(mean),msdZ(std),DmsdX(mean),DmsdX(std),DmsdY(mean),DmsdY(std),DmsdZ(mean),DmsdZ(std)
22.318199499999999,0,23.107517250000001,0,19.744608750000001,0,1.0695622763578274,0,1.1073890055910542,0,0.94622725638977634,0