msdX(mean),msdX(std),msdY(mean),msdY(std),msdZ(mean),msdZ(std),DmsdX(mean),DmsdX(std),DmsdY(mean),DmsdY(std),DmsdZ(mean),DmsdZ(std)
58.587566250000002,0,62.0783165,0,52.059108999999999,0,0.7391198433557612,0,0.78315790370058869,0,0.65675915475189239,0