msdX(mean),msdX(std),msdY(mean),msdY(std),msdZ(mean),msdZ(std),DmsdX(mean),DmsdX(std),DmsdY(mean),DmsdY(std),DmsdZ(mean),DmsdZ(std)
1516.6429195000001,0,1829.7553162500001,0,1499.0490505,0,0.15812309323153059,0,0.19076775867431695,0,0.15628878078235667,0