msdX(mean),msdX(std),msdY(mean),msdY(std),msdZ(mean),msdZ(std),DmsdX(mean),DmsdX(std),DmsdY(mean),DmsdY(std),DmsdZ(mean),DmsdZ(std)
72.150425249999998,0,77.033908499999995,0,64.390657250000004,0,0.67980928313442213,0,0.72582200219849247,0,0.60669589117462319,0