msdX(mean),msdX(std),msdY(mean),msdY(std),msdZ(mean),msdZ(std),DmsdX(mean),DmsdX(std),DmsdY(mean),DmsdY(std),DmsdZ(mean),DmsdZ(std)
536.2979345,0,608.40879225000003,0,500.08873825000001,0,0.28441765724437845,0,0.32266058137993214,0,0.26521464692935937,0