msdX(mean),msdX(std),msdY(mean),msdY(std),msdZ(mean),msdZ(std),DmsdX(mean),DmsdX(std),DmsdY(mean),DmsdY(std),DmsdZ(mean),DmsdZ(std)
78.958758000000003,0,84.424613750000006,0,70.542921000000007,0,0.65653069290465638,0,0.70197849570399118,0,0.58655422117516631,0