msdX(mean),msdX(std),msdY(mean),msdY(std),msdZ(mean),msdZ(std),DmsdX(mean),DmsdX(std),DmsdY(mean),DmsdY(std),DmsdZ(mean),DmsdZ(std)
977.58251625000003,0,1141.0269665000001,0,938.54778875,0,0.20710908934422759,0,0.24173617267167596,0,0.19883925356981441,0