msdX(mean),msdX(std),msdY(mean),msdY(std),msdZ(mean),msdZ(std),DmsdX(mean),DmsdX(std),DmsdY(mean),DmsdY(std),DmsdZ(mean),DmsdZ(std)
878.82444825000005,0,1018.79443825,0,839.80077500000004,0,0.21999210179483331,0,0.25503014875588265,0,0.21022348427956347,0