msdX(mean),msdX(std),msdY(mean),msdY(std),msdZ(mean),msdZ(std),DmsdX(mean),DmsdX(std),DmsdY(mean),DmsdY(std),DmsdZ(mean),DmsdZ(std)
313.78392324999999,0,347.88326749999999,0,288.55652650000002,0,0.36757195226474032,0,0.40751651796173372,0,0.33802014037485362,0