msdX(mean),msdX(std),msdY(mean),msdY(std),msdZ(mean),msdZ(std),DmsdX(mean),DmsdX(std),DmsdY(mean),DmsdY(std),DmsdZ(mean),DmsdZ(std)
687.26484774999994,0,789.42272449999996,0,648.78933725000002,0,0.25040619680463455,0,0.28762760493332362,0,0.23638757460103477,0