msdX(mean),msdX(std),msdY(mean),msdY(std),msdZ(mean),msdZ(std),DmsdX(mean),DmsdX(std),DmsdY(mean),DmsdY(std),DmsdZ(mean),DmsdZ(std)
34.145710000000001,0,35.717287249999998,0,30.185739250000001,0,0.912986898395722,0,0.95500768048128337,0,0.807105327540107,0