msdX(mean),msdX(std),msdY(mean),msdY(std),msdZ(mean),msdZ(std),DmsdX(mean),DmsdX(std),DmsdY(mean),DmsdY(std),DmsdZ(mean),DmsdZ(std)
30.247513250000001,0,31.510127499999999,0,26.7764095,0,0.95518462894736844,0,0.99505665789473674,0,0.84557082631578939,0