msdX(mean),msdX(std),msdY(mean),msdY(std),msdZ(mean),msdZ(std),DmsdX(mean),DmsdX(std),DmsdY(mean),DmsdY(std),DmsdZ(mean),DmsdZ(std)
669.00455250000005,0,767.68637475000003,0,630.68307325000001,0,0.25413600140552589,0,0.29162244843239549,0,0.23957874993668801,0