msdX(mean),msdX(std),msdY(mean),msdY(std),msdZ(mean),msdZ(std),DmsdX(mean),DmsdX(std),DmsdY(mean),DmsdY(std),DmsdZ(mean),DmsdZ(std)
1144.159257,0,1350.8638122499999,0,1108.9963955000001,0,0.18873456413442719,0,0.22283147319759386,0,0.18293428126443356,0