msdX(mean),msdX(std),msdY(mean),msdY(std),msdZ(mean),msdZ(std),DmsdX(mean),DmsdX(std),DmsdY(mean),DmsdY(std),DmsdZ(mean),DmsdZ(std)
263.5009925,0,291.11545849999999,0,241.22359800000001,0,0.39644081118355068,0,0.4379871491975928,0,0.36292416950852563,0