msdX(mean),msdX(std),msdY(mean),msdY(std),msdZ(mean),msdZ(std),DmsdX(mean),DmsdX(std),DmsdY(mean),DmsdY(std),DmsdZ(mean),DmsdZ(std)
361.93609500000002,0,404.40943199999998,0,333.98930725000002,0,0.34417658330163564,0,0.38456583491821988,0,0.31760109095663758,0