msdX(mean),msdX(std),msdY(mean),msdY(std),msdZ(mean),msdZ(std),DmsdX(mean),DmsdX(std),DmsdY(mean),DmsdY(std),DmsdZ(mean),DmsdZ(std)
479.91201649999999,0,541.51840625,0,445.39378199999999,0,0.30072187515665472,0,0.33932559502673576,0,0.27909210167933829,0