msdX(mean),msdX(std),msdY(mean),msdY(std),msdZ(mean),msdZ(std),DmsdX(mean),DmsdX(std),DmsdY(mean),DmsdY(std),DmsdZ(mean),DmsdZ(std)
39.744379000000002,0,41.650897749999999,0,35.120055499999999,0,0.86275786541244581,0,0.90414394536903042,0,0.76237457670043418,0