msdX(mean),msdX(std),msdY(mean),msdY(std),msdZ(mean),msdZ(std),DmsdX(mean),DmsdX(std),DmsdY(mean),DmsdY(std),DmsdZ(mean),DmsdZ(std)
351.72615925000002,0,391.88422100000003,0,324.07319324999997,0,0.34870405741903504,0,0.38851707303370792,0,0.32128869125908788,0