msdX(mean),msdX(std),msdY(mean),msdY(std),msdZ(mean),msdZ(std),DmsdX(mean),DmsdX(std),DmsdY(mean),DmsdY(std),DmsdZ(mean),DmsdZ(std)
453.52359374999997,0,509.72012699999999,0,420.24213550000002,0,0.30891172038189085,0,0.34718926096630642,0,0.28624248626373627,0