msdX(mean),msdX(std),msdY(mean),msdY(std),msdZ(mean),msdZ(std),DmsdX(mean),DmsdX(std),DmsdY(mean),DmsdY(std),DmsdZ(mean),DmsdZ(std)
248.86101725,0,274.48668350000003,0,227.69583499999999,0,0.40699032476559094,0,0.44889885003270824,0,0.37237652911033575,0