msdX(mean),msdX(std),msdY(mean),msdY(std),msdZ(mean),msdZ(std),DmsdX(mean),DmsdX(std),DmsdY(mean),DmsdY(std),DmsdZ(mean),DmsdZ(std)
35.205103749999999,0,36.844405999999999,0,31.103894499999999,0,0.90269496794871795,0,0.94472835897435892,0,0.79753575641025642,0