msdX(mean),msdX(std),msdY(mean),msdY(std),msdZ(mean),msdZ(std),DmsdX(mean),DmsdX(std),DmsdY(mean),DmsdY(std),DmsdZ(mean),DmsdZ(std)
833.02262725000003,0,963.75218749999999,0,792.10412899999994,0,0.22666460008253669,0,0.26223597896674949,0,0.21553071879478294,0