msdX(mean),msdX(std),msdY(mean),msdY(std),msdZ(mean),msdZ(std),DmsdX(mean),DmsdX(std),DmsdY(mean),DmsdY(std),DmsdZ(mean),DmsdZ(std)
196.90925225000001,0,216.44244800000001,0,179.06165375,0,0.44956450285388128,0,0.49416084018264844,0,0.40881656107305936,0