msdX(mean),msdX(std),msdY(mean),msdY(std),msdZ(mean),msdZ(std),DmsdX(mean),DmsdX(std),DmsdY(mean),DmsdY(std),DmsdZ(mean),DmsdZ(std)
322.90054199999997,0,358.34369400000003,0,297.02756149999999,0,0.36278242303947267,0,0.4026032065013857,0,0.33371383585499215,0