msdX(mean),msdX(std),msdY(mean),msdY(std),msdZ(mean),msdZ(std),DmsdX(mean),DmsdX(std),DmsdY(mean),DmsdY(std),DmsdZ(mean),DmsdZ(std)
170.17326399999999,0,185.97874250000001,0,154.19803625,0,0.47855248593925753,0,0.52299983830146235,0,0.43362777348143977,0