msdX(mean),msdX(std),msdY(mean),msdY(std),msdZ(mean),msdZ(std),DmsdX(mean),DmsdX(std),DmsdY(mean),DmsdY(std),DmsdZ(mean),DmsdZ(std)
46.166618249999999,0,48.488539750000001,0,40.914435500000003,0,0.81279257482394374,0,0.853671474471831,0,0.72032456866197192,0