msdX(mean),msdX(std),msdY(mean),msdY(std),msdZ(mean),msdZ(std),DmsdX(mean),DmsdX(std),DmsdY(mean),DmsdY(std),DmsdZ(mean),DmsdZ(std)
67.963453749999999,0,72.490364,0,60.595308000000003,0,0.69634686219262298,0,0.74272913934426232,0,0.62085356557377058,0