msdX(mean),msdX(std),msdY(mean),msdY(std),msdZ(mean),msdZ(std),DmsdX(mean),DmsdX(std),DmsdY(mean),DmsdY(std),DmsdZ(mean),DmsdZ(std)
1205.3886512500001,0,1427.80693,0,1170.0457644999999,0,0.18292103564924883,0,0.21667361980879152,0,0.17755765559714703,0