msdX(mean),msdX(std),msdY(mean),msdY(std),msdZ(mean),msdZ(std),DmsdX(mean),DmsdX(std),DmsdY(mean),DmsdY(std),DmsdZ(mean),DmsdZ(std)
493.63847375,0,557.00810575000003,0,458.51083325000002,0,0.29668150918543157,0,0.33476727246774585,0,0.27556945663715043,0