msdX(mean),msdX(std),msdY(mean),msdY(std),msdZ(mean),msdZ(std),DmsdX(mean),DmsdX(std),DmsdY(mean),DmsdY(std),DmsdZ(mean),DmsdZ(std)
155.74259799999999,0,169.75040924999999,0,140.89238750000001,0,0.49641712069698252,0,0.541065902836804,0,0.44908325807479815,0