msdX(mean),msdX(std),msdY(mean),msdY(std),msdZ(mean),msdZ(std),DmsdX(mean),DmsdX(std),DmsdY(mean),DmsdY(std),DmsdZ(mean),DmsdZ(std)
927.31242050000003,0,1077.8487552500001,0,887.92794800000001,0,0.21355164362477932,0,0.24821879678744149,0,0.2044817566592462,0