msdX(mean),msdX(std),msdY(mean),msdY(std),msdZ(mean),msdZ(std),DmsdX(mean),DmsdX(std),DmsdY(mean),DmsdY(std),DmsdZ(mean),DmsdZ(std)
855.24896275000003,0,990.29699600000004,0,815.95294850000005,0,0.22320547092214008,0,0.25845071665941716,0,0.21294987781644195,0