msdX(mean),msdX(std),msdY(mean),msdY(std),msdZ(mean),msdZ(std),DmsdX(mean),DmsdX(std),DmsdY(mean),DmsdY(std),DmsdZ(mean),DmsdZ(std)
56.848106250000001,0,60.152406499999998,0,50.523868499999999,0,0.74800139802631582,0,0.79147903289473687,0,0.66478774342105262,0