msdX(mean),msdX(std),msdY(mean),msdY(std),msdZ(mean),msdZ(std),DmsdX(mean),DmsdX(std),DmsdY(mean),DmsdY(std),DmsdZ(mean),DmsdZ(std)
221.19970824999999,0,243.71743075000001,0,202.03878574999999,0,0.42741151922581477,0,0.47092122391472374,0,0.39038796679762977,0