msdX(mean),msdX(std),msdY(mean),msdY(std),msdZ(mean),msdZ(std),DmsdX(mean),DmsdX(std),DmsdY(mean),DmsdY(std),DmsdZ(mean),DmsdZ(std)
29.368997499999999,0,30.577317000000001,0,25.989825,0,0.96608544407894736,0,1.0058327960526317,0,0.85492845394736849,0