msdX(mean),msdX(std),msdY(mean),msdY(std),msdZ(mean),msdZ(std),DmsdX(mean),DmsdX(std),DmsdY(mean),DmsdY(std),DmsdZ(mean),DmsdZ(std)
202.80184550000001,0,222.76806675,0,184.50209100000001,0,0.44409163248175182,0,0.48781328485401459,0,0.40401917737226278,0