msdX(mean),msdX(std),msdY(mean),msdY(std),msdZ(mean),msdZ(std),DmsdX(mean),DmsdX(std),DmsdY(mean),DmsdY(std),DmsdZ(mean),DmsdZ(std)
204.22262574999999,0,210.304142875,0,193.41627099999999,0,1.3791060827236914,0,1.4201742906584129,0,1.3061312616769836,0