msdX(mean),msdX(std),msdY(mean),msdY(std),msdZ(mean),msdZ(std),DmsdX(mean),DmsdX(std),DmsdY(mean),DmsdY(std),DmsdZ(mean),DmsdZ(std)
260.21250681250001,0,268.10982512499999,0,247.20374075000001,0,1.3122163732349974,0,1.3520414781896115,0,1.2466149306606151,0