msdX(mean),msdX(std),msdY(mean),msdY(std),msdZ(mean),msdZ(std),DmsdX(mean),DmsdX(std),DmsdY(mean),DmsdY(std),DmsdZ(mean),DmsdZ(std)
5564.2595663749998,0,6007.8910795000002,0,5439.8549546875001,0,0.604831640912459,0,0.6530541173880986,0,0.59130893505618864,0