msdX(mean),msdX(std),msdY(mean),msdY(std),msdZ(mean),msdZ(std),DmsdX(mean),DmsdX(std),DmsdY(mean),DmsdY(std),DmsdZ(mean),DmsdZ(std)
3564.7104038749999,0,3858.33479975,0,3526.3433427499999,0,0.66639442984997899,0,0.72128518946581299,0,0.65922201107631906,0