msdX(mean),msdX(std),msdY(mean),msdY(std),msdZ(mean),msdZ(std),DmsdX(mean),DmsdX(std),DmsdY(mean),DmsdY(std),DmsdZ(mean),DmsdZ(std)
1367.2698424375001,0,1456.5907121875,0,1347.1986765624999,0,0.85676588804555576,0,0.91273660568819126,0,0.84418878751919046,0