msdX(mean),msdX(std),msdY(mean),msdY(std),msdZ(mean),msdZ(std),DmsdX(mean),DmsdX(std),DmsdY(mean),DmsdY(std),DmsdZ(mean),DmsdZ(std)
2382.8206474375002,0,2573.5073809999999,0,2368.2392591875,0,0.73479212650523462,0,0.79359433245447675,0,0.73029565326410417,0