msdX(mean),msdX(std),msdY(mean),msdY(std),msdZ(mean),msdZ(std),DmsdX(mean),DmsdX(std),DmsdY(mean),DmsdY(std),DmsdZ(mean),DmsdZ(std)
986.54316181249999,0,1043.9276707500001,0,966.10364487499999,0,0.93813537639073796,0,0.99270413726702178,0,0.9186987874429442,0