msdX(mean),msdX(std),msdY(mean),msdY(std),msdZ(mean),msdZ(std),DmsdX(mean),DmsdX(std),DmsdY(mean),DmsdY(std),DmsdZ(mean),DmsdZ(std)
67.757979625000004,0,69.079371187500001,0,63.535650687500002,0,1.6668629674046742,0,1.6993695249077492,0,1.5629926368388685,0