msdX(mean),msdX(std),msdY(mean),msdY(std),msdZ(mean),msdZ(std),DmsdX(mean),DmsdX(std),DmsdY(mean),DmsdY(std),DmsdZ(mean),DmsdZ(std)
2725.2196308124999,0,2941.7619280624999,0,2706.4961750624998,0,0.71124537444486002,0,0.76775997809345053,0,0.70635880635132242,0