msdX(mean),msdX(std),msdY(mean),msdY(std),msdZ(mean),msdZ(std),DmsdX(mean),DmsdX(std),DmsdY(mean),DmsdY(std),DmsdZ(mean),DmsdZ(std)
149.42602293749999,0,153.187763625,0,140.85129337500001,0,1.468560421990172,0,1.5055308464373465,0,1.3842878955773956,0