msdX(mean),msdX(std),msdY(mean),msdY(std),msdZ(mean),msdZ(std),DmsdX(mean),DmsdX(std),DmsdY(mean),DmsdY(std),DmsdZ(mean),DmsdZ(std)
1238.9193708749999,0,1319.1253831874999,0,1219.437755875,0,0.87982059501828624,0,0.93677902438483107,0,0.86598569461705066,0