msdX(mean),msdX(std),msdY(mean),msdY(std),msdZ(mean),msdZ(std),DmsdX(mean),DmsdX(std),DmsdY(mean),DmsdY(std),DmsdZ(mean),DmsdZ(std)
1773.8207163750001,0,1904.7866241249999,0,1755.0660604375,0,0.79617315735434935,0,0.85495674202923477,0,0.78775519634227531,0