msdX(mean),msdX(std),msdY(mean),msdY(std),msdZ(mean),msdZ(std),DmsdX(mean),DmsdX(std),DmsdY(mean),DmsdY(std),DmsdZ(mean),DmsdZ(std)
4373.0104221874999,0,4729.6570676250003,0,4312.0948508749998,0,0.63650938418809944,0,0.68842074838435008,0,0.62764287598430923,0