msdX(mean),msdX(std),msdY(mean),msdY(std),msdZ(mean),msdZ(std),DmsdX(mean),DmsdX(std),DmsdY(mean),DmsdY(std),DmsdZ(mean),DmsdZ(std)
36.195922125000003,0,36.794961000000001,0,33.986206375000002,0,1.8097961062500001,0,1.8397480500000001,0,1.69931031875,0