msdX(mean),msdX(std),msdY(mean),msdY(std),msdZ(mean),msdZ(std),DmsdX(mean),DmsdX(std),DmsdY(mean),DmsdY(std),DmsdZ(mean),DmsdZ(std)
5965.8446466249998,0,6432.1048671250001,0,5816.10723925,0,0.59658446466249992,0,0.64321048671250003,0,0.58161072392500002,0