msdX(mean),msdX(std),msdY(mean),msdY(std),msdZ(mean),msdZ(std),DmsdX(mean),DmsdX(std),DmsdY(mean),DmsdY(std),DmsdZ(mean),DmsdZ(std)
75.521248062500007,0,77.069697687499996,0,70.895904874999999,0,1.6393903342076703,0,1.6730035677460202,0,1.5389849104558613,0