msdX(mean),msdX(std),msdY(mean),msdY(std),msdZ(mean),msdZ(std),DmsdX(mean),DmsdX(std),DmsdY(mean),DmsdY(std),DmsdZ(mean),DmsdZ(std)
1281.369345375,0,1361.92175425,0,1262.0531262500001,0,0.87278812917196447,0,0.92765535890246131,0,0.85963113676096647,0