msdX(mean),msdX(std),msdY(mean),msdY(std),msdZ(mean),msdZ(std),DmsdX(mean),DmsdX(std),DmsdY(mean),DmsdY(std),DmsdZ(mean),DmsdZ(std)
3013.8785156875001,0,3257.1701546250001,0,2990.4339834375,0,0.69406889898384128,0,0.75009675780110552,0,0.68866983574978891,0