msdX(mean),msdX(std),msdY(mean),msdY(std),msdZ(mean),msdZ(std),DmsdX(mean),DmsdX(std),DmsdY(mean),DmsdY(std),DmsdZ(mean),DmsdZ(std)
377.9619981875,0,392.72736793749999,0,361.23663974999999,0,1.204723751128878,0,1.2517871906210156,0,1.1514130038780279,0