msdX(mean),msdX(std),msdY(mean),msdY(std),msdZ(mean),msdZ(std),DmsdX(mean),DmsdX(std),DmsdY(mean),DmsdY(std),DmsdZ(mean),DmsdZ(std)
643.15035524999996,0,676.84010593749997,0,624.52147312500006,0,1.0518158884376361,0,1.106912515161633,0,1.0213499887565416,0