msdX(mean),msdX(std),msdY(mean),msdY(std),msdZ(mean),msdZ(std),DmsdX(mean),DmsdX(std),DmsdY(mean),DmsdY(std),DmsdZ(mean),DmsdZ(std)
923.93052593749997,0,977.49168362499995,0,904.36287868750003,0,0.95501630672127757,0,1.0103795375730011,0,0.93479030305183741,0