msdX(mean),msdX(std),msdY(mean),msdY(std),msdZ(mean),msdZ(std),DmsdX(mean),DmsdX(std),DmsdY(mean),DmsdY(std),DmsdZ(mean),DmsdZ(std)
39.041404749999998,0,39.664824312500002,0,36.621390499999997,0,1.7950071149425286,0,1.8236700833333335,0,1.6837420919540229,0