msdX(mean),msdX(std),msdY(mean),msdY(std),msdZ(mean),msdZ(std),DmsdX(mean),DmsdX(std),DmsdY(mean),DmsdY(std),DmsdZ(mean),DmsdZ(std)
2550.18729725,0,2750.6113344999999,0,2529.2895870624998,0,0.72346765124328005,0,0.78032634065731432,0,0.71753913872891817,0