msdX(mean),msdX(std),msdY(mean),msdY(std),msdZ(mean),msdZ(std),DmsdX(mean),DmsdX(std),DmsdY(mean),DmsdY(std),DmsdZ(mean),DmsdZ(std)
809.91947674999994,0,856.13518431249997,0,789.90348868750004,0,0.98917435636208195,0,1.0456187240977466,0,0.96472834329900059,0