msdX(mean),msdX(std),msdY(mean),msdY(std),msdZ(mean),msdZ(std),DmsdX(mean),DmsdX(std),DmsdY(mean),DmsdY(std),DmsdZ(mean),DmsdZ(std)
446.75974100000002,0,465.64886606250002,0,428.55990287499998,0,1.1559612083315365,0,1.2048355670253137,0,1.1088703338867565,0