msdX(mean),msdX(std),msdY(mean),msdY(std),msdZ(mean),msdZ(std),DmsdX(mean),DmsdX(std),DmsdY(mean),DmsdY(std),DmsdZ(mean),DmsdZ(std)
81.193399749999998,0,82.853095437500002,0,76.199139750000001,0,1.6217057207057257,0,1.6548554348368842,0,1.5219535236351533,0