msdX(mean),msdX(std),msdY(mean),msdY(std),msdZ(mean),msdZ(std),DmsdX(mean),DmsdX(std),DmsdY(mean),DmsdY(std),DmsdZ(mean),DmsdZ(std)
865.30100043749997,0,914.52658925000003,0,845.00810912500003,0,0.97223010854197489,0,1.0275387231512518,0,0.9494295340443063,0