msdX(mean),msdX(std),msdY(mean),msdY(std),msdZ(mean),msdZ(std),DmsdX(mean),DmsdX(std),DmsdY(mean),DmsdY(std),DmsdZ(mean),DmsdZ(std)
269.11105668750002,0,277.53364781250002,0,255.91565349999999,0,1.301730361274589,0,1.3424716920952919,0,1.2379022258948726,0