msdX(mean),msdX(std),msdY(mean),msdY(std),msdZ(mean),msdZ(std),DmsdX(mean),DmsdX(std),DmsdY(mean),DmsdY(std),DmsdZ(mean),DmsdZ(std)
234.47322274999999,0,241.49064218749999,0,222.5928485625,0,1.3401022447132787,0,1.3802094238188225,0,1.2722014587302344,0