msdX(mean),msdX(std),msdY(mean),msdY(std),msdZ(mean),msdZ(std),DmsdX(mean),DmsdX(std),DmsdY(mean),DmsdY(std),DmsdZ(mean),DmsdZ(std)
3811.2693008125002,0,4127.3589351250002,0,3770.9882481875002,0,0.65546543198371343,0,0.70982680410088395,0,0.64853786127807589,0