msdX(mean),msdX(std),msdY(mean),msdY(std),msdZ(mean),msdZ(std),DmsdX(mean),DmsdX(std),DmsdY(mean),DmsdY(std),DmsdZ(mean),DmsdZ(std)
1018.856113625,0,1079.4559897500001,0,999.05235674999994,0,0.92927409123039029,0,0.98454577686063482,0,0.91121156215797139,0