msdX(mean),msdX(std),msdY(mean),msdY(std),msdZ(mean),msdZ(std),DmsdX(mean),DmsdX(std),DmsdY(mean),DmsdY(std),DmsdZ(mean),DmsdZ(std)
431.95318856249997,0,449.84711281249997,0,414.1755031875,0,1.1652889399644799,0,1.213561744919293,0,1.1173297149970776,0