msdX(mean),msdX(std),msdY(mean),msdY(std),msdZ(mean),msdZ(std),DmsdX(mean),DmsdX(std),DmsdY(mean),DmsdY(std),DmsdZ(mean),DmsdZ(std)
341.48788500000001,0,354.09672949999998,0,325.61148450000002,0,1.2335504575556895,0,1.2790971565322096,0,1.1762004256472007,0