msdX(mean),msdX(std),msdY(mean),msdY(std),msdZ(mean),msdZ(std),DmsdX(mean),DmsdX(std),DmsdY(mean),DmsdY(std),DmsdZ(mean),DmsdZ(std)
602.4768318125,0,632.96831593750005,0,583.23683374999996,0,1.0710064561729675,0,1.1252103269806235,0,1.0368040419826974,0