msdX(mean),msdX(std),msdY(mean),msdY(std),msdZ(mean),msdZ(std),DmsdX(mean),DmsdX(std),DmsdY(mean),DmsdY(std),DmsdZ(mean),DmsdZ(std)
2228.8836918749998,0,2403.9609841874999,0,2217.6016383750002,0,0.74711602585768633,0,0.8058014796241878,0,0.74333431082017232,0