msdX(mean),msdX(std),msdY(mean),msdY(std),msdZ(mean),msdZ(std),DmsdX(mean),DmsdX(std),DmsdY(mean),DmsdY(std),DmsdZ(mean),DmsdZ(std)
2817.5877741875001,0,3044.1302488125002,0,2796.7417455,0,0.70531385155389514,0,0.76202319235318428,0,0.70009556060378497,0