msdX(mean),msdX(std),msdY(mean),msdY(std),msdZ(mean),msdZ(std),DmsdX(mean),DmsdX(std),DmsdY(mean),DmsdY(std),DmsdZ(mean),DmsdZ(std)
3333.1178086875002,0,3609.5994935624999,0,3297.5308742500001,0,0.67730695002929553,0,0.73348947266127718,0,0.67007549905509578,0