msdX(mean),msdX(std),msdY(mean),msdY(std),msdZ(mean),msdZ(std),DmsdX(mean),DmsdX(std),DmsdY(mean),DmsdY(std),DmsdZ(mean),DmsdZ(std)
2466.4287179375001,0,2661.7499131875002,0,2447.956617625,0,0.72950400317586683,0,0.78727481682383738,0,0.72404044729564521,0