msdX(mean),msdX(std),msdY(mean),msdY(std),msdZ(mean),msdZ(std),DmsdX(mean),DmsdX(std),DmsdY(mean),DmsdY(std),DmsdZ(mean),DmsdZ(std)
43.617179,0,44.364893250000002,0,40.909118812499997,0,1.7694595943204869,0,1.7997928296146046,0,1.6595991404665313,0