msdX(mean),msdX(std),msdY(mean),msdY(std),msdZ(mean),msdZ(std),DmsdX(mean),DmsdX(std),DmsdY(mean),DmsdY(std),DmsdZ(mean),DmsdZ(std)
56.445753812500001,0,57.53810575,0,52.866175687499997,0,1.7104773882575759,0,1.7435789621212121,0,1.6020053238636363,0