msdX(mean),msdX(std),msdY(mean),msdY(std),msdZ(mean),msdZ(std),DmsdX(mean),DmsdX(std),DmsdY(mean),DmsdY(std),DmsdZ(mean),DmsdZ(std)
165.91319325000001,0,170.42372968750001,0,156.44981050000001,0,1.4389695858629663,0,1.4780895896574155,0,1.3568934128360799,0