msdX(mean),msdX(std),msdY(mean),msdY(std),msdZ(mean),msdZ(std),DmsdX(mean),DmsdX(std),DmsdY(mean),DmsdY(std),DmsdZ(mean),DmsdZ(std)
72.837023562499994,0,74.285670312500002,0,68.365968312500002,0,1.6485180738400604,0,1.6813052503772163,0,1.5473248203508112,0