msdX(mean),msdX(std),msdY(mean),msdY(std),msdZ(mean),msdZ(std),DmsdX(mean),DmsdX(std),DmsdY(mean),DmsdY(std),DmsdZ(mean),DmsdZ(std)
733.28043324999999,0,774.76501343749999,0,714.49872862500001,0,1.0149444276684583,0,1.0723638562884956,0,0.98894838906318483,0