msdX(mean),msdX(std),msdY(mean),msdY(std),msdZ(mean),msdZ(std),DmsdX(mean),DmsdX(std),DmsdY(mean),DmsdY(std),DmsdZ(mean),DmsdZ(std)
686.80249749999996,0,723.8329060625,0,667.4570584375,0,1.033303657221665,0,1.0890164083187062,0,1.0041981822028587,0