msdX(mean),msdX(std),msdY(mean),msdY(std),msdZ(mean),msdZ(std),DmsdX(mean),DmsdX(std),DmsdY(mean),DmsdY(std),DmsdZ(mean),DmsdZ(std)
40.5245295625,0,41.165377249999999,0,37.980536624999999,0,1.7878468924632351,0,1.8161195845588234,0,1.6756119099264704,0