msdX(mean),msdX(std),msdY(mean),msdY(std),msdZ(mean),msdZ(std),DmsdX(mean),DmsdX(std),DmsdY(mean),DmsdY(std),DmsdZ(mean),DmsdZ(std)
757.89398393750002,0,800.51566987499996,0,738.76044043750005,0,1.0061652624460671,0,1.0627489809160304,0,0.98076394349485574,0