msdX(mean),msdX(std),msdY(mean),msdY(std),msdZ(mean),msdZ(std),DmsdX(mean),DmsdX(std),DmsdY(mean),DmsdY(std),DmsdZ(mean),DmsdZ(std)
1051.1268614999999,0,1116.2678965,0,1032.29514275,0,0.91955400874826854,0,0.97654113567106515,0,0.90307951541882336,0