msdX(mean),msdX(std),msdY(mean),msdY(std),msdZ(mean),msdZ(std),DmsdX(mean),DmsdX(std),DmsdY(mean),DmsdY(std),DmsdZ(mean),DmsdZ(std)
58.589004750000001,0,59.690329124999998,0,54.876890937500001,0,1.7031687427325581,0,1.7351839861918605,0,1.5952584574854651,0