msdX(mean),msdX(std),msdY(mean),msdY(std),msdZ(mean),msdZ(std),DmsdX(mean),DmsdX(std),DmsdY(mean),DmsdY(std),DmsdZ(mean),DmsdZ(std)
288.23473893750003,0,297.35185168750002,0,274.148060875,0,1.2825633592591221,0,1.3231319416530705,0,1.2198816117250075,0