msdX(mean),msdX(std),msdY(mean),msdY(std),msdZ(mean),msdZ(std),DmsdX(mean),DmsdX(std),DmsdY(mean),DmsdY(std),DmsdZ(mean),DmsdZ(std)
509.73074081250002,0,533.428915125,0,490.76834887500002,0,1.1162394411748604,0,1.1681351475418811,0,1.0747144396693311,0