msdX(mean),msdX(std),msdY(mean),msdY(std),msdZ(mean),msdZ(std),DmsdX(mean),DmsdX(std),DmsdY(mean),DmsdY(std),DmsdZ(mean),DmsdZ(std)
78.328645624999993,0,79.949853187499997,0,73.485000249999999,0,1.6307143433379596,0,1.6644660621963914,0,1.5298750919500348,0