msdX(mean),msdX(std),msdY(mean),msdY(std),msdZ(mean),msdZ(std),DmsdX(mean),DmsdX(std),DmsdY(mean),DmsdY(std),DmsdZ(mean),DmsdZ(std)
365.64263675000001,0,379.42132350000003,0,349.31725725000001,0,1.2150959958460259,0,1.2608850407089449,0,1.1608438346718359,0