msdX(mean),msdX(std),msdY(mean),msdY(std),msdZ(mean),msdZ(std),DmsdX(mean),DmsdX(std),DmsdY(mean),DmsdY(std),DmsdZ(mean),DmsdZ(std)
112.5673495625,0,115.0587840625,0,105.69429137500001,0,1.544486845129202,0,1.5786707166133092,0,1.4501846518408417,0