msdX(mean),msdX(std),msdY(mean),msdY(std),msdZ(mean),msdZ(std),DmsdX(mean),DmsdX(std),DmsdY(mean),DmsdY(std),DmsdZ(mean),DmsdZ(std)
329.95038681250003,0,341.93663068749999,0,314.6792690625,0,1.2426729777634802,0,1.2878160718881426,0,1.185158253954554,0