msdX(mean),msdX(std),msdY(mean),msdY(std),msdZ(mean),msdZ(std),DmsdX(mean),DmsdX(std),DmsdY(mean),DmsdY(std),DmsdZ(mean),DmsdZ(std)
2912.2553174374998,0,3147.0524453749999,0,2890.1035828125,0,0.69922935868077651,0,0.7556038956950264,0,0.6939107511044551,0