msdX(mean),msdX(std),msdY(mean),msdY(std),msdZ(mean),msdZ(std),DmsdX(mean),DmsdX(std),DmsdY(mean),DmsdY(std),DmsdZ(mean),DmsdZ(std)
4687.6262472500002,0,5060.4234578124997,0,4607.2225095000003,0,0.62769639915059627,0,0.6776157942433142,0,0.61692993996594359,0