msdX(mean),msdX(std),msdY(mean),msdY(std),msdZ(mean),msdZ(std),DmsdX(mean),DmsdX(std),DmsdY(mean),DmsdY(std),DmsdZ(mean),DmsdZ(std)
319.0299486875,0,330.06734525000002,0,303.98906262499997,0,1.2526534206694588,0,1.2959911468490282,0,1.1935962147437993,0