msdX(mean),msdX(std),msdY(mean),msdY(std),msdZ(mean),msdZ(std),DmsdX(mean),DmsdX(std),DmsdY(mean),DmsdY(std),DmsdZ(mean),DmsdZ(std)
90.564993375,0,92.458020187499997,0,84.971662312500001,0,1.5958589140969164,0,1.6292162147577092,0,1.4972980143171806,0