msdX(mean),msdX(std),msdY(mean),msdY(std),msdZ(mean),msdZ(std),DmsdX(mean),DmsdX(std),DmsdY(mean),DmsdY(std),DmsdZ(mean),DmsdZ(std)
1302.1610499999999,0,1223.8206325000001,0,1152.8926025000001,0,1.4041995506829619,0,1.3197203082314881,0,1.2432342945722501,0