msdX(mean),msdX(std),msdY(mean),msdY(std),msdZ(mean),msdZ(std),DmsdX(mean),DmsdX(std),DmsdY(mean),DmsdY(std),DmsdZ(mean),DmsdZ(std)
2497.4283949999999,0,2378.3306250000001,0,2180.4701500000001,0,1.2265142888714271,0,1.1680240767115215,0,1.0708526421766036,0