msdX(mean),msdX(std),msdY(mean),msdY(std),msdZ(mean),msdZ(std),DmsdX(mean),DmsdX(std),DmsdY(mean),DmsdY(std),DmsdZ(mean),DmsdZ(std)
800.39508249999994,0,764.89356250000003,0,716.9546775,0,1.5272772214094898,0,1.4595348476656915,0,1.3680600639231653,0