msdX(mean),msdX(std),msdY(mean),msdY(std),msdZ(mean),msdZ(std),DmsdX(mean),DmsdX(std),DmsdY(mean),DmsdY(std),DmsdZ(mean),DmsdZ(std)
6202.3018375000001,0,5848.5316350000003,0,5292.9483650000002,0,1.0393061303286564,0,0.98002563256847941,0,0.88692776123821437,0