msdX(mean),msdX(std),msdY(mean),msdY(std),msdZ(mean),msdZ(std),DmsdX(mean),DmsdX(std),DmsdY(mean),DmsdY(std),DmsdZ(mean),DmsdZ(std)
5169.9559724999999,0,4910.7989674999999,0,4476.9297800000004,0,1.0640396749197332,0,1.0107020185025108,0,0.92140647484975724,0