msdX(mean),msdX(std),msdY(mean),msdY(std),msdZ(mean),msdZ(std),DmsdX(mean),DmsdX(std),DmsdY(mean),DmsdY(std),DmsdZ(mean),DmsdZ(std)
5625.1569749999999,0,5324.4397724999999,0,4860.3683524999997,0,1.0489086014320699,0,0.99283463554939522,0,0.90630042747659822,0