msdX(mean),msdX(std),msdY(mean),msdY(std),msdZ(mean),msdZ(std),DmsdX(mean),DmsdX(std),DmsdY(mean),DmsdY(std),DmsdZ(mean),DmsdZ(std)
9401.9410224999992,0,8863.8199925000008,0,7895.9122850000003,0,0.96951214965558474,0,0.91402202529491838,0,0.81421303054363969,0