msdX(mean),msdX(std),msdY(mean),msdY(std),msdZ(mean),msdZ(std),DmsdX(mean),DmsdX(std),DmsdY(mean),DmsdY(std),DmsdZ(mean),DmsdZ(std)
4539.7992125000001,0,4307.9402975000003,0,3949.09899,0,1.0931022069682328,0,1.0372747397547235,0,0.95087219047466176,0