msdX(mean),msdX(std),msdY(mean),msdY(std),msdZ(mean),msdZ(std),DmsdX(mean),DmsdX(std),DmsdY(mean),DmsdY(std),DmsdZ(mean),DmsdZ(std)
4631.851705,0,4392.8867899999996,0,4023.3407849999999,0,1.0888226857075693,0,1.0326485166901738,0,0.94577827574047957,0