msdX(mean),msdX(std),msdY(mean),msdY(std),msdZ(mean),msdZ(std),DmsdX(mean),DmsdX(std),DmsdY(mean),DmsdY(std),DmsdZ(mean),DmsdZ(std)
1762.1584350000001,0,1664.0571474999999,0,1547.6749175,0,1.3244000663894178,0,1.2506692660837759,0,1.1631989058272372,0