msdX(mean),msdX(std),msdY(mean),msdY(std),msdZ(mean),msdZ(std),DmsdX(mean),DmsdX(std),DmsdY(mean),DmsdY(std),DmsdZ(mean),DmsdZ(std)
5918.5958799999999,0,5585.55152,0,5091.8527825000001,0,1.0447162028265806,0,0.98592914484755056,0,0.89878430832911671,0