msdX(mean),msdX(std),msdY(mean),msdY(std),msdZ(mean),msdZ(std),DmsdX(mean),DmsdX(std),DmsdY(mean),DmsdY(std),DmsdZ(mean),DmsdZ(std)
6561.0182574999999,0,6157.3627800000004,0,5574.6191225000002,0,1.0298362758203925,0,0.96647735235025745,0,0.87500823361830815,0