msdX(mean),msdX(std),msdY(mean),msdY(std),msdZ(mean),msdZ(std),DmsdX(mean),DmsdX(std),DmsdY(mean),DmsdY(std),DmsdZ(mean),DmsdZ(std)
930.92328499999996,0,883.14748499999996,0,831.62930249999999,0,1.4897950789501759,0,1.4133374879974394,0,1.3308908073722394,0