msdX(mean),msdX(std),msdY(mean),msdY(std),msdZ(mean),msdZ(std),DmsdX(mean),DmsdX(std),DmsdY(mean),DmsdY(std),DmsdZ(mean),DmsdZ(std)
8545.9100675000009,0,8024.3723124999997,0,7230.71018,0,0.98347169401118606,0,0.92345261876356999,0,0.83211720383910148,0