msdX(mean),msdX(std),msdY(mean),msdY(std),msdZ(mean),msdZ(std),DmsdX(mean),DmsdX(std),DmsdY(mean),DmsdY(std),DmsdZ(mean),DmsdZ(std)
4350.2851849999997,0,4132.6799849999998,0,3785.6234175,0,1.100910663792958,0,1.045842116562347,0,0.9580137881075701,0