msdX(mean),msdX(std),msdY(mean),msdY(std),msdZ(mean),msdZ(std),DmsdX(mean),DmsdX(std),DmsdY(mean),DmsdY(std),DmsdZ(mean),DmsdZ(std)
9578.4190849999995,0,9022.2691149999991,0,8027.8347475,0,0.96759526880960067,0,0.91141396425973797,0,0.8109579306913689,0