msdX(mean),msdX(std),msdY(mean),msdY(std),msdZ(mean),msdZ(std),DmsdX(mean),DmsdX(std),DmsdY(mean),DmsdY(std),DmsdZ(mean),DmsdZ(std)
4445.5739149999999,0,4222.0477099999998,0,3869.3086149999999,0,1.097040531792383,0,1.0418806555893723,0,0.95483473266430863,0