msdX(mean),msdX(std),msdY(mean),msdY(std),msdZ(mean),msdZ(std),DmsdX(mean),DmsdX(std),DmsdY(mean),DmsdY(std),DmsdZ(mean),DmsdZ(std)
7583.3566824999998,0,7145.5822975000001,0,6441.6884074999998,0,1.0003548521458094,0,0.94260605454665369,0,0.84975223034473657,0