msdX(mean),msdX(std),msdY(mean),msdY(std),msdZ(mean),msdZ(std),DmsdX(mean),DmsdX(std),DmsdY(mean),DmsdY(std),DmsdZ(mean),DmsdZ(std)
2184.9769474999998,0,2075.33052,0,1917.8354650000001,0,1.2602243323912792,0,1.1969838043603644,0,1.1061457290344907,0