msdX(mean),msdX(std),msdY(mean),msdY(std),msdZ(mean),msdZ(std),DmsdX(mean),DmsdX(std),DmsdY(mean),DmsdY(std),DmsdZ(mean),DmsdZ(std)
7249.4584574999999,0,6808.7424350000001,0,6152.4269125000001,0,1.0100396323877727,0,0.9486363355811297,0,0.85719437574887847,0