msdX(mean),msdX(std),msdY(mean),msdY(std),msdZ(mean),msdZ(std),DmsdX(mean),DmsdX(std),DmsdY(mean),DmsdY(std),DmsdZ(mean),DmsdZ(std)
8965.5773900000004,0,8417.3859124999999,0,7559.8961774999998,0,0.97519767990776196,0,0.91557016973764349,0,0.82229988007962052,0