msdX(mean),msdX(std),msdY(mean),msdY(std),msdZ(mean),msdZ(std),DmsdX(mean),DmsdX(std),DmsdY(mean),DmsdY(std),DmsdZ(mean),DmsdZ(std)
6647.6676100000004,0,6235.4693500000003,0,5640.1742599999998,0,1.0271850318307305,0,0.96349293594709307,0,0.87150906403230455,0