msdX(mean),msdX(std),msdY(mean),msdY(std),msdZ(mean),msdZ(std),DmsdX(mean),DmsdX(std),DmsdY(mean),DmsdY(std),DmsdZ(mean),DmsdZ(std)
1421.6004574999999,0,1332.0875100000001,0,1253.6462575,0,1.3827004838866555,0,1.2956369245234083,0,1.2193420997600832,0