msdX(mean),msdX(std),msdY(mean),msdY(std),msdZ(mean),msdZ(std),DmsdX(mean),DmsdX(std),DmsdY(mean),DmsdY(std),DmsdZ(mean),DmsdZ(std)
8623.3814299999995,0,8106.3303525000001,0,7300.6455050000004,0,0.98100732964241011,0,0.92218691204353265,0,0.83053113325243633,0