msdX(mean),msdX(std),msdY(mean),msdY(std),msdZ(mean),msdZ(std),DmsdX(mean),DmsdX(std),DmsdY(mean),DmsdY(std),DmsdZ(mean),DmsdZ(std)
6107.4761349999999,0,5757.3424175,0,5233.8775150000001,0,1.0409997502954411,0,0.98132057932025818,0,0.89209766289032322,0