msdX(mean),msdX(std),msdY(mean),msdY(std),msdZ(mean),msdZ(std),DmsdX(mean),DmsdX(std),DmsdY(mean),DmsdY(std),DmsdZ(mean),DmsdZ(std)
9318.6025224999994,0,8774.4100350000008,0,7842.2257975000002,0,0.97101143323816275,0,0.91430581391713917,0,0.81717091087654226,0