msdX(mean),msdX(std),msdY(mean),msdY(std),msdZ(mean),msdZ(std),DmsdX(mean),DmsdX(std),DmsdY(mean),DmsdY(std),DmsdZ(mean),DmsdZ(std)
2296.9424425000002,0,2176.3261950000001,0,2008.2187575,0,1.2520126689741635,0,1.1862674125149897,0,1.0946357557505724,0