msdX(mean),msdX(std),msdY(mean),msdY(std),msdZ(mean),msdZ(std),DmsdX(mean),DmsdX(std),DmsdY(mean),DmsdY(std),DmsdZ(mean),DmsdZ(std)
2905.9631374999999,0,2769.561025,0,2532.3039425000002,0,1.1912614321144543,0,1.1353451770927276,0,1.0380847513732885,0