msdX(mean),msdX(std),msdY(mean),msdY(std),msdZ(mean),msdZ(std),DmsdX(mean),DmsdX(std),DmsdY(mean),DmsdY(std),DmsdZ(mean),DmsdZ(std)
9481.8979925000003,0,8937.2414625000001,0,7963.8962499999998,0,0.96769860308825939,0,0.91211233083972898,0,0.81277517247713915,0