msdX(mean),msdX(std),msdY(mean),msdY(std),msdZ(mean),msdZ(std),DmsdX(mean),DmsdX(std),DmsdY(mean),DmsdY(std),DmsdZ(mean),DmsdZ(std)
7671.8371049999996,0,7232.4484849999999,0,6507.5887874999999,0,0.99874639022929645,0,0.94154525416153168,0,0.84718050209595397,0