msdX(mean),msdX(std),msdY(mean),msdY(std),msdZ(mean),msdZ(std),DmsdX(mean),DmsdX(std),DmsdY(mean),DmsdY(std),DmsdZ(mean),DmsdZ(std)
8450.29385,0,7946.3482775000002,0,7152.3960774999996,0,0.98388126887162253,0,0.9252060774386599,0,0.83276494913879417,0