msdX(mean),msdX(std),msdY(mean),msdY(std),msdZ(mean),msdZ(std),DmsdX(mean),DmsdX(std),DmsdY(mean),DmsdY(std),DmsdZ(mean),DmsdZ(std)
377.38400000000001,0,366.0809825,0,343.03299500000003,0,1.7024842105263158,0,1.6514931541353384,0,1.547517270676692,0