msdX(mean),msdX(std),msdY(mean),msdY(std),msdZ(mean),msdZ(std),DmsdX(mean),DmsdX(std),DmsdY(mean),DmsdY(std),DmsdZ(mean),DmsdZ(std)
4727.2916875000001,0,4487.0101375000004,0,4109.3806800000002,0,1.0855358885597501,0,1.0303596347708277,0,0.94364395150179115,0