msdX(mean),msdX(std),msdY(mean),msdY(std),msdZ(mean),msdZ(std),DmsdX(mean),DmsdX(std),DmsdY(mean),DmsdY(std),DmsdZ(mean),DmsdZ(std)
7845.0054099999998,0,7399.4720500000003,0,6654.3778174999998,0,0.99517177029244119,0,0.93865399886676937,0,0.84413567699964476,0