msdX(mean),msdX(std),msdY(mean),msdY(std),msdZ(mean),msdZ(std),DmsdX(mean),DmsdX(std),DmsdY(mean),DmsdY(std),DmsdZ(mean),DmsdZ(std)
42.523612499999999,0,42.058472500000001,0,39.705015000000003,0,2.1261806249999999,0,2.1029236249999999,0,1.9852507500000001,0