msdX(mean),msdX(std),msdY(mean),msdY(std),msdZ(mean),msdZ(std),DmsdX(mean),DmsdX(std),DmsdY(mean),DmsdY(std),DmsdZ(mean),DmsdZ(std)
9136.3713325000008,0,8592.9730275000002,0,7693.3035200000004,0,0.97245096778142026,0,0.91461310323356604,0,0.81885468324250676,0