msdX(mean),msdX(std),msdY(mean),msdY(std),msdZ(mean),msdZ(std),DmsdX(mean),DmsdX(std),DmsdY(mean),DmsdY(std),DmsdZ(mean),DmsdZ(std)
6291.3703974999999,0,5922.5542525000001,0,5376.8029900000001,0,1.0367200857153844,0,0.97594491571274777,0,0.88601358757744875,0