msdX(mean),msdX(std),msdY(mean),msdY(std),msdZ(mean),msdZ(std),DmsdX(mean),DmsdX(std),DmsdY(mean),DmsdY(std),DmsdZ(mean),DmsdZ(std)
8801.3072374999992,0,8258.2401625000002,0,7435.8586400000004,0,0.9788003214918557,0,0.91840540363955858,0,0.82694770572142451,0