msdX(mean),msdX(std),msdY(mean),msdY(std),msdZ(mean),msdZ(std),DmsdX(mean),DmsdX(std),DmsdY(mean),DmsdY(std),DmsdZ(mean),DmsdZ(std)
2916.4454080625001,0,2400.3879448749999,0,2334.5069005625001,0,0.67163093760555004,0,0.55278758230022262,0,0.53761577505853231,0