msdX(mean),msdX(std),msdY(mean),msdY(std),msdZ(mean),msdZ(std),DmsdX(mean),DmsdX(std),DmsdY(mean),DmsdY(std),DmsdZ(mean),DmsdZ(std)
1090.5461246249999,0,931.06454912499998,0,852.10198475000004,0,1.1272377121556669,0,0.96239035518631455,0,0.88077108351852818,0