msdX(mean),msdX(std),msdY(mean),msdY(std),msdZ(mean),msdZ(std),DmsdX(mean),DmsdX(std),DmsdY(mean),DmsdY(std),DmsdZ(mean),DmsdZ(std)
97.701407937499994,0,91.351243437500003,0,78.620781875000006,0,1.8716744815613027,0,1.7500238206417627,0,1.5061452466475098,0