msdX(mean),msdX(std),msdY(mean),msdY(std),msdZ(mean),msdZ(std),DmsdX(mean),DmsdX(std),DmsdY(mean),DmsdY(std),DmsdZ(mean),DmsdZ(std)
3390.4111301875,0,2771.2465432499998,0,2732.1163571874999,0,0.60792013666458478,0,0.49690037951551591,0,0.4898841130081823,0