msdX(mean),msdX(std),msdY(mean),msdY(std),msdZ(mean),msdZ(std),DmsdX(mean),DmsdX(std),DmsdY(mean),DmsdY(std),DmsdZ(mean),DmsdZ(std)
1546.3877136250001,0,1299.7723144375,0,1212.2709062500001,0,0.96900567949681993,0,0.81447022867907393,0,0.75963963170097448,0