msdX(mean),msdX(std),msdY(mean),msdY(std),msdZ(mean),msdZ(std),DmsdX(mean),DmsdX(std),DmsdY(mean),DmsdY(std),DmsdZ(mean),DmsdZ(std)
557.6508154375,0,492.48292062500002,0,437.63336281250002,0,1.3839778675649403,0,1.2222441775934811,0,1.0861185377543845,0