msdX(mean),msdX(std),msdY(mean),msdY(std),msdZ(mean),msdZ(std),DmsdX(mean),DmsdX(std),DmsdY(mean),DmsdY(std),DmsdZ(mean),DmsdZ(std)
261.76590900000002,0,238.01101449999999,0,207.7347736875,0,1.6262119010147029,0,1.4786354183060675,0,1.2905452910799338,0