msdX(mean),msdX(std),msdY(mean),msdY(std),msdZ(mean),msdZ(std),DmsdX(mean),DmsdX(std),DmsdY(mean),DmsdY(std),DmsdZ(mean),DmsdZ(std)
359.33598356250002,0,322.979990375,0,282.96237875000003,0,1.5336576336427659,0,1.3784890754374735,0,1.2076926109688435,0