msdX(mean),msdX(std),msdY(mean),msdY(std),msdZ(mean),msdZ(std),DmsdX(mean),DmsdX(std),DmsdY(mean),DmsdY(std),DmsdZ(mean),DmsdZ(std)
2634.9490244375002,0,2178.6133266249999,0,2103.1185438749999,0,0.71697667384526431,0,0.59280651049862809,0,0.57226417828393905,0