msdX(mean),msdX(std),msdY(mean),msdY(std),msdZ(mean),msdZ(std),DmsdX(mean),DmsdX(std),DmsdY(mean),DmsdY(std),DmsdZ(mean),DmsdZ(std)
701.97450112499996,0,613.26178531250002,0,550.85931431250003,0,1.3010369773422297,0,1.1366171537623948,0,1.0209606418543231,0