msdX(mean),msdX(std),msdY(mean),msdY(std),msdZ(mean),msdZ(std),DmsdX(mean),DmsdX(std),DmsdY(mean),DmsdY(std),DmsdZ(mean),DmsdZ(std)
749.19690456249998,0,652.7350825625,0,587.54804775000002,0,1.2774393780371707,0,1.1129644193853192,0,1.0018154214385178,0