msdX(mean),msdX(std),msdY(mean),msdY(std),msdZ(mean),msdZ(std),DmsdX(mean),DmsdX(std),DmsdY(mean),DmsdY(std),DmsdZ(mean),DmsdZ(std)
2315.1371157499998,0,1924.6093693124999,0,1838.6359035625001,0,0.77602794956955057,0,0.64512406303247505,0,0.61630598055715402,0