msdX(mean),msdX(std),msdY(mean),msdY(std),msdZ(mean),msdZ(std),DmsdX(mean),DmsdX(std),DmsdY(mean),DmsdY(std),DmsdZ(mean),DmsdZ(std)
371.85198206249999,0,333.79207993749998,0,292.94792762499998,0,1.5223197955615448,0,1.3665068774733897,0,1.1992955552333515,0