msdX(mean),msdX(std),msdY(mean),msdY(std),msdZ(mean),msdZ(std),DmsdX(mean),DmsdX(std),DmsdY(mean),DmsdY(std),DmsdZ(mean),DmsdZ(std)
40.740152437500001,0,38.956461375000003,0,33.694706375000003,0,2.037007621875,0,1.9478230687500002,0,1.68473531875,0