msdX(mean),msdX(std),msdY(mean),msdY(std),msdZ(mean),msdZ(std),DmsdX(mean),DmsdX(std),DmsdY(mean),DmsdY(std),DmsdZ(mean),DmsdZ(std)
2772.7480868124999,0,2286.0594928125001,0,2216.1143508750001,0,0.69408933784232008,0,0.57225880965567744,0,0.55474976240988294,0