msdX(mean),msdX(std),msdY(mean),msdY(std),msdZ(mean),msdZ(std),DmsdX(mean),DmsdX(std),DmsdY(mean),DmsdY(std),DmsdZ(mean),DmsdZ(std)
1264.0681909375,0,1072.6326021249999,0,987.30254212499995,0,1.0606526837407526,0,0.90002316035493024,0,0.82842452525626864,0