msdX(mean),msdX(std),msdY(mean),msdY(std),msdZ(mean),msdZ(std),DmsdX(mean),DmsdX(std),DmsdY(mean),DmsdY(std),DmsdZ(mean),DmsdZ(std)
211.42057862499999,0,193.50477624999999,0,167.8867143125,0,1.6868663188164894,0,1.5439210871010638,0,1.3395216567486703,0