msdX(mean),msdX(std),msdY(mean),msdY(std),msdZ(mean),msdZ(std),DmsdX(mean),DmsdX(std),DmsdY(mean),DmsdY(std),DmsdZ(mean),DmsdZ(std)
2083.6317724374999,0,1737.0399543125,0,1649.2524020625001,0,0.82523338446572136,0,0.68796386166283807,0,0.65319513725791123,0