msdX(mean),msdX(std),msdY(mean),msdY(std),msdZ(mean),msdZ(std),DmsdX(mean),DmsdX(std),DmsdY(mean),DmsdY(std),DmsdZ(mean),DmsdZ(std)
1228.0933681874999,0,1041.94227325,0,958.82348256249998,0,1.0743690616206167,0,0.91151908427498729,0,0.83880453384486409,0