msdX(mean),msdX(std),msdY(mean),msdY(std),msdZ(mean),msdZ(std),DmsdX(mean),DmsdX(std),DmsdY(mean),DmsdY(std),DmsdZ(mean),DmsdZ(std)
323.97066656250001,0,291.88519624999998,0,255.6116925,0,1.5670944851459208,0,1.4118922746694615,0,1.2364319211544663,0