msdX(mean),msdX(std),msdY(mean),msdY(std),msdZ(mean),msdZ(std),DmsdX(mean),DmsdX(std),DmsdY(mean),DmsdY(std),DmsdZ(mean),DmsdZ(std)
152.59502474999999,0,141.1263248125,0,121.6430994375,0,1.7719569353590092,0,1.6387806248790402,0,1.412538410344494,0