msdX(mean),msdX(std),msdY(mean),msdY(std),msdZ(mean),msdZ(std),DmsdX(mean),DmsdX(std),DmsdY(mean),DmsdY(std),DmsdZ(mean),DmsdZ(std)
87.315483499999999,0,81.891583312500003,0,70.493546062500002,0,1.8954157054992766,0,1.7776754698806081,0,1.5302506381150509,0