msdX(mean),msdX(std),msdY(mean),msdY(std),msdZ(mean),msdZ(std),DmsdX(mean),DmsdX(std),DmsdY(mean),DmsdY(std),DmsdZ(mean),DmsdZ(std)
51.353970812500002,0,48.808222562499999,0,42.082079999999998,0,1.9982089810311285,0,1.8991526288910505,0,1.6374350194552529,0