msdX(mean),msdX(std),msdY(mean),msdY(std),msdZ(mean),msdZ(std),DmsdX(mean),DmsdX(std),DmsdY(mean),DmsdY(std),DmsdZ(mean),DmsdZ(std)
799.95751006249998,0,693.6615495625,0,625.27116343750004,0,1.2548025046077227,0,1.0880681021084417,0,0.98079186965700249,0