msdX(mean),msdX(std),msdY(mean),msdY(std),msdZ(mean),msdZ(std),DmsdX(mean),DmsdX(std),DmsdY(mean),DmsdY(std),DmsdZ(mean),DmsdZ(std)
3145.3367915624999,0,2582.510841625,0,2524.6261720624998,0,0.6391488664323598,0,0.52477969335485053,0,0.51301722612592626,0