msdX(mean),msdX(std),msdY(mean),msdY(std),msdZ(mean),msdZ(std),DmsdX(mean),DmsdX(std),DmsdY(mean),DmsdY(std),DmsdZ(mean),DmsdZ(std)
2992.6500257500002,0,2461.1127355624999,0,2397.6681022500002,0,0.66102799903179266,0,0.54362000667713406,0,0.52960611308883954,0