msdX(mean),msdX(std),msdY(mean),msdY(std),msdZ(mean),msdZ(std),DmsdX(mean),DmsdX(std),DmsdY(mean),DmsdY(std),DmsdZ(mean),DmsdZ(std)
1976.1779563125001,0,1649.97444825,0,1562.2689995625001,0,0.85076794250335452,0,0.71033348086733783,0,0.67257524968787896,0