msdX(mean),msdX(std),msdY(mean),msdY(std),msdZ(mean),msdZ(std),DmsdX(mean),DmsdX(std),DmsdY(mean),DmsdY(std),DmsdZ(mean),DmsdZ(std)
219.16268543749999,0,200.30040493749999,0,173.96917012500001,0,1.6772654497767858,0,1.5329112622767858,0,1.3313967101403064,0