msdX(mean),msdX(std),msdY(mean),msdY(std),msdZ(mean),msdZ(std),DmsdX(mean),DmsdX(std),DmsdY(mean),DmsdY(std),DmsdZ(mean),DmsdZ(std)
1057.9521596874999,0,904.50948187500001,0,825.80336924999995,0,1.140137037831163,0,0.97477447530309835,0,0.88995423718006283,0