msdX(mean),msdX(std),msdY(mean),msdY(std),msdZ(mean),msdZ(std),DmsdX(mean),DmsdX(std),DmsdY(mean),DmsdY(std),DmsdZ(mean),DmsdZ(std)
4681.6562103750002,0,3763.1585036249999,0,3810.2324776874998,0,0.48810469794870459,0,0.39234306454934054,0,0.39725094903690766,0