msdX(mean),msdX(std),msdY(mean),msdY(std),msdZ(mean),msdZ(std),DmsdX(mean),DmsdX(std),DmsdY(mean),DmsdY(std),DmsdZ(mean),DmsdZ(std)
3471.4530230625001,0,2839.4546413749999,0,2807.4748816249999,0,0.59702353095010829,0,0.48833189580968595,0,0.482831988722354,0