msdX(mean),msdX(std),msdY(mean),msdY(std),msdZ(mean),msdZ(std),DmsdX(mean),DmsdX(std),DmsdY(mean),DmsdY(std),DmsdZ(mean),DmsdZ(std)
53.283137062500003,0,50.656662062499997,0,43.649138562499999,0,1.9894139537958933,0,1.8913501703484754,0,1.629712703018046,0