msdX(mean),msdX(std),msdY(mean),msdY(std),msdZ(mean),msdZ(std),DmsdX(mean),DmsdX(std),DmsdY(mean),DmsdY(std),DmsdZ(mean),DmsdZ(std)
1924.2901890625001,0,1607.756129375,0,1518.7963895625001,0,0.8637108481982555,0,0.72163565458646273,0,0.68170638988113053,0