msdX(mean),msdX(std),msdY(mean),msdY(std),msdZ(mean),msdZ(std),DmsdX(mean),DmsdX(std),DmsdY(mean),DmsdY(std),DmsdZ(mean),DmsdZ(std)
77.991184125000004,0,73.310361749999998,0,63.13088475,0,1.9186023154981551,0,1.8034529335793359,0,1.553035295202952,0