msdX(mean),msdX(std),msdY(mean),msdY(std),msdZ(mean),msdZ(std),DmsdX(mean),DmsdX(std),DmsdY(mean),DmsdY(std),DmsdZ(mean),DmsdZ(std)
616.3036253125,0,541.29118325000002,0,483.041567375,0,1.3496192386127233,0,1.1853524214387388,0,1.0577938626409724,0