msdX(mean),msdX(std),msdY(mean),msdY(std),msdZ(mean),msdZ(std),DmsdX(mean),DmsdX(std),DmsdY(mean),DmsdY(std),DmsdZ(mean),DmsdZ(std)
1123.7264397500001,0,958.15002125000001,0,877.83120106249999,0,1.1140895650126408,0,0.94993309993555741,0,0.87030307942546969,0