msdX(mean),msdX(std),msdY(mean),msdY(std),msdZ(mean),msdZ(std),DmsdX(mean),DmsdX(std),DmsdY(mean),DmsdY(std),DmsdZ(mean),DmsdZ(std)
94.057993124999996,0,88.059222750000004,0,75.761050062500004,0,1.878654989181092,0,1.7588393358854861,0,1.5132033967210388,0