msdX(mean),msdX(std),msdY(mean),msdY(std),msdZ(mean),msdZ(std),DmsdX(mean),DmsdX(std),DmsdY(mean),DmsdY(std),DmsdZ(mean),DmsdZ(std)
158.33058787499999,0,146.17906637499999,0,126.0413958125,0,1.7634741549099684,0,1.6281314242621123,0,1.40383956724522,0