msdX(mean),msdX(std),msdY(mean),msdY(std),msdZ(mean),msdZ(std),DmsdX(mean),DmsdX(std),DmsdY(mean),DmsdY(std),DmsdZ(mean),DmsdZ(std)
1158.3230103124999,0,985.01911199999995,0,903.74810618749996,0,1.1014863163869342,0,0.93668610878661096,0,0.85940291573554584,0