msdX(mean),msdX(std),msdY(mean),msdY(std),msdZ(mean),msdZ(std),DmsdX(mean),DmsdX(std),DmsdY(mean),DmsdY(std),DmsdZ(mean),DmsdZ(std)
271.22549381250002,0,246.3024245,0,214.98029106249999,0,1.6160406781281034,0,1.4675417547169811,0,1.2809153390019858,0