msdX(mean),msdX(std),msdY(mean),msdY(std),msdZ(mean),msdZ(std),DmsdX(mean),DmsdX(std),DmsdY(mean),DmsdY(std),DmsdZ(mean),DmsdZ(std)
55.356458250000003,0,52.586219187499999,0,45.331791875,0,1.9817347822195706,0,1.8825615460918854,0,1.6228565110381861,0