msdX(mean),msdX(std),msdY(mean),msdY(std),msdZ(mean),msdZ(std),DmsdX(mean),DmsdX(std),DmsdY(mean),DmsdY(std),DmsdZ(mean),DmsdZ(std)
539.93890587500005,0,477.05539537499999,0,423.56566400000003,0,1.3970561193885032,0,1.2343492053344258,0,1.0959480719306569,0