msdX(mean),msdX(std),msdY(mean),msdY(std),msdZ(mean),msdZ(std),DmsdX(mean),DmsdX(std),DmsdY(mean),DmsdY(std),DmsdZ(mean),DmsdZ(std)
3305.7905759374999,0,2705.8148182499999,0,2661.649419375,0,0.61799141485955977,0,0.50583068995653591,0,0.49757431777819322,0