msdX(mean),msdX(std),msdY(mean),msdY(std),msdZ(mean),msdZ(std),DmsdX(mean),DmsdX(std),DmsdY(mean),DmsdY(std),DmsdZ(mean),DmsdZ(std)
1503.2185327499999,0,1265.3323815624999,0,1177.8860530625,0,0.98207855012576339,0,0.82666343158952071,0,0.76953323951425856,0