msdX(mean),msdX(std),msdY(mean),msdY(std),msdZ(mean),msdZ(std),DmsdX(mean),DmsdX(std),DmsdY(mean),DmsdY(std),DmsdZ(mean),DmsdZ(std)
679.84718737499998,0,595.47516193750005,0,532.91404518750005,0,1.313672063460114,0,1.1506395837895722,0,1.0297524302357413,0