msdX(mean),msdX(std),msdY(mean),msdY(std),msdZ(mean),msdZ(std),DmsdX(mean),DmsdX(std),DmsdY(mean),DmsdY(std),DmsdZ(mean),DmsdZ(std)
127.0265743125,0,117.93721256249999,0,101.456643375,0,1.8172614350858367,0,1.6872276475321886,0,1.4514541255364806,0