msdX(mean),msdX(std),msdY(mean),msdY(std),msdZ(mean),msdZ(std),DmsdX(mean),DmsdX(std),DmsdY(mean),DmsdY(std),DmsdZ(mean),DmsdZ(std)
3070.5863501875001,0,2520.9089532500002,0,2464.1162305624998,0,0.65053417304453298,0,0.53407956468083306,0,0.5220474630966504,0