msdX(mean),msdX(std),msdY(mean),msdY(std),msdZ(mean),msdZ(std),DmsdX(mean),DmsdX(std),DmsdY(mean),DmsdY(std),DmsdZ(mean),DmsdZ(std)
84.101560250000006,0,78.906852375,0,67.982407249999994,0,1.9034679800075447,0,1.7858963193134667,0,1.5386436948321387,0