msdX(mean),msdX(std),msdY(mean),msdY(std),msdZ(mean),msdZ(std),DmsdX(mean),DmsdX(std),DmsdY(mean),DmsdY(std),DmsdZ(mean),DmsdZ(std)
57.538877562499998,0,54.579305312499997,0,47.013005,0,1.9761492007727532,0,1.8745039031196336,0,1.6146424155695478,0