msdX(mean),msdX(std),msdY(mean),msdY(std),msdZ(mean),msdZ(std),DmsdX(mean),DmsdX(std),DmsdY(mean),DmsdY(std),DmsdZ(mean),DmsdZ(std)
596.59079493750005,0,524.42337725000004,0,467.27197112499999,0,1.3620794404965755,0,1.1973136466894978,0,1.066830984303653,0