msdX(mean),msdX(std),msdY(mean),msdY(std),msdZ(mean),msdZ(std),DmsdX(mean),DmsdX(std),DmsdY(mean),DmsdY(std),DmsdZ(mean),DmsdZ(std)
49.448798812500002,0,47.017151624999997,0,40.5430869375,0,2.0060364629817444,0,1.907389518255578,0,1.6447499771805274,0