msdX(mean),msdX(std),msdY(mean),msdY(std),msdZ(mean),msdZ(std),DmsdX(mean),DmsdX(std),DmsdY(mean),DmsdY(std),DmsdZ(mean),DmsdZ(std)
4797.4628921875001,0,3853.7146497499998,0,3905.977719125,0,0.47974628921875001,0,0.38537146497499997,0,0.3905977719125,0