msdX(mean),msdX(std),msdY(mean),msdY(std),msdZ(mean),msdZ(std),DmsdX(mean),DmsdX(std),DmsdY(mean),DmsdY(std),DmsdZ(mean),DmsdZ(std)
522.19832618750002,0,462.30064081249998,0,409.70734693750001,0,1.4087450911042669,0,1.2471578817836428,0,1.1052758786138213,0