msdX(mean),msdX(std),msdY(mean),msdY(std),msdZ(mean),msdZ(std),DmsdX(mean),DmsdX(std),DmsdY(mean),DmsdY(std),DmsdZ(mean),DmsdZ(std)
488.66082712500003,0,433.76796887500001,0,383.55777562499998,0,1.4329529166463029,0,1.2719846602072236,0,1.1247478880553248,0