msdX(mean),msdX(std),msdY(mean),msdY(std),msdZ(mean),msdZ(std),DmsdX(mean),DmsdX(std),DmsdY(mean),DmsdY(std),DmsdZ(mean),DmsdZ(std)
2503.6279500625001,0,2075.3603039999998,0,1992.9017111875,0,0.74050654646969805,0,0.61383636948012887,0,0.58944731127808614,0