msdX(mean),msdX(std),msdY(mean),msdY(std),msdZ(mean),msdZ(std),DmsdX(mean),DmsdX(std),DmsdY(mean),DmsdY(std),DmsdZ(mean),DmsdZ(std)
4136.0569841249999,0,3352.9097154999999,0,3359.0642836874999,0,0.53121377131215441,0,0.43063038581822616,0,0.43142084673069142,0