msdX(mean),msdX(std),msdY(mean),msdY(std),msdZ(mean),msdZ(std),DmsdX(mean),DmsdX(std),DmsdY(mean),DmsdY(std),DmsdZ(mean),DmsdZ(std)
41.877330468750003,0,41.776782187499997,0,36.645357656249999,0,2.0912524578651688,0,2.0862313202247189,0,1.829980407303371,0