msdX(mean),msdX(std),msdY(mean),msdY(std),msdZ(mean),msdZ(std),DmsdX(mean),DmsdX(std),DmsdY(mean),DmsdY(std),DmsdZ(mean),DmsdZ(std)
5918.5660612499996,0,5398.2920967187501,0,6154.5856317187499,0,0.59185586630516718,0,0.53982853488620641,0,0.61545779384963273,0