msdX(mean),msdX(std),msdY(mean),msdY(std),msdZ(mean),msdZ(std),DmsdX(mean),DmsdX(std),DmsdY(mean),DmsdY(std),DmsdZ(mean),DmsdZ(std)
4510.4483278124999,0,4051.1434415624999,0,4595.8346170312498,0,0.70797524339135098,0,0.63588119308850977,0,0.72137776449311619,0