msdX(mean),msdX(std),msdY(mean),msdY(std),msdZ(mean),msdZ(std),DmsdX(mean),DmsdX(std),DmsdY(mean),DmsdY(std),DmsdZ(mean),DmsdZ(std)
4030.276831875,0,3630.9159885937502,0,4095.1608581249998,0,0.75151947674621877,0,0.67705127902789342,0,0.76361830059646596,0