msdX(mean),msdX(std),msdY(mean),msdY(std),msdZ(mean),msdZ(std),DmsdX(mean),DmsdX(std),DmsdY(mean),DmsdY(std),DmsdZ(mean),DmsdZ(std)
4232.9247595312499,0,3792.72550078125,0,4284.5066676562501,0,0.73410851567682522,0,0.65776555122527025,0,0.74305427308112537,0