msdX(mean),msdX(std),msdY(mean),msdY(std),msdZ(mean),msdZ(std),DmsdX(mean),DmsdX(std),DmsdY(mean),DmsdY(std),DmsdZ(mean),DmsdZ(std)
5315.6914439062502,0,4807.8447370312497,0,5461.4924915624997,0,0.64150361969832748,0,0.58021610815819491,0,0.65909905404855007,0