msdX(mean),msdX(std),msdY(mean),msdY(std),msdZ(mean),msdZ(std),DmsdX(mean),DmsdX(std),DmsdY(mean),DmsdY(std),DmsdZ(mean),DmsdZ(std)
1442.4667846875,0,1367.2218276562501,0,1346.7905592187501,0,1.1730233265735543,0,1.1118336404458404,0,1.0952188006983412,0