msdX(mean),msdX(std),msdY(mean),msdY(std),msdZ(mean),msdZ(std),DmsdX(mean),DmsdX(std),DmsdY(mean),DmsdY(std),DmsdZ(mean),DmsdZ(std)
3918.3746920312501,0,3552.1734403125001,0,3984.5974921874999,0,0.75919286644554718,0,0.68824064777342642,0,0.77202366529102751,0