msdX(mean),msdX(std),msdY(mean),msdY(std),msdZ(mean),msdZ(std),DmsdX(mean),DmsdX(std),DmsdY(mean),DmsdY(std),DmsdZ(mean),DmsdZ(std)
848.96052046875002,0,812.16713109374996,0,785.09723625000004,0,1.3586357326111747,0,1.2997533554882075,0,1.2564319930384686,0