msdX(mean),msdX(std),msdY(mean),msdY(std),msdZ(mean),msdZ(std),DmsdX(mean),DmsdX(std),DmsdY(mean),DmsdY(std),DmsdZ(mean),DmsdZ(std)
1160.60543859375,0,1106.6119579687499,0,1076.4809071875,0,1.2515965044686186,0,1.1933699535951148,0,1.1608766388304756,0