msdX(mean),msdX(std),msdY(mean),msdY(std),msdZ(mean),msdZ(std),DmsdX(mean),DmsdX(std),DmsdY(mean),DmsdY(std),DmsdZ(mean),DmsdZ(std)
741.2979234375,0,707.72443312500002,0,674.83186593749997,0,1.4145219767441861,0,1.3504580715563506,0,1.2876934830053666,0