msdX(mean),msdX(std),msdY(mean),msdY(std),msdZ(mean),msdZ(std),DmsdX(mean),DmsdX(std),DmsdY(mean),DmsdY(std),DmsdZ(mean),DmsdZ(std)
3774.9633384375002,0,3402.3423135937501,0,3808.17186890625,0,0.77693326303562604,0,0.70024333448459497,0,0.78376798158110028,0