msdX(mean),msdX(std),msdY(mean),msdY(std),msdZ(mean),msdZ(std),DmsdX(mean),DmsdX(std),DmsdY(mean),DmsdY(std),DmsdZ(mean),DmsdZ(std)
3862.2308076562499,0,3501.5517928125,0,3937.0284365624998,0,0.7632207309459409,0,0.69194645577828007,0,0.77800159305643035,0