msdX(mean),msdX(std),msdY(mean),msdY(std),msdZ(mean),msdZ(std),DmsdX(mean),DmsdX(std),DmsdY(mean),DmsdY(std),DmsdZ(mean),DmsdZ(std)
2582.1723009375,0,2361.2310098437501,0,2508.612823125,0,0.941762788240604,0,0.86118168748974244,0,0.9149343775644182,0