msdX(mean),msdX(std),msdY(mean),msdY(std),msdZ(mean),msdZ(std),DmsdX(mean),DmsdX(std),DmsdY(mean),DmsdY(std),DmsdZ(mean),DmsdZ(std)
5072.0661731250002,0,4551.78264890625,0,5195.4082635937502,0,0.6603027658442282,0,0.59257008288257063,0,0.67635995451283459,0