msdX(mean),msdX(std),msdY(mean),msdY(std),msdZ(mean),msdZ(std),DmsdX(mean),DmsdX(std),DmsdY(mean),DmsdY(std),DmsdZ(mean),DmsdZ(std)
1943.7165351562501,0,1809.3426525,0,1847.23149515625,0,1.0594914545092187,0,0.98624621642614774,0,1.006898870395732,0