msdX(mean),msdX(std),msdY(mean),msdY(std),msdZ(mean),msdZ(std),DmsdX(mean),DmsdX(std),DmsdY(mean),DmsdY(std),DmsdZ(mean),DmsdZ(std)
1617.5009953125,0,1524.0486726562499,0,1516.36595625,0,1.1300626129843592,0,1.064772405289633,0,1.0594048966438734,0