msdX(mean),msdX(std),msdY(mean),msdY(std),msdZ(mean),msdZ(std),DmsdX(mean),DmsdX(std),DmsdY(mean),DmsdY(std),DmsdZ(mean),DmsdZ(std)
1254.729054375,0,1198.2734324999999,0,1169.7398451562501,0,1.2204348354975199,0,1.1655222570761599,0,1.1377685489312812,0