msdX(mean),msdX(std),msdY(mean),msdY(std),msdZ(mean),msdZ(std),DmsdX(mean),DmsdX(std),DmsdY(mean),DmsdY(std),DmsdZ(mean),DmsdZ(std)
2998.6382714062502,0,2747.06550703125,0,2973.7694418750002,0,0.86980395763762752,0,0.79683117256589042,0,0.86259034786203004,0