msdX(mean),msdX(std),msdY(mean),msdY(std),msdZ(mean),msdZ(std),DmsdX(mean),DmsdX(std),DmsdY(mean),DmsdY(std),DmsdZ(mean),DmsdZ(std)
1349.1672440625,0,1286.2683534375001,0,1257.9790021875001,0,1.1951167012689345,0,1.1393997284414032,0,1.1143405103972897,0