msdX(mean),msdX(std),msdY(mean),msdY(std),msdZ(mean),msdZ(std),DmsdX(mean),DmsdX(std),DmsdY(mean),DmsdY(std),DmsdZ(mean),DmsdZ(std)
5664.2990470312498,0,5153.2120715624997,0,5882.9450596875004,0,0.60943302234214236,0,0.55444417419810366,0,0.63295757484365545,0