msdX(mean),msdX(std),msdY(mean),msdY(std),msdZ(mean),msdZ(std),DmsdX(mean),DmsdX(std),DmsdY(mean),DmsdY(std),DmsdZ(mean),DmsdZ(std)
3178.3498087500002,0,2899.4666329687502,0,3160.5287765624998,0,0.84757690053801082,0,0.77320656625632522,0,0.84282453024060489,0