msdX(mean),msdX(std),msdY(mean),msdY(std),msdZ(mean),msdZ(std),DmsdX(mean),DmsdX(std),DmsdY(mean),DmsdY(std),DmsdZ(mean),DmsdZ(std)
3969.9780778125,0,3582.4011707812501,0,4039.2236362499998,0,0.75445643969897602,0,0.68080114799281655,0,0.76761589712159983,0