msdX(mean),msdX(std),msdY(mean),msdY(std),msdZ(mean),msdZ(std),DmsdX(mean),DmsdX(std),DmsdY(mean),DmsdY(std),DmsdZ(mean),DmsdZ(std)
5161.3895601562499,0,4640.0278078125002,0,5281.5387881249999,0,0.65474421395951765,0,0.58860725863996388,0,0.66998565444901648,0