msdX(mean),msdX(std),msdY(mean),msdY(std),msdZ(mean),msdZ(std),DmsdX(mean),DmsdX(std),DmsdY(mean),DmsdY(std),DmsdZ(mean),DmsdZ(std)
956.60129812499997,0,916.18274953125001,0,889.32654000000002,0,1.3182454627667819,0,1.2625466377706578,0,1.2255374089194357,0