msdX(mean),msdX(std),msdY(mean),msdY(std),msdZ(mean),msdZ(std),DmsdX(mean),DmsdX(std),DmsdY(mean),DmsdY(std),DmsdZ(mean),DmsdZ(std)
5808.6345571874999,0,5302.0515065625004,0,6022.6428853124999,0,0.59897573317014885,0,0.54673781887681128,0,0.62104387913133263,0