msdX(mean),msdX(std),msdY(mean),msdY(std),msdZ(mean),msdZ(std),DmsdX(mean),DmsdX(std),DmsdY(mean),DmsdY(std),DmsdZ(mean),DmsdZ(std)
4811.4302414062504,0,4345.7947396874997,0,4916.8666518749997,0,0.67990825258731702,0,0.61410881158291342,0,0.69480758230926987,0