msdX(mean),msdX(std),msdY(mean),msdY(std),msdZ(mean),msdZ(std),DmsdX(mean),DmsdX(std),DmsdY(mean),DmsdY(std),DmsdZ(mean),DmsdZ(std)
5588.9069667187496,0,5084.0855549999997,0,5815.6182449999997,0,0.61465614362217647,0,0.55913695463000002,0,0.63958936953805168,0