msdX(mean),msdX(std),msdY(mean),msdY(std),msdZ(mean),msdZ(std),DmsdX(mean),DmsdX(std),DmsdY(mean),DmsdY(std),DmsdZ(mean),DmsdZ(std)
1700.5515131249999,0,1598.3676942187501,0,1599.4032764062499,0,1.1099209523459872,0,1.0432273175343272,0,1.0439032243556794,0