msdX(mean),msdX(std),msdY(mean),msdY(std),msdZ(mean),msdZ(std),DmsdX(mean),DmsdX(std),DmsdY(mean),DmsdY(std),DmsdZ(mean),DmsdZ(std)
3729.0824620312501,0,3361.8210665625002,0,3752.1933792187501,0,0.78374999202001894,0,0.7065618046579446,0,0.7886072675953657,0