msdX(mean),msdX(std),msdY(mean),msdY(std),msdZ(mean),msdZ(std),DmsdX(mean),DmsdX(std),DmsdY(mean),DmsdY(std),DmsdZ(mean),DmsdZ(std)
4590.87790078125,0,4131.4519715625001,0,4678.7659987500001,0,0.69849265517664372,0,0.62859194248236983,0,0.71186464899468238,0