msdX(mean),msdX(std),msdY(mean),msdY(std),msdZ(mean),msdZ(std),DmsdX(mean),DmsdX(std),DmsdY(mean),DmsdY(std),DmsdZ(mean),DmsdZ(std)
3615.8497073437502,0,3278.3830453125001,0,3632.13852890625,0,0.79357600459655664,0,0.71951168582927316,0,0.79715093690331185,0