msdX(mean),msdX(std),msdY(mean),msdY(std),msdZ(mean),msdZ(std),DmsdX(mean),DmsdX(std),DmsdY(mean),DmsdY(std),DmsdZ(mean),DmsdZ(std)
1457.9415269374999,0,1441.6253525625,0,1413.0968564375,0,0.87626332645073068,0,0.86645685275571227,0,0.84931043470584711,0