msdX(mean),msdX(std),msdY(mean),msdY(std),msdZ(mean),msdZ(std),DmsdX(mean),DmsdX(std),DmsdY(mean),DmsdY(std),DmsdZ(mean),DmsdZ(std)
64.887562937499993,0,63.458903687499998,0,62.5369631875,0,1.6644949877084221,0,1.6278470377297989,0,1.6041974310602822,0