msdX(mean),msdX(std),msdY(mean),msdY(std),msdZ(mean),msdZ(std),DmsdX(mean),DmsdX(std),DmsdY(mean),DmsdY(std),DmsdZ(mean),DmsdZ(std)
227.30615918749999,0,220.86093612499999,0,218.3148490625,0,1.3543564599056601,0,1.3159539391757695,0,1.3007836091112215,0