msdX(mean),msdX(std),msdY(mean),msdY(std),msdZ(mean),msdZ(std),DmsdX(mean),DmsdX(std),DmsdY(mean),DmsdY(std),DmsdZ(mean),DmsdZ(std)
280.02681762499998,0,272.3148505625,0,269.29497112500002,0,1.2991269664810949,0,1.2633488775806079,0,1.249338766527488,0