msdX(mean),msdX(std),msdY(mean),msdY(std),msdZ(mean),msdZ(std),DmsdX(mean),DmsdX(std),DmsdY(mean),DmsdY(std),DmsdZ(mean),DmsdZ(std)
6134.3570407500001,0,6178.8644291874998,0,5842.1359415625002,0,0.63956180375853622,0,0.64420209864854294,0,0.60909513022598138,0