msdX(mean),msdX(std),msdY(mean),msdY(std),msdZ(mean),msdZ(std),DmsdX(mean),DmsdX(std),DmsdY(mean),DmsdY(std),DmsdZ(mean),DmsdZ(std)
633.77254943749995,0,621.20449881249999,0,611.63311456250005,0,1.0806318158018129,0,1.0592023055145072,0,1.0428823460101169,0