msdX(mean),msdX(std),msdY(mean),msdY(std),msdZ(mean),msdZ(std),DmsdX(mean),DmsdX(std),DmsdY(mean),DmsdY(std),DmsdZ(mean),DmsdZ(std)
368.75369581249998,0,359.13509262500003,0,354.260136375,0,1.225434602533924,0,1.1934702607310994,0,1.177269907643312,0