msdX(mean),msdX(std),msdY(mean),msdY(std),msdZ(mean),msdZ(std),DmsdX(mean),DmsdX(std),DmsdY(mean),DmsdY(std),DmsdZ(mean),DmsdZ(std)
1409.6879590000001,0,1393.3618861875,0,1366.0307759375,0,0.88334615346053835,0,0.87311582303317981,0,0.8559894576166307,0