msdX(mean),msdX(std),msdY(mean),msdY(std),msdZ(mean),msdZ(std),DmsdX(mean),DmsdX(std),DmsdY(mean),DmsdY(std),DmsdZ(mean),DmsdZ(std)
171.79043150000001,0,167.237950375,0,164.94120512500001,0,1.4290067780396507,0,1.3911378098572023,0,1.3720327613337031,0