msdX(mean),msdX(std),msdY(mean),msdY(std),msdZ(mean),msdZ(std),DmsdX(mean),DmsdX(std),DmsdY(mean),DmsdY(std),DmsdZ(mean),DmsdZ(std)
3270.4260838750001,0,3271.2051050625,0,3141.2870521875002,0,0.72238423858582812,0,0.72255631176924273,0,0.6938595146860137,0