msdX(mean),msdX(std),msdY(mean),msdY(std),msdZ(mean),msdZ(std),DmsdX(mean),DmsdX(std),DmsdY(mean),DmsdY(std),DmsdZ(mean),DmsdZ(std)
801.4229909375,0,787.80031562500005,0,773.67303993749999,0,1.0204876794620119,0,1.0031413187075553,0,0.98515242776421896,0