msdX(mean),msdX(std),msdY(mean),msdY(std),msdZ(mean),msdZ(std),DmsdX(mean),DmsdX(std),DmsdY(mean),DmsdY(std),DmsdZ(mean),DmsdZ(std)
1234.6965876874999,0,1217.4677555625001,0,1197.019762875,0,0.91416119920592809,0,0.9014050856851108,0,0.88626552694414973,0