msdX(mean),msdX(std),msdY(mean),msdY(std),msdZ(mean),msdZ(std),DmsdX(mean),DmsdX(std),DmsdY(mean),DmsdY(std),DmsdZ(mean),DmsdZ(std)
381.32883168749999,0,371.68350099999998,0,366.75500499999998,0,1.2154552646222905,0,1.1847115416489586,0,1.1690023533786653,0