msdX(mean),msdX(std),msdY(mean),msdY(std),msdZ(mean),msdZ(std),DmsdX(mean),DmsdX(std),DmsdY(mean),DmsdY(std),DmsdZ(mean),DmsdZ(std)
828.41260431249998,0,815.05087125,0,800.29676374999997,0,1.011760462856474,0,0.995441453274167,0,0.9774219029250717,0