msdX(mean),msdX(std),msdY(mean),msdY(std),msdZ(mean),msdZ(std),DmsdX(mean),DmsdX(std),DmsdY(mean),DmsdY(std),DmsdZ(mean),DmsdZ(std)
2174.9415397500002,0,2163.7520546874998,0,2105.9893688749999,0,0.7924583409848609,0,0.78838135748574434,0,0.7673350344774188,0