msdX(mean),msdX(std),msdY(mean),msdY(std),msdZ(mean),msdZ(std),DmsdX(mean),DmsdX(std),DmsdY(mean),DmsdY(std),DmsdZ(mean),DmsdZ(std)
2950.2400938125002,0,2946.2613285624998,0,2839.8870751875002,0,0.73852009958258247,0,0.73752411348815961,0,0.71089593351043867,0