msdX(mean),msdX(std),msdY(mean),msdY(std),msdZ(mean),msdZ(std),DmsdX(mean),DmsdX(std),DmsdY(mean),DmsdY(std),DmsdZ(mean),DmsdZ(std)
1667.3504240625,0,1650.437144125,0,1613.8707738124999,0,0.84813592963146656,0,0.83953260294267262,0,0.82093228231980264,0