msdX(mean),msdX(std),msdY(mean),msdY(std),msdZ(mean),msdZ(std),DmsdX(mean),DmsdX(std),DmsdY(mean),DmsdY(std),DmsdZ(mean),DmsdZ(std)
2756.4582197499999,0,2747.2183907499998,0,2656.7126853125001,0,0.75003965073354339,0,0.74752546856080349,0,0.72289862415251349,0