msdX(mean),msdX(std),msdY(mean),msdY(std),msdZ(mean),msdZ(std),DmsdX(mean),DmsdX(std),DmsdY(mean),DmsdY(std),DmsdZ(mean),DmsdZ(std)
1843.0783434375001,0,1828.162734125,0,1784.2980239374999,0,0.82725919840696904,0,0.82056437989990727,0,0.8008758598121577,0