msdX(mean),msdX(std),msdY(mean),msdY(std),msdZ(mean),msdZ(std),DmsdX(mean),DmsdX(std),DmsdY(mean),DmsdY(std),DmsdZ(mean),DmsdZ(std)
437.21781881250001,0,426.60132556249999,0,420.24351793749997,0,1.1794914405265051,0,1.1508511098309429,0,1.1336995223348769,0