msdX(mean),msdX(std),msdY(mean),msdY(std),msdZ(mean),msdZ(std),DmsdX(mean),DmsdX(std),DmsdY(mean),DmsdY(std),DmsdZ(mean),DmsdZ(std)
80.748919812500006,0,78.828711249999998,0,77.825956312499997,0,1.6128279589713717,0,1.5744749250998669,0,1.5544465308754993,0