msdX(mean),msdX(std),msdY(mean),msdY(std),msdZ(mean),msdZ(std),DmsdX(mean),DmsdX(std),DmsdY(mean),DmsdY(std),DmsdZ(mean),DmsdZ(std)
4620.2835823750002,0,4647.5575330000001,0,4426.4414347499996,0,0.67250099447986256,0,0.67647082849366114,0,0.64428648454215964,0