msdX(mean),msdX(std),msdY(mean),msdY(std),msdZ(mean),msdZ(std),DmsdX(mean),DmsdX(std),DmsdY(mean),DmsdY(std),DmsdZ(mean),DmsdZ(std)
4161.4379451249997,0,4184.6124836250001,0,3987.7753263750001,0,0.68645106109530285,0,0.69027382302362983,0,0.65780449938141783,0