msdX(mean),msdX(std),msdY(mean),msdY(std),msdZ(mean),msdZ(std),DmsdX(mean),DmsdX(std),DmsdY(mean),DmsdY(std),DmsdZ(mean),DmsdZ(std)
592.44712462500001,0,579.74149918750004,0,571.92948262499999,0,1.09803933764248,0,1.0744907778472803,0,1.0600120148735057,0