msdX(mean),msdX(std),msdY(mean),msdY(std),msdZ(mean),msdZ(std),DmsdX(mean),DmsdX(std),DmsdY(mean),DmsdY(std),DmsdZ(mean),DmsdZ(std)
1080.5542853125,0,1064.7794858125001,0,1048.1339324999999,0,0.94529790943719483,0,0.93149769116789394,0,0.91693571407742214,0