msdX(mean),msdX(std),msdY(mean),msdY(std),msdZ(mean),msdZ(std),DmsdX(mean),DmsdX(std),DmsdY(mean),DmsdY(std),DmsdZ(mean),DmsdZ(std)
77.860463124999995,0,76.097370062500005,0,75.102092499999998,0,1.6209673100277584,0,1.5842616945697434,0,1.56354113462873,0