msdX(mean),msdX(std),msdY(mean),msdY(std),msdZ(mean),msdZ(std),DmsdX(mean),DmsdX(std),DmsdY(mean),DmsdY(std),DmsdZ(mean),DmsdZ(std)
96.958849749999999,0,94.591125937499996,0,93.295759875000002,0,1.5718808389624426,0,1.5334956920426912,0,1.5124954316400974,0