msdX(mean),msdX(std),msdY(mean),msdY(std),msdZ(mean),msdZ(std),DmsdX(mean),DmsdX(std),DmsdY(mean),DmsdY(std),DmsdZ(mean),DmsdZ(std)
724.26272731250003,0,712.30335956249996,0,699.03086949999999,0,1.0451624329873972,0,1.0279042179457885,0,1.0087510743662513,0