msdX(mean),msdX(std),msdY(mean),msdY(std),msdZ(mean),msdZ(std),DmsdX(mean),DmsdX(std),DmsdY(mean),DmsdY(std),DmsdZ(mean),DmsdZ(std)
5325.9283246249997,0,5351.8736200624999,0,5078.2088488125,0,0.65609103493922716,0,0.65928718680193399,0,0.62557494133936264,0