msdX(mean),msdX(std),msdY(mean),msdY(std),msdZ(mean),msdZ(std),DmsdX(mean),DmsdX(std),DmsdY(mean),DmsdY(std),DmsdZ(mean),DmsdZ(std)
4467.2969136874999,0,4482.7052535624998,0,4274.9636568750002,0,0.67792799503576329,0,0.68026626472325213,0,0.64874074787292169,0