msdX(mean),msdX(std),msdY(mean),msdY(std),msdZ(mean),msdZ(std),DmsdX(mean),DmsdX(std),DmsdY(mean),DmsdY(std),DmsdZ(mean),DmsdZ(std)
408.01893725000002,0,398.21523537500002,0,392.60583018749998,0,1.1964779939885637,0,1.1677295402228631,0,1.1512804755999217,0