msdX(mean),msdX(std),msdY(mean),msdY(std),msdZ(mean),msdZ(std),DmsdX(mean),DmsdX(std),DmsdY(mean),DmsdY(std),DmsdZ(mean),DmsdZ(std)
270.63501706250003,0,262.94039887500003,0,259.9795376875,0,1.3091019851459209,0,1.2718819681151243,0,1.2575598404748469,0