msdX(mean),msdX(std),msdY(mean),msdY(std),msdZ(mean),msdZ(std),DmsdX(mean),DmsdX(std),DmsdY(mean),DmsdY(std),DmsdZ(mean),DmsdZ(std)
112.10226274999999,0,109.29745468749999,0,107.80985662499999,0,1.5381055945575122,0,1.4996220629430597,0,1.4792113874914248,0