msdX(mean),msdX(std),msdY(mean),msdY(std),msdZ(mean),msdZ(std),DmsdX(mean),DmsdX(std),DmsdY(mean),DmsdY(std),DmsdZ(mean),DmsdZ(std)
1118.0690100625,0,1102.1698214375001,0,1083.7590599375001,0,0.93814788207797839,0,0.92480721168906554,0,0.90935913401834789,0