msdX(mean),msdX(std),msdY(mean),msdY(std),msdZ(mean),msdZ(std),DmsdX(mean),DmsdX(std),DmsdY(mean),DmsdY(std),DmsdZ(mean),DmsdZ(std)
44.829189562499998,0,43.944141125000002,0,43.283388875,0,1.7443264421206226,0,1.7098887597276267,0,1.6841785554474709,0