msdX(mean),msdX(std),msdY(mean),msdY(std),msdZ(mean),msdZ(std),DmsdX(mean),DmsdX(std),DmsdY(mean),DmsdY(std),DmsdZ(mean),DmsdZ(std)
69.769085625000002,0,68.259226312500004,0,67.295885062500005,0,1.6461443718049549,0,1.6105204792567835,0,1.587791232304365,0