msdX(mean),msdX(std),msdY(mean),msdY(std),msdZ(mean),msdZ(std),DmsdX(mean),DmsdX(std),DmsdY(mean),DmsdY(std),DmsdZ(mean),DmsdZ(std)
1276.4687200000001,0,1258.7497080625001,0,1236.0011993749999,0,0.90648632603060753,0,0.89390314104498814,0,0.87774825080779739,0