msdX(mean),msdX(std),msdY(mean),msdY(std),msdZ(mean),msdZ(std),DmsdX(mean),DmsdX(std),DmsdY(mean),DmsdY(std),DmsdZ(mean),DmsdZ(std)
678.23217131249999,0,664.41114268750005,0,654.240446625,0,1.0638657885741549,0,1.0421863104559359,0,1.0262326945047189,0