msdX(mean),msdX(std),msdY(mean),msdY(std),msdZ(mean),msdZ(std),DmsdX(mean),DmsdX(std),DmsdY(mean),DmsdY(std),DmsdZ(mean),DmsdZ(std)
3627.2930661874998,0,3630.7432103750002,0,3479.2021210624998,0,0.70697590645637554,0,0.70764835524114578,0,0.67811230810429346,0