msdX(mean),msdX(std),msdY(mean),msdY(std),msdZ(mean),msdZ(std),DmsdX(mean),DmsdX(std),DmsdY(mean),DmsdY(std),DmsdZ(mean),DmsdZ(std)
62.591254312499998,0,61.184434250000002,0,60.255783874999999,0,1.6735629495320856,0,1.6359474398395724,0,1.611117215909091,0