msdX(mean),msdX(std),msdY(mean),msdY(std),msdZ(mean),msdZ(std),DmsdX(mean),DmsdX(std),DmsdY(mean),DmsdY(std),DmsdZ(mean),DmsdZ(std)
48.252305187499999,0,47.337115312500003,0,46.57659675,0,1.7274094935859188,0,1.6946461329057281,0,1.6674199313842482,0