msdX(mean),msdX(std),msdY(mean),msdY(std),msdZ(mean),msdZ(std),DmsdX(mean),DmsdX(std),DmsdY(mean),DmsdY(std),DmsdZ(mean),DmsdZ(std)
67.277528500000003,0,65.832251374999998,0,64.851901062500005,0,1.6550437515375156,0,1.6194895787207872,0,1.5953727198646988,0