msdX(mean),msdX(std),msdY(mean),msdY(std),msdZ(mean),msdZ(std),DmsdX(mean),DmsdX(std),DmsdY(mean),DmsdY(std),DmsdZ(mean),DmsdZ(std)
53.995328375,0,52.881939062500003,0,52.038973562499997,0,1.7060135347551344,0,1.6708353574249606,0,1.6442013763823065,0