msdX(mean),msdX(std),msdY(mean),msdY(std),msdZ(mean),msdZ(std),DmsdX(mean),DmsdX(std),DmsdY(mean),DmsdY(std),DmsdZ(mean),DmsdZ(std)
1045.56326625,0,1030.1189427500001,0,1014.2755420625,0,0.95363304108901847,0,0.93954664606895288,0,0.92509626237002907,0