msdX(mean),msdX(std),msdY(mean),msdY(std),msdZ(mean),msdZ(std),DmsdX(mean),DmsdX(std),DmsdY(mean),DmsdY(std),DmsdZ(mean),DmsdZ(std)
978.37285018750003,0,963.47682718750002,0,947.28199393750003,0,0.96998250154910037,0,0.95521422414861457,0,0.9391582748599614,0