msdX(mean),msdX(std),msdY(mean),msdY(std),msdZ(mean),msdZ(std),DmsdX(mean),DmsdX(std),DmsdY(mean),DmsdY(std),DmsdZ(mean),DmsdZ(std)
655.27530612500004,0,642.33216843749994,0,632.50697762499999,0,1.0716451800997602,0,1.0504778158048953,0,1.0344095796309418,0