msdX(mean),msdX(std),msdY(mean),msdY(std),msdZ(mean),msdZ(std),DmsdX(mean),DmsdX(std),DmsdY(mean),DmsdY(std),DmsdZ(mean),DmsdZ(std)
104.25540881249999,0,101.74808375000001,0,100.29232175,0,1.5548905117449665,0,1.5174956562266966,0,1.4957840678598062,0