msdX(mean),msdX(std),msdY(mean),msdY(std),msdZ(mean),msdZ(std),DmsdX(mean),DmsdX(std),DmsdY(mean),DmsdY(std),DmsdZ(mean),DmsdZ(std)
177.854414375,0,173.15047275000001,0,170.84412212500001,0,1.4190511785239364,0,1.3815197293882979,0,1.3631179956781916,0