msdX(mean),msdX(std),msdY(mean),msdY(std),msdZ(mean),msdZ(std),DmsdX(mean),DmsdX(std),DmsdY(mean),DmsdY(std),DmsdZ(mean),DmsdZ(std)
2037.8934139375001,0,2021.025826625,0,1972.0891413125,0,0.80711846565705569,0,0.80043796848390036,0,0.78105633542417519,0