msdX(mean),msdX(std),msdY(mean),msdY(std),msdZ(mean),msdZ(std),DmsdX(mean),DmsdX(std),DmsdY(mean),DmsdY(std),DmsdZ(mean),DmsdZ(std)
6354.8097483749998,0,6406.0750445624999,0,6049.7457053750004,0,0.63548097483749999,0,0.64060750445625003,0,0.60497457053750003,0