msdX(mean),msdX(std),msdY(mean),msdY(std),msdZ(mean),msdZ(std),DmsdX(mean),DmsdX(std),DmsdY(mean),DmsdY(std),DmsdZ(mean),DmsdZ(std)
46.4594121875,0,45.597022687500001,0,44.886486437499997,0,1.7346389117921595,0,1.7024401750155571,0,1.6759111302115743,0