msdX(mean),msdX(std),msdY(mean),msdY(std),msdZ(mean),msdZ(std),DmsdX(mean),DmsdX(std),DmsdY(mean),DmsdY(std),DmsdZ(mean),DmsdZ(std)
5921.3128483125001,0,5962.6286229375,0,5640.2483436875,0,0.64364311615571923,0,0.64813411580516367,0,0.61309157492966249,0