msdX(mean),msdX(std),msdY(mean),msdY(std),msdZ(mean),msdZ(std),DmsdX(mean),DmsdX(std),DmsdY(mean),DmsdY(std),DmsdZ(mean),DmsdZ(std)
35.824028624999997,0,35.179350249999999,0,34.604165187500001,0,1.7912014312499998,0,1.7589675124999999,0,1.7302082593750001,0