msdX(mean),msdX(std),msdY(mean),msdY(std),msdZ(mean),msdZ(std),DmsdX(mean),DmsdX(std),DmsdY(mean),DmsdY(std),DmsdZ(mean),DmsdZ(std)
160.0438683125,0,155.99980256250001,0,153.78456499999999,0,1.4470512505650994,0,1.4104864607820977,0,1.3904571880650993,0