msdX(mean),msdX(std),msdY(mean),msdY(std),msdZ(mean),msdZ(std),DmsdX(mean),DmsdX(std),DmsdY(mean),DmsdY(std),DmsdZ(mean),DmsdZ(std)
356.33765031249999,0,346.85978625000001,0,342.22997018749999,0,1.2346398925189119,0,1.2018009571519317,0,1.18575955484495,0