msdX(mean),msdX(std),msdY(mean),msdY(std),msdZ(mean),msdZ(std),DmsdX(mean),DmsdX(std),DmsdY(mean),DmsdY(std),DmsdZ(mean),DmsdZ(std)
1154.3882946875001,0,1139.5675331875,0,1120.1463105,0,0.92906022214360451,0,0.9171323638701846,0,0.90150202046893446,0