msdX(mean),msdX(std),msdY(mean),msdY(std),msdZ(mean),msdZ(std),DmsdX(mean),DmsdX(std),DmsdY(mean),DmsdY(std),DmsdZ(mean),DmsdZ(std)
50.114067812499997,0,49.122981562500001,0,48.317406124999998,0,1.7211471486834573,0,1.6871086970520892,0,1.6594415383514596,0