msdX(mean),msdX(std),msdY(mean),msdY(std),msdZ(mean),msdZ(std),DmsdX(mean),DmsdX(std),DmsdY(mean),DmsdY(std),DmsdZ(mean),DmsdZ(std)
3052.4112344999999,0,3050.3748553125001,0,2936.9248044999999,0,0.73288064310495926,0,0.73239171065979192,0,0.7051524759000708,0