msdX(mean),msdX(std),msdY(mean),msdY(std),msdZ(mean),msdZ(std),DmsdX(mean),DmsdX(std),DmsdY(mean),DmsdY(std),DmsdZ(mean),DmsdZ(std)
1611.885692625,0,1596.9318989999999,0,1561.3428659374999,0,0.85484723169222621,0,0.84691663888275071,0,0.82804235609006938,0