msdX(mean),msdX(std),msdY(mean),msdY(std),msdZ(mean),msdZ(std),DmsdX(mean),DmsdX(std),DmsdY(mean),DmsdY(std),DmsdZ(mean),DmsdZ(std)
467.85784374999997,0,456.85380131250002,0,449.716369875,0,1.161129658545665,0,1.1338198245677531,0,1.1161061462814361,0