msdX(mean),msdX(std),msdY(mean),msdY(std),msdZ(mean),msdZ(std),DmsdX(mean),DmsdX(std),DmsdY(mean),DmsdY(std),DmsdZ(mean),DmsdZ(std)
165.75527099999999,0,161.56812912500001,0,159.28872493750001,0,1.437599921942758,0,1.4012847278837817,0,1.3815153940806593,0