msdX(mean),msdX(std),msdY(mean),msdY(std),msdZ(mean),msdZ(std),DmsdX(mean),DmsdX(std),DmsdY(mean),DmsdY(std),DmsdZ(mean),DmsdZ(std)
394.53509706249997,0,384.37148612499999,0,379.65967000000001,0,1.2061604923952918,0,1.1750886154845612,0,1.1606837970039743,0