msdX(mean),msdX(std),msdY(mean),msdY(std),msdZ(mean),msdZ(std),DmsdX(mean),DmsdX(std),DmsdY(mean),DmsdY(std),DmsdZ(mean),DmsdZ(std)
4958.1278920625,0,4987.7868875000004,0,4737.7348869375001,0,0.66391791073393303,0,0.66788939729378083,0,0.63440619447965652,0