msdX(mean),msdX(std),msdY(mean),msdY(std),msdZ(mean),msdZ(std),DmsdX(mean),DmsdX(std),DmsdY(mean),DmsdY(std),DmsdZ(mean),DmsdZ(std)
86.893671937500002,0,84.710382124999995,0,83.695979500000007,0,1.5963320013012861,0,1.556222574249847,0,1.5375868860992041,0