msdX(mean),msdX(std),msdY(mean),msdY(std),msdZ(mean),msdZ(std),DmsdX(mean),DmsdX(std),DmsdY(mean),DmsdY(std),DmsdZ(mean),DmsdZ(std)
2405.8731950625001,0,2394.3966175,0,2326.9057713124998,0,0.77350147197945585,0,0.76981168913632902,0,0.7481130106780014,0