msdX(mean),msdX(std),msdY(mean),msdY(std),msdZ(mean),msdZ(std),DmsdX(mean),DmsdX(std),DmsdY(mean),DmsdY(std),DmsdZ(mean),DmsdZ(std)
252.63259887500001,0,245.16979043750001,0,242.62708431249999,0,1.3282471023922189,0,1.2890104649710832,0,1.2756418733569928,0