msdX(mean),msdX(std),msdY(mean),msdY(std),msdZ(mean),msdZ(std),DmsdX(mean),DmsdX(std),DmsdY(mean),DmsdY(std),DmsdZ(mean),DmsdZ(std)
1723.4226695625,0,1707.533240875,0,1668.7071369375001,0,0.84085121749392155,0,0.83309882703676297,0,0.81415572193377628,0