msdX(mean),msdX(std),msdY(mean),msdY(std),msdZ(mean),msdZ(std),DmsdX(mean),DmsdX(std),DmsdY(mean),DmsdY(std),DmsdZ(mean),DmsdZ(std)
143.8990090625,0,140.17331787500001,0,138.20786712500001,0,1.474626907557643,0,1.4364473223740395,0,1.4163060678906918,0