msdX(mean),msdX(std),msdY(mean),msdY(std),msdZ(mean),msdZ(std),DmsdX(mean),DmsdX(std),DmsdY(mean),DmsdY(std),DmsdZ(mean),DmsdZ(std)
536.043704875,0,523.71059487499997,0,516.06941606249995,0,1.1259057023209411,0,1.1000012494749003,0,1.0839517245589161,0