msdX(mean),msdX(std),msdY(mean),msdY(std),msdZ(mean),msdZ(std),DmsdX(mean),DmsdX(std),DmsdY(mean),DmsdY(std),DmsdZ(mean),DmsdZ(std)
2104.8765724374998,0,2091.5268405000002,0,2037.6661208124999,0,0.79959349617115971,0,0.79452224450128528,0,0.77406181383985662,0