msdX(mean),msdX(std),msdY(mean),msdY(std),msdZ(mean),msdZ(std),DmsdX(mean),DmsdX(std),DmsdY(mean),DmsdY(std),DmsdZ(mean),DmsdZ(std)
5140.4988013749999,0,5168.0077823125002,0,4904.0159702499996,0,0.6602190843078326,0,0.66375219556931953,0,0.62984645234104575,0