msdX(mean),msdX(std),msdY(mean),msdY(std),msdZ(mean),msdZ(std),DmsdX(mean),DmsdX(std),DmsdY(mean),DmsdY(std),DmsdZ(mean),DmsdZ(std)
37.219019500000002,0,36.538866312499998,0,35.939623124999997,0,1.7836590814696487,0,1.7510638807907346,0,1.7223461561501596,0