msdX(mean),msdX(std),msdY(mean),msdY(std),msdZ(mean),msdZ(std),DmsdX(mean),DmsdX(std),DmsdY(mean),DmsdY(std),DmsdZ(mean),DmsdZ(std)
4021.3150016250001,0,4040.0931181249998,0,3852.7245061250001,0,0.69158927555205862,0,0.69481875247222502,0,0.66259493449678397,0