msdX(mean),msdX(std),msdY(mean),msdY(std),msdZ(mean),msdZ(std),DmsdX(mean),DmsdX(std),DmsdY(mean),DmsdY(std),DmsdZ(mean),DmsdZ(std)
81.048880749999995,0,81.238999500000006,0,81.284310000000005,0,2.3560721148255812,0,2.3615988226744187,0,2.3629159883720932,0