msdX(mean),msdX(std),msdY(mean),msdY(std),msdZ(mean),msdZ(std),DmsdX(mean),DmsdX(std),DmsdY(mean),DmsdY(std),DmsdZ(mean),DmsdZ(std)
3653.3045375000002,0,3660.0824107499998,0,3649.7672360000001,0,0.80695589778232646,0,0.8084530203838961,0,0.80617456507973917,0