msdX(mean),msdX(std),msdY(mean),msdY(std),msdZ(mean),msdZ(std),DmsdX(mean),DmsdX(std),DmsdY(mean),DmsdY(std),DmsdZ(mean),DmsdZ(std)
154.64549550000001,0,154.85960224999999,0,154.76710750000001,0,2.305847348409543,0,2.3090397949801194,0,2.30766064860835,0