msdX(mean),msdX(std),msdY(mean),msdY(std),msdZ(mean),msdZ(std),DmsdX(mean),DmsdX(std),DmsdY(mean),DmsdY(std),DmsdZ(mean),DmsdZ(std)
3959.0045340000001,0,3961.0909499999998,0,3966.0609057500001,0,0.44867003135435712,0,0.44890648279665751,0,0.44946972292003506,0