msdX(mean),msdX(std),msdY(mean),msdY(std),msdZ(mean),msdZ(std),DmsdX(mean),DmsdX(std),DmsdY(mean),DmsdY(std),DmsdZ(mean),DmsdZ(std)
429.53411449999999,0,429.37787524999999,0,429.07604125,0,2.1657182243697477,0,2.1649304634453781,0,2.1634086113445377,0