msdX(mean),msdX(std),msdY(mean),msdY(std),msdZ(mean),msdZ(std),DmsdX(mean),DmsdX(std),DmsdY(mean),DmsdY(std),DmsdZ(mean),DmsdZ(std)
54.068510000000003,0,54.137270749999999,0,54.056932000000003,0,2.3853754411764707,0,2.3884090036764705,0,2.3848646470588237,0