msdX(mean),msdX(std),msdY(mean),msdY(std),msdZ(mean),msdZ(std),DmsdX(mean),DmsdX(std),DmsdY(mean),DmsdY(std),DmsdZ(mean),DmsdZ(std)
1040.3009525,0,1041.3039295000001,0,1040.6220525000001,0,1.9279113278354336,0,1.929770069495923,0,1.9285063982579689,0