msdX(mean),msdX(std),msdY(mean),msdY(std),msdZ(mean),msdZ(std),DmsdX(mean),DmsdX(std),DmsdY(mean),DmsdY(std),DmsdZ(mean),DmsdZ(std)
2867.4268042499998,0,2876.366579,0,2873.7239420000001,0,1.2344345223933069,0,1.238283118129897,0,1.2371454561891915,0