msdX(mean),msdX(std),msdY(mean),msdY(std),msdZ(mean),msdZ(std),DmsdX(mean),DmsdX(std),DmsdY(mean),DmsdY(std),DmsdZ(mean),DmsdZ(std)
131.73919925000001,0,131.96638024999999,0,131.99786950000001,0,2.3193520994718315,0,2.3233517649647886,0,2.3239061531690144,0