msdX(mean),msdX(std),msdY(mean),msdY(std),msdZ(mean),msdZ(std),DmsdX(mean),DmsdX(std),DmsdY(mean),DmsdY(std),DmsdZ(mean),DmsdZ(std)
3779.8500212499998,0,3783.34015675,0,3779.524238,0,0.70661087898341202,0,0.70726333019167742,0,0.70654997656999718,0