msdX(mean),msdX(std),msdY(mean),msdY(std),msdZ(mean),msdZ(std),DmsdX(mean),DmsdX(std),DmsdY(mean),DmsdY(std),DmsdZ(mean),DmsdZ(std)
2927.19696075,0,2935.5301627499998,0,2931.9549272499999,0,1.2086864979560656,0,1.212127410500454,0,1.2106511385126764,0