msdX(mean),msdX(std),msdY(mean),msdY(std),msdZ(mean),msdZ(std),DmsdX(mean),DmsdX(std),DmsdY(mean),DmsdY(std),DmsdZ(mean),DmsdZ(std)
1153.8561575000001,0,1153.1939855000001,0,1154.6918029999999,0,1.8870303491604885,0,1.885947425043611,0,1.8883969739424333,0