msdX(mean),msdX(std),msdY(mean),msdY(std),msdZ(mean),msdZ(std),DmsdX(mean),DmsdX(std),DmsdY(mean),DmsdY(std),DmsdZ(mean),DmsdZ(std)
3923.2237664999998,0,3933.3774122499999,0,3927.5775039999999,0,0.5253379440948045,0,0.52669756457552219,0,0.52592092983395822,0