msdX(mean),msdX(std),msdY(mean),msdY(std),msdZ(mean),msdZ(std),DmsdX(mean),DmsdX(std),DmsdY(mean),DmsdY(std),DmsdZ(mean),DmsdZ(std)
188.79679225000001,0,189.13157899999999,0,188.5047735,0,2.2856754509685233,0,2.2897285593220338,0,2.2821401150121066,0