msdX(mean),msdX(std),msdY(mean),msdY(std),msdZ(mean),msdZ(std),DmsdX(mean),DmsdX(std),DmsdY(mean),DmsdY(std),DmsdZ(mean),DmsdZ(std)
727.78188450000005,0,727.27331775000005,0,727.09382325000001,0,2.0466307213160855,0,2.0452005561023623,0,2.0446957909167605,0