msdX(mean),msdX(std),msdY(mean),msdY(std),msdZ(mean),msdZ(std),DmsdX(mean),DmsdX(std),DmsdY(mean),DmsdY(std),DmsdZ(mean),DmsdZ(std)
605.34083475,0,604.09559275000004,0,603.81354375000001,0,2.0970236769630484,0,2.0927099056004619,0,2.0917328305427252,0