msdX(mean),msdX(std),msdY(mean),msdY(std),msdZ(mean),msdZ(std),DmsdX(mean),DmsdX(std),DmsdY(mean),DmsdY(std),DmsdZ(mean),DmsdZ(std)
3209.2111502500002,0,3212.9744055000001,0,3210.0873302499999,0,1.0757132347206704,0,1.0769746610614526,0,1.0760069263407821,0