msdX(mean),msdX(std),msdY(mean),msdY(std),msdZ(mean),msdZ(std),DmsdX(mean),DmsdX(std),DmsdY(mean),DmsdY(std),DmsdZ(mean),DmsdZ(std)
137.18119949999999,0,137.36209349999999,0,137.36454375,0,2.3172499915540539,0,2.3203056334459458,0,2.3203470228040541,0