msdX(mean),msdX(std),msdY(mean),msdY(std),msdZ(mean),msdZ(std),DmsdX(mean),DmsdX(std),DmsdY(mean),DmsdY(std),DmsdZ(mean),DmsdZ(std)
174.1449125,0,174.56984174999999,0,174.35084449999999,0,2.2913804276315788,0,2.2969716019736843,0,2.2940900592105264,0