msdX(mean),msdX(std),msdY(mean),msdY(std),msdZ(mean),msdZ(std),DmsdX(mean),DmsdX(std),DmsdY(mean),DmsdY(std),DmsdZ(mean),DmsdZ(std)
561.19192899999996,0,560.54253574999996,0,560.24864049999996,0,2.1134519043434596,0,2.1110062857770524,0,2.1098994746422295,0