msdX(mean),msdX(std),msdY(mean),msdY(std),msdZ(mean),msdZ(std),DmsdX(mean),DmsdX(std),DmsdY(mean),DmsdY(std),DmsdZ(mean),DmsdZ(std)
368.25238975000002,0,368.38811325,0,367.96452475000001,0,2.1937195576846702,0,2.1945280773431293,0,2.1920047145552024,0