msdX(mean),msdX(std),msdY(mean),msdY(std),msdZ(mean),msdZ(std),DmsdX(mean),DmsdX(std),DmsdY(mean),DmsdY(std),DmsdZ(mean),DmsdZ(std)
970.62353374999998,0,969.95535749999999,0,970.26356825000005,0,1.955325410455278,0,1.9539793664383562,0,1.9546002583601936,0