msdX(mean),msdX(std),msdY(mean),msdY(std),msdZ(mean),msdZ(std),DmsdX(mean),DmsdX(std),DmsdY(mean),DmsdY(std),DmsdZ(mean),DmsdZ(std)
167.51313099999999,0,167.87642525000001,0,167.57665725000001,0,2.296797957038391,0,2.3017791396252285,0,2.2976689750914079,0