msdX(mean),msdX(std),msdY(mean),msdY(std),msdZ(mean),msdZ(std),DmsdX(mean),DmsdX(std),DmsdY(mean),DmsdY(std),DmsdZ(mean),DmsdZ(std)
3976.9943012499998,0,3974.5192872500002,0,3981.2877060000001,0,0.41463592556456041,0,0.41437788402792747,0,0.41508355000590802,0