msdX(mean),msdX(std),msdY(mean),msdY(std),msdZ(mean),msdZ(std),DmsdX(mean),DmsdX(std),DmsdY(mean),DmsdY(std),DmsdZ(mean),DmsdZ(std)
2808.9517930000002,0,2816.2175510000002,0,2813.88968475,0,1.260788081480595,0,1.2640492912714325,0,1.2630044367350908,0