msdX(mean),msdX(std),msdY(mean),msdY(std),msdZ(mean),msdZ(std),DmsdX(mean),DmsdX(std),DmsdY(mean),DmsdY(std),DmsdZ(mean),DmsdZ(std)
628.18123000000003,0,627.16182500000002,0,627.07815249999999,0,2.0874431657066905,0,2.0840556878599914,0,2.0837776445502878,0