msdX(mean),msdX(std),msdY(mean),msdY(std),msdZ(mean),msdZ(std),DmsdX(mean),DmsdX(std),DmsdY(mean),DmsdY(std),DmsdZ(mean),DmsdZ(std)
481.75446925,0,481.30471325000002,0,481.51155899999998,0,2.1436716222930881,0,2.1416703348412938,0,2.1425907401364581,0