msdX(mean),msdX(std),msdY(mean),msdY(std),msdZ(mean),msdZ(std),DmsdX(mean),DmsdX(std),DmsdY(mean),DmsdY(std),DmsdZ(mean),DmsdZ(std)
446.23290250000002,0,445.77238975,0,445.91651050000002,0,2.158495174943567,0,2.1562676060141892,0,2.156964739600129,0