msdX(mean),msdX(std),msdY(mean),msdY(std),msdZ(mean),msdZ(std),DmsdX(mean),DmsdX(std),DmsdY(mean),DmsdY(std),DmsdZ(mean),DmsdZ(std)
755.01428750000002,0,754.32697450000001,0,754.213166,0,2.0365427643409459,0,2.034688836090631,0,2.0343818539830965,0