msdX(mean),msdX(std),msdY(mean),msdY(std),msdZ(mean),msdZ(std),DmsdX(mean),DmsdX(std),DmsdY(mean),DmsdY(std),DmsdZ(mean),DmsdZ(std)
1411.254968,0,1408.1594150000001,0,1411.7748005000001,0,1.7970139660441424,0,1.7930722601867572,0,1.7976758919779288,0