msdX(mean),msdX(std),msdY(mean),msdY(std),msdZ(mean),msdZ(std),DmsdX(mean),DmsdX(std),DmsdY(mean),DmsdY(std),DmsdZ(mean),DmsdZ(std)
3807.7850149999999,0,3812.10153425,0,3804.3236957499998,0,0.68275766502103852,0,0.68353164164853686,0,0.68213703065231424,0