msdX(mean),msdX(std),msdY(mean),msdY(std),msdZ(mean),msdZ(std),DmsdX(mean),DmsdX(std),DmsdY(mean),DmsdY(std),DmsdZ(mean),DmsdZ(std)
56.392881500000001,0,56.479722000000002,0,56.391947999999999,0,2.3827978098591549,0,2.3864671267605635,0,2.3827583661971827,0