msdX(mean),msdX(std),msdY(mean),msdY(std),msdZ(mean),msdZ(std),DmsdX(mean),DmsdX(std),DmsdY(mean),DmsdY(std),DmsdZ(mean),DmsdZ(std)
315.45783625000001,0,315.45727825,0,314.73035850000002,0,2.2204915737916471,0,2.2204876460581886,0,2.2153708951196625,0