msdX(mean),msdX(std),msdY(mean),msdY(std),msdZ(mean),msdZ(std),DmsdX(mean),DmsdX(std),DmsdY(mean),DmsdY(std),DmsdZ(mean),DmsdZ(std)
2748.762827,0,2754.2318974999998,0,2755.0382797500001,0,1.286311923784863,0,1.2888712317495474,0,1.2892485866428527,0