msdX(mean),msdX(std),msdY(mean),msdY(std),msdZ(mean),msdZ(std),DmsdX(mean),DmsdX(std),DmsdY(mean),DmsdY(std),DmsdZ(mean),DmsdZ(std)
500.73449475000001,0,500.15986049999998,0,500.56707799999998,0,2.1368470615220483,0,2.1343948527738261,0,2.1361326230440967,0