msdX(mean),msdX(std),msdY(mean),msdY(std),msdZ(mean),msdZ(std),DmsdX(mean),DmsdX(std),DmsdY(mean),DmsdY(std),DmsdZ(mean),DmsdZ(std)
1365.24912425,0,1362.2138004999999,0,1366.0146239999999,0,1.8124379913045403,0,1.8084084438888397,0,1.8134542313479067,0