msdX(mean),msdX(std),msdY(mean),msdY(std),msdZ(mean),msdZ(std),DmsdX(mean),DmsdX(std),DmsdY(mean),DmsdY(std),DmsdZ(mean),DmsdZ(std)
2689.4353042500002,0,2694.2114777500001,0,2693.5592885000001,0,1.3121330155716378,0,1.3144632352008458,0,1.3141450423646124,0