msdX(mean),msdX(std),msdY(mean),msdY(std),msdZ(mean),msdZ(std),DmsdX(mean),DmsdX(std),DmsdY(mean),DmsdY(std),DmsdZ(mean),DmsdZ(std)
1319.4469172500001,0,1318.2734009999999,0,1321.57650975,0,1.8261398559466693,0,1.8245156869348589,0,1.8290872528372395,0