msdX(mean),msdX(std),msdY(mean),msdY(std),msdZ(mean),msdZ(std),DmsdX(mean),DmsdX(std),DmsdY(mean),DmsdY(std),DmsdZ(mean),DmsdZ(std)
3984.2667034999999,0,3975.7980402500002,0,3978.8472812499999,0,0.39842667035000001,0,0.39757980402500004,0,0.39788472812499998,0