msdX(mean),msdX(std),msdY(mean),msdY(std),msdZ(mean),msdZ(std),DmsdX(mean),DmsdX(std),DmsdY(mean),DmsdY(std),DmsdZ(mean),DmsdZ(std)
68.922706000000005,0,69.107802750000005,0,69.147766500000003,0,2.3657679405034329,0,2.3721213758581237,0,2.3734931292906181,0