msdX(mean),msdX(std),msdY(mean),msdY(std),msdZ(mean),msdZ(std),DmsdX(mean),DmsdX(std),DmsdY(mean),DmsdY(std),DmsdZ(mean),DmsdZ(std)
66.248253750000003,0,66.394076999999996,0,66.371435500000004,0,2.371655862171838,0,2.3768762649164676,0,2.3760657100238665,0