msdX(mean),msdX(std),msdY(mean),msdY(std),msdZ(mean),msdZ(std),DmsdX(mean),DmsdX(std),DmsdY(mean),DmsdY(std),DmsdZ(mean),DmsdZ(std)
259.21055725000002,0,259.664627,0,258.60935649999999,0,2.2474903807803472,0,2.2514274017341043,0,2.242277657514451,0