msdX(mean),msdX(std),msdY(mean),msdY(std),msdZ(mean),msdZ(std),DmsdX(mean),DmsdX(std),DmsdY(mean),DmsdY(std),DmsdZ(mean),DmsdZ(std)
1980.0001032499999,0,1975.1835472499999,0,1981.25382025,0,1.593518700973817,0,1.5896423011455092,0,1.5945277016713166,0