msdX(mean),msdX(std),msdY(mean),msdY(std),msdZ(mean),msdZ(std),DmsdX(mean),DmsdX(std),DmsdY(mean),DmsdY(std),DmsdZ(mean),DmsdZ(std)
280.43246249999999,0,280.65321825000001,0,279.78295450000002,0,2.2374930518617022,0,2.239254400930851,0,2.2323108071808511,0