msdX(mean),msdX(std),msdY(mean),msdY(std),msdZ(mean),msdZ(std),DmsdX(mean),DmsdX(std),DmsdY(mean),DmsdY(std),DmsdZ(mean),DmsdZ(std)
903.78314075000003,0,903.8970855,0,903.82281324999997,0,1.9790871695255474,0,1.9793366835766422,0,1.9791740436131384,0