msdX(mean),msdX(std),msdY(mean),msdY(std),msdZ(mean),msdZ(std),DmsdX(mean),DmsdX(std),DmsdY(mean),DmsdY(std),DmsdZ(mean),DmsdZ(std)
782.87288049999995,0,782.57448899999997,0,781.88033150000001,0,2.0253696459986203,0,2.0245976776474648,0,2.0228018234736118,0