msdX(mean),msdX(std),msdY(mean),msdY(std),msdZ(mean),msdZ(std),DmsdX(mean),DmsdX(std),DmsdY(mean),DmsdY(std),DmsdZ(mean),DmsdZ(std)
3154.885186,0,3158.9071852500001,0,3155.6459150000001,0,1.1025413025954056,0,1.1039468752329809,0,1.1028071554214622,0