msdX(mean),msdX(std),msdY(mean),msdY(std),msdZ(mean),msdZ(std),DmsdX(mean),DmsdX(std),DmsdY(mean),DmsdY(std),DmsdZ(mean),DmsdZ(std)
1552.1490072500001,0,1550.0314557500001,0,1555.9049889999999,0,1.7438570226013035,0,1.7414779294622127,0,1.7480769107182983,0