msdX(mean),msdX(std),msdY(mean),msdY(std),msdZ(mean),msdZ(std),DmsdX(mean),DmsdX(std),DmsdY(mean),DmsdY(std),DmsdZ(mean),DmsdZ(std)
3454.4304545,0,3456.0829130000002,0,3453.5949787499999,0,0.93994697366988955,0,0.94039660592812968,0,0.93971964157762988,0