msdX(mean),msdX(std),msdY(mean),msdY(std),msdZ(mean),msdZ(std),DmsdX(mean),DmsdX(std),DmsdY(mean),DmsdY(std),DmsdZ(mean),DmsdZ(std)
3499.1915872499999,0,3501.1163379999998,0,3496.2714422499998,0,0.91322964434536757,0,0.91373197163984343,0,0.9124675360374076,0