msdX(mean),msdX(std),msdY(mean),msdY(std),msdZ(mean),msdZ(std),DmsdX(mean),DmsdX(std),DmsdY(mean),DmsdY(std),DmsdZ(mean),DmsdZ(std)
3407.6777860000002,0,3409.9870904999998,0,3405.5669630000002,0,0.96671710241134756,0,0.9673722242553191,0,0.96611828737588656,0