msdX(mean),msdX(std),msdY(mean),msdY(std),msdZ(mean),msdZ(std),DmsdX(mean),DmsdX(std),DmsdY(mean),DmsdY(std),DmsdZ(mean),DmsdZ(std)
99.351665749999995,0,99.546278999999998,0,99.451485000000005,0,2.3431996639150943,0,2.347789599056604,0,2.3455538915094341,0