msdX(mean),msdX(std),msdY(mean),msdY(std),msdZ(mean),msdZ(std),DmsdX(mean),DmsdX(std),DmsdY(mean),DmsdY(std),DmsdZ(mean),DmsdZ(std)
58.675733999999999,0,58.814501249999999,0,58.735144499999997,0,2.3787459729729727,0,2.3843716722972972,0,2.3811545067567566,0