msdX(mean),msdX(std),msdY(mean),msdY(std),msdZ(mean),msdZ(std),DmsdX(mean),DmsdX(std),DmsdY(mean),DmsdY(std),DmsdZ(mean),DmsdZ(std)
811.84811449999995,0,811.42927199999997,0,810.80241450000005,0,2.0148447580244868,0,2.0138052746525479,0,2.0122495396260756,0