msdX(mean),msdX(std),msdY(mean),msdY(std),msdZ(mean),msdZ(std),DmsdX(mean),DmsdX(std),DmsdY(mean),DmsdY(std),DmsdZ(mean),DmsdZ(std)
382.59127324999997,0,382.80778724999999,0,382.12370625,0,2.1862358471428571,0,2.1874730699999998,0,2.1835640357142858,0