msdX(mean),msdX(std),msdY(mean),msdY(std),msdZ(mean),msdZ(std),DmsdX(mean),DmsdX(std),DmsdY(mean),DmsdY(std),DmsdZ(mean),DmsdZ(std)
204.63035249999999,0,204.73653250000001,0,204.12268499999999,0,2.2787344376391983,0,2.2799168429844099,0,2.2730811247216036,0