msdX(mean),msdX(std),msdY(mean),msdY(std),msdZ(mean),msdZ(std),DmsdX(mean),DmsdX(std),DmsdY(mean),DmsdY(std),DmsdZ(mean),DmsdZ(std)
1457.4287342499999,0,1454.7506412499999,0,1459.44433525,0,1.7799569299584759,0,1.7766861764167075,0,1.7824185823766487,0