msdX(mean),msdX(std),msdY(mean),msdY(std),msdZ(mean),msdZ(std),DmsdX(mean),DmsdX(std),DmsdY(mean),DmsdY(std),DmsdZ(mean),DmsdZ(std)
327.94221325000001,0,327.800569,0,327.32789450000001,0,2.213831322569757,0,2.2128751282628265,0,2.2096842563006303,0