msdX(mean),msdX(std),msdY(mean),msdY(std),msdZ(mean),msdZ(std),DmsdX(mean),DmsdX(std),DmsdY(mean),DmsdY(std),DmsdZ(mean),DmsdZ(std)
2569.80789,0,2571.3929737499998,0,2571.4604582500001,0,1.3628595089096309,0,1.3637001345725499,0,1.3637359239764533,0