msdX(mean),msdX(std),msdY(mean),msdY(std),msdZ(mean),msdZ(std),DmsdX(mean),DmsdX(std),DmsdY(mean),DmsdY(std),DmsdZ(mean),DmsdZ(std)
77.867840000000001,0,77.996401500000005,0,78.040796499999999,0,2.359631515151515,0,2.3635273181818182,0,2.3648726212121214,0