msdX(mean),msdX(std),msdY(mean),msdY(std),msdZ(mean),msdZ(std),DmsdX(mean),DmsdX(std),DmsdY(mean),DmsdY(std),DmsdZ(mean),DmsdZ(std)
91.662647250000006,0,91.755927749999998,0,91.705098250000006,0,2.3503242884615387,0,2.3527160961538462,0,2.3514127756410259,0