msdX(mean),msdX(std),msdY(mean),msdY(std),msdZ(mean),msdZ(std),DmsdX(mean),DmsdX(std),DmsdY(mean),DmsdY(std),DmsdZ(mean),DmsdZ(std)
10240.349518125,0,11364.554565,0,9384.6875681250003,0,1.2510353085486532,0,1.3883763441451347,0,1.1465014437877956,0