msdX(mean),msdX(std),msdY(mean),msdY(std),msdZ(mean),msdZ(std),DmsdX(mean),DmsdX(std),DmsdY(mean),DmsdY(std),DmsdZ(mean),DmsdZ(std)
11397.547124999999,0,12771.425081249999,0,10417.075886250001,0,1.2131180250658578,0,1.3593491478406641,0,1.1087598399457173,0