msdX(mean),msdX(std),msdY(mean),msdY(std),msdZ(mean),msdZ(std),DmsdX(mean),DmsdX(std),DmsdY(mean),DmsdY(std),DmsdZ(mean),DmsdZ(std)
10740.1750875,0,11939.322965625001,0,9828.1672256250004,0,1.2359946012428793,0,1.3739942419730711,0,1.1310394413516314,0