msdX(mean),msdX(std),msdY(mean),msdY(std),msdZ(mean),msdZ(std),DmsdX(mean),DmsdX(std),DmsdY(mean),DmsdY(std),DmsdZ(mean),DmsdZ(std)
10938.711549375001,0,12180.614281875,0,10007.768598750001,0,1.2302782566427668,0,1.369955212357655,0,1.1255749865035851,0