msdX(mean),msdX(std),msdY(mean),msdY(std),msdZ(mean),msdZ(std),DmsdX(mean),DmsdX(std),DmsdY(mean),DmsdY(std),DmsdZ(mean),DmsdZ(std)
8032.5894656250002,0,8901.4397906249997,0,7384.2449512499998,0,1.3236422976864326,0,1.4668149377734383,0,1.2168054891613318,0