msdX(mean),msdX(std),msdY(mean),msdY(std),msdZ(mean),msdZ(std),DmsdX(mean),DmsdX(std),DmsdY(mean),DmsdY(std),DmsdZ(mean),DmsdZ(std)
4866.2688937499997,0,5237.1564975000001,0,4463.4994875000002,0,1.4991586240757855,0,1.6134185143253235,0,1.3750768599815157,0