msdX(mean),msdX(std),msdY(mean),msdY(std),msdZ(mean),msdZ(std),DmsdX(mean),DmsdX(std),DmsdY(mean),DmsdY(std),DmsdZ(mean),DmsdZ(std)
2430.9893756249999,0,2569.4297324999998,0,2276.8609387500001,0,1.6982705477837157,0,1.7949839201508957,0,1.5905976029550455,0