msdX(mean),msdX(std),msdY(mean),msdY(std),msdZ(mean),msdZ(std),DmsdX(mean),DmsdX(std),DmsdY(mean),DmsdY(std),DmsdZ(mean),DmsdZ(std)
11297.8830825,0,12650.960266874999,0,10337.842805625,0,1.2155515476978198,0,1.3611305958797992,0,1.1122597685312203,0