msdX(mean),msdX(std),msdY(mean),msdY(std),msdZ(mean),msdZ(std),DmsdX(mean),DmsdX(std),DmsdY(mean),DmsdY(std),DmsdZ(mean),DmsdZ(std)
9198.8580487500003,0,10176.79802625,0,8446.7555493750006,0,1.281624249216301,0,1.4178750297805642,0,1.1768381120689655,0