msdX(mean),msdX(std),msdY(mean),msdY(std),msdZ(mean),msdZ(std),DmsdX(mean),DmsdX(std),DmsdY(mean),DmsdY(std),DmsdZ(mean),DmsdZ(std)
5711.3829168749999,0,6191.2857318750002,0,5252.8799024999998,0,1.4453342739333435,0,1.5667794644890678,0,1.3293045608108107,0