msdX(mean),msdX(std),msdY(mean),msdY(std),msdZ(mean),msdZ(std),DmsdX(mean),DmsdX(std),DmsdY(mean),DmsdY(std),DmsdZ(mean),DmsdZ(std)
11196.605115,0,12548.485968749999,0,10262.320019999999,0,1.217862885252321,0,1.3649079493726648,0,1.1162400156629848,0