msdX(mean),msdX(std),msdY(mean),msdY(std),msdZ(mean),msdZ(std),DmsdX(mean),DmsdX(std),DmsdY(mean),DmsdY(std),DmsdZ(mean),DmsdZ(std)
11647.882603124999,0,13111.462518750001,0,10661.196459375,0,1.2011036285208272,0,1.3520247192618831,0,1.099358757985182,0