msdX(mean),msdX(std),msdY(mean),msdY(std),msdZ(mean),msdZ(std),DmsdX(mean),DmsdX(std),DmsdY(mean),DmsdY(std),DmsdZ(mean),DmsdZ(std)
11466.31055625,0,12886.385534999999,0,10498.199011875,0,1.2074821169065033,0,1.3570258723363926,0,1.1055332492852292,0