msdX(mean),msdX(std),msdY(mean),msdY(std),msdZ(mean),msdZ(std),DmsdX(mean),DmsdX(std),DmsdY(mean),DmsdY(std),DmsdZ(mean),DmsdZ(std)
9009.4429856250008,0,9966.9237468749998,0,8234.5495725000001,0,1.291509767288092,0,1.4287652843181526,0,1.1804282705457361,0