msdX(mean),msdX(std),msdY(mean),msdY(std),msdZ(mean),msdZ(std),DmsdX(mean),DmsdX(std),DmsdY(mean),DmsdY(std),DmsdZ(mean),DmsdZ(std)
5103.732285,0,5514.1203262500003,0,4693.2552393750002,0,1.48037251566307,0,1.5994083786547164,0,1.3613108363426734,0