msdX(mean),msdX(std),msdY(mean),msdY(std),msdZ(mean),msdZ(std),DmsdX(mean),DmsdX(std),DmsdY(mean),DmsdY(std),DmsdZ(mean),DmsdZ(std)
8798.6329650000007,0,9731.8039781250009,0,8061.7172231249997,0,1.2988541684196544,0,1.4366088702088087,0,1.1900706691060872,0