msdX(mean),msdX(std),msdY(mean),msdY(std),msdZ(mean),msdZ(std),DmsdX(mean),DmsdX(std),DmsdY(mean),DmsdY(std),DmsdZ(mean),DmsdZ(std)
9848.1581831250005,0,10866.070546875,0,9034.4172206250005,0,1.2654559941309127,0,1.3962543909737484,0,1.1608929520353881,0