msdX(mean),msdX(std),msdY(mean),msdY(std),msdZ(mean),msdZ(std),DmsdX(mean),DmsdX(std),DmsdY(mean),DmsdY(std),DmsdZ(mean),DmsdZ(std)
9749.1219524999997,0,10749.854953124999,0,8933.2046324999992,0,1.2691690363210311,0,1.3994473674575276,0,1.162950547744581,0