msdX(mean),msdX(std),msdY(mean),msdY(std),msdZ(mean),msdZ(std),DmsdX(mean),DmsdX(std),DmsdY(mean),DmsdY(std),DmsdZ(mean),DmsdZ(std)
3953.0577768749999,0,4216.4613787500002,0,3681.2162418749999,0,1.5561687931798052,0,1.6598607927369353,0,1.4491550996457041,0