msdX(mean),msdX(std),msdY(mean),msdY(std),msdZ(mean),msdZ(std),DmsdX(mean),DmsdX(std),DmsdY(mean),DmsdY(std),DmsdZ(mean),DmsdZ(std)
6388.5651806249998,0,6977.9311031249999,0,5882.4498599999997,0,1.4021080635205425,0,1.5314570940051357,0,1.2910301685541217,0