msdX(mean),msdX(std),msdY(mean),msdY(std),msdZ(mean),msdZ(std),DmsdX(mean),DmsdX(std),DmsdY(mean),DmsdY(std),DmsdZ(mean),DmsdZ(std)
4085.4059099999999,0,4364.8598587500001,0,3798.9181518750001,0,1.5468869994888399,0,1.6526986837621402,0,1.438412052734708,0