msdX(mean),msdX(std),msdY(mean),msdY(std),msdZ(mean),msdZ(std),DmsdX(mean),DmsdX(std),DmsdY(mean),DmsdY(std),DmsdZ(mean),DmsdZ(std)
11115.409927500001,0,12423.402877500001,0,10196.832532500001,0,1.2224341023441496,0,1.3662826151866576,0,1.1214121570794635,0