msdX(mean),msdX(std),msdY(mean),msdY(std),msdZ(mean),msdZ(std),DmsdX(mean),DmsdX(std),DmsdY(mean),DmsdY(std),DmsdZ(mean),DmsdZ(std)
3011.3591512500002,0,3190.1310225000002,0,2811.60102375,0,1.6413807272504295,0,1.7388226759872458,0,1.5324999448123622,0