msdX(mean),msdX(std),msdY(mean),msdY(std),msdZ(mean),msdZ(std),DmsdX(mean),DmsdX(std),DmsdY(mean),DmsdY(std),DmsdZ(mean),DmsdZ(std)
10153.180833750001,0,11224.219139999999,0,9290.729649375,0,1.2558512788044085,0,1.3883284648781031,0,1.1491743230268285,0