msdX(mean),msdX(std),msdY(mean),msdY(std),msdZ(mean),msdZ(std),DmsdX(mean),DmsdX(std),DmsdY(mean),DmsdY(std),DmsdZ(mean),DmsdZ(std)
10456.63889625,0,11590.530609375,0,9554.2468200000003,0,1.246752619648031,0,1.3819473488303466,0,1.1391597596308616,0