msdX(mean),msdX(std),msdY(mean),msdY(std),msdZ(mean),msdZ(std),DmsdX(mean),DmsdX(std),DmsdY(mean),DmsdY(std),DmsdZ(mean),DmsdZ(std)
260.42136749999997,0,267.309500625,0,246.73811062499999,0,2.1540228908188586,0,2.210996696650124,0,2.0408445874689827,0