msdX(mean),msdX(std),msdY(mean),msdY(std),msdZ(mean),msdZ(std),DmsdX(mean),DmsdX(std),DmsdY(mean),DmsdY(std),DmsdZ(mean),DmsdZ(std)
9537.0406593749994,0,10528.444569375,0,8730.4024687500005,0,1.2750224815004212,0,1.4075648831368068,0,1.1671817094814103,0