msdX(mean),msdX(std),msdY(mean),msdY(std),msdZ(mean),msdZ(std),DmsdX(mean),DmsdX(std),DmsdY(mean),DmsdY(std),DmsdZ(mean),DmsdZ(std)
7167.8779368750002,0,7868.5030406249998,0,6618.3800568750003,0,1.3621576611983697,0,1.4953019280379694,0,1.2577330666885209,0