msdX(mean),msdX(std),msdY(mean),msdY(std),msdZ(mean),msdZ(std),DmsdX(mean),DmsdX(std),DmsdY(mean),DmsdY(std),DmsdZ(mean),DmsdZ(std)
1506.7798931249999,0,1570.6663256249999,0,1415.1243093749999,0,1.8230851701451904,0,1.9003827291288564,0,1.7121891220508165,0