msdX(mean),msdX(std),msdY(mean),msdY(std),msdZ(mean),msdZ(std),DmsdX(mean),DmsdX(std),DmsdY(mean),DmsdY(std),DmsdZ(mean),DmsdZ(std)
46.987970625000003,0,47.429499374999999,0,45.213913124999998,0,2.3377099813432838,0,2.3596765858208957,0,2.2494484141791045,0