msdX(mean),msdX(std),msdY(mean),msdY(std),msdZ(mean),msdZ(std),DmsdX(mean),DmsdX(std),DmsdY(mean),DmsdY(std),DmsdZ(mean),DmsdZ(std)
8688.5503312500005,0,9615.0820275000005,0,7964.0278537499998,0,1.3019773174267799,0,1.4408178841960937,0,1.1934077867562769,0