msdX(mean),msdX(std),msdY(mean),msdY(std),msdZ(mean),msdZ(std),DmsdX(mean),DmsdX(std),DmsdY(mean),DmsdY(std),DmsdZ(mean),DmsdZ(std)
10556.796791250001,0,11714.18209875,0,9649.3530431250001,0,1.2437466029583291,0,1.3801036886332307,0,1.1368363250185558,0