msdX(mean),msdX(std),msdY(mean),msdY(std),msdZ(mean),msdZ(std),DmsdX(mean),DmsdX(std),DmsdY(mean),DmsdY(std),DmsdZ(mean),DmsdZ(std)
2876.478676875,0,3042.5501193750001,0,2686.3329262500001,0,1.6590124156501429,0,1.7547943128730861,0,1.5493456332727746,0