msdX(mean),msdX(std),msdY(mean),msdY(std),msdZ(mean),msdZ(std),DmsdX(mean),DmsdX(std),DmsdY(mean),DmsdY(std),DmsdZ(mean),DmsdZ(std)
1172.637383203125,0,1202.5161140625,0,1206.0952085937499,0,1.2637313514537494,0,1.2959311512123932,0,1.2997882804782217,0