msdX(mean),msdX(std),msdY(mean),msdY(std),msdZ(mean),msdZ(std),DmsdX(mean),DmsdX(std),DmsdY(mean),DmsdY(std),DmsdZ(mean),DmsdZ(std)
7503.0340007812501,0,7813.95430234375,0,7844.2181757812496,0,0.85031255719581145,0,0.88554889447992524,0,0.88897867390123819,0