msdX(mean),msdX(std),msdY(mean),msdY(std),msdZ(mean),msdZ(std),DmsdX(mean),DmsdX(std),DmsdY(mean),DmsdY(std),DmsdZ(mean),DmsdZ(std)
2562.0266765625001,0,2642.6343089843749,0,2653.7944792968751,0,1.0579145810572497,0,1.0911991641038323,0,1.095807432631511,0