msdX(mean),msdX(std),msdY(mean),msdY(std),msdZ(mean),msdZ(std),DmsdX(mean),DmsdX(std),DmsdY(mean),DmsdY(std),DmsdZ(mean),DmsdZ(std)
862.45530703124996,0,882.64269335937502,0,883.06805117187503,0,1.3526500486031692,0,1.3843113635435385,0,1.3849784824783531,0