msdX(mean),msdX(std),msdY(mean),msdY(std),msdZ(mean),msdZ(std),DmsdX(mean),DmsdX(std),DmsdY(mean),DmsdY(std),DmsdZ(mean),DmsdZ(std)
155.86201914062499,0,158.14258515624999,0,156.96656171875,0,1.8092809960701328,0,1.8357543137847638,0,1.8221027720677145,0