msdX(mean),msdX(std),msdY(mean),msdY(std),msdZ(mean),msdZ(std),DmsdX(mean),DmsdX(std),DmsdY(mean),DmsdY(std),DmsdZ(mean),DmsdZ(std)
124.99035273437499,0,126.48473203125,0,125.46787382812499,0,1.8632102270962729,0,1.885486688664596,0,1.870328553959627,0