msdX(mean),msdX(std),msdY(mean),msdY(std),msdZ(mean),msdZ(std),DmsdX(mean),DmsdX(std),DmsdY(mean),DmsdY(std),DmsdZ(mean),DmsdZ(std)
511.141305859375,0,520.5899515625,0,520.30013906249997,0,1.4987649774740377,0,1.5264702306047648,0,1.5256204444105068,0