msdX(mean),msdX(std),msdY(mean),msdY(std),msdZ(mean),msdZ(std),DmsdX(mean),DmsdX(std),DmsdY(mean),DmsdY(std),DmsdZ(mean),DmsdZ(std)
225.11464101562501,0,228.21991953125001,0,226.41956601562501,0,1.7219924731075695,0,1.7457459980079679,0,1.7319743695219121,0