msdX(mean),msdX(std),msdY(mean),msdY(std),msdZ(mean),msdZ(std),DmsdX(mean),DmsdX(std),DmsdY(mean),DmsdY(std),DmsdZ(mean),DmsdZ(std)
66.123923046875007,0,66.709636328125001,0,66.141166015625004,0,2.0024910449526816,0,2.0202287342271292,0,2.0030132294952683,0