msdX(mean),msdX(std),msdY(mean),msdY(std),msdZ(mean),msdZ(std),DmsdX(mean),DmsdX(std),DmsdY(mean),DmsdY(std),DmsdZ(mean),DmsdZ(std)
54.732151953124998,0,55.286432421874999,0,54.773085546875002,0,2.0365451889534882,0,2.0571695784883719,0,2.0380682994186046,0