msdX(mean),msdX(std),msdY(mean),msdY(std),msdZ(mean),msdZ(std),DmsdX(mean),DmsdX(std),DmsdY(mean),DmsdY(std),DmsdZ(mean),DmsdZ(std)
2165.6002234375001,0,2228.1002832031249,0,2237.280851953125,0,1.1015610737561596,0,1.1333525522571928,0,1.1380223694563663,0