msdX(mean),msdX(std),msdY(mean),msdY(std),msdZ(mean),msdZ(std),DmsdX(mean),DmsdX(std),DmsdY(mean),DmsdY(std),DmsdZ(mean),DmsdZ(std)
6511.3206406250001,0,6789.1190812499999,0,6798.4906019531254,0,0.87189374346170467,0,0.90909214539773753,0,0.9103470321893351,0