msdX(mean),msdX(std),msdY(mean),msdY(std),msdZ(mean),msdZ(std),DmsdX(mean),DmsdX(std),DmsdY(mean),DmsdY(std),DmsdZ(mean),DmsdZ(std)
86.161171093749999,0,87.110925390624999,0,86.459823437500006,0,1.9462288058823529,0,1.9676820794117647,0,1.9529748352941176,0