msdX(mean),msdX(std),msdY(mean),msdY(std),msdZ(mean),msdZ(std),DmsdX(mean),DmsdX(std),DmsdY(mean),DmsdY(std),DmsdZ(mean),DmsdZ(std)
201.46212421875001,0,204.45713749999999,0,203.01547890625,0,1.7470970121951219,0,1.7730700271002708,0,1.7605678387533874,0