msdX(mean),msdX(std),msdY(mean),msdY(std),msdZ(mean),msdZ(std),DmsdX(mean),DmsdX(std),DmsdY(mean),DmsdY(std),DmsdZ(mean),DmsdZ(std)
76.927326171874995,0,77.828575390625005,0,77.111893749999993,0,1.9693395499999999,0,1.99241153,0,1.9740644799999998,0