msdX(mean),msdX(std),msdY(mean),msdY(std),msdZ(mean),msdZ(std),DmsdX(mean),DmsdX(std),DmsdY(mean),DmsdY(std),DmsdZ(mean),DmsdZ(std)
588.97195703124999,0,600.01458281249995,0,600.08808242187501,0,1.461393328379426,0,1.488792968467304,0,1.488975340204187,0