msdX(mean),msdX(std),msdY(mean),msdY(std),msdZ(mean),msdZ(std),DmsdX(mean),DmsdX(std),DmsdY(mean),DmsdY(std),DmsdZ(mean),DmsdZ(std)
428.61971171875001,0,436.28085468749998,0,435.67637070312497,0,1.5480621642212189,0,1.5757322065462753,0,1.5735489686794581,0