msdX(mean),msdX(std),msdY(mean),msdY(std),msdZ(mean),msdZ(std),DmsdX(mean),DmsdX(std),DmsdY(mean),DmsdY(std),DmsdZ(mean),DmsdZ(std)
529.68323164062497,0,539.32365078124997,0,538.99851796874998,0,1.4894431821177503,0,1.516551566344464,0,1.5156373088752195,0