msdX(mean),msdX(std),msdY(mean),msdY(std),msdZ(mean),msdZ(std),DmsdX(mean),DmsdX(std),DmsdY(mean),DmsdY(std),DmsdZ(mean),DmsdZ(std)
79.890013671874996,0,80.840060156250004,0,80.140821875,0,1.9614939418158566,0,1.9848198913043478,0,1.9676518925831199,0