msdX(mean),msdX(std),msdY(mean),msdY(std),msdZ(mean),msdZ(std),DmsdX(mean),DmsdX(std),DmsdY(mean),DmsdY(std),DmsdZ(mean),DmsdZ(std)
2094.3684511718752,0,2153.2610703125001,0,2160.6817152343751,0,1.1107025263092478,0,1.1419349395094465,0,1.1458703163324495,0