msdX(mean),msdX(std),msdY(mean),msdY(std),msdZ(mean),msdZ(std),DmsdX(mean),DmsdX(std),DmsdY(mean),DmsdY(std),DmsdZ(mean),DmsdZ(std)
180.71210546875,0,183.3117203125,0,181.75111523437499,0,1.7756767784032752,0,1.8012205885363355,0,1.7858860862333672,0