msdX(mean),msdX(std),msdY(mean),msdY(std),msdZ(mean),msdZ(std),DmsdX(mean),DmsdX(std),DmsdY(mean),DmsdY(std),DmsdZ(mean),DmsdZ(std)
4287.6581964843754,0,4452.9762984375002,0,4461.8889039062497,0,0.94706913363973133,0,0.9835850274952832,0,0.98555366705397807,0