msdX(mean),msdX(std),msdY(mean),msdY(std),msdZ(mean),msdZ(std),DmsdX(mean),DmsdX(std),DmsdY(mean),DmsdY(std),DmsdZ(mean),DmsdZ(std)
194.284040234375,0,197.248817578125,0,195.53578671874999,0,1.7562399117231637,0,1.7830401588983051,0,1.7675551341807909,0