msdX(mean),msdX(std),msdY(mean),msdY(std),msdZ(mean),msdZ(std),DmsdX(mean),DmsdX(std),DmsdY(mean),DmsdY(std),DmsdZ(mean),DmsdZ(std)
50.616710937500002,0,51.106023828124997,0,50.660534765625002,0,2.0502971518987341,0,2.070117420886076,0,2.0520722943037977,0