msdX(mean),msdX(std),msdY(mean),msdY(std),msdZ(mean),msdZ(std),DmsdX(mean),DmsdX(std),DmsdY(mean),DmsdY(std),DmsdZ(mean),DmsdZ(std)
833.08641640625001,0,852.04130585937503,0,851.99605351562502,0,1.362226128002044,0,1.3932203263924374,0,1.3931463317577926,0