msdX(mean),msdX(std),msdY(mean),msdY(std),msdZ(mean),msdZ(std),DmsdX(mean),DmsdX(std),DmsdY(mean),DmsdY(std),DmsdZ(mean),DmsdZ(std)
2651.5331312500002,0,2735.1536683593749,0,2746.6646210937502,0,1.0501554544329388,0,1.0832738651037583,0,1.087832846342671,0