msdX(mean),msdX(std),msdY(mean),msdY(std),msdZ(mean),msdZ(std),DmsdX(mean),DmsdX(std),DmsdY(mean),DmsdY(std),DmsdZ(mean),DmsdZ(std)
444.09347851562501,0,452.395434765625,0,451.40886328124998,0,1.538541102038975,0,1.5673028414832189,0,1.563884910682064,0