msdX(mean),msdX(std),msdY(mean),msdY(std),msdZ(mean),msdZ(std),DmsdX(mean),DmsdX(std),DmsdY(mean),DmsdY(std),DmsdZ(mean),DmsdZ(std)
5864.3658695312497,0,6104.8975499999997,0,6114.0243710937502,0,0.88993080013752546,0,0.92643202731540752,0,0.92781704308341639,0