msdX(mean),msdX(std),msdY(mean),msdY(std),msdZ(mean),msdZ(std),DmsdX(mean),DmsdX(std),DmsdY(mean),DmsdY(std),DmsdZ(mean),DmsdZ(std)
988.33212656249998,0,1013.417408203125,0,1013.612502734375,0,1.3119453007466813,0,1.3452443471722897,0,1.345503322213772,0