msdX(mean),msdX(std),msdY(mean),msdY(std),msdZ(mean),msdZ(std),DmsdX(mean),DmsdX(std),DmsdY(mean),DmsdY(std),DmsdZ(mean),DmsdZ(std)
7245.8132820312503,0,7543.7037164062504,0,7565.6014539062498,0,0.85613124478455127,0,0.89132857853635128,0,0.89391591228815126,0