msdX(mean),msdX(std),msdY(mean),msdY(std),msdZ(mean),msdZ(std),DmsdX(mean),DmsdX(std),DmsdY(mean),DmsdY(std),DmsdZ(mean),DmsdZ(std)
103.63797460937499,0,104.90756718750001,0,104.22015273437501,0,1.9023414077437855,0,1.9256455927342255,0,1.9130276601338432,0