msdX(mean),msdX(std),msdY(mean),msdY(std),msdZ(mean),msdZ(std),DmsdX(mean),DmsdX(std),DmsdY(mean),DmsdY(std),DmsdZ(mean),DmsdZ(std)
58.980080078124999,0,59.607706640624997,0,59.035776953125001,0,2.0221741741071426,0,2.0436927991071427,0,2.0240837812499999,0