msdX(mean),msdX(std),msdY(mean),msdY(std),msdZ(mean),msdZ(std),DmsdX(mean),DmsdX(std),DmsdY(mean),DmsdY(std),DmsdZ(mean),DmsdZ(std)
120.53911562499999,0,121.96781249999999,0,120.950669921875,0,1.8724522815533979,0,1.8946456310679611,0,1.8788453580097089,0