msdX(mean),msdX(std),msdY(mean),msdY(std),msdZ(mean),msdZ(std),DmsdX(mean),DmsdX(std),DmsdY(mean),DmsdY(std),DmsdZ(mean),DmsdZ(std)
750.27147031250001,0,768.12288828124997,0,768.18578906250002,0,1.390464500965251,0,1.4235482099420849,0,1.4236647828185327,0