msdX(mean),msdX(std),msdY(mean),msdY(std),msdZ(mean),msdZ(std),DmsdX(mean),DmsdX(std),DmsdY(mean),DmsdY(std),DmsdZ(mean),DmsdZ(std)
311.14446953125002,0,316.16186445312502,0,314.21797031249997,0,1.6358088211938664,0,1.6621872391840087,0,1.6519674233296822,0