msdX(mean),msdX(std),msdY(mean),msdY(std),msdZ(mean),msdZ(std),DmsdX(mean),DmsdX(std),DmsdY(mean),DmsdY(std),DmsdZ(mean),DmsdZ(std)
347.02287578124998,0,352.37880507812503,0,351.13899648437501,0,1.6093814528985506,0,1.6342205452898553,0,1.6284707083333334,0