msdX(mean),msdX(std),msdY(mean),msdY(std),msdZ(mean),msdZ(std),DmsdX(mean),DmsdX(std),DmsdY(mean),DmsdY(std),DmsdZ(mean),DmsdZ(std)
1439.9411457031249,0,1476.1641363281251,0,1482.552490234375,0,1.2082366050825974,0,1.2386308634516212,0,1.243991251311074,0