msdX(mean),msdX(std),msdY(mean),msdY(std),msdZ(mean),msdZ(std),DmsdX(mean),DmsdX(std),DmsdY(mean),DmsdY(std),DmsdZ(mean),DmsdZ(std)
216.89335234375,0,220.03179843749999,0,218.43215703125,0,1.7293822113787374,0,1.7544063662790697,0,1.7416517504152824,0