msdX(mean),msdX(std),msdY(mean),msdY(std),msdZ(mean),msdZ(std),DmsdX(mean),DmsdX(std),DmsdY(mean),DmsdY(std),DmsdZ(mean),DmsdZ(std)
6070.8064535156254,0,6319.1200855468751,0,6333.4041554687501,0,0.88362886746645442,0,0.91977185689106211,0,0.92185095735728906,0