msdX(mean),msdX(std),msdY(mean),msdY(std),msdZ(mean),msdZ(std),DmsdX(mean),DmsdX(std),DmsdY(mean),DmsdY(std),DmsdZ(mean),DmsdZ(std)
260.07160078125003,0,263.81848984375,0,262.12778437499998,0,1.6835383462575859,0,1.7077933260283207,0,1.6968487727579227,0