msdX(mean),msdX(std),msdY(mean),msdY(std),msdZ(mean),msdZ(std),DmsdX(mean),DmsdX(std),DmsdY(mean),DmsdY(std),DmsdZ(mean),DmsdZ(std)
1343.6510398437499,0,1378.16690703125,0,1385.270881640625,0,1.2254465117328517,0,1.2569259269903095,0,1.2634049462046359,0