msdX(mean),msdX(std),msdY(mean),msdY(std),msdZ(mean),msdZ(std),DmsdX(mean),DmsdX(std),DmsdY(mean),DmsdY(std),DmsdZ(mean),DmsdZ(std)
2933.0286265625,0,3038.4450015624998,0,3045.2981582031248,0,1.0250118243538404,0,1.0618519117218783,0,1.0642468991172187,0