msdX(mean),msdX(std),msdY(mean),msdY(std),msdZ(mean),msdZ(std),DmsdX(mean),DmsdX(std),DmsdY(mean),DmsdY(std),DmsdZ(mean),DmsdZ(std)
2394.3269636718751,0,2466.5122476562501,0,2477.175019921875,0,1.0746429871078591,0,1.1070418241853288,0,1.1118275838632006,0