msdX(mean),msdX(std),msdY(mean),msdY(std),msdZ(mean),msdZ(std),DmsdX(mean),DmsdX(std),DmsdY(mean),DmsdY(std),DmsdZ(mean),DmsdZ(std)
4000.9430320312499,0,4149.6535050781249,0,4163.4834957031253,0,0.96061057191626653,0,0.99631536736569626,0,0.99963589332608049,0