msdX(mean),msdX(std),msdY(mean),msdY(std),msdZ(mean),msdZ(std),DmsdX(mean),DmsdX(std),DmsdY(mean),DmsdY(std),DmsdZ(mean),DmsdZ(std)
1595.9529312499999,0,1637.4062679687499,0,1644.141434375,0,1.1816403007866727,0,1.2123322668903285,0,1.2173189703840814,0