msdX(mean),msdX(std),msdY(mean),msdY(std),msdZ(mean),msdZ(std),DmsdX(mean),DmsdX(std),DmsdY(mean),DmsdY(std),DmsdZ(mean),DmsdZ(std)
954.69845468749998,0,979.03898164062502,0,979.10966054687503,0,1.3213819442041521,0,1.355071254865917,0,1.3551690803416956,0