msdX(mean),msdX(std),msdY(mean),msdY(std),msdZ(mean),msdZ(std),DmsdX(mean),DmsdX(std),DmsdY(mean),DmsdY(std),DmsdZ(mean),DmsdZ(std)
250.90731718750001,0,254.40383593749999,0,252.63250585937499,0,1.6938890611814348,0,1.7174942510548523,0,1.7055359045358649,0