msdX(mean),msdX(std),msdY(mean),msdY(std),msdZ(mean),msdZ(std),DmsdX(mean),DmsdX(std),DmsdY(mean),DmsdY(std),DmsdZ(mean),DmsdZ(std)
568.35098125000002,0,579.25693554687496,0,578.56109335937504,0,1.4702693128536783,0,1.4984819674616006,0,1.4966818906628943,0