msdX(mean),msdX(std),msdY(mean),msdY(std),msdZ(mean),msdZ(std),DmsdX(mean),DmsdX(std),DmsdY(mean),DmsdY(std),DmsdZ(mean),DmsdZ(std)
385.64216210937502,0,392.16496523437502,0,391.31013476562498,0,1.5787482969083155,0,1.6054514568230278,0,1.601951937633262,0