msdX(mean),msdX(std),msdY(mean),msdY(std),msdZ(mean),msdZ(std),DmsdX(mean),DmsdX(std),DmsdY(mean),DmsdY(std),DmsdZ(mean),DmsdZ(std)
1650.8290425781249,0,1693.434048828125,0,1702.226916015625,0,1.1722730090058435,0,1.2025273221946888,0,1.2087712400140542,0