msdX(mean),msdX(std),msdY(mean),msdY(std),msdZ(mean),msdZ(std),DmsdX(mean),DmsdX(std),DmsdY(mean),DmsdY(std),DmsdZ(mean),DmsdZ(std)
6288.4180281250001,0,6551.1262472656254,0,6561.6657433593746,0,0.8779130514513408,0,0.91458920327133386,0,0.91606060055043326,0