msdX(mean),msdX(std),msdY(mean),msdY(std),msdZ(mean),msdZ(std),DmsdX(mean),DmsdX(std),DmsdY(mean),DmsdY(std),DmsdZ(mean),DmsdZ(std)
1827.5260832031249,0,1877.415330859375,0,1884.1945871093751,0,1.1451113111905227,0,1.1763714624534951,0,1.1806192830918347,0