msdX(mean),msdX(std),msdY(mean),msdY(std),msdZ(mean),msdZ(std),DmsdX(mean),DmsdX(std),DmsdY(mean),DmsdY(std),DmsdZ(mean),DmsdZ(std)
289.32892460937501,0,294.23692812500002,0,292.21146249999998,0,1.6533081406250001,0,1.6813538750000001,0,1.6697797857142855,0