msdX(mean),msdX(std),msdY(mean),msdY(std),msdZ(mean),msdZ(std),DmsdX(mean),DmsdX(std),DmsdY(mean),DmsdY(std),DmsdZ(mean),DmsdZ(std)
8352.6881765625003,0,8683.7278136718742,0,8721.3105433593755,0,0.83526881765625005,0,0.86837278136718743,0,0.87213105433593752,0