msdX(mean),msdX(std),msdY(mean),msdY(std),msdZ(mean),msdZ(std),DmsdX(mean),DmsdX(std),DmsdY(mean),DmsdY(std),DmsdZ(mean),DmsdZ(std)
5469.812791796875,0,5689.4792738281249,0,5699.8618128906246,0,0.90226816731245052,0,0.93850305901835107,0,0.94021570163493584,0