msdX(mean),msdX(std),msdY(mean),msdY(std),msdZ(mean),msdZ(std),DmsdX(mean),DmsdX(std),DmsdY(mean),DmsdY(std),DmsdZ(mean),DmsdZ(std)
493.77752148437497,0,502.49389843749998,0,502.02722578125002,0,1.5091576587870104,0,1.5357979703915949,0,1.5343716547277937,0