msdX(mean),msdX(std),msdY(mean),msdY(std),msdZ(mean),msdZ(std),DmsdX(mean),DmsdX(std),DmsdY(mean),DmsdY(std),DmsdZ(mean),DmsdZ(std)
2475.9355312500002,0,2554.3168472656248,0,2563.3362117187498,0,1.065921391093771,0,1.0996655336001613,0,1.1035484834521727,0