msdX(mean),msdX(std),msdY(mean),msdY(std),msdZ(mean),msdZ(std),DmsdX(mean),DmsdX(std),DmsdY(mean),DmsdY(std),DmsdZ(mean),DmsdZ(std)
45.064844921875,0,45.490696874999998,0,45.119993359375002,0,2.0699641686602868,0,2.0895248325358846,0,2.0724973026315787,0