msdX(mean),msdX(std),msdY(mean),msdY(std),msdZ(mean),msdZ(std),DmsdX(mean),DmsdX(std),DmsdY(mean),DmsdY(std),DmsdZ(mean),DmsdZ(std)
3034.8013496093749,0,3146.6587589843748,0,3153.5018859375,0,1.0172518490310754,0,1.0547459527321925,0,1.0570397383030725,0