msdX(mean),msdX(std),msdY(mean),msdY(std),msdZ(mean),msdZ(std),DmsdX(mean),DmsdX(std),DmsdY(mean),DmsdY(std),DmsdZ(mean),DmsdZ(std)
89.331061328125003,0,90.399005078125001,0,89.785846093749996,0,1.9358424125282168,0,1.9589852116252822,0,1.9456977934537245,0