msdX(mean),msdX(std),msdY(mean),msdY(std),msdZ(mean),msdZ(std),DmsdX(mean),DmsdX(std),DmsdY(mean),DmsdY(std),DmsdZ(mean),DmsdZ(std)
923.10501171875001,0,945.97237187500002,0,946.10364414062497,0,1.3320018206072448,0,1.3649984623478131,0,1.3651878827220802,0