msdX(mean),msdX(std),msdY(mean),msdY(std),msdZ(mean),msdZ(std),DmsdX(mean),DmsdX(std),DmsdY(mean),DmsdY(std),DmsdZ(mean),DmsdZ(std)
2836.8833308593748,0,2933.3894914062498,0,2941.7073593750001,0,1.0336298761291178,0,1.0687922847085167,0,1.0718229334294822,0