msdX(mean),msdX(std),msdY(mean),msdY(std),msdZ(mean),msdZ(std),DmsdX(mean),DmsdX(std),DmsdY(mean),DmsdY(std),DmsdZ(mean),DmsdZ(std)
867.84533750000003,0,896.53846250000004,0,747.73317999999995,0,1.195928347496555,0,1.2354687126779973,0,1.0304086081763895,0