msdX(mean),msdX(std),msdY(mean),msdY(std),msdZ(mean),msdZ(std),DmsdX(mean),DmsdX(std),DmsdY(mean),DmsdY(std),DmsdZ(mean),DmsdZ(std)
3056.167375,0,3223.2431624999999,0,2615.2725325000001,0,0.94155665923841603,0,0.99303005745768969,0,0.80572395636501803,0