msdX(mean),msdX(std),msdY(mean),msdY(std),msdZ(mean),msdZ(std),DmsdX(mean),DmsdX(std),DmsdY(mean),DmsdY(std),DmsdZ(mean),DmsdZ(std)
2888.2428399999999,0,3051.9032775000001,0,2479.9731550000001,0,0.94874830501051155,0,1.0025085223042223,0,0.81463729250613182,0