msdX(mean),msdX(std),msdY(mean),msdY(std),msdZ(mean),msdZ(std),DmsdX(mean),DmsdX(std),DmsdY(mean),DmsdY(std),DmsdZ(mean),DmsdZ(std)
4631.0828725000001,0,4942.9335725000001,0,3936.55791,0,0.88008821739874066,0,0.93935213778490079,0,0.74810110919664008,0