msdX(mean),msdX(std),msdY(mean),msdY(std),msdZ(mean),msdZ(std),DmsdX(mean),DmsdX(std),DmsdY(mean),DmsdY(std),DmsdZ(mean),DmsdZ(std)
4712.2374524999996,0,5030.0811450000001,0,4005.3076350000001,0,0.87867883827679216,0,0.93794633684720863,0,0.74685944737267385,0