msdX(mean),msdX(std),msdY(mean),msdY(std),msdZ(mean),msdZ(std),DmsdX(mean),DmsdX(std),DmsdY(mean),DmsdY(std),DmsdZ(mean),DmsdZ(std)
2969.3283299999998,0,3130.2029975,0,2544.2272625000001,0,0.94412254006274376,0,0.99527397325970834,0,0.80895813416779727,0