msdX(mean),msdX(std),msdY(mean),msdY(std),msdZ(mean),msdZ(std),DmsdX(mean),DmsdX(std),DmsdY(mean),DmsdY(std),DmsdZ(mean),DmsdZ(std)
3143.228955,0,3305.2290874999999,0,2684.1578374999999,0,0.93921183914342632,0,0.98761825323705177,0,0.80203919447211158,0