msdX(mean),msdX(std),msdY(mean),msdY(std),msdZ(mean),msdZ(std),DmsdX(mean),DmsdX(std),DmsdY(mean),DmsdY(std),DmsdZ(mean),DmsdZ(std)
6934.6888225000002,0,7360.6126000000004,0,5842.9835199999998,0,0.83688941008817808,0,0.88829057717991222,0,0.70514065682977456,0