msdX(mean),msdX(std),msdY(mean),msdY(std),msdZ(mean),msdZ(std),DmsdX(mean),DmsdX(std),DmsdY(mean),DmsdY(std),DmsdZ(mean),DmsdZ(std)
967.96401500000002,0,1004.43319,0,831.92215999999996,0,1.1712075683633136,0,1.2153341816568524,0,1.0066009841090586,0