msdX(mean),msdX(std),msdY(mean),msdY(std),msdZ(mean),msdZ(std),DmsdX(mean),DmsdX(std),DmsdY(mean),DmsdY(std),DmsdZ(mean),DmsdZ(std)
5088.5588449999996,0,5441.4822375000003,0,4340.2430324999996,0,0.86732856091768551,0,0.92748322306372444,0,0.73978052687945994,0