msdX(mean),msdX(std),msdY(mean),msdY(std),msdZ(mean),msdZ(std),DmsdX(mean),DmsdX(std),DmsdY(mean),DmsdY(std),DmsdZ(mean),DmsdZ(std)
7607.8455075000002,0,8047.2819124999996,0,6403.9248674999999,0,0.82751539195744861,0,0.87531346942438215,0,0.6965633557583536,0