msdX(mean),msdX(std),msdY(mean),msdY(std),msdZ(mean),msdZ(std),DmsdX(mean),DmsdX(std),DmsdY(mean),DmsdY(std),DmsdZ(mean),DmsdZ(std)
7375.8714975000003,0,7819.9378900000002,0,6208.4197174999999,0,0.82957607550968382,0,0.87952093358926875,0,0.69827090481528409,0