msdX(mean),msdX(std),msdY(mean),msdY(std),msdZ(mean),msdZ(std),DmsdX(mean),DmsdX(std),DmsdY(mean),DmsdY(std),DmsdZ(mean),DmsdZ(std)
6272.7984775000004,0,6645.2338824999997,0,5287.4209000000001,0,0.85008788148800651,0,0.90056022259113699,0,0.71654978994443697,0