msdX(mean),msdX(std),msdY(mean),msdY(std),msdZ(mean),msdZ(std),DmsdX(mean),DmsdX(std),DmsdY(mean),DmsdY(std),DmsdZ(mean),DmsdZ(std)
6862.0747625000004,0,7281.3720350000003,0,5782.9736924999997,0,0.83832419603443509,0,0.88954879807300757,0,0.70649285227069114,0