msdX(mean),msdX(std),msdY(mean),msdY(std),msdZ(mean),msdZ(std),DmsdX(mean),DmsdX(std),DmsdY(mean),DmsdY(std),DmsdZ(mean),DmsdZ(std)
6784.2460424999999,0,7202.1988924999996,0,5725.3283549999996,0,0.83914975375195844,0,0.89084673363156586,0,0.7081712321678898,0