msdX(mean),msdX(std),msdY(mean),msdY(std),msdZ(mean),msdZ(std),DmsdX(mean),DmsdX(std),DmsdY(mean),DmsdY(std),DmsdZ(mean),DmsdZ(std)
3231.30924,0,3392.3738324999999,0,2760.6664125000002,0,0.93728150755129269,0,0.98400029948949008,0,0.80076569117049878,0