msdX(mean),msdX(std),msdY(mean),msdY(std),msdZ(mean),msdZ(std),DmsdX(mean),DmsdX(std),DmsdY(mean),DmsdY(std),DmsdZ(mean),DmsdZ(std)
4178.0051400000002,0,4409.2120699999996,0,3558.4306525000002,0,0.89710666065447053,0,0.94675171132869529,0,0.76407082635489143,0