msdX(mean),msdX(std),msdY(mean),msdY(std),msdZ(mean),msdZ(std),DmsdX(mean),DmsdX(std),DmsdY(mean),DmsdY(std),DmsdZ(mean),DmsdZ(std)
4256.1996875000004,0,4487.9909550000002,0,3621.7988049999999,0,0.8945354534468265,0,0.9432515668348046,0,0.76120193463640184,0