msdX(mean),msdX(std),msdY(mean),msdY(std),msdZ(mean),msdZ(std),DmsdX(mean),DmsdX(std),DmsdY(mean),DmsdY(std),DmsdZ(mean),DmsdZ(std)
2550.9007175000002,0,2693.7905000000001,0,2193.8430450000001,0,0.96586002530543225,0,1.0199630830977384,0,0.83066553097233442,0