msdX(mean),msdX(std),msdY(mean),msdY(std),msdZ(mean),msdZ(std),DmsdX(mean),DmsdX(std),DmsdY(mean),DmsdY(std),DmsdZ(mean),DmsdZ(std)
5242.5563474999999,0,5597.9463825000003,0,4469.6725475000003,0,0.86389182682800902,0,0.92245458251856582,0,0.73653258571538438,0