msdX(mean),msdX(std),msdY(mean),msdY(std),msdZ(mean),msdZ(std),DmsdX(mean),DmsdX(std),DmsdY(mean),DmsdY(std),DmsdZ(mean),DmsdZ(std)
7303.6923100000004,0,7736.7781249999998,0,6145.4202075000003,0,0.83087774183762464,0,0.88014615960714415,0,0.69911116842364718,0