msdX(mean),msdX(std),msdY(mean),msdY(std),msdZ(mean),msdZ(std),DmsdX(mean),DmsdX(std),DmsdY(mean),DmsdY(std),DmsdZ(mean),DmsdZ(std)
1699.7371900000001,0,1788.9802950000001,0,1472.5342250000001,0,1.0409103392667591,0,1.0955623591491794,0,0.9017724085490324,0