msdX(mean),msdX(std),msdY(mean),msdY(std),msdZ(mean),msdZ(std),DmsdX(mean),DmsdX(std),DmsdY(mean),DmsdY(std),DmsdZ(mean),DmsdZ(std)
1790.682315,0,1885.2016275000001,0,1552.1787850000001,0,1.0328078872995732,0,1.087323582593148,0,0.89524673261045107,0