msdX(mean),msdX(std),msdY(mean),msdY(std),msdZ(mean),msdZ(std),DmsdX(mean),DmsdX(std),DmsdY(mean),DmsdY(std),DmsdZ(mean),DmsdZ(std)
8135.8937374999996,0,8613.8327425000007,0,6825.1991774999997,0,0.82187386228180048,0,0.87015443091360922,0,0.68946977306246959,0