msdX(mean),msdX(std),msdY(mean),msdY(std),msdZ(mean),msdZ(std),DmsdX(mean),DmsdX(std),DmsdY(mean),DmsdY(std),DmsdZ(mean),DmsdZ(std)
5021.4116075000002,0,5355.5068449999999,0,4275.469615,0,0.87085562789770032,0,0.92879724682336895,0,0.74148806494317332,0