msdX(mean),msdX(std),msdY(mean),msdY(std),msdZ(mean),msdZ(std),DmsdX(mean),DmsdX(std),DmsdY(mean),DmsdY(std),DmsdZ(mean),DmsdZ(std)
2466.5525950000001,0,2609.1281300000001,0,2125.887745,0,0.97098175847680046,0,1.0271079663552385,0,0.83687581815557432,0