msdX(mean),msdX(std),msdY(mean),msdY(std),msdZ(mean),msdZ(std),DmsdX(mean),DmsdX(std),DmsdY(mean),DmsdY(std),DmsdZ(mean),DmsdZ(std)
7012.0699599999998,0,7443.2024124999998,0,5897.5103550000003,0,0.83605085090654729,0,0.8874548807896222,0,0.70316163110955676,0