msdX(mean),msdX(std),msdY(mean),msdY(std),msdZ(mean),msdZ(std),DmsdX(mean),DmsdX(std),DmsdY(mean),DmsdY(std),DmsdZ(mean),DmsdZ(std)
5640.4289150000004,0,5985.8160875000003,0,4774.2737125000003,0,0.85818186518643258,0,0.91073194823406511,0,0.7263977937223598,0