msdX(mean),msdX(std),msdY(mean),msdY(std),msdZ(mean),msdZ(std),DmsdX(mean),DmsdX(std),DmsdY(mean),DmsdY(std),DmsdZ(mean),DmsdZ(std)
2048.4833724999999,0,2161.7042900000001,0,1770.0615025,0,1.0060324980355564,0,1.0616365239171006,0,0.86929648487378441,0