msdX(mean),msdX(std),msdY(mean),msdY(std),msdZ(mean),msdZ(std),DmsdX(mean),DmsdX(std),DmsdY(mean),DmsdY(std),DmsdZ(mean),DmsdZ(std)
7757.4353950000004,0,8201.5273699999998,0,6525.6346800000001,0,0.82568070876617849,0,0.87294867272649856,0,0.69457112993869208,0