msdX(mean),msdX(std),msdY(mean),msdY(std),msdZ(mean),msdZ(std),DmsdX(mean),DmsdX(std),DmsdY(mean),DmsdY(std),DmsdZ(mean),DmsdZ(std)
316.46936499999998,0,324.71434499999998,0,277.46273000000002,0,1.4276813458646616,0,1.4648767443609023,0,1.2517115639097747,0