msdX(mean),msdX(std),msdY(mean),msdY(std),msdZ(mean),msdZ(std),DmsdX(mean),DmsdX(std),DmsdY(mean),DmsdY(std),DmsdZ(mean),DmsdZ(std)
7835.8245575000001,0,8291.0850350000001,0,6585.9472999999998,0,0.82517107808550971,0,0.87311341986099411,0,0.69354963142375736,0