msdX(mean),msdX(std),msdY(mean),msdY(std),msdZ(mean),msdZ(std),DmsdX(mean),DmsdX(std),DmsdY(mean),DmsdY(std),DmsdZ(mean),DmsdZ(std)
430.20124249999998,0,412.05343925,0,385.82214425000001,0,1.6888297925935618,0,1.6175874348992412,0,1.5146119245616332,0