msdX(mean),msdX(std),msdY(mean),msdY(std),msdZ(mean),msdZ(std),DmsdX(mean),DmsdX(std),DmsdY(mean),DmsdY(std),DmsdZ(mean),DmsdZ(std)
1849.833934,0,1748.8637000000001,0,1619.5337247499999,0,1.3136159167731856,0,1.2419142877432183,0,1.1500736576835675,0