msdX(mean),msdX(std),msdY(mean),msdY(std),msdZ(mean),msdZ(std),DmsdX(mean),DmsdX(std),DmsdY(mean),DmsdY(std),DmsdZ(mean),DmsdZ(std)
793.53891999999996,0,756.12606000000005,0,706.72532000000001,0,1.5333097771480098,0,1.4610190519129205,0,1.3655648331830479,0