msdX(mean),msdX(std),msdY(mean),msdY(std),msdZ(mean),msdZ(std),DmsdX(mean),DmsdX(std),DmsdY(mean),DmsdY(std),DmsdZ(mean),DmsdZ(std)
8347.0698947500005,0,7855.0007734999999,0,7062.7279672499999,0,0.98625492056974751,0,0.92811408813242913,0,0.83450244195595158,0