msdX(mean),msdX(std),msdY(mean),msdY(std),msdZ(mean),msdZ(std),DmsdX(mean),DmsdX(std),DmsdY(mean),DmsdY(std),DmsdZ(mean),DmsdZ(std)
371.02023550000001,0,356.14591474999997,0,333.89656074999999,0,1.7208730774582561,0,1.6518827214749536,0,1.5486853467068646,0