msdX(mean),msdX(std),msdY(mean),msdY(std),msdZ(mean),msdZ(std),DmsdX(mean),DmsdX(std),DmsdY(mean),DmsdY(std),DmsdZ(mean),DmsdZ(std)
4922.8263390000002,0,4624.5515274999998,0,4209.26323675,0,1.0873727353517209,0,1.0214886526454521,0,0.92975818450058167,0