msdX(mean),msdX(std),msdY(mean),msdY(std),msdZ(mean),msdZ(std),DmsdX(mean),DmsdX(std),DmsdY(mean),DmsdY(std),DmsdZ(mean),DmsdZ(std)
534.70541349999996,0,511.79916600000001,0,478.59132875,0,1.6345182805176277,0,1.564497144895048,0,1.4629855168636643,0