msdX(mean),msdX(std),msdY(mean),msdY(std),msdZ(mean),msdZ(std),DmsdX(mean),DmsdX(std),DmsdY(mean),DmsdY(std),DmsdZ(mean),DmsdZ(std)
1666.7359752499999,0,1578.1454329999999,0,1463.3761294999999,0,1.3414014180035412,0,1.2701030955574633,0,1.1777359127857066,0