msdX(mean),msdX(std),msdY(mean),msdY(std),msdZ(mean),msdZ(std),DmsdX(mean),DmsdX(std),DmsdY(mean),DmsdY(std),DmsdZ(mean),DmsdZ(std)
88.564596750000007,0,86.798460250000005,0,81.668185249999993,0,2.0037239083710405,0,1.9637660690045249,0,1.8476964988687781,0