msdX(mean),msdX(std),msdY(mean),msdY(std),msdZ(mean),msdZ(std),DmsdX(mean),DmsdX(std),DmsdY(mean),DmsdY(std),DmsdZ(mean),DmsdZ(std)
8640.0902824999994,0,8143.6230624999998,0,7310.2864412500003,0,0.97917280585608724,0,0.92290867146300182,0,0.82846746414081507,0