msdX(mean),msdX(std),msdY(mean),msdY(std),msdZ(mean),msdZ(std),DmsdX(mean),DmsdX(std),DmsdY(mean),DmsdY(std),DmsdZ(mean),DmsdZ(std)
99.259703250000001,0,97.205530749999994,0,91.393578250000004,0,1.9825506641145141,0,1.9415219191078563,0,1.8254376481358192,0