msdX(mean),msdX(std),msdY(mean),msdY(std),msdZ(mean),msdZ(std),DmsdX(mean),DmsdX(std),DmsdY(mean),DmsdY(std),DmsdZ(mean),DmsdZ(std)
220.38456500000001,0,213.918724,0,199.89314049999999,0,1.8324658952328161,0,1.7787033592017738,0,1.6620826538248337,0