msdX(mean),msdX(std),msdY(mean),msdY(std),msdZ(mean),msdZ(std),DmsdX(mean),DmsdX(std),DmsdY(mean),DmsdY(std),DmsdZ(mean),DmsdZ(std)
384.83987000000002,0,369.44936749999999,0,346.19957475000001,0,1.7124289676653814,0,1.6439455688223079,0,1.5404905432364284,0