msdX(mean),msdX(std),msdY(mean),msdY(std),msdZ(mean),msdZ(std),DmsdX(mean),DmsdX(std),DmsdY(mean),DmsdY(std),DmsdZ(mean),DmsdZ(std)
2123.9215060000001,0,2007.264007,0,1858.5577147500001,0,1.2764974192643643,0,1.2063851312204503,0,1.1170112076789007,0