msdX(mean),msdX(std),msdY(mean),msdY(std),msdZ(mean),msdZ(std),DmsdX(mean),DmsdX(std),DmsdY(mean),DmsdY(std),DmsdZ(mean),DmsdZ(std)
44.039560000000002,0,43.492076750000003,0,41.198036000000002,0,2.1105220447284347,0,2.0842848282747606,0,1.9743467731629394,0