msdX(mean),msdX(std),msdY(mean),msdY(std),msdZ(mean),msdZ(std),DmsdX(mean),DmsdX(std),DmsdY(mean),DmsdY(std),DmsdZ(mean),DmsdZ(std)
67.52467575,0,66.369225749999998,0,62.662149999999997,0,2.0462022954545454,0,2.0111886590909092,0,1.8988530303030302,0