msdX(mean),msdX(std),msdY(mean),msdY(std),msdZ(mean),msdZ(std),DmsdX(mean),DmsdX(std),DmsdY(mean),DmsdY(std),DmsdZ(mean),DmsdZ(std)
319.35155700000001,0,308.049238,0,288.67945650000001,0,1.7501912148337597,0,1.6882493861892582,0,1.5820942080745342,0