msdX(mean),msdX(std),msdY(mean),msdY(std),msdZ(mean),msdZ(std),DmsdX(mean),DmsdX(std),DmsdY(mean),DmsdY(std),DmsdZ(mean),DmsdZ(std)
1304.2242825000001,0,1235.2463317500001,0,1151.5465207499999,0,1.4055150684316404,0,1.3311800399633595,0,1.2409797982074862,0