msdX(mean),msdX(std),msdY(mean),msdY(std),msdZ(mean),msdZ(std),DmsdX(mean),DmsdX(std),DmsdY(mean),DmsdY(std),DmsdZ(mean),DmsdZ(std)
72.967049000000003,0,71.659277750000001,0,67.586247499999999,0,2.0343972769516729,0,1.9979352532527881,0,1.8843749302973978,0