msdX(mean),msdX(std),msdY(mean),msdY(std),msdZ(mean),msdZ(std),DmsdX(mean),DmsdX(std),DmsdY(mean),DmsdY(std),DmsdZ(mean),DmsdZ(std)
2442.32767625,0,2306.7700532499998,0,2130.4014432499998,0,1.2423247700413713,0,1.173371453720031,0,1.08365904739903,0