msdX(mean),msdX(std),msdY(mean),msdY(std),msdZ(mean),msdZ(std),DmsdX(mean),DmsdX(std),DmsdY(mean),DmsdY(std),DmsdZ(mean),DmsdZ(std)
664.44113374999995,0,633.86260025000001,0,592.14113450000002,0,1.5815006357108854,0,1.5087177092589654,0,1.4094124115360205,0