msdX(mean),msdX(std),msdY(mean),msdY(std),msdZ(mean),msdZ(std),DmsdX(mean),DmsdX(std),DmsdY(mean),DmsdY(std),DmsdZ(mean),DmsdZ(std)
5102.3525072499997,0,4790.2765520000003,0,4356.0558355000003,0,1.0809763510741222,0,1.0148604316262253,0,0.92286711579475167,0