msdX(mean),msdX(std),msdY(mean),msdY(std),msdZ(mean),msdZ(std),DmsdX(mean),DmsdX(std),DmsdY(mean),DmsdY(std),DmsdZ(mean),DmsdZ(std)
1351.2513262499999,0,1279.2065405000001,0,1191.96103225,0,1.3966903179265435,0,1.3222228574627894,0,1.2320435145913726,0