msdX(mean),msdX(std),msdY(mean),msdY(std),msdZ(mean),msdZ(std),DmsdX(mean),DmsdX(std),DmsdY(mean),DmsdY(std),DmsdZ(mean),DmsdZ(std)
357.33765449999999,0,343.42082399999998,0,321.73394150000001,0,1.7284955877136408,0,1.6611778007094486,0,1.5562751120606257,0