msdX(mean),msdX(std),msdY(mean),msdY(std),msdZ(mean),msdZ(std),DmsdX(mean),DmsdX(std),DmsdY(mean),DmsdY(std),DmsdZ(mean),DmsdZ(std)
196.90151975000001,0,191.48923400000001,0,178.88346000000001,0,1.8552278870917087,0,1.8042327324120606,0,1.6854597361809047,0