msdX(mean),msdX(std),msdY(mean),msdY(std),msdZ(mean),msdZ(std),DmsdX(mean),DmsdX(std),DmsdY(mean),DmsdY(std),DmsdZ(mean),DmsdZ(std)
62.547982750000003,0,61.558406249999997,0,58.1790825,0,2.0574994325657898,0,2.0249475740131579,0,1.9137856085526317,0