msdX(mean),msdX(std),msdY(mean),msdY(std),msdZ(mean),msdZ(std),DmsdX(mean),DmsdX(std),DmsdY(mean),DmsdY(std),DmsdZ(mean),DmsdZ(std)
189.74849424999999,0,184.43651600000001,0,172.46966875000001,0,1.8639341281925343,0,1.8117535952848725,0,1.6942010682711199,0