msdX(mean),msdX(std),msdY(mean),msdY(std),msdZ(mean),msdZ(std),DmsdX(mean),DmsdX(std),DmsdY(mean),DmsdY(std),DmsdZ(mean),DmsdZ(std)
688.13282174999995,0,656.73677450000002,0,613.41752350000002,0,1.5710795017123287,0,1.4993990285388128,0,1.4004966289954339,0