msdX(mean),msdX(std),msdY(mean),msdY(std),msdZ(mean),msdZ(std),DmsdX(mean),DmsdX(std),DmsdY(mean),DmsdY(std),DmsdZ(mean),DmsdZ(std)
7002.1207562500003,0,6580.9712047499997,0,5923.2648842500003,0,1.0191821002741255,0,0.95788237418126243,0,0.8621510190068411,0