msdX(mean),msdX(std),msdY(mean),msdY(std),msdZ(mean),msdZ(std),DmsdX(mean),DmsdX(std),DmsdY(mean),DmsdY(std),DmsdZ(mean),DmsdZ(std)
640.57506950000004,0,611.82500425000001,0,571.24124549999999,0,1.5897792922733289,0,1.5184273765304435,0,1.4177065986929185,0