msdX(mean),msdX(std),msdY(mean),msdY(std),msdZ(mean),msdZ(std),DmsdX(mean),DmsdX(std),DmsdY(mean),DmsdY(std),DmsdZ(mean),DmsdZ(std)
163.10545074999999,0,158.56166775,0,148.75777249999999,0,1.8936391340944272,0,1.8408862354876163,0,1.7270639222136224,0