msdX(mean),msdX(std),msdY(mean),msdY(std),msdZ(mean),msdZ(std),DmsdX(mean),DmsdX(std),DmsdY(mean),DmsdY(std),DmsdZ(mean),DmsdZ(std)
3347.0348722499998,0,3151.7950034999999,0,2895.3767874999999,0,1.1696920712862866,0,1.101461373013839,0,1.0118506083709986,0