msdX(mean),msdX(std),msdY(mean),msdY(std),msdZ(mean),msdZ(std),DmsdX(mean),DmsdX(std),DmsdY(mean),DmsdY(std),DmsdZ(mean),DmsdZ(std)
554.33414900000002,0,530.34166525000001,0,496.05869174999998,0,1.6252955893275998,0,1.5549501522185301,0,1.4544332244429241,0