msdX(mean),msdX(std),msdY(mean),msdY(std),msdZ(mean),msdZ(std),DmsdX(mean),DmsdX(std),DmsdY(mean),DmsdY(std),DmsdZ(mean),DmsdZ(std)
2712.2051759999999,0,2559.5026067499998,0,2360.72633675,0,1.2173637044794876,0,1.1488236961384242,0,1.0596036701053293,0