msdX(mean),msdX(std),msdY(mean),msdY(std),msdZ(mean),msdZ(std),DmsdX(mean),DmsdX(std),DmsdY(mean),DmsdY(std),DmsdZ(mean),DmsdZ(std)
286.02289624999997,0,276.10501575000001,0,258.6643095,0,1.7765397282608695,0,1.7149379860248448,0,1.6066106180124224,0