msdX(mean),msdX(std),msdY(mean),msdY(std),msdZ(mean),msdZ(std),DmsdX(mean),DmsdX(std),DmsdY(mean),DmsdY(std),DmsdZ(mean),DmsdZ(std)
331.48159075000001,0,319.56313349999999,0,299.28460625000002,0,1.7428054192954785,0,1.6801426577287066,0,1.5735257952155628,0