msdX(mean),msdX(std),msdY(mean),msdY(std),msdZ(mean),msdZ(std),DmsdX(mean),DmsdX(std),DmsdY(mean),DmsdY(std),DmsdZ(mean),DmsdZ(std)
4756.0720707500004,0,4464.5887135000003,0,4067.2866374999999,0,1.0952802803600217,0,1.0281543057112152,0,0.93665923946418983,0