msdX(mean),msdX(std),msdY(mean),msdY(std),msdZ(mean),msdZ(std),DmsdX(mean),DmsdX(std),DmsdY(mean),DmsdY(std),DmsdZ(mean),DmsdZ(std)
947.57038450000005,0,901.13838599999997,0,841.92165675000001,0,1.486307201453519,0,1.4134765021436788,0,1.3205923717714108,0