msdX(mean),msdX(std),msdY(mean),msdY(std),msdZ(mean),msdZ(std),DmsdX(mean),DmsdX(std),DmsdY(mean),DmsdY(std),DmsdZ(mean),DmsdZ(std)
85.245455750000005,0,83.566704000000001,0,78.677644000000001,0,2.0105060318396228,0,1.9709128301886794,0,1.8556048113207548,0