msdX(mean),msdX(std),msdY(mean),msdY(std),msdZ(mean),msdZ(std),DmsdX(mean),DmsdX(std),DmsdY(mean),DmsdY(std),DmsdZ(mean),DmsdZ(std)
1054.1353449999999,0,1001.0447755,0,935.58856075000006,0,1.4589435481638677,0,1.3854651810758443,0,1.2948725236436613,0