msdX(mean),msdX(std),msdY(mean),msdY(std),msdZ(mean),msdZ(std),DmsdX(mean),DmsdX(std),DmsdY(mean),DmsdY(std),DmsdZ(mean),DmsdZ(std)
596.382069,0,569.83902775000001,0,532.43941900000004,0,1.6086551042977881,0,1.5370590570490918,0,1.4361789759036145,0