msdX(mean),msdX(std),msdY(mean),msdY(std),msdZ(mean),msdZ(std),DmsdX(mean),DmsdX(std),DmsdY(mean),DmsdY(std),DmsdZ(mean),DmsdZ(std)
64.983369749999994,0,63.910536999999998,0,60.374297249999998,0,2.0521064131578943,0,2.0182274842105263,0,1.9065567552631577,0