msdX(mean),msdX(std),msdY(mean),msdY(std),msdZ(mean),msdZ(std),DmsdX(mean),DmsdX(std),DmsdY(mean),DmsdY(std),DmsdZ(mean),DmsdZ(std)
2050.1625887499999,0,1940.0564684999999,0,1795.3423467499999,0,1.2846703497054892,0,1.215675788599716,0,1.1249952043299356,0