msdX(mean),msdX(std),msdY(mean),msdY(std),msdZ(mean),msdZ(std),DmsdX(mean),DmsdX(std),DmsdY(mean),DmsdY(std),DmsdZ(mean),DmsdZ(std)
4435.9201917500004,0,4167.8607119999997,0,3804.4227142499999,0,1.1104235986157005,0,1.0433214959447281,0,0.95234372540552725,0