msdX(mean),msdX(std),msdY(mean),msdY(std),msdZ(mean),msdZ(std),DmsdX(mean),DmsdX(std),DmsdY(mean),DmsdY(std),DmsdZ(mean),DmsdZ(std)
739.07086575000005,0,704.54341124999996,0,658.68115850000004,0,1.5522350862853544,0,1.4797187298725847,0,1.3833964404228509,0