msdX(mean),msdX(std),msdY(mean),msdY(std),msdZ(mean),msdZ(std),DmsdX(mean),DmsdX(std),DmsdY(mean),DmsdY(std),DmsdZ(mean),DmsdZ(std)
3719.4004085000001,0,3497.7288954999999,0,3203.9156655000002,0,1.1469482993955964,0,1.0785916459202762,0,0.98798871332977001,0