msdX(mean),msdX(std),msdY(mean),msdY(std),msdZ(mean),msdZ(std),DmsdX(mean),DmsdX(std),DmsdY(mean),DmsdY(std),DmsdZ(mean),DmsdZ(std)
4595.1260802500001,0,4314.5142164999997,0,3934.2995677499998,0,1.103271567887155,0,1.0358977710684274,0,0.94460974015606236,0