msdX(mean),msdX(std),msdY(mean),msdY(std),msdZ(mean),msdZ(std),DmsdX(mean),DmsdX(std),DmsdY(mean),DmsdY(std),DmsdZ(mean),DmsdZ(std)
3233.2742067499998,0,3045.7972567500001,0,2798.2342494999998,0,1.1780493356955477,0,1.1097417681082855,0,1.0195417363185892,0