msdX(mean),msdX(std),msdY(mean),msdY(std),msdZ(mean),msdZ(std),DmsdX(mean),DmsdX(std),DmsdY(mean),DmsdY(std),DmsdZ(mean),DmsdZ(std)
57.832468499999997,0,57.026345499999998,0,53.876701500000003,0,2.0703747673031025,0,2.0415159486873509,0,1.9287601968973749,0