msdX(mean),msdX(std),msdY(mean),msdY(std),msdZ(mean),msdZ(std),DmsdX(mean),DmsdX(std),DmsdY(mean),DmsdY(std),DmsdZ(mean),DmsdZ(std)
3122.3169352499999,0,2940.4598485000001,0,2704.8071852500002,0,1.186080330963355,0,1.1169979417909692,0,1.0274801270987921,0