msdX(mean),msdX(std),msdY(mean),msdY(std),msdZ(mean),msdZ(std),DmsdX(mean),DmsdX(std),DmsdY(mean),DmsdY(std),DmsdZ(mean),DmsdZ(std)
296.69615649999997,0,286.64101775,0,268.49204550000002,0,1.7674512897140586,0,1.7075517340150912,0,1.5994363314138205,0