msdX(mean),msdX(std),msdY(mean),msdY(std),msdZ(mean),msdZ(std),DmsdX(mean),DmsdX(std),DmsdY(mean),DmsdY(std),DmsdZ(mean),DmsdZ(std)
275.73236474999999,0,266.19037750000001,0,249.45109875,0,1.7858313779145076,0,1.7240309423575129,0,1.6156159245466322,0