msdX(mean),msdX(std),msdY(mean),msdY(std),msdZ(mean),msdZ(std),DmsdX(mean),DmsdX(std),DmsdY(mean),DmsdY(std),DmsdZ(mean),DmsdZ(std)
618.20245150000005,0,590.60344750000002,0,551.32204524999997,0,1.599350943859952,0,1.527949588220076,0,1.4263247117540532,0