msdX(mean),msdX(std),msdY(mean),msdY(std),msdZ(mean),msdZ(std),DmsdX(mean),DmsdX(std),DmsdY(mean),DmsdY(std),DmsdZ(mean),DmsdZ(std)
157.05184825000001,0,152.80168549999999,0,143.25445124999999,0,1.9013540950363199,0,1.8498993401937047,0,1.7343153904358353,0