msdX(mean),msdX(std),msdY(mean),msdY(std),msdZ(mean),msdZ(std),DmsdX(mean),DmsdX(std),DmsdY(mean),DmsdY(std),DmsdZ(mean),DmsdZ(std)
7507.2353025000002,0,7068.0942949999999,0,6347.3011847500002,0,1.0052537898366363,0,0.94645076258703797,0,0.84993320631360469,0