msdX(mean),msdX(std),msdY(mean),msdY(std),msdZ(mean),msdZ(std),DmsdX(mean),DmsdX(std),DmsdY(mean),DmsdY(std),DmsdZ(mean),DmsdZ(std)
497.49318399999999,0,476.16057024999998,0,445.46417824999997,0,1.6531674257864422,0,1.5822792542645103,0,1.4802752932543197,0