msdX(mean),msdX(std),msdY(mean),msdY(std),msdZ(mean),msdZ(std),DmsdX(mean),DmsdX(std),DmsdY(mean),DmsdY(std),DmsdZ(mean),DmsdZ(std)
515.54128675000004,0,493.58686425000002,0,461.77904775000002,0,1.6432467703463665,0,1.5732687980769231,0,1.4718839176051848,0