msdX(mean),msdX(std),msdY(mean),msdY(std),msdZ(mean),msdZ(std),DmsdX(mean),DmsdX(std),DmsdY(mean),DmsdY(std),DmsdZ(mean),DmsdZ(std)
2807.3070532500001,0,2649.6985654999999,0,2444.8952570000001,0,1.2085528168857447,0,1.1407019625893291,0,1.0525336180868468,0