msdX(mean),msdX(std),msdY(mean),msdY(std),msdZ(mean),msdZ(std),DmsdX(mean),DmsdX(std),DmsdY(mean),DmsdY(std),DmsdZ(mean),DmsdZ(std)
1787.6850602500001,0,1690.0274675000001,0,1567.05466875,0,1.3235575470755183,0,1.251254294792695,0,1.1602082937438301,0