msdX(mean),msdX(std),msdY(mean),msdY(std),msdZ(mean),msdZ(std),DmsdX(mean),DmsdX(std),DmsdY(mean),DmsdY(std),DmsdZ(mean),DmsdZ(std)
151.12147074999999,0,147.25601075,0,138.17467400000001,0,1.9064945847350714,0,1.8577293198065601,0,1.7431624137931037,0