msdX(mean),msdX(std),msdY(mean),msdY(std),msdZ(mean),msdZ(std),DmsdX(mean),DmsdX(std),DmsdY(mean),DmsdY(std),DmsdZ(mean),DmsdZ(std)
852.19874349999998,0,811.71129150000002,0,758.02188899999999,0,1.5149302148020858,0,1.4429567874496327,0,1.3475146166153118,0