msdX(mean),msdX(std),msdY(mean),msdY(std),msdZ(mean),msdZ(std),DmsdX(mean),DmsdX(std),DmsdY(mean),DmsdY(std),DmsdZ(mean),DmsdZ(std)
2908.5235505000001,0,2742.7335332500002,0,2528.4708245000002,0,1.2009759478487074,0,1.1325185949500371,0,1.0440460915434799,0