msdX(mean),msdX(std),msdY(mean),msdY(std),msdZ(mean),msdZ(std),DmsdX(mean),DmsdX(std),DmsdY(mean),DmsdY(std),DmsdZ(mean),DmsdZ(std)
1175.4671125,0,1112.2727667500001,0,1037.4772814999999,0,1.4355973528334147,0,1.3584181323277968,0,1.2670704463849536,0