msdX(mean),msdX(std),msdY(mean),msdY(std),msdZ(mean),msdZ(std),DmsdX(mean),DmsdX(std),DmsdY(mean),DmsdY(std),DmsdZ(mean),DmsdZ(std)
9284.6378339999992,0,8756.7477139999992,0,7829.3493115000001,0,0.96800349968374888,0,0.91296640585794409,0,0.81627713102875454,0