msdX(mean),msdX(std),msdY(mean),msdY(std),msdZ(mean),msdZ(std),DmsdX(mean),DmsdX(std),DmsdY(mean),DmsdY(std),DmsdZ(mean),DmsdZ(std)
765.62738750000005,0,729.8042805,0,681.96104624999998,0,1.5423597653102339,0,1.4701939574939566,0,1.3738135500604352,0