msdX(mean),msdX(std),msdY(mean),msdY(std),msdZ(mean),msdZ(std),DmsdX(mean),DmsdX(std),DmsdY(mean),DmsdY(std),DmsdZ(mean),DmsdZ(std)
3366.6689610758849,0,3617.3710552752368,0,3063.6436623520131,0,0.81063173285900614,0,0.87099616886439746,0,0.73766883515665804,0