msdX(mean),msdX(std),msdY(mean),msdY(std),msdZ(mean),msdZ(std),DmsdX(mean),DmsdX(std),DmsdY(mean),DmsdY(std),DmsdZ(mean),DmsdZ(std)
3853.1008023234954,0,4130.8864339014999,0,3514.0876382714432,0,0.79301589034325148,0,0.85018761546852084,0,0.7232427803413789,0