msdX(mean),msdX(std),msdY(mean),msdY(std),msdZ(mean),msdZ(std),DmsdX(mean),DmsdX(std),DmsdY(mean),DmsdY(std),DmsdZ(mean),DmsdZ(std)
2586.0071358996497,0,2768.1681057826145,0,2335.8051545805843,0,0.84947337733653683,0,0.90931114505079647,0,0.76728492582885799,0