msdX(mean),msdX(std),msdY(mean),msdY(std),msdZ(mean),msdZ(std),DmsdX(mean),DmsdX(std),DmsdY(mean),DmsdY(std),DmsdZ(mean),DmsdZ(std)
388.4631136294928,0,404.50210326661937,0,348.16538528929664,0,1.2047813414947128,0,1.2545247399623147,0,1.0798017758539018,0