msdX(mean),msdX(std),msdY(mean),msdY(std),msdZ(mean),msdZ(std),DmsdX(mean),DmsdX(std),DmsdY(mean),DmsdY(std),DmsdZ(mean),DmsdZ(std)
5779.0407933781553,0,6263.2981532313861,0,5296.4899566442873,0,0.74259393588325184,0,0.8048199335342624,0,0.68058722267150951,0