msdX(mean),msdX(std),msdY(mean),msdY(std),msdZ(mean),msdZ(std),DmsdX(mean),DmsdX(std),DmsdY(mean),DmsdY(std),DmsdZ(mean),DmsdZ(std)
5840.8430981582305,0,6331.338189579893,0,5353.0701706982327,0,0.74093764150877084,0,0.80315918557390642,0,0.67906141638332596,0