msdX(mean),msdX(std),msdY(mean),msdY(std),msdZ(mean),msdZ(std),DmsdX(mean),DmsdX(std),DmsdY(mean),DmsdY(std),DmsdZ(mean),DmsdZ(std)
6827.9189930770908,0,7397.6317639257231,0,6269.5200727477468,0,0.72674907407680411,0,0.78738808123605319,0,0.66731428893563605,0