msdX(mean),msdX(std),msdY(mean),msdY(std),msdZ(mean),msdZ(std),DmsdX(mean),DmsdX(std),DmsdY(mean),DmsdY(std),DmsdZ(mean),DmsdZ(std)
679.22752907672066,0,716.69967463414923,0,610.55008552609206,0,1.0870133523104297,0,1.1469825390953252,0,0.97710423504665234,0