msdX(mean),msdX(std),msdY(mean),msdY(std),msdZ(mean),msdZ(std),DmsdX(mean),DmsdX(std),DmsdY(mean),DmsdY(std),DmsdZ(mean),DmsdZ(std)
855.59557664835518,0,906.00818264208499,0,778.98013936358404,0,1.0352391785094535,0,1.0962365775608969,0,0.94253731734914603,0