msdX(mean),msdX(std),msdY(mean),msdY(std),msdZ(mean),msdZ(std),DmsdX(mean),DmsdX(std),DmsdY(mean),DmsdY(std),DmsdZ(mean),DmsdZ(std)
6749.8428417363502,0,7330.2297035808706,0,6204.2351256169513,0,0.7262310724738763,0,0.78867622608854426,0,0.66752788691563536,0