msdX(mean),msdX(std),msdY(mean),msdY(std),msdZ(mean),msdZ(std),DmsdX(mean),DmsdX(std),DmsdY(mean),DmsdY(std),DmsdZ(mean),DmsdZ(std)
34.277885408811315,0,34.435318605186495,0,30.600955271248218,0,1.7128308879309753,0,1.7206976637930533,0,1.529098448275773,0