msdX(mean),msdX(std),msdY(mean),msdY(std),msdZ(mean),msdZ(std),DmsdX(mean),DmsdX(std),DmsdY(mean),DmsdY(std),DmsdZ(mean),DmsdZ(std)
6479.0485655179473,0,7026.0962083130835,0,5959.3392229962647,0,0.72871034616644481,0,0.79023778698119251,0,0.67025769357938469,0