msdX(mean),msdX(std),msdY(mean),msdY(std),msdZ(mean),msdZ(std),DmsdX(mean),DmsdX(std),DmsdY(mean),DmsdY(std),DmsdZ(mean),DmsdZ(std)
2298.2075296179669,0,2449.9118002847963,0,2071.3818149911076,0,0.87019762640117893,0,0.92763921709648989,0,0.78431191071567885,0