msdX(mean),msdX(std),msdY(mean),msdY(std),msdZ(mean),msdZ(std),DmsdX(mean),DmsdX(std),DmsdY(mean),DmsdY(std),DmsdZ(mean),DmsdZ(std)
946.79284568619596,0,1001.6590583602032,0,854.56430283091265,0,1.0210444469458013,0,1.0802135059759643,0,0.92158294175874034,0