msdX(mean),msdX(std),msdY(mean),msdY(std),msdZ(mean),msdZ(std),DmsdX(mean),DmsdX(std),DmsdY(mean),DmsdY(std),DmsdZ(mean),DmsdZ(std)
2368.3879115259688,0,2523.6810252631071,0,2136.9275577251515,0,0.86379971508966491,0,0.92043830319793574,0,0.77938137014933828,0