msdX(mean),msdX(std),msdY(mean),msdY(std),msdZ(mean),msdZ(std),DmsdX(mean),DmsdX(std),DmsdY(mean),DmsdY(std),DmsdZ(mean),DmsdZ(std)
3637.7423126874278,0,3912.205854460356,0,3325.3197289528457,0,0.79838574558812625,0,0.85862304680401513,0,0.72981746449148333,0