msdX(mean),msdX(std),msdY(mean),msdY(std),msdZ(mean),msdZ(std),DmsdX(mean),DmsdX(std),DmsdY(mean),DmsdY(std),DmsdZ(mean),DmsdZ(std)
5391.7091691929845,0,5814.4239433394596,0,4949.2091177563689,0,0.75120882218477425,0,0.81010425916810946,0,0.68955676862897086,0