msdX(mean),msdX(std),msdY(mean),msdY(std),msdZ(mean),msdZ(std),DmsdX(mean),DmsdX(std),DmsdY(mean),DmsdY(std),DmsdZ(mean),DmsdZ(std)
3156.1252689443681,0,3380.0099548500011,0,2876.4259412240435,0,0.81961947364553733,0,0.87776046387329432,0,0.74698388531167514,0