msdX(mean),msdX(std),msdY(mean),msdY(std),msdZ(mean),msdZ(std),DmsdX(mean),DmsdX(std),DmsdY(mean),DmsdY(std),DmsdZ(mean),DmsdZ(std)
4645.7542866678396,0,5005.372466270258,0,4269.1079473201844,0,0.76555280204029164,0,0.82481265266332648,0,0.70348695811624085,0