msdX(mean),msdX(std),msdY(mean),msdY(std),msdZ(mean),msdZ(std),DmsdX(mean),DmsdX(std),DmsdY(mean),DmsdY(std),DmsdZ(mean),DmsdZ(std)
2513.6676167727833,0,2687.9004871639372,0,2261.814915405489,0,0.85398974612808298,0,0.91318336574575509,0,0.76842567907833459,0