msdX(mean),msdX(std),msdY(mean),msdY(std),msdZ(mean),msdZ(std),DmsdX(mean),DmsdX(std),DmsdY(mean),DmsdY(std),DmsdZ(mean),DmsdZ(std)
2794.6461017645361,0,3001.4515439886372,0,2529.9427142818813,0,0.8350528995331552,0,0.89684730135721213,0,0.75595832970763277,0