msdX(mean),msdX(std),msdY(mean),msdY(std),msdZ(mean),msdZ(std),DmsdX(mean),DmsdX(std),DmsdY(mean),DmsdY(std),DmsdZ(mean),DmsdZ(std)
2070.389223794909,0,2209.3697767789254,0,1871.42246541246,0,0.88531298113523682,0,0.9447420422354369,0,0.80023339707156449,0