msdX(mean),msdX(std),msdY(mean),msdY(std),msdZ(mean),msdZ(std),DmsdX(mean),DmsdX(std),DmsdY(mean),DmsdY(std),DmsdZ(mean),DmsdZ(std)
3084.2013079946141,0,3301.5144909336896,0,2807.456107984935,0,0.82247582720215828,0,0.8804275696634718,0,0.74867512012373916,0