msdX(mean),msdX(std),msdY(mean),msdY(std),msdZ(mean),msdZ(std),DmsdX(mean),DmsdX(std),DmsdY(mean),DmsdY(std),DmsdZ(mean),DmsdZ(std)
4367.6933284017905,0,4704.7764180462309,0,4017.1007804598453,0,0.77096175315365179,0,0.83046184856117922,0,0.70907704077096434,0