msdX(mean),msdX(std),msdY(mean),msdY(std),msdZ(mean),msdZ(std),DmsdX(mean),DmsdX(std),DmsdY(mean),DmsdY(std),DmsdZ(mean),DmsdZ(std)
5319.971258505383,0,5734.7175089409411,0,4892.722966546211,0,0.75177258083155385,0,0.81038095368350549,0,0.69139752700236123,0