msdX(mean),msdX(std),msdY(mean),msdY(std),msdZ(mean),msdZ(std),DmsdX(mean),DmsdX(std),DmsdY(mean),DmsdY(std),DmsdZ(mean),DmsdZ(std)
6419.7649672576435,0,6960.09283578125,0,5897.4011232727353,0,0.73032300591377763,0,0.79179159162240897,0,0.67089803713915008,0