msdX(mean),msdX(std),msdY(mean),msdY(std),msdZ(mean),msdZ(std),DmsdX(mean),DmsdX(std),DmsdY(mean),DmsdY(std),DmsdZ(mean),DmsdZ(std)
6039.0954365560292,0,6556.5166482042587,0,5537.1704581374861,0,0.73778283058889738,0,0.80099502687673563,0,0.67646377457939588,0