msdX(mean),msdX(std),msdY(mean),msdY(std),msdZ(mean),msdZ(std),DmsdX(mean),DmsdX(std),DmsdY(mean),DmsdY(std),DmsdZ(mean),DmsdZ(std)
4715.5999867852343,0,5070.4267684013448,0,4332.5339719479734,0,0.76436503961436741,0,0.82187992377466135,0,0.70227277766964447,0