msdX(mean),msdX(std),msdY(mean),msdY(std),msdZ(mean),msdZ(std),DmsdX(mean),DmsdX(std),DmsdY(mean),DmsdY(std),DmsdZ(mean),DmsdZ(std)
4575.5525408149433,0,4927.4851843546448,0,4207.0710764867572,0,0.76672103005048797,0,0.82569405168146492,0,0.70497493810551393,0