msdX(mean),msdX(std),msdY(mean),msdY(std),msdZ(mean),msdZ(std),DmsdX(mean),DmsdX(std),DmsdY(mean),DmsdY(std),DmsdZ(mean),DmsdZ(std)
5650.6997618378164,0,6107.4707654186877,0,5182.8748265897038,0,0.74541522793230119,0,0.80567043102176128,0,0.68370183924803529,0