msdX(mean),msdX(std),msdY(mean),msdY(std),msdZ(mean),msdZ(std),DmsdX(mean),DmsdX(std),DmsdY(mean),DmsdY(std),DmsdZ(mean),DmsdZ(std)
3976.5990243241299,0,4268.3220364273948,0,3638.809940094859,0,0.78582566558345479,0,0.84347377864434381,0,0.71907432095010759,0