msdX(mean),msdX(std),msdY(mean),msdY(std),msdZ(mean),msdZ(std),DmsdX(mean),DmsdX(std),DmsdY(mean),DmsdY(std),DmsdZ(mean),DmsdZ(std)
2726.5933690904631,0,2921.6153856548349,0,2460.1801921514707,0,0.84002130419806753,0,0.9001045753447251,0,0.75794351919175551,0