msdX(mean),msdX(std),msdY(mean),msdY(std),msdZ(mean),msdZ(std),DmsdX(mean),DmsdX(std),DmsdY(mean),DmsdY(std),DmsdZ(mean),DmsdZ(std)
2436.9804096137177,0,2601.6971647143578,0,2198.2236046054049,0,0.85729698173942726,0,0.91524212419220319,0,0.77330554401760332,0