msdX(mean),msdX(std),msdY(mean),msdY(std),msdZ(mean),msdZ(std),DmsdX(mean),DmsdX(std),DmsdY(mean),DmsdY(std),DmsdZ(mean),DmsdZ(std)
6293.2470387547919,0,6821.6555909263789,0,5785.989369091787,0,0.73273617355703013,0,0.79425990815837011,0,0.67367508131205289,0