msdX(mean),msdX(std),msdY(mean),msdY(std),msdZ(mean),msdZ(std),DmsdX(mean),DmsdX(std),DmsdY(mean),DmsdY(std),DmsdZ(mean),DmsdZ(std)
4836.6969982695264,0,5218.3279152890727,0,4456.6098200942288,0,0.75918364337475097,0,0.81908566951180384,0,0.69952392749211656,0