msdX(mean),msdX(std),msdY(mean),msdY(std),msdZ(mean),msdZ(std),DmsdX(mean),DmsdX(std),DmsdY(mean),DmsdY(std),DmsdZ(mean),DmsdZ(std)
2656.5085985733431,0,2843.3461343332679,0,2395.8893381831972,0,0.84466210433350597,0,0.90406887087219434,0,0.76179573867250094,0