msdX(mean),msdX(std),msdY(mean),msdY(std),msdZ(mean),msdZ(std),DmsdX(mean),DmsdX(std),DmsdY(mean),DmsdY(std),DmsdZ(mean),DmsdZ(std)
1530.6190304177758,0,1627.7317055203634,0,1387.492234560269,0,0.93734493508800198,0,0.99681634654393536,0,0.84969466124043969,0