msdX(mean),msdX(std),msdY(mean),msdY(std),msdZ(mean),msdZ(std),DmsdX(mean),DmsdX(std),DmsdY(mean),DmsdY(std),DmsdZ(mean),DmsdZ(std)
1121.5947305005604,0,1184.956001848956,0,1013.4398470389651,0,0.99353456045064237,0,1.0496614404785356,0,0.89772846250949945,0