msdX(mean),msdX(std),msdY(mean),msdY(std),msdZ(mean),msdZ(std),DmsdX(mean),DmsdX(std),DmsdY(mean),DmsdY(std),DmsdZ(mean),DmsdZ(std)
769.26575312522129,0,812.25514184589383,0,696.93513452065247,0,1.0600852754479526,0,1.1193267245806491,0,0.96041019770630276,0