msdX(mean),msdX(std),msdY(mean),msdY(std),msdZ(mean),msdZ(std),DmsdX(mean),DmsdX(std),DmsdY(mean),DmsdY(std),DmsdZ(mean),DmsdZ(std)
5967.5860473092271,0,6484.2371968637335,0,5475.9495427001075,0,0.73813715110264078,0,0.80204228872826788,0,0.67732610187548059,0