msdX(mean),msdX(std),msdY(mean),msdY(std),msdZ(mean),msdZ(std),DmsdX(mean),DmsdX(std),DmsdY(mean),DmsdY(std),DmsdZ(mean),DmsdZ(std)
3569.3242931993823,0,3834.3484804112736,0,3263.2838363124833,0,0.80109362930878347,0,0.86057524839077515,0,0.73240638203625075,0