msdX(mean),msdX(std),msdY(mean),msdY(std),msdZ(mean),msdZ(std),DmsdX(mean),DmsdX(std),DmsdY(mean),DmsdY(std),DmsdZ(mean),DmsdZ(std)
3014.6922284570333,0,3219.5528033020478,0,2738.2189946019757,0,0.8261486722517537,0,0.88228882822102894,0,0.75038372586470337,0