msdX(mean),msdX(std),msdY(mean),msdY(std),msdZ(mean),msdZ(std),DmsdX(mean),DmsdX(std),DmsdY(mean),DmsdY(std),DmsdZ(mean),DmsdZ(std)
4042.5450819845332,0,4341.7146927642907,0,3705.4685156979044,0,0.78325437939223441,0,0.84121932550219392,0,0.7179448549762717,0