msdX(mean),msdX(std),msdY(mean),msdY(std),msdZ(mean),msdZ(std),DmsdX(mean),DmsdX(std),DmsdY(mean),DmsdY(std),DmsdZ(mean),DmsdZ(std)
4903.6440947812143,0,5278.460105918999,0,4515.6085353925237,0,0.75770270724169808,0,0.81561863687837066,0,0.69774411559599347,0