msdX(mean),msdX(std),msdY(mean),msdY(std),msdZ(mean),msdZ(std),DmsdX(mean),DmsdX(std),DmsdY(mean),DmsdY(std),DmsdZ(mean),DmsdZ(std)
47.755533999999997,0,47.62382075,0,45.764899749999998,0,2.190620825688073,0,2.1845789334862387,0,2.0993073279816512,0