msdX(mean),msdX(std),msdY(mean),msdY(std),msdZ(mean),msdZ(std),DmsdX(mean),DmsdX(std),DmsdY(mean),DmsdY(std),DmsdZ(mean),DmsdZ(std)
200.489859,0,197.71154974999999,0,189.53155824999999,0,1.9694485166994107,0,1.942156677308448,0,1.8618031262278978,0