msdX(mean),msdX(std),msdY(mean),msdY(std),msdZ(mean),msdZ(std),DmsdX(mean),DmsdX(std),DmsdY(mean),DmsdY(std),DmsdZ(mean),DmsdZ(std)
7973.7453605000001,0,6197.1529207499998,0,7215.9881425000003,0,1.1131955289034288,0,0.86516970525343428,0,1.0074068550826478,0