msdX(mean),msdX(std),msdY(mean),msdY(std),msdZ(mean),msdZ(std),DmsdX(mean),DmsdX(std),DmsdY(mean),DmsdY(std),DmsdZ(mean),DmsdZ(std)
192.92866075000001,0,190.23716325000001,0,182.50724475000001,0,1.9767280814549182,0,1.9491512628073773,0,1.8699512781762297,0