msdX(mean),msdX(std),msdY(mean),msdY(std),msdZ(mean),msdZ(std),DmsdX(mean),DmsdX(std),DmsdY(mean),DmsdY(std),DmsdZ(mean),DmsdZ(std)
396.39183724999998,0,385.2668415,0,372.30544824999998,0,1.8385521208256028,0,1.7869519550092765,0,1.7268341755565861,0