msdX(mean),msdX(std),msdY(mean),msdY(std),msdZ(mean),msdZ(std),DmsdX(mean),DmsdX(std),DmsdY(mean),DmsdY(std),DmsdZ(mean),DmsdZ(std)
9443.3877510000002,0,7135.8526307499997,0,8536.2121790000001,0,1.0702097059867934,0,0.80869905454335966,0,0.96740040409344352,0