msdX(mean),msdX(std),msdY(mean),msdY(std),msdZ(mean),msdZ(std),DmsdX(mean),DmsdX(std),DmsdY(mean),DmsdY(std),DmsdZ(mean),DmsdZ(std)
233.44163175,0,229.81007700000001,0,220.24686124999999,0,1.9410335234201774,0,1.9108376690687363,0,1.8313209083980044,0