msdX(mean),msdX(std),msdY(mean),msdY(std),msdZ(mean),msdZ(std),DmsdX(mean),DmsdX(std),DmsdY(mean),DmsdY(std),DmsdZ(mean),DmsdZ(std)
1544.0120690000001,0,1415.9275660000001,0,1428.1030417500001,0,1.5307456070720424,0,1.4037616318572375,0,1.415832493473232,0