msdX(mean),msdX(std),msdY(mean),msdY(std),msdZ(mean),msdZ(std),DmsdX(mean),DmsdX(std),DmsdY(mean),DmsdY(std),DmsdZ(mean),DmsdZ(std)
3247.9969795000002,0,2824.9763512499999,0,2974.65131475,0,1.3411499626311008,0,1.1664779714468576,0,1.2282811606036832,0