msdX(mean),msdX(std),msdY(mean),msdY(std),msdZ(mean),msdZ(std),DmsdX(mean),DmsdX(std),DmsdY(mean),DmsdY(std),DmsdZ(mean),DmsdZ(std)
92.775375749999995,0,92.095474749999994,0,88.324018749999993,0,2.09899040158371,0,2.0836080260180991,0,1.9982809671945698,0