msdX(mean),msdX(std),msdY(mean),msdY(std),msdZ(mean),msdZ(std),DmsdX(mean),DmsdX(std),DmsdY(mean),DmsdY(std),DmsdZ(mean),DmsdZ(std)
282.26880399999999,0,276.46508725000001,0,265.81974624999998,0,1.9055049774977497,0,1.8663259715346536,0,1.7944627334608461,0