msdX(mean),msdX(std),msdY(mean),msdY(std),msdZ(mean),msdZ(std),DmsdX(mean),DmsdX(std),DmsdY(mean),DmsdY(std),DmsdZ(mean),DmsdZ(std)
6501.5938829999996,0,5209.4213040000004,0,5891.0282272499999,0,1.1657730257841636,0,0.93407908052022581,0,1.0562951062535861,0