msdX(mean),msdX(std),msdY(mean),msdY(std),msdZ(mean),msdZ(std),DmsdX(mean),DmsdX(std),DmsdY(mean),DmsdY(std),DmsdZ(mean),DmsdZ(std)
1335.5047187499999,0,1235.7146660000001,0,1238.6841145000001,0,1.5644334854549005,0,1.4475376798125734,0,1.4510161434986335,0