msdX(mean),msdX(std),msdY(mean),msdY(std),msdZ(mean),msdZ(std),DmsdX(mean),DmsdX(std),DmsdY(mean),DmsdY(std),DmsdZ(mean),DmsdZ(std)
73.187360999999996,0,72.986395999999999,0,70.148944,0,2.1275395639534884,0,2.1216975581395348,0,2.0392134883720932,0