msdX(mean),msdX(std),msdY(mean),msdY(std),msdZ(mean),msdZ(std),DmsdX(mean),DmsdX(std),DmsdY(mean),DmsdY(std),DmsdZ(mean),DmsdZ(std)
2205.8831552500001,0,1974.8209025000001,0,2026.6060285000001,0,1.4411257547364982,0,1.290170450239547,0,1.3240021963196864,0