msdX(mean),msdX(std),msdY(mean),msdY(std),msdZ(mean),msdZ(std),DmsdX(mean),DmsdX(std),DmsdY(mean),DmsdY(std),DmsdZ(mean),DmsdZ(std)
53.608303499999998,0,53.523862000000001,0,51.387300000000003,0,2.1733096013513511,0,2.1698862972972974,0,2.0832689189189191,0