msdX(mean),msdX(std),msdY(mean),msdY(std),msdZ(mean),msdZ(std),DmsdX(mean),DmsdX(std),DmsdY(mean),DmsdY(std),DmsdZ(mean),DmsdZ(std)
117.11254700000001,0,116.05265274999999,0,111.40936499999999,0,2.0618406161971832,0,2.0431805061619719,0,1.9614324823943663,0