msdX(mean),msdX(std),msdY(mean),msdY(std),msdZ(mean),msdZ(std),DmsdX(mean),DmsdX(std),DmsdY(mean),DmsdY(std),DmsdZ(mean),DmsdZ(std)
7451.7502919999997,0,5847.9815699999999,0,6741.5510617500004,0,1.1308235558703019,0,0.88744725125196011,0,1.0230488737543628,0