msdX(mean),msdX(std),msdY(mean),msdY(std),msdZ(mean),msdZ(std),DmsdX(mean),DmsdX(std),DmsdY(mean),DmsdY(std),DmsdZ(mean),DmsdZ(std)
576.395532,0,553.98091999999997,0,538.45903874999999,0,1.761959034033014,0,1.6934407581006725,0,1.6459925782046056,0