msdX(mean),msdX(std),msdY(mean),msdY(std),msdZ(mean),msdZ(std),DmsdX(mean),DmsdX(std),DmsdY(mean),DmsdY(std),DmsdZ(mean),DmsdZ(std)
460.72691150000003,0,445.83435900000001,0,431.13696325000001,0,1.8086636148913899,0,1.7502003101282388,0,1.6925031271264068,0