msdX(mean),msdX(std),msdY(mean),msdY(std),msdZ(mean),msdZ(std),DmsdX(mean),DmsdX(std),DmsdY(mean),DmsdY(std),DmsdZ(mean),DmsdZ(std)
8533.2907572500008,0,6565.6388882499996,0,7718.6238290000001,0,1.0959693928363488,0,0.84325490255028213,0,0.99133800922160098,0