msdX(mean),msdX(std),msdY(mean),msdY(std),msdZ(mean),msdZ(std),DmsdX(mean),DmsdX(std),DmsdY(mean),DmsdY(std),DmsdZ(mean),DmsdZ(std)
328.05154549999997,0,320.63130200000001,0,308.67879625,0,1.8745802599999999,0,1.8321788685714286,0,1.7638788357142858,0