msdX(mean),msdX(std),msdY(mean),msdY(std),msdZ(mean),msdZ(std),DmsdX(mean),DmsdX(std),DmsdY(mean),DmsdY(std),DmsdZ(mean),DmsdZ(std)
251.85214350000001,0,247.49272675,0,237.49745874999999,0,1.92743987372449,0,1.8940769904336736,0,1.8175825924744899,0