msdX(mean),msdX(std),msdY(mean),msdY(std),msdZ(mean),msdZ(std),DmsdX(mean),DmsdX(std),DmsdY(mean),DmsdY(std),DmsdZ(mean),DmsdZ(std)
1600.2522035,0,1465.1353407500001,0,1479.5814922500001,0,1.5217308895968049,0,1.3932439527862306,0,1.4069812592715865,0