msdX(mean),msdX(std),msdY(mean),msdY(std),msdZ(mean),msdZ(std),DmsdX(mean),DmsdX(std),DmsdY(mean),DmsdY(std),DmsdZ(mean),DmsdZ(std)
82.500896749999995,0,81.983953499999998,0,78.724595750000006,0,2.1154076089743588,0,2.1021526538461539,0,2.0185793782051284,0