msdX(mean),msdX(std),msdY(mean),msdY(std),msdZ(mean),msdZ(std),DmsdX(mean),DmsdX(std),DmsdY(mean),DmsdY(std),DmsdZ(mean),DmsdZ(std)
2629.34034625,0,2327.2529034999998,0,2410.1812237499998,0,1.3944316643243531,0,1.2342240684662706,0,1.2782038734355112,0