msdX(mean),msdX(std),msdY(mean),msdY(std),msdZ(mean),msdZ(std),DmsdX(mean),DmsdX(std),DmsdY(mean),DmsdY(std),DmsdZ(mean),DmsdZ(std)
10436.756521249999,0,7745.4917162499996,0,9429.2494889999998,0,1.0436756521249999,0,0.77454917162499992,0,0.9429249489,0