msdX(mean),msdX(std),msdY(mean),msdY(std),msdZ(mean),msdZ(std),DmsdX(mean),DmsdX(std),DmsdY(mean),DmsdY(std),DmsdZ(mean),DmsdZ(std)
8825.5207855000008,0,6756.1920282499996,0,7990.3432942500003,0,1.0871992098098797,0,0.83228251487496396,0,0.98431527461709034,0