msdX(mean),msdX(std),msdY(mean),msdY(std),msdZ(mean),msdZ(std),DmsdX(mean),DmsdX(std),DmsdY(mean),DmsdY(std),DmsdZ(mean),DmsdZ(std)
4447.6600264999997,0,3743.6380525,0,4043.6600764999998,0,1.2617475252482269,0,1.0620249794326242,0,1.1471376103546098,0