msdX(mean),msdX(std),msdY(mean),msdY(std),msdZ(mean),msdZ(std),DmsdX(mean),DmsdX(std),DmsdY(mean),DmsdY(std),DmsdZ(mean),DmsdZ(std)
863.92497000000003,0,817.61020574999998,0,804.31742150000002,0,1.6693127077160892,0,1.5798213430696897,0,1.5541364578771095,0