msdX(mean),msdX(std),msdY(mean),msdY(std),msdZ(mean),msdZ(std),DmsdX(mean),DmsdX(std),DmsdY(mean),DmsdY(std),DmsdZ(mean),DmsdZ(std)
381.48705649999999,0,371.18204700000001,0,358.54084475000002,0,1.8453098508545631,0,1.7954629812963563,0,1.7343155985972269,0