msdX(mean),msdX(std),msdY(mean),msdY(std),msdZ(mean),msdZ(std),DmsdX(mean),DmsdX(std),DmsdY(mean),DmsdY(std),DmsdZ(mean),DmsdZ(std)
5866.4773130000003,0,4770.1337034999997,0,5312.7360532499997,0,1.1920988348889823,0,0.96931608643672862,0,1.0795757183135322,0