msdX(mean),msdX(std),msdY(mean),msdY(std),msdZ(mean),msdZ(std),DmsdX(mean),DmsdX(std),DmsdY(mean),DmsdY(std),DmsdZ(mean),DmsdZ(std)
51.59092425,0,51.451404250000003,0,49.427990250000001,0,2.1798982077464788,0,2.1740029964788734,0,2.0885066302816901,0