msdX(mean),msdX(std),msdY(mean),msdY(std),msdZ(mean),msdZ(std),DmsdX(mean),DmsdX(std),DmsdY(mean),DmsdY(std),DmsdZ(mean),DmsdZ(std)
89.223701750000004,0,88.608286250000006,0,85.043272250000001,0,2.1043325884433965,0,2.0898180719339625,0,2.0057375530660377,0