msdX(mean),msdX(std),msdY(mean),msdY(std),msdZ(mean),msdZ(std),DmsdX(mean),DmsdX(std),DmsdY(mean),DmsdY(std),DmsdZ(mean),DmsdZ(std)
8252.6024969999999,0,6382.8003877499996,0,7459.3897344999996,0,1.1050619305034814,0,0.85468671501740756,0,0.9988470453267273,0