msdX(mean),msdX(std),msdY(mean),msdY(std),msdZ(mean),msdZ(std),DmsdX(mean),DmsdX(std),DmsdY(mean),DmsdY(std),DmsdZ(mean),DmsdZ(std)
45.804987500000003,0,45.672843,0,43.923461000000003,0,2.1951271964856232,0,2.1887943929712459,0,2.1049581948881788,0