msdX(mean),msdX(std),msdY(mean),msdY(std),msdZ(mean),msdZ(std),DmsdX(mean),DmsdX(std),DmsdY(mean),DmsdY(std),DmsdZ(mean),DmsdZ(std)
3608.4488535,0,3106.2056202499998,0,3295.5447125000001,0,1.3147449003497778,0,1.1317516651788968,0,1.2007377076805363,0