msdX(mean),msdX(std),msdY(mean),msdY(std),msdZ(mean),msdZ(std),DmsdX(mean),DmsdX(std),DmsdY(mean),DmsdY(std),DmsdZ(mean),DmsdZ(std)
1487.5743035,0,1368.9943377500001,0,1379.1143635000001,0,1.5375974746761301,0,1.4150299797581314,0,1.4254903150840683,0