msdX(mean),msdX(std),msdY(mean),msdY(std),msdZ(mean),msdZ(std),DmsdX(mean),DmsdX(std),DmsdY(mean),DmsdY(std),DmsdZ(mean),DmsdZ(std)
2449.6538312500002,0,2179.2000564999998,0,2249.3883810000002,0,1.4121212662368856,0,1.2562161656930939,0,1.2966767501248992,0