msdX(mean),msdX(std),msdY(mean),msdY(std),msdZ(mean),msdZ(std),DmsdX(mean),DmsdX(std),DmsdY(mean),DmsdY(std),DmsdZ(mean),DmsdZ(std)
4937.5170520000001,0,4104.4461347500001,0,4486.3648004999995,0,1.235986044858316,0,1.0274472150670872,0,1.1230511666416341,0