msdX(mean),msdX(std),msdY(mean),msdY(std),msdZ(mean),msdZ(std),DmsdX(mean),DmsdX(std),DmsdY(mean),DmsdY(std),DmsdZ(mean),DmsdZ(std)
67.769103749999999,0,67.534556249999994,0,64.919787249999999,0,2.1400769605263159,0,2.1326701973684208,0,2.0500985447368421,0