msdX(mean),msdX(std),msdY(mean),msdY(std),msdZ(mean),msdZ(std),DmsdX(mean),DmsdX(std),DmsdY(mean),DmsdY(std),DmsdZ(mean),DmsdZ(std)
96.442466499999995,0,95.658274500000005,0,91.754372000000004,0,2.0935412409551377,0,2.0765182597684517,0,1.9917736324167874,0