msdX(mean),msdX(std),msdY(mean),msdY(std),msdZ(mean),msdZ(std),DmsdX(mean),DmsdX(std),DmsdY(mean),DmsdY(std),DmsdZ(mean),DmsdZ(std)
4297.7584557500004,0,3627.4688242500001,0,3906.6126875,0,1.2711500904318249,0,1.0728982029724934,0,1.1554607179828453,0