msdX(mean),msdX(std),msdY(mean),msdY(std),msdZ(mean),msdZ(std),DmsdX(mean),DmsdX(std),DmsdY(mean),DmsdY(std),DmsdZ(mean),DmsdZ(std)
340.62957175000003,0,332.63384300000001,0,320.56874299999998,0,1.8668043756850567,0,1.8229841596638656,0,1.756861945560833,0