msdX(mean),msdX(std),msdY(mean),msdY(std),msdZ(mean),msdZ(std),DmsdX(mean),DmsdX(std),DmsdY(mean),DmsdY(std),DmsdZ(mean),DmsdZ(std)
79.237418000000005,0,78.851039999999998,0,75.757737000000006,0,2.1186475401069522,0,2.1083165775401072,0,2.0256079411764709,0