msdX(mean),msdX(std),msdY(mean),msdY(std),msdZ(mean),msdZ(std),DmsdX(mean),DmsdX(std),DmsdY(mean),DmsdY(std),DmsdZ(mean),DmsdZ(std)
76.1626105,0,75.831956000000005,0,72.885206999999994,0,2.1234928578066916,0,2.1142738661710037,0,2.0321154368029739,0