msdX(mean),msdX(std),msdY(mean),msdY(std),msdZ(mean),msdZ(std),DmsdX(mean),DmsdX(std),DmsdY(mean),DmsdY(std),DmsdZ(mean),DmsdZ(std)
55.77323225,0,55.672091000000002,0,53.486768249999997,0,2.1673535848445593,0,2.163423225388601,0,2.0785013568652846,0