msdX(mean),msdX(std),msdY(mean),msdY(std),msdZ(mean),msdZ(std),DmsdX(mean),DmsdX(std),DmsdY(mean),DmsdY(std),DmsdZ(mean),DmsdZ(std)
6281.6854530000001,0,5055.9564127499998,0,5690.1481469999999,0,1.1743077779508719,0,0.94516813757960594,0,1.0637248994254664,0