msdX(mean),msdX(std),msdY(mean),msdY(std),msdZ(mean),msdZ(std),DmsdX(mean),DmsdX(std),DmsdY(mean),DmsdY(std),DmsdZ(mean),DmsdZ(std)
104.14535050000001,0,103.3239545,0,99.154255500000005,0,2.0801334986684425,0,2.0637274533954728,0,1.9804445173102532,0