msdX(mean),msdX(std),msdY(mean),msdY(std),msdZ(mean),msdZ(std),DmsdX(mean),DmsdX(std),DmsdY(mean),DmsdY(std),DmsdZ(mean),DmsdZ(std)
136.58864,0,135.11773625000001,0,129.65487074999999,0,2.0366099403578528,0,2.0146779758946325,0,1.9332237189363817,0