msdX(mean),msdX(std),msdY(mean),msdY(std),msdZ(mean),msdZ(std),DmsdX(mean),DmsdX(std),DmsdY(mean),DmsdY(std),DmsdZ(mean),DmsdZ(std)
999.87725850000004,0,937.68072549999999,0,928.68435550000004,0,1.6352113909180113,0,1.5334944267880506,0,1.5187816542193633,0