msdX(mean),msdX(std),msdY(mean),msdY(std),msdZ(mean),msdZ(std),DmsdX(mean),DmsdX(std),DmsdY(mean),DmsdY(std),DmsdZ(mean),DmsdZ(std)
353.7853495,0,344.97048074999998,0,332.78120625000003,0,1.8600701866456362,0,1.8137249250788643,0,1.7496383083596216,0