msdX(mean),msdX(std),msdY(mean),msdY(std),msdZ(mean),msdZ(std),DmsdX(mean),DmsdX(std),DmsdY(mean),DmsdY(std),DmsdZ(mean),DmsdZ(std)
6731.2011892500004,0,5362.4717582499998,0,6093.7419444999996,0,1.1576378752192755,0,0.9222425890430983,0,1.0480070760671412,0