msdX(mean),msdX(std),msdY(mean),msdY(std),msdZ(mean),msdZ(std),DmsdX(mean),DmsdX(std),DmsdY(mean),DmsdY(std),DmsdZ(mean),DmsdZ(std)
1658.4990782499999,0,1515.8900045,0,1532.2605637500001,0,1.5126770140915722,0,1.3826067169828529,0,1.3975379092940532,0