msdX(mean),msdX(std),msdY(mean),msdY(std),msdZ(mean),msdZ(std),DmsdX(mean),DmsdX(std),DmsdY(mean),DmsdY(std),DmsdZ(mean),DmsdZ(std)
62.618248999999999,0,62.484386749999999,0,60.098944250000002,0,2.1493678146453088,0,2.1447730005720822,0,2.0628928232265449,0