msdX(mean),msdX(std),msdY(mean),msdY(std),msdZ(mean),msdZ(std),DmsdX(mean),DmsdX(std),DmsdY(mean),DmsdY(std),DmsdZ(mean),DmsdZ(std)
367.39457850000002,0,357.94356025000002,0,345.26415450000002,0,1.8524096394957983,0,1.8047574466386556,0,1.7408276697478993,0