msdX(mean),msdX(std),msdY(mean),msdY(std),msdZ(mean),msdZ(std),DmsdX(mean),DmsdX(std),DmsdY(mean),DmsdY(std),DmsdZ(mean),DmsdZ(std)
1113.3551295,0,1040.0489930000001,0,1033.3893055000001,0,1.6065730584415585,0,1.5007921976911978,0,1.4911822590187591,0