msdX(mean),msdX(std),msdY(mean),msdY(std),msdZ(mean),msdZ(std),DmsdX(mean),DmsdX(std),DmsdY(mean),DmsdY(std),DmsdZ(mean),DmsdZ(std)
43.997302249999997,0,43.891677000000001,0,42.219844250000001,0,2.1998651124999999,0,2.1945838499999999,0,2.1109922125000002,0