msdX(mean),msdX(std),msdY(mean),msdY(std),msdZ(mean),msdZ(std),DmsdX(mean),DmsdX(std),DmsdY(mean),DmsdY(std),DmsdZ(mean),DmsdZ(std)
216.01559875000001,0,213.180443,0,204.21962074999999,0,1.953124762658228,0,1.9274904430379747,0,1.8464703503616637,0