msdX(mean),msdX(std),msdY(mean),msdY(std),msdZ(mean),msdZ(std),DmsdX(mean),DmsdX(std),DmsdY(mean),DmsdY(std),DmsdZ(mean),DmsdZ(std)
85.824161750000002,0,85.23056425,0,81.822753000000006,0,2.1104302069672132,0,2.0958335471311478,0,2.0120349098360659,0