msdX(mean),msdX(std),msdY(mean),msdY(std),msdZ(mean),msdZ(std),DmsdX(mean),DmsdX(std),DmsdY(mean),DmsdY(std),DmsdZ(mean),DmsdZ(std)
3872.7138715000001,0,3305.1905754999998,0,3529.9493745,0,1.2981163815083798,0,1.107885109106145,0,1.1832232540223464,0