msdX(mean),msdX(std),msdY(mean),msdY(std),msdZ(mean),msdZ(std),DmsdX(mean),DmsdX(std),DmsdY(mean),DmsdY(std),DmsdZ(mean),DmsdZ(std)
929.61967600000003,0,876.04142175000004,0,863.83338349999997,0,1.6525592723394171,0,1.5573146866852337,0,1.5356127936122304,0