msdX(mean),msdX(std),msdY(mean),msdY(std),msdZ(mean),msdZ(std),DmsdX(mean),DmsdX(std),DmsdY(mean),DmsdY(std),DmsdZ(mean),DmsdZ(std)
9131.0207895000003,0,6941.9648619999998,0,8259.2508644999998,0,1.078883284436515,0,0.82023357775834771,0,0.97587859069641048,0