msdX(mean),msdX(std),msdY(mean),msdY(std),msdZ(mean),msdZ(std),DmsdX(mean),DmsdX(std),DmsdY(mean),DmsdY(std),DmsdZ(mean),DmsdZ(std)
3366.2100540000001,0,2915.3009362500002,0,3075.6493272500002,0,1.3331876963088134,0,1.1546051128412631,0,1.2181111028343983,0