msdX(mean),msdX(std),msdY(mean),msdY(std),msdZ(mean),msdZ(std),DmsdX(mean),DmsdX(std),DmsdY(mean),DmsdY(std),DmsdZ(mean),DmsdZ(std)
4156.2461560000002,0,3517.4557319999999,0,3777.7973482500001,0,1.2816580461731391,0,1.0846747934954668,0,1.1649561133924717,0