msdX(mean),msdX(std),msdY(mean),msdY(std),msdZ(mean),msdZ(std),DmsdX(mean),DmsdX(std),DmsdY(mean),DmsdY(std),DmsdZ(mean),DmsdZ(std)
746.25393450000001,0,710.88124149999999,0,695.48684600000001,0,1.7037761061643837,0,1.6230165331050228,0,1.5878695114155252,0