msdX(mean),msdX(std),msdY(mean),msdY(std),msdZ(mean),msdZ(std),DmsdX(mean),DmsdX(std),DmsdY(mean),DmsdY(std),DmsdZ(mean),DmsdZ(std)
515.56699600000002,0,497.44752875,0,481.99612350000001,0,1.7860288545034642,0,1.7232593374711316,0,1.6697325294457275,0