msdX(mean),msdX(std),msdY(mean),msdY(std),msdZ(mean),msdZ(std),DmsdX(mean),DmsdX(std),DmsdY(mean),DmsdY(std),DmsdZ(mean),DmsdZ(std)
1384.8260612500001,0,1278.2729704999999,0,1283.4169884999999,0,1.5558677940790955,0,1.436154187514044,0,1.4419335501086061,0