msdX(mean),msdX(std),msdY(mean),msdY(std),msdZ(mean),msdZ(std),DmsdX(mean),DmsdX(std),DmsdY(mean),DmsdY(std),DmsdZ(mean),DmsdZ(std)
598.36140424999996,0,574.34557774999996,0,558.79496600000004,0,1.7543825378713838,0,1.6839686603303361,0,1.6383746071149337,0