msdX(mean),msdX(std),msdY(mean),msdY(std),msdZ(mean),msdZ(std),DmsdX(mean),DmsdX(std),DmsdY(mean),DmsdY(std),DmsdZ(mean),DmsdZ(std)
2284.2121305000001,0,2041.351946,0,2097.8715542499999,0,1.4313301845392266,0,1.2791494356253656,0,1.3145656827533629,0