msdX(mean),msdX(std),msdY(mean),msdY(std),msdZ(mean),msdZ(std),DmsdX(mean),DmsdX(std),DmsdY(mean),DmsdY(std),DmsdZ(mean),DmsdZ(std)
644.52725974999998,0,616.83280475000004,0,601.65696824999998,0,1.7385198518701672,0,1.6638180311544686,0,1.6228833885542167,0