msdX(mean),msdX(std),msdY(mean),msdY(std),msdZ(mean),msdZ(std),DmsdX(mean),DmsdX(std),DmsdY(mean),DmsdY(std),DmsdZ(mean),DmsdZ(std)
1610.1016671249999,0,1721.6489741875,0,1588.4763343750001,0,0.81901503999440461,0,0.8757561290948167,0,0.80801481986621915,0