msdX(mean),msdX(std),msdY(mean),msdY(std),msdZ(mean),msdZ(std),DmsdX(mean),DmsdX(std),DmsdY(mean),DmsdY(std),DmsdZ(mean),DmsdZ(std)
477.52008537500001,0,498.16994699999998,0,458.45836356249998,0,1.1366819456676982,0,1.1858365793858605,0,1.0913076971256843,0