msdX(mean),msdX(std),msdY(mean),msdY(std),msdZ(mean),msdZ(std),DmsdX(mean),DmsdX(std),DmsdY(mean),DmsdY(std),DmsdZ(mean),DmsdZ(std)
622.38733912500004,0,654.56136587499998,0,603.6667006875,0,1.061219140853676,0,1.1160783754156127,0,1.0292989866506579,0