msdX(mean),msdX(std),msdY(mean),msdY(std),msdZ(mean),msdZ(std),DmsdX(mean),DmsdX(std),DmsdY(mean),DmsdY(std),DmsdZ(mean),DmsdZ(std)
4223.5939368749996,0,4568.5433989374997,0,4167.2894886249996,0,0.64094521246123959,0,0.69329250473281256,0,0.63240081470769738,0