msdX(mean),msdX(std),msdY(mean),msdY(std),msdZ(mean),msdZ(std),DmsdX(mean),DmsdX(std),DmsdY(mean),DmsdY(std),DmsdZ(mean),DmsdZ(std)
1508.0558754374999,0,1610.6382946250001,0,1485.9592802499999,0,0.83384804149042047,0,0.89056885052942969,0,0.82163019006939253,0