msdX(mean),msdX(std),msdY(mean),msdY(std),msdZ(mean),msdZ(std),DmsdX(mean),DmsdX(std),DmsdY(mean),DmsdY(std),DmsdZ(mean),DmsdZ(std)
2155.2710348125001,0,2326.3917609999999,0,2145.2104411250002,0,0.75321378614884149,0,0.81301623696748704,0,0.74969785811015466,0