msdX(mean),msdX(std),msdY(mean),msdY(std),msdZ(mean),msdZ(std),DmsdX(mean),DmsdX(std),DmsdY(mean),DmsdY(std),DmsdZ(mean),DmsdZ(std)
84.189715875000005,0,85.956141437499994,0,79.000202562499993,0,1.612829806034483,0,1.6466693761973181,0,1.5134138421934866,0