msdX(mean),msdX(std),msdY(mean),msdY(std),msdZ(mean),msdZ(std),DmsdX(mean),DmsdX(std),DmsdY(mean),DmsdY(std),DmsdZ(mean),DmsdZ(std)
42.059650875000003,0,42.728955187499999,0,39.420692187500002,0,1.7796749312411848,0,1.8079952829689703,0,1.668012363363893,0