msdX(mean),msdX(std),msdY(mean),msdY(std),msdZ(mean),msdZ(std),DmsdX(mean),DmsdX(std),DmsdY(mean),DmsdY(std),DmsdZ(mean),DmsdZ(std)
144.24724156249999,0,147.80620768750001,0,135.88563793750001,0,1.4781954728864219,0,1.5146665177198977,0,1.3925086722886424,0