msdX(mean),msdX(std),msdY(mean),msdY(std),msdZ(mean),msdZ(std),DmsdX(mean),DmsdX(std),DmsdY(mean),DmsdY(std),DmsdZ(mean),DmsdZ(std)
129.65933362499999,0,132.88963874999999,0,122.2046644375,0,1.5056241566673119,0,1.5431349574221018,0,1.4190593896361525,0