msdX(mean),msdX(std),msdY(mean),msdY(std),msdZ(mean),msdZ(std),DmsdX(mean),DmsdX(std),DmsdY(mean),DmsdY(std),DmsdZ(mean),DmsdZ(std)
2020.1653820624999,0,2175.4984895624998,0,2005.9077046875,0,0.76741369153856376,0,0.82642111464519508,0,0.76199753258233827,0