msdX(mean),msdX(std),msdY(mean),msdY(std),msdZ(mean),msdZ(std),DmsdX(mean),DmsdX(std),DmsdY(mean),DmsdY(std),DmsdZ(mean),DmsdZ(std)
177.86805512500001,0,182.84688525000001,0,167.96361812500001,0,1.419160014295213,0,1.4588847227393618,0,1.3401352509973405,0