msdX(mean),msdX(std),msdY(mean),msdY(std),msdZ(mean),msdZ(std),DmsdX(mean),DmsdX(std),DmsdY(mean),DmsdY(std),DmsdZ(mean),DmsdZ(std)
46.8846025625,0,47.782750874999998,0,44.008752999999999,0,1.7505140969197264,0,1.7840479480398259,0,1.6431395021779713,0