msdX(mean),msdX(std),msdY(mean),msdY(std),msdZ(mean),msdZ(std),DmsdX(mean),DmsdX(std),DmsdY(mean),DmsdY(std),DmsdZ(mean),DmsdZ(std)
101.01642506250001,0,103.12602099999999,0,94.721017312499995,0,1.5706103922648356,0,1.6034105364083959,0,1.4727289553640839,0