msdX(mean),msdX(std),msdY(mean),msdY(std),msdZ(mean),msdZ(std),DmsdX(mean),DmsdX(std),DmsdY(mean),DmsdY(std),DmsdZ(mean),DmsdZ(std)
417.78706525000001,0,434.81464649999998,0,400.46896981250001,0,1.175044481085642,0,1.2229353016453381,0,1.1263365766066658,0