msdX(mean),msdX(std),msdY(mean),msdY(std),msdZ(mean),msdZ(std),DmsdX(mean),DmsdX(std),DmsdY(mean),DmsdY(std),DmsdZ(mean),DmsdZ(std)
1832.8842661250001,0,1969.8688859375,0,1817.2301726875,0,0.78907831703965736,0,0.84805181321707124,0,0.78233904499027762,0