msdX(mean),msdX(std),msdY(mean),msdY(std),msdZ(mean),msdZ(std),DmsdX(mean),DmsdX(std),DmsdY(mean),DmsdY(std),DmsdZ(mean),DmsdZ(std)
1895.6879214375001,0,2035.4052201249999,0,1877.9208551249999,0,0.78277605922886351,0,0.84046876024569006,0,0.77543960157943637,0