msdX(mean),msdX(std),msdY(mean),msdY(std),msdZ(mean),msdZ(std),DmsdX(mean),DmsdX(std),DmsdY(mean),DmsdY(std),DmsdZ(mean),DmsdZ(std)
1412.6308712499999,0,1505.5257662500001,0,1392.6855726875001,0,0.84903036467359183,0,0.90486277509541324,0,0.83704268660659742,0