msdX(mean),msdX(std),msdY(mean),msdY(std),msdZ(mean),msdZ(std),DmsdX(mean),DmsdX(std),DmsdY(mean),DmsdY(std),DmsdZ(mean),DmsdZ(std)
63.014179687499997,0,64.212676000000002,0,59.016922000000001,0,1.6848711146390374,0,1.7169164705882354,0,1.57799256684492,0