msdX(mean),msdX(std),msdY(mean),msdY(std),msdZ(mean),msdZ(std),DmsdX(mean),DmsdX(std),DmsdY(mean),DmsdY(std),DmsdZ(mean),DmsdZ(std)
45.2333366875,0,46.039936625000003,0,42.461644187499999,0,1.7600520111867706,0,1.7914372227626461,0,1.6522040539883269,0