msdX(mean),msdX(std),msdY(mean),msdY(std),msdZ(mean),msdZ(std),DmsdX(mean),DmsdX(std),DmsdY(mean),DmsdY(std),DmsdZ(mean),DmsdZ(std)
3446.158011125,0,3731.8978158125001,0,3410.9090913750001,0,0.67167186087551123,0,0.72736384763905637,0,0.66480168619231239,0