msdX(mean),msdX(std),msdY(mean),msdY(std),msdZ(mean),msdZ(std),DmsdX(mean),DmsdX(std),DmsdY(mean),DmsdY(std),DmsdZ(mean),DmsdZ(std)
104.72013543750001,0,107.026506375,0,98.298378374999999,0,1.5618215576062642,0,1.5962193344519016,0,1.4660459116331097,0