msdX(mean),msdX(std),msdY(mean),msdY(std),msdZ(mean),msdZ(std),DmsdX(mean),DmsdX(std),DmsdY(mean),DmsdY(std),DmsdZ(mean),DmsdZ(std)
308.11039631249997,0,318.74098068749998,0,293.902518875,0,1.2613689805369814,0,1.3048893860023199,0,1.2032035434293122,0