msdX(mean),msdX(std),msdY(mean),msdY(std),msdZ(mean),msdZ(std),DmsdX(mean),DmsdX(std),DmsdY(mean),DmsdY(std),DmsdZ(mean),DmsdZ(std)
4081.0569512500001,0,4414.8968112499997,0,4030.5376429375001,0,0.64569088454935963,0,0.69850988636093947,0,0.63769789222879703,0