msdX(mean),msdX(std),msdY(mean),msdY(std),msdZ(mean),msdZ(std),DmsdX(mean),DmsdX(std),DmsdY(mean),DmsdY(std),DmsdZ(mean),DmsdZ(std)
2635.5014246249998,0,2844.838526125,0,2617.6539216249998,0,0.71712698341307446,0,0.77408816837486671,0,0.71227063013310343,0