msdX(mean),msdX(std),msdY(mean),msdY(std),msdZ(mean),msdZ(std),DmsdX(mean),DmsdX(std),DmsdY(mean),DmsdY(std),DmsdZ(mean),DmsdZ(std)
5379.9296425624998,0,5801.2910413125001,0,5262.7190278750004,0,0.60970205532296873,0,0.65745452197591003,0,0.59641869337799758,0