msdX(mean),msdX(std),msdY(mean),msdY(std),msdZ(mean),msdZ(std),DmsdX(mean),DmsdX(std),DmsdY(mean),DmsdY(std),DmsdZ(mean),DmsdZ(std)
2087.0286047499999,0,2250.7979501250002,0,2075.0145965000002,0,0.76042651973911923,0,0.82009726553533369,0,0.75604911424459387,0