msdX(mean),msdX(std),msdY(mean),msdY(std),msdZ(mean),msdZ(std),DmsdX(mean),DmsdX(std),DmsdY(mean),DmsdY(std),DmsdZ(mean),DmsdZ(std)
564.2343904375,0,591.00633806250005,0,544.12830425000004,0,1.0902728873868797,0,1.1420044534395029,0,1.0514217981707514,0