msdX(mean),msdX(std),msdY(mean),msdY(std),msdZ(mean),msdZ(std),DmsdX(mean),DmsdX(std),DmsdY(mean),DmsdY(std),DmsdZ(mean),DmsdZ(std)
3943.8557592500001,0,4267.9600846875001,0,3900.5840067499998,0,0.6505597359478742,0,0.7040224478844489,0,0.64342183294156452,0