msdX(mean),msdX(std),msdY(mean),msdY(std),msdZ(mean),msdZ(std),DmsdX(mean),DmsdX(std),DmsdY(mean),DmsdY(std),DmsdZ(mean),DmsdZ(std)
5196.3484208125001,0,5606.5076371249997,0,5090.7213267500001,0,0.61397882893547517,0,0.66244152906928655,0,0.60149837261029848,0