msdX(mean),msdX(std),msdY(mean),msdY(std),msdZ(mean),msdZ(std),DmsdX(mean),DmsdX(std),DmsdY(mean),DmsdY(std),DmsdZ(mean),DmsdZ(std)
783.2220406875,0,827.78415212499999,0,763.8642856875,0,0.99731159680072146,0,1.0540545230793719,0,0.97266250299766543,0