msdX(mean),msdX(std),msdY(mean),msdY(std),msdZ(mean),msdZ(std),DmsdX(mean),DmsdX(std),DmsdY(mean),DmsdY(std),DmsdZ(mean),DmsdZ(std)
1323.6924424374999,0,1408.6199018750001,0,1304.4400555625,0,0.86479106421291596,0,0.92027563575931792,0,0.85221314837650664,0