msdX(mean),msdX(std),msdY(mean),msdY(std),msdZ(mean),msdZ(std),DmsdX(mean),DmsdX(std),DmsdY(mean),DmsdY(std),DmsdZ(mean),DmsdZ(std)
60.770086437499998,0,61.920106937500002,0,56.901227624999997,0,1.6943332649860594,0,1.72639703357342,0,1.5864654542286245,0