msdX(mean),msdX(std),msdY(mean),msdY(std),msdZ(mean),msdZ(std),DmsdX(mean),DmsdX(std),DmsdY(mean),DmsdY(std),DmsdZ(mean),DmsdZ(std)
93.969442062499994,0,95.905161000000007,0,88.135726250000005,0,1.5882159221830985,0,1.6209322985915495,0,1.4896179084507044,0