msdX(mean),msdX(std),msdY(mean),msdY(std),msdZ(mean),msdZ(std),DmsdX(mean),DmsdX(std),DmsdY(mean),DmsdY(std),DmsdZ(mean),DmsdZ(std)
665.01871706249995,0,700.06102637499998,0,645.73716468750001,0,1.0431393433831795,0,1.0981062346736032,0,1.0128945617434839,0