msdX(mean),msdX(std),msdY(mean),msdY(std),msdZ(mean),msdZ(std),DmsdX(mean),DmsdX(std),DmsdY(mean),DmsdY(std),DmsdZ(mean),DmsdZ(std)
4528.2141765625001,0,4896.1863723124998,0,4460.1452503749997,0,0.63217609858611745,0,0.68354805627783444,0,0.62267311429379157,0