msdX(mean),msdX(std),msdY(mean),msdY(std),msdZ(mean),msdZ(std),DmsdX(mean),DmsdX(std),DmsdY(mean),DmsdY(std),DmsdZ(mean),DmsdZ(std)
1458.606063875,0,1557.2325205625,0,1438.4675811249999,0,0.8408486066861387,0,0.89770420378118965,0,0.82923929312266398,0