msdX(mean),msdX(std),msdY(mean),msdY(std),msdZ(mean),msdZ(std),DmsdX(mean),DmsdX(std),DmsdY(mean),DmsdY(std),DmsdZ(mean),DmsdZ(std)
403.921335,0,420.32378693750002,0,386.91107306250001,0,1.184462152387469,0,1.2325608335980647,0,1.1345811242730073,0