msdX(mean),msdX(std),msdY(mean),msdY(std),msdZ(mean),msdZ(std),DmsdX(mean),DmsdX(std),DmsdY(mean),DmsdY(std),DmsdZ(mean),DmsdZ(std)
5766.56351275,0,6214.1645873124999,0,5624.2985283124999,0,0.60121602593442114,0,0.64788245710394621,0,0.58638362386618359,0