msdX(mean),msdX(std),msdY(mean),msdY(std),msdZ(mean),msdZ(std),DmsdX(mean),DmsdX(std),DmsdY(mean),DmsdY(std),DmsdZ(mean),DmsdZ(std)
545.35357531249997,0,570.98316618750005,0,526.10681843750001,0,1.0986909716859177,0,1.150325363348667,0,1.0599156908955074,0