msdX(mean),msdX(std),msdY(mean),msdY(std),msdZ(mean),msdZ(std),DmsdX(mean),DmsdX(std),DmsdY(mean),DmsdY(std),DmsdZ(mean),DmsdZ(std)
2306.7446627499999,0,2486.1500246874998,0,2292.4880550624998,0,0.74163110332651017,0,0.79931091447551728,0,0.73704752549940511,0