msdX(mean),msdX(std),msdY(mean),msdY(std),msdZ(mean),msdZ(std),DmsdX(mean),DmsdX(std),DmsdY(mean),DmsdY(std),DmsdZ(mean),DmsdZ(std)
1199.6614533125,0,1274.9071595625001,0,1179.6046316874999,0,0.88822141709753455,0,0.94393284105913289,0,0.87337147882783384,0