msdX(mean),msdX(std),msdY(mean),msdY(std),msdZ(mean),msdZ(std),DmsdX(mean),DmsdX(std),DmsdY(mean),DmsdY(std),DmsdZ(mean),DmsdZ(std)
65.361000437499996,0,66.585043249999998,0,61.286717937500001,0,1.6766396007909361,0,1.7080387323642581,0,1.5721261548738776,0