msdX(mean),msdX(std),msdY(mean),msdY(std),msdZ(mean),msdZ(std),DmsdX(mean),DmsdX(std),DmsdY(mean),DmsdY(std),DmsdZ(mean),DmsdZ(std)
218.95622668749999,0,225.278813125,0,207.64720687499999,0,1.3602581902308966,0,1.3995370457133982,0,1.2900012852039759,0