msdX(mean),msdX(std),msdY(mean),msdY(std),msdZ(mean),msdZ(std),DmsdX(mean),DmsdX(std),DmsdY(mean),DmsdY(std),DmsdZ(mean),DmsdZ(std)
3686.201878375,0,3990.2886749375002,0,3648.7893317500002,0,0.66095711216918096,0,0.71548161666900767,0,0.65424882825200825,0