msdX(mean),msdX(std),msdY(mean),msdY(std),msdZ(mean),msdZ(std),DmsdX(mean),DmsdX(std),DmsdY(mean),DmsdY(std),DmsdZ(mean),DmsdZ(std)
160.2844010625,0,164.53868506250001,0,151.04367643750001,0,1.4492260493896927,0,1.4876915466772154,0,1.3656751938291141,0