msdX(mean),msdX(std),msdY(mean),msdY(std),msdZ(mean),msdZ(std),DmsdX(mean),DmsdX(std),DmsdY(mean),DmsdY(std),DmsdZ(mean),DmsdZ(std)
353.19551712499998,0,366.543132125,0,337.34987712499998,0,1.2237530188543049,0,1.2699998803199168,0,1.168850991944332,0