msdX(mean),msdX(std),msdY(mean),msdY(std),msdZ(mean),msdZ(std),DmsdX(mean),DmsdX(std),DmsdY(mean),DmsdY(std),DmsdZ(mean),DmsdZ(std)
139.21161531249999,0,142.78476431249999,0,131.1685868125,0,1.4873035823985041,0,1.5254782512019229,0,1.4013737907318375,0