msdX(mean),msdX(std),msdY(mean),msdY(std),msdZ(mean),msdZ(std),DmsdX(mean),DmsdX(std),DmsdY(mean),DmsdY(std),DmsdZ(mean),DmsdZ(std)
52.433471562500003,0,53.450457624999999,0,49.138715875000003,0,1.7266785366355655,0,1.7601687472557628,0,1.6181794470362241,0