msdX(mean),msdX(std),msdY(mean),msdY(std),msdZ(mean),msdZ(std),DmsdX(mean),DmsdX(std),DmsdY(mean),DmsdY(std),DmsdZ(mean),DmsdZ(std)
116.61399937500001,0,119.2972499375,0,109.60266506249999,0,1.5347312924983549,0,1.5700449651787671,0,1.4424566579842071,0