msdX(mean),msdX(std),msdY(mean),msdY(std),msdZ(mean),msdZ(std),DmsdX(mean),DmsdX(std),DmsdY(mean),DmsdY(std),DmsdZ(mean),DmsdZ(std)
251.43296943749999,0,258.86304100000001,0,238.819880625,0,1.3219399024053629,0,1.3610044216614092,0,1.2556250295741325,0