msdX(mean),msdX(std),msdY(mean),msdY(std),msdZ(mean),msdZ(std),DmsdX(mean),DmsdX(std),DmsdY(mean),DmsdY(std),DmsdZ(mean),DmsdZ(std)
97.411107125000001,0,99.435123375000003,0,91.368602874999993,0,1.5792127607403406,0,1.6120257774925697,0,1.4812526810321534,0