msdX(mean),msdX(std),msdY(mean),msdY(std),msdZ(mean),msdZ(std),DmsdX(mean),DmsdX(std),DmsdY(mean),DmsdY(std),DmsdZ(mean),DmsdZ(std)
278.43475093749998,0,287.32595262500001,0,264.78523356250003,0,1.2917408997332407,0,1.3329898057295293,0,1.2284167643818142,0