msdX(mean),msdX(std),msdY(mean),msdY(std),msdZ(mean),msdZ(std),DmsdX(mean),DmsdX(std),DmsdY(mean),DmsdY(std),DmsdZ(mean),DmsdZ(std)
1662.8435476874999,0,1780.2973293749999,0,1641.7783554375001,0,0.81129489954422362,0,0.8686001428112573,0,0.80101727417525226,0