msdX(mean),msdX(std),msdY(mean),msdY(std),msdZ(mean),msdZ(std),DmsdX(mean),DmsdX(std),DmsdY(mean),DmsdY(std),DmsdZ(mean),DmsdZ(std)
87.319651500000006,0,89.152240375000005,0,81.962874437500005,0,1.6041577127985305,0,1.6378243792100431,0,1.5057478463717087,0