msdX(mean),msdX(std),msdY(mean),msdY(std),msdZ(mean),msdZ(std),DmsdX(mean),DmsdX(std),DmsdY(mean),DmsdY(std),DmsdZ(mean),DmsdZ(std)
583.12630424999998,0,611.36088062500005,0,563.58204675000002,0,1.0807641631915486,0,1.1330940239551479,0,1.0445409077008621,0