msdX(mean),msdX(std),msdY(mean),msdY(std),msdZ(mean),msdZ(std),DmsdX(mean),DmsdX(std),DmsdY(mean),DmsdY(std),DmsdZ(mean),DmsdZ(std)
1558.01616825,0,1664.6681593124999,0,1536.3509121249999,0,0.82627807570601497,0,0.88283987765722371,0,0.81478812681751889,0