msdX(mean),msdX(std),msdY(mean),msdY(std),msdZ(mean),msdZ(std),DmsdX(mean),DmsdX(std),DmsdY(mean),DmsdY(std),DmsdZ(mean),DmsdZ(std)
48.689057499999997,0,49.605953187499999,0,45.657654874999999,0,1.7430450178997612,0,1.7758694458532218,0,1.6345222508949879,0