msdX(mean),msdX(std),msdY(mean),msdY(std),msdZ(mean),msdZ(std),DmsdX(mean),DmsdX(std),DmsdY(mean),DmsdY(std),DmsdZ(mean),DmsdZ(std)
1718.222971375,0,1841.3936170625,0,1695.9093360625,0,0.80406643748781348,0,0.86170586143391958,0,0.79362446019381516,0