msdX(mean),msdX(std),msdY(mean),msdY(std),msdZ(mean),msdZ(std),DmsdX(mean),DmsdX(std),DmsdY(mean),DmsdY(std),DmsdZ(mean),DmsdZ(std)
609.17260485937504,0,634.33705485937503,0,542.57470424999997,0,1.129038281640951,0,1.1756779813907425,0,1.0056059758131777,0