msdX(mean),msdX(std),msdY(mean),msdY(std),msdZ(mean),msdZ(std),DmsdX(mean),DmsdX(std),DmsdY(mean),DmsdY(std),DmsdZ(mean),DmsdZ(std)
4082.3623818281249,0,4816.892249296875,0,3822.3161849531248,0,0.64589487053237693,0,0.76210921636378204,0,0.60475141266330856,0