msdX(mean),msdX(std),msdY(mean),msdY(std),msdZ(mean),msdZ(std),DmsdX(mean),DmsdX(std),DmsdY(mean),DmsdY(std),DmsdZ(mean),DmsdZ(std)
290.72647504687501,0,297.81138220312499,0,256.40756859375,0,1.2936268982562991,0,1.3251521539712998,0,1.1409202673952945,0