msdX(mean),msdX(std),msdY(mean),msdY(std),msdZ(mean),msdZ(std),DmsdX(mean),DmsdX(std),DmsdY(mean),DmsdY(std),DmsdZ(mean),DmsdZ(std)
725.53964484375001,0,758.30641762499999,0,646.11219360937503,0,1.0915500063469676,0,1.1408465145275035,0,0.97205407595204518,0