msdX(mean),msdX(std),msdY(mean),msdY(std),msdZ(mean),msdZ(std),DmsdX(mean),DmsdX(std),DmsdY(mean),DmsdY(std),DmsdZ(mean),DmsdZ(std)
2030.8051601718751,0,2256.8363032500001,0,1857.9639671718751,0,0.83856928261458663,0,0.93190308795292665,0,0.76719891284066277,0