msdX(mean),msdX(std),msdY(mean),msdY(std),msdZ(mean),msdZ(std),DmsdX(mean),DmsdX(std),DmsdY(mean),DmsdY(std),DmsdZ(mean),DmsdZ(std)
804.09277167187497,0,842.97300567187494,0,717.50717676562499,0,1.0674801568800718,0,1.119095940222532,0,0.95253271836262265,0