msdX(mean),msdX(std),msdY(mean),msdY(std),msdZ(mean),msdZ(std),DmsdX(mean),DmsdX(std),DmsdY(mean),DmsdY(std),DmsdZ(mean),DmsdZ(std)
65.570342203124994,0,66.02249334375,0,58.136524171875003,0,1.6130465486623615,0,1.6241695779520295,0,1.4301727963560886,0