msdX(mean),msdX(std),msdY(mean),msdY(std),msdZ(mean),msdZ(std),DmsdX(mean),DmsdX(std),DmsdY(mean),DmsdY(std),DmsdZ(mean),DmsdZ(std)
113.744934703125,0,114.565150546875,0,100.340722828125,0,1.4963977596201281,0,1.5071882985939813,0,1.3200555543907251,0