msdX(mean),msdX(std),msdY(mean),msdY(std),msdZ(mean),msdZ(std),DmsdX(mean),DmsdX(std),DmsdY(mean),DmsdY(std),DmsdZ(mean),DmsdZ(std)
126.795203296875,0,127.805037890625,0,111.920285390625,0,1.4720093257509794,0,1.4837328444710491,0,1.2993212641488898,0