msdX(mean),msdX(std),msdY(mean),msdY(std),msdZ(mean),msdZ(std),DmsdX(mean),DmsdX(std),DmsdY(mean),DmsdY(std),DmsdZ(mean),DmsdZ(std)
210.69033595312499,0,214.00477101562501,0,185.54415778124999,0,1.3646851976560603,0,1.3861534840296335,0,1.2018081631042021,0