msdX(mean),msdX(std),msdY(mean),msdY(std),msdZ(mean),msdZ(std),DmsdX(mean),DmsdX(std),DmsdY(mean),DmsdY(std),DmsdZ(mean),DmsdZ(std)
67.964092171874995,0,68.507625937499995,0,60.268242093749997,0,1.6038723816371681,0,1.6166991371681414,0,1.4222594004424778,0