msdX(mean),msdX(std),msdY(mean),msdY(std),msdZ(mean),msdZ(std),DmsdX(mean),DmsdX(std),DmsdY(mean),DmsdY(std),DmsdZ(mean),DmsdZ(std)
347.183891296875,0,356.98101974999997,0,306.38861887500002,0,1.2541637904700624,0,1.2895548442156597,0,1.1067953359523166,0