msdX(mean),msdX(std),msdY(mean),msdY(std),msdZ(mean),msdZ(std),DmsdX(mean),DmsdX(std),DmsdY(mean),DmsdY(std),DmsdZ(mean),DmsdZ(std)
136.25930503124999,0,137.53232367187499,0,120.34168903125,0,1.4557618058894231,0,1.4693624323918268,0,1.2857018058894232,0