msdX(mean),msdX(std),msdY(mean),msdY(std),msdZ(mean),msdZ(std),DmsdX(mean),DmsdX(std),DmsdY(mean),DmsdY(std),DmsdZ(mean),DmsdZ(std)
70.548041531250007,0,71.085882937500003,0,62.521006499999999,0,1.5956582760814251,0,1.607823193384224,0,1.4141024936386768,0