msdX(mean),msdX(std),msdY(mean),msdY(std),msdZ(mean),msdZ(std),DmsdX(mean),DmsdX(std),DmsdY(mean),DmsdY(std),DmsdZ(mean),DmsdZ(std)
91.251738140624994,0,91.950671671875,0,80.711482218750007,0,1.542065705798479,0,1.5538770033269962,0,1.3639456226235742,0