msdX(mean),msdX(std),msdY(mean),msdY(std),msdZ(mean),msdZ(std),DmsdX(mean),DmsdX(std),DmsdY(mean),DmsdY(std),DmsdZ(mean),DmsdZ(std)
372.40517671875,0,383.42002710937498,0,329.11696757812501,0,1.2374834532710279,0,1.2740852406542056,0,1.0936389369158879,0