msdX(mean),msdX(std),msdY(mean),msdY(std),msdZ(mean),msdZ(std),DmsdX(mean),DmsdX(std),DmsdY(mean),DmsdY(std),DmsdZ(mean),DmsdZ(std)
1089.2847109218751,0,1163.6403307031251,0,980.72618357812496,0,0.99352164350822592,0,1.0613403844016145,0,0.89450689977596876,0