msdX(mean),msdX(std),msdY(mean),msdY(std),msdZ(mean),msdZ(std),DmsdX(mean),DmsdX(std),DmsdY(mean),DmsdY(std),DmsdZ(mean),DmsdZ(std)
2232.3016317656252,0,2503.493517375,0,2047.8002823281249,0,0.81335797553902289,0,0.91216903221839651,0,0.74613334875594362,0