msdX(mean),msdX(std),msdY(mean),msdY(std),msdZ(mean),msdZ(std),DmsdX(mean),DmsdX(std),DmsdY(mean),DmsdY(std),DmsdZ(mean),DmsdZ(std)
234.30262612499999,0,238.77288773437499,0,206.72918142187501,0,1.3390634440634377,0,1.3646114458315473,0,1.1814783907522504,0