msdX(mean),msdX(std),msdY(mean),msdY(std),msdZ(mean),msdZ(std),DmsdX(mean),DmsdX(std),DmsdY(mean),DmsdY(std),DmsdZ(mean),DmsdZ(std)
88.021776796875002,0,88.682276953124997,0,77.786073843750003,0,1.5503615464002642,0,1.5619951907199472,0,1.3700761575297227,0