msdX(mean),msdX(std),msdY(mean),msdY(std),msdZ(mean),msdZ(std),DmsdX(mean),DmsdX(std),DmsdY(mean),DmsdY(std),DmsdZ(mean),DmsdZ(std)
5248.6252979062501,0,6319.5283960312499,0,4973.4134271562498,0,0.57052212892081933,0,0.68692859361051661,0,0.54060677899724852,0