msdX(mean),msdX(std),msdY(mean),msdY(std),msdZ(mean),msdZ(std),DmsdX(mean),DmsdX(std),DmsdY(mean),DmsdY(std),DmsdZ(mean),DmsdZ(std)
511.279290984375,0,529.49748881250002,0,454.16827926562502,0,1.1673043173159245,0,1.2088983762842467,0,1.0369138796018835,0