msdX(mean),msdX(std),msdY(mean),msdY(std),msdZ(mean),msdZ(std),DmsdX(mean),DmsdX(std),DmsdY(mean),DmsdY(std),DmsdZ(mean),DmsdZ(std)
1676.8408881093751,0,1838.116102359375,0,1522.83313125,0,0.88928180530696266,0,0.97481115677763852,0,0.80760661655032517,0