msdX(mean),msdX(std),msdY(mean),msdY(std),msdZ(mean),msdZ(std),DmsdX(mean),DmsdX(std),DmsdY(mean),DmsdY(std),DmsdZ(mean),DmsdZ(std)
1421.6539668749999,0,1545.7781835000001,0,1287.6387851249999,0,0.92877584521534617,0,1.0098670086726445,0,0.84122284947817139,0