msdX(mean),msdX(std),msdY(mean),msdY(std),msdZ(mean),msdZ(std),DmsdX(mean),DmsdX(std),DmsdY(mean),DmsdY(std),DmsdZ(mean),DmsdZ(std)
251.92016648437499,0,256.95295185937499,0,222.16697029687501,0,1.3245014010745269,0,1.3509618920051263,0,1.1680702959877762,0