msdX(mean),msdX(std),msdY(mean),msdY(std),msdZ(mean),msdZ(std),DmsdX(mean),DmsdX(std),DmsdY(mean),DmsdY(std),DmsdZ(mean),DmsdZ(std)
5109.0569347500004,0,6135.3541669218748,0,4835.3789677499999,0,0.57900459518153202,0,0.69531389081843409,0,0.54798892976290148,0