msdX(mean),msdX(std),msdY(mean),msdY(std),msdZ(mean),msdZ(std),DmsdX(mean),DmsdX(std),DmsdY(mean),DmsdY(std),DmsdZ(mean),DmsdZ(std)
5393.9719773281249,0,6510.0660693749996,0,5112.8944181718753,0,0.56236854695453797,0,0.67873107450327241,0,0.5330637639136504,0