msdX(mean),msdX(std),msdY(mean),msdY(std),msdZ(mean),msdZ(std),DmsdX(mean),DmsdX(std),DmsdY(mean),DmsdY(std),DmsdZ(mean),DmsdZ(std)
630.96256603125005,0,657.50663742187498,0,561.79431618750004,0,1.1216364527364844,0,1.1688227672321845,0,0.99867887240850617,0