msdX(mean),msdX(std),msdY(mean),msdY(std),msdZ(mean),msdZ(std),DmsdX(mean),DmsdX(std),DmsdY(mean),DmsdY(std),DmsdZ(mean),DmsdZ(std)
1623.7396484999999,0,1776.560455828125,0,1473.2106564374999,0,0.8978129708882806,0,0.98231204878390144,0,0.8145811044414033,0