msdX(mean),msdX(std),msdY(mean),msdY(std),msdZ(mean),msdZ(std),DmsdX(mean),DmsdX(std),DmsdY(mean),DmsdY(std),DmsdZ(mean),DmsdZ(std)
1469.7980136562501,0,1600.2573522187499,0,1332.8093033437499,0,0.92101263505733633,0,1.0027617584476924,0,0.83517204207397311,0