msdX(mean),msdX(std),msdY(mean),msdY(std),msdZ(mean),msdZ(std),DmsdX(mean),DmsdX(std),DmsdY(mean),DmsdY(std),DmsdZ(mean),DmsdZ(std)
568.01272500000005,0,590.0800348125,0,505.2201080625,0,1.144292966684294,0,1.1887487795573015,0,1.0177937761577398,0