msdX(mean),msdX(std),msdY(mean),msdY(std),msdZ(mean),msdZ(std),DmsdX(mean),DmsdX(std),DmsdY(mean),DmsdY(std),DmsdZ(mean),DmsdZ(std)
334.95950418749999,0,344.05714785937499,0,295.62226973437498,0,1.2614395487925436,0,1.2957007874947042,0,1.1132976311608531,0