msdX(mean),msdX(std),msdY(mean),msdY(std),msdZ(mean),msdZ(std),DmsdX(mean),DmsdX(std),DmsdY(mean),DmsdY(std),DmsdZ(mean),DmsdZ(std)
226.23896770312501,0,230.19727626562499,0,199.499523890625,0,1.3478639720174264,0,1.3714463882372654,0,1.1885583788538874,0