msdX(mean),msdX(std),msdY(mean),msdY(std),msdZ(mean),msdZ(std),DmsdX(mean),DmsdX(std),DmsdY(mean),DmsdY(std),DmsdZ(mean),DmsdZ(std)
4438.6503901875003,0,5282.123352046875,0,4176.8439131249997,0,0.61967117289056661,0,0.73742675930312918,0,0.58312089015815849,0