msdX(mean),msdX(std),msdY(mean),msdY(std),msdZ(mean),msdZ(std),DmsdX(mean),DmsdX(std),DmsdY(mean),DmsdY(std),DmsdZ(mean),DmsdZ(std)
101.81021892187501,0,102.58656932812499,0,89.900317406249997,0,1.5184223552852349,0,1.53000103397651,0,1.3407951887583893,0