msdX(mean),msdX(std),msdY(mean),msdY(std),msdZ(mean),msdZ(std),DmsdX(mean),DmsdX(std),DmsdY(mean),DmsdY(std),DmsdZ(mean),DmsdZ(std)
189.03476840625001,0,191.48058900000001,0,166.61660793749999,0,1.3875384413707681,0,1.405491065235343,0,1.2229863872832372,0