msdX(mean),msdX(std),msdY(mean),msdY(std),msdZ(mean),msdZ(std),DmsdX(mean),DmsdX(std),DmsdY(mean),DmsdY(std),DmsdZ(mean),DmsdZ(std)
1204.498448859375,0,1293.99541734375,0,1087.1133018749999,0,0.9693664897012223,0,1.0413926199637844,0,0.87489627433227701,0