msdX(mean),msdX(std),msdY(mean),msdY(std),msdZ(mean),msdZ(std),DmsdX(mean),DmsdX(std),DmsdY(mean),DmsdY(std),DmsdZ(mean),DmsdZ(std)
175.77061439062501,0,177.88563056250001,0,155.10176746875001,0,1.4020988285222855,0,1.4189700314089142,0,1.2372261838169309,0