msdX(mean),msdX(std),msdY(mean),msdY(std),msdZ(mean),msdZ(std),DmsdX(mean),DmsdX(std),DmsdY(mean),DmsdY(std),DmsdZ(mean),DmsdZ(std)
146.50173239062499,0,147.90922917187501,0,129.39685734375001,0,1.4399973696092887,0,1.4538319613896058,0,1.2718698350534465,0