msdX(mean),msdX(std),msdY(mean),msdY(std),msdZ(mean),msdZ(std),DmsdX(mean),DmsdX(std),DmsdY(mean),DmsdY(std),DmsdZ(mean),DmsdZ(std)
52.528577062499998,0,52.874570812499996,0,46.770192140624999,0,1.6596706812796209,0,1.6706025533175355,0,1.4777311892772513,0