msdX(mean),msdX(std),msdY(mean),msdY(std),msdZ(mean),msdZ(std),DmsdX(mean),DmsdX(std),DmsdY(mean),DmsdY(std),DmsdZ(mean),DmsdZ(std)
3132.7631901562499,0,3616.2170354531249,0,2910.7598990625002,0,0.72144419269663895,0,0.83277880305666874,0,0.67031904361981431,0