msdX(mean),msdX(std),msdY(mean),msdY(std),msdZ(mean),msdZ(std),DmsdX(mean),DmsdX(std),DmsdY(mean),DmsdY(std),DmsdZ(mean),DmsdZ(std)
3634.3501065,0,4243.6778987812504,0,3393.2030636250001,0,0.67941143409956051,0,0.79332018175986885,0,0.63433100612000259,0