msdX(mean),msdX(std),msdY(mean),msdY(std),msdZ(mean),msdZ(std),DmsdX(mean),DmsdX(std),DmsdY(mean),DmsdY(std),DmsdZ(mean),DmsdZ(std)
1330.7725383750001,0,1440.447578296875,0,1204.28533771875,0,0.94504188144124002,0,1.0229270970480149,0,0.85521758867939612,0