msdX(mean),msdX(std),msdY(mean),msdY(std),msdZ(mean),msdZ(std),DmsdX(mean),DmsdX(std),DmsdY(mean),DmsdY(std),DmsdZ(mean),DmsdZ(std)
919.37536495312497,0,972.97052934374994,0,824.57267793749998,0,1.0329770118290216,0,1.0931946061557258,0,0.9264601308249768,0