msdX(mean),msdX(std),msdY(mean),msdY(std),msdZ(mean),msdZ(std),DmsdX(mean),DmsdX(std),DmsdY(mean),DmsdY(std),DmsdZ(mean),DmsdZ(std)
243.213947015625,0,247.68278831250001,0,214.35215273437501,0,1.3331357150565262,0,1.357630905447071,0,1.1749347186536485,0