msdX(mean),msdX(std),msdY(mean),msdY(std),msdZ(mean),msdZ(std),DmsdX(mean),DmsdX(std),DmsdY(mean),DmsdY(std),DmsdZ(mean),DmsdZ(std)
2303.1521578124998,0,2589.7019841562501,0,2115.1881237656248,0,0.80489339984273633,0,0.90503531324945941,0,0.73920472621387845,0