msdX(mean),msdX(std),msdY(mean),msdY(std),msdZ(mean),msdZ(std),DmsdX(mean),DmsdX(std),DmsdY(mean),DmsdY(std),DmsdZ(mean),DmsdZ(std)
475.93401679687503,0,492.47503101562501,0,423.20019923437502,0,1.1811608916938112,0,1.2222119584690554,0,1.0502874496277339,0