msdX(mean),msdX(std),msdY(mean),msdY(std),msdZ(mean),msdZ(std),DmsdX(mean),DmsdX(std),DmsdY(mean),DmsdY(std),DmsdZ(mean),DmsdZ(std)
493.36144284375001,0,510.15118542187503,0,438.51680859375,0,1.1743555424886192,0,1.2143204151789699,0,1.0438080480674818,0