msdX(mean),msdX(std),msdY(mean),msdY(std),msdZ(mean),msdZ(std),DmsdX(mean),DmsdX(std),DmsdY(mean),DmsdY(std),DmsdZ(mean),DmsdZ(std)
94.613148421874996,0,95.391184921874995,0,83.677240546874998,0,1.5337491132218843,0,1.5463616603343464,0,1.3564699582066868,0