msdX(mean),msdX(std),msdY(mean),msdY(std),msdZ(mean),msdZ(std),DmsdX(mean),DmsdX(std),DmsdY(mean),DmsdY(std),DmsdZ(mean),DmsdZ(std)
676.85519151562505,0,706.02793425000004,0,601.89949771875001,0,1.1069221006837975,0,1.154630907641359,0,0.98434032089414936,0