msdX(mean),msdX(std),msdY(mean),msdY(std),msdZ(mean),msdZ(std),DmsdX(mean),DmsdX(std),DmsdY(mean),DmsdY(std),DmsdZ(mean),DmsdZ(std)
261.276446109375,0,266.53949043749998,0,230.186635171875,0,1.3175816747825266,0,1.3441224933812406,0,1.1607999756524208,0