msdX(mean),msdX(std),msdY(mean),msdY(std),msdZ(mean),msdZ(std),DmsdX(mean),DmsdX(std),DmsdY(mean),DmsdY(std),DmsdZ(mean),DmsdZ(std)
1906.0935454687501,0,2110.1471807343751,0,1739.4460749843749,0,0.85553694897495469,0,0.94712501660018189,0,0.78073838056705724,0