msdX(mean),msdX(std),msdY(mean),msdY(std),msdZ(mean),msdZ(std),DmsdX(mean),DmsdX(std),DmsdY(mean),DmsdY(std),DmsdZ(mean),DmsdZ(std)
4970.7035984531249,0,5953.8042847968754,0,4700.0434266562497,0,0.58731671160458321,0,0.7034756116161035,0,0.55533668324168883,0