msdX(mean),msdX(std),msdY(mean),msdY(std),msdZ(mean),msdZ(std),DmsdX(mean),DmsdX(std),DmsdY(mean),DmsdY(std),DmsdZ(mean),DmsdZ(std)
45.359967796874997,0,45.584024765625003,0,40.428666281250003,0,1.6917470506993006,0,1.7001034877622379,0,1.5078290454545455,0