msdX(mean),msdX(std),msdY(mean),msdY(std),msdZ(mean),msdZ(std),DmsdX(mean),DmsdX(std),DmsdY(mean),DmsdY(std),DmsdZ(mean),DmsdZ(std)
3324.4814896875,0,3853.6623939374999,0,3095.4496746093751,0,0.70432624176723424,0,0.81643876176818764,0,0.6558034516541007,0