msdX(mean),msdX(std),msdY(mean),msdY(std),msdZ(mean),msdZ(std),DmsdX(mean),DmsdX(std),DmsdY(mean),DmsdY(std),DmsdZ(mean),DmsdZ(std)
1787.4114035625,0,1969.487109703125,0,1627.31518171875,0,0.8720622078599265,0,0.96089533378615744,0,0.79395267783632473,0