msdX(mean),msdX(std),msdY(mean),msdY(std),msdZ(mean),msdZ(std),DmsdX(mean),DmsdX(std),DmsdY(mean),DmsdY(std),DmsdZ(mean),DmsdZ(std)
81.776400468749998,0,82.238064468749997,0,72.253317234375004,0,1.5665977101293105,0,1.5754418480603449,0,1.384163165409483,0