msdX(mean),msdX(std),msdY(mean),msdY(std),msdZ(mean),msdZ(std),DmsdX(mean),DmsdX(std),DmsdY(mean),DmsdY(std),DmsdZ(mean),DmsdZ(std)
3425.6408243906249,0,3980.0486996718751,0,3191.082249234375,0,0.69610928891069113,0,0.8087680560180599,0,0.64844568045606954,0