msdX(mean),msdX(std),msdY(mean),msdY(std),msdZ(mean),msdZ(std),DmsdX(mean),DmsdX(std),DmsdY(mean),DmsdY(std),DmsdZ(mean),DmsdZ(std)
443.846985609375,0,458.57572467187498,0,393.85777485937501,0,1.1973616202579667,0,1.2370951938543246,0,1.0625062211684371,0