msdX(mean),msdX(std),msdY(mean),msdY(std),msdZ(mean),msdZ(std),DmsdX(mean),DmsdX(std),DmsdY(mean),DmsdY(std),DmsdZ(mean),DmsdZ(std)
56.610763031250002,0,56.934440156249998,0,50.347206703125003,0,1.6444666094771243,0,1.6538689950980392,0,1.4625187132352944,0