msdX(mean),msdX(std),msdY(mean),msdY(std),msdZ(mean),msdZ(std),DmsdX(mean),DmsdX(std),DmsdY(mean),DmsdY(std),DmsdZ(mean),DmsdZ(std)
4315.0436035312496,0,5121.0805452187496,0,4053.4137769218751,0,0.62807207888028904,0,0.74539402139917466,0,0.58999079762483075,0