msdX(mean),msdX(std),msdY(mean),msdY(std),msdZ(mean),msdZ(std),DmsdX(mean),DmsdX(std),DmsdY(mean),DmsdY(std),DmsdZ(mean),DmsdZ(std)
2449.779339515625,0,2768.8103399531251,0,2255.8199921718751,0,0.78761859413995161,0,0.89018895384480923,0,0.72525951305414571,0