msdX(mean),msdX(std),msdY(mean),msdY(std),msdZ(mean),msdZ(std),DmsdX(mean),DmsdX(std),DmsdY(mean),DmsdY(std),DmsdZ(mean),DmsdZ(std)
428.83153101562499,0,442.590418828125,0,380.11885832812499,0,1.2060227266135837,0,1.2447174824667793,0,1.069025826697954,0