msdX(mean),msdX(std),msdY(mean),msdY(std),msdZ(mean),msdZ(std),DmsdX(mean),DmsdX(std),DmsdY(mean),DmsdY(std),DmsdZ(mean),DmsdZ(std)
4567.8029295937504,0,5443.1039039062498,0,4302.9299501718751,0,0.61165214527281497,0,0.72885941689765299,0,0.57618430031861056,0