msdX(mean),msdX(std),msdY(mean),msdY(std),msdZ(mean),msdZ(std),DmsdX(mean),DmsdX(std),DmsdY(mean),DmsdY(std),DmsdZ(mean),DmsdZ(std)
700.475552015625,0,731.65050604687497,0,624.31839759374998,0,1.0987205490118228,0,1.1476195612758071,0,0.97926537277218983,0