msdX(mean),msdX(std),msdY(mean),msdY(std),msdZ(mean),msdZ(std),DmsdX(mean),DmsdX(std),DmsdY(mean),DmsdY(std),DmsdZ(mean),DmsdZ(std)
196.00311178125,0,198.701634375,0,172.69994573437501,0,1.3798177527719115,0,1.3988147439281944,0,1.2157687133711723,0