msdX(mean),msdX(std),msdY(mean),msdY(std),msdZ(mean),msdZ(std),DmsdX(mean),DmsdX(std),DmsdY(mean),DmsdY(std),DmsdZ(mean),DmsdZ(std)
1052.1411350625001,0,1122.4949646093751,0,947.29109695312502,0,1.0005026899761083,0,1.0674035964857542,0,0.90079862777698538,0