msdX(mean),msdX(std),msdY(mean),msdY(std),msdZ(mean),msdZ(std),DmsdX(mean),DmsdX(std),DmsdY(mean),DmsdY(std),DmsdZ(mean),DmsdZ(std)
548.44614942187502,0,569.11350923437499,0,487.87556189062502,0,1.1519557853851607,0,1.1953654888350662,0,1.0247333793123821,0