msdX(mean),msdX(std),msdY(mean),msdY(std),msdZ(mean),msdZ(std),DmsdX(mean),DmsdX(std),DmsdY(mean),DmsdY(std),DmsdZ(mean),DmsdZ(std)
37.677061968750003,0,37.819633781249998,0,33.694072593750001,0,1.7322787112068967,0,1.7388337370689655,0,1.5491527629310344,0