msdX(mean),msdX(std),msdY(mean),msdY(std),msdZ(mean),msdZ(std),DmsdX(mean),DmsdX(std),DmsdY(mean),DmsdY(std),DmsdZ(mean),DmsdZ(std)
385.92259073437498,0,397.70947687500001,0,341.12194115624999,0,1.2301301800442268,0,1.2677009383217788,0,1.0873278863853695,0