msdX(mean),msdX(std),msdY(mean),msdY(std),msdZ(mean),msdZ(std),DmsdX(mean),DmsdX(std),DmsdY(mean),DmsdY(std),DmsdZ(mean),DmsdZ(std)
60.98029425,0,61.342820015625001,0,54.132144046874998,0,1.6293999799599199,0,1.6390867071643289,0,1.4464166745991984,0