msdX(mean),msdX(std),msdY(mean),msdY(std),msdZ(mean),msdZ(std),DmsdX(mean),DmsdX(std),DmsdY(mean),DmsdY(std),DmsdZ(mean),DmsdZ(std)
776.90616004687502,0,814.17739626562502,0,693.40923224999995,0,1.0752840401333887,0,1.1268696337649868,0,0.95971935745056314,0