msdX(mean),msdX(std),msdY(mean),msdY(std),msdZ(mean),msdZ(std),DmsdX(mean),DmsdX(std),DmsdY(mean),DmsdY(std),DmsdZ(mean),DmsdZ(std)
4195.8488493281247,0,4965.0497822812504,0,3937.9739526562498,0,0.63673318754837127,0,0.75346183519325771,0,0.59759986534281029,0