msdX(mean),msdX(std),msdY(mean),msdY(std),msdZ(mean),msdZ(std),DmsdX(mean),DmsdX(std),DmsdY(mean),DmsdY(std),DmsdZ(mean),DmsdZ(std)
653.55164845312504,0,681.03033932812502,0,581.54886196874997,0,1.1143250613011511,0,1.1611770491528133,0,0.99155816192455237,0