msdX(mean),msdX(std),msdY(mean),msdY(std),msdZ(mean),msdZ(std),DmsdX(mean),DmsdX(std),DmsdY(mean),DmsdY(std),DmsdZ(mean),DmsdZ(std)
1967.5462159687499,0,2183.798945953125,0,1797.5092899374999,0,0.84704883750121085,0,0.94014785700736181,0,0.77384619587678805,0