msdX(mean),msdX(std),msdY(mean),msdY(std),msdZ(mean),msdZ(std),DmsdX(mean),DmsdX(std),DmsdY(mean),DmsdY(std),DmsdZ(mean),DmsdZ(std)
889.88448867187503,0,938.90296968749999,0,796.173988640625,0,1.042400748133099,0,1.0998204491544037,0,0.93262931534153304,0