msdX(mean),msdX(std),msdY(mean),msdY(std),msdZ(mean),msdZ(std),DmsdX(mean),DmsdX(std),DmsdY(mean),DmsdY(std),DmsdZ(mean),DmsdZ(std)
78.885950484375002,0,79.293130734374998,0,69.7201880625,0,1.5745698699476047,0,1.582697220247006,0,1.3916205202095808,0