msdX(mean),msdX(std),msdY(mean),msdY(std),msdZ(mean),msdZ(std),DmsdX(mean),DmsdX(std),DmsdY(mean),DmsdY(std),DmsdZ(mean),DmsdZ(std)
203.15191275000001,0,206.25281353125001,0,179.053778953125,0,1.3718370068371739,0,1.3927766592808306,0,1.2091079865155736,0