msdX(mean),msdX(std),msdY(mean),msdY(std),msdZ(mean),msdZ(std),DmsdX(mean),DmsdX(std),DmsdY(mean),DmsdY(std),DmsdZ(mean),DmsdZ(std)
529.21522406250006,0,549.06111182812504,0,470.62442503124998,0,1.1588443073575301,0,1.2023016627319758,0,1.0305456287978321,0