msdX(mean),msdX(std),msdY(mean),msdY(std),msdZ(mean),msdZ(std),DmsdX(mean),DmsdX(std),DmsdY(mean),DmsdY(std),DmsdZ(mean),DmsdZ(std)
2563.5435851249999,0,2726.0053942499999,0,2395.4845297500001,0,1.6746977528172464,0,1.7808299162175403,0,1.564909050955414,0