msdX(mean),msdX(std),msdY(mean),msdY(std),msdZ(mean),msdZ(std),DmsdX(mean),DmsdX(std),DmsdY(mean),DmsdY(std),DmsdZ(mean),DmsdZ(std)
122.2648948125,0,124.0934506875,0,116.48889393749999,0,2.2454526136363637,0,2.2790349070247933,0,2.1393736260330578,0