msdX(mean),msdX(std),msdY(mean),msdY(std),msdZ(mean),msdZ(std),DmsdX(mean),DmsdX(std),DmsdY(mean),DmsdY(std),DmsdZ(mean),DmsdZ(std)
561.82101918750004,0,580.53153993750004,0,528.10745962500005,0,2.0289672054442041,0,2.096538605769231,0,1.9072136497833156,0