msdX(mean),msdX(std),msdY(mean),msdY(std),msdZ(mean),msdZ(std),DmsdX(mean),DmsdX(std),DmsdY(mean),DmsdY(std),DmsdZ(mean),DmsdZ(std)
8867.6197160624997,0,9830.8012021875002,0,8114.3902310624999,0,1.2907179768077812,0,1.4309129444401991,0,1.1810823735590148,0