msdX(mean),msdX(std),msdY(mean),msdY(std),msdZ(mean),msdZ(std),DmsdX(mean),DmsdX(std),DmsdY(mean),DmsdY(std),DmsdZ(mean),DmsdZ(std)
132.55700849999999,0,134.68913381249999,0,126.24334987500001,0,2.2372490886075949,0,2.273234325949367,0,2.1306894493670887,0