msdX(mean),msdX(std),msdY(mean),msdY(std),msdZ(mean),msdZ(std),DmsdX(mean),DmsdX(std),DmsdY(mean),DmsdY(std),DmsdZ(mean),DmsdZ(std)
4500.6416617499999,0,4862.0291287500004,0,4165.20667125,0,1.5085865425612148,0,1.6297213296294435,0,1.3961508610287094,0