msdX(mean),msdX(std),msdY(mean),msdY(std),msdZ(mean),msdZ(std),DmsdX(mean),DmsdX(std),DmsdY(mean),DmsdY(std),DmsdZ(mean),DmsdZ(std)
85.435523437499995,0,86.629160812500004,0,81.777675937500007,0,2.2782806249999998,0,2.3101109550000003,0,2.1807380250000001,0