msdX(mean),msdX(std),msdY(mean),msdY(std),msdZ(mean),msdZ(std),DmsdX(mean),DmsdX(std),DmsdY(mean),DmsdY(std),DmsdZ(mean),DmsdZ(std)
167.87868412500001,0,170.95532568749999,0,159.67718099999999,0,2.2074777662721896,0,2.2479332766272191,0,2.0996342011834317,0