msdX(mean),msdX(std),msdY(mean),msdY(std),msdZ(mean),msdZ(std),DmsdX(mean),DmsdX(std),DmsdY(mean),DmsdY(std),DmsdZ(mean),DmsdZ(std)
991.83011118750005,0,1034.04176775,0,929.97635456249998,0,1.9160245555636048,0,1.9975693378730803,0,1.7965350228194727,0