msdX(mean),msdX(std),msdY(mean),msdY(std),msdZ(mean),msdZ(std),DmsdX(mean),DmsdX(std),DmsdY(mean),DmsdY(std),DmsdZ(mean),DmsdZ(std)
464.49788343749998,0,477.714218625,0,436.41633093749999,0,2.0658122456637757,0,2.1245906987991994,0,1.9409220855570379,0