msdX(mean),msdX(std),msdY(mean),msdY(std),msdZ(mean),msdZ(std),DmsdX(mean),DmsdX(std),DmsdY(mean),DmsdY(std),DmsdZ(mean),DmsdZ(std)
3066.4579691250001,0,3272.1269231249998,0,2857.8789686250002,0,1.6262073922122346,0,1.7352779800731843,0,1.5155935452629068,0