msdX(mean),msdX(std),msdY(mean),msdY(std),msdZ(mean),msdZ(std),DmsdX(mean),DmsdX(std),DmsdY(mean),DmsdY(std),DmsdZ(mean),DmsdZ(std)
143.34588618750001,0,145.67670337499999,0,136.4742579375,0,2.2275972989510495,0,2.2638182342657345,0,2.1208120891608395,0