msdX(mean),msdX(std),msdY(mean),msdY(std),msdZ(mean),msdZ(std),DmsdX(mean),DmsdX(std),DmsdY(mean),DmsdY(std),DmsdZ(mean),DmsdZ(std)
4205.5199915624999,0,4530.3384515625003,0,3889.9830408749999,0,1.5323167701672407,0,1.6506671226840468,0,1.4173482140514839,0