msdX(mean),msdX(std),msdY(mean),msdY(std),msdZ(mean),msdZ(std),DmsdX(mean),DmsdX(std),DmsdY(mean),DmsdY(std),DmsdZ(mean),DmsdZ(std)
430.10889468750003,0,441.85803862500001,0,404.4992146875,0,2.0793275063451779,0,2.1361278154459753,0,1.9555195295503989,0