msdX(mean),msdX(std),msdY(mean),msdY(std),msdZ(mean),msdZ(std),DmsdX(mean),DmsdX(std),DmsdY(mean),DmsdY(std),DmsdZ(mean),DmsdZ(std)
1550.2350960000001,0,1631.7061351875,0,1447.0952445,0,1.8156887983134227,0,1.9111104886243853,0,1.6948878478566409,0