msdX(mean),msdX(std),msdY(mean),msdY(std),msdZ(mean),msdZ(std),DmsdX(mean),DmsdX(std),DmsdY(mean),DmsdY(std),DmsdZ(mean),DmsdZ(std)
302.9494111875,0,309.96188606250001,0,286.24645012500002,0,2.1326956085005282,0,2.1820618519007398,0,2.0151105253431894,0