msdX(mean),msdX(std),msdY(mean),msdY(std),msdZ(mean),msdZ(std),DmsdX(mean),DmsdX(std),DmsdY(mean),DmsdY(std),DmsdZ(mean),DmsdZ(std)
291.58623056250002,0,298.10920668749998,0,275.83944187499998,0,2.1385128754125415,0,2.1863528176567657,0,2.0230248762376237,0