msdX(mean),msdX(std),msdY(mean),msdY(std),msdZ(mean),msdZ(std),DmsdX(mean),DmsdX(std),DmsdY(mean),DmsdY(std),DmsdZ(mean),DmsdZ(std)
584.0654844375,0,603.92120287499995,0,548.89379887500002,0,2.0227376084415583,0,2.0915020012987013,0,1.9009309051948053,0