msdX(mean),msdX(std),msdY(mean),msdY(std),msdZ(mean),msdZ(std),DmsdX(mean),DmsdX(std),DmsdY(mean),DmsdY(std),DmsdZ(mean),DmsdZ(std)
1153.3782791250001,0,1205.9902940625,0,1078.0581673125,0,1.8859917899190584,0,1.972022392384106,0,1.7628291510301695,0