msdX(mean),msdX(std),msdY(mean),msdY(std),msdZ(mean),msdZ(std),DmsdX(mean),DmsdX(std),DmsdY(mean),DmsdY(std),DmsdZ(mean),DmsdZ(std)
3177.4361045625001,0,3395.2801089374998,0,2958.2239460625001,0,1.6162755504158401,0,1.7270868858728827,0,1.5047682720700444,0