msdX(mean),msdX(std),msdY(mean),msdY(std),msdZ(mean),msdZ(std),DmsdX(mean),DmsdX(std),DmsdY(mean),DmsdY(std),DmsdZ(mean),DmsdZ(std)
655.00791975000004,0,677.910483,0,615.26738643750002,0,2.0021638995873454,0,2.0721702063273728,0,1.8806889391334252,0