msdX(mean),msdX(std),msdY(mean),msdY(std),msdZ(mean),msdZ(std),DmsdX(mean),DmsdX(std),DmsdY(mean),DmsdY(std),DmsdZ(mean),DmsdZ(std)
7497.9559237499998,0,8264.2985409374996,0,6879.5567701874998,0,1.3444063587585058,0,1.4818139266359163,0,1.2335255049958311,0