msdX(mean),msdX(std),msdY(mean),msdY(std),msdZ(mean),msdZ(std),DmsdX(mean),DmsdX(std),DmsdY(mean),DmsdY(std),DmsdZ(mean),DmsdZ(std)
280.40807362499999,0,286.55622281249998,0,265.4531235,0,2.1437926118119268,0,2.1907968104931195,0,2.0294581307339454,0