msdX(mean),msdX(std),msdY(mean),msdY(std),msdZ(mean),msdZ(std),DmsdX(mean),DmsdX(std),DmsdY(mean),DmsdY(std),DmsdZ(mean),DmsdZ(std)
1069.9620828750001,0,1116.4573603125,0,1001.210981625,0,1.9016477079445484,0,1.9842839426153027,0,1.7794561123700348,0