msdX(mean),msdX(std),msdY(mean),msdY(std),msdZ(mean),msdZ(std),DmsdX(mean),DmsdX(std),DmsdY(mean),DmsdY(std),DmsdZ(mean),DmsdZ(std)
6541.6811056875003,0,7184.471882625,0,6029.5809830625003,0,1.38589066261758,0,1.5220693789722894,0,1.2773994710102328,0