msdX(mean),msdX(std),msdY(mean),msdY(std),msdZ(mean),msdZ(std),DmsdX(mean),DmsdX(std),DmsdY(mean),DmsdY(std),DmsdZ(mean),DmsdZ(std)
382.56465374999999,0,393.024454875,0,360.99875474999999,0,2.0956705217748564,0,2.152968802382909,0,1.9775335784716517,0