msdX(mean),msdX(std),msdY(mean),msdY(std),msdZ(mean),msdZ(std),DmsdX(mean),DmsdX(std),DmsdY(mean),DmsdY(std),DmsdZ(mean),DmsdZ(std)
6115.0227131250003,0,6700.7476051875001,0,5634.8767434375004,0,1.4082288883035685,0,1.5431155031693671,0,1.2976560487840687,0