msdX(mean),msdX(std),msdY(mean),msdY(std),msdZ(mean),msdZ(std),DmsdX(mean),DmsdX(std),DmsdY(mean),DmsdY(std),DmsdZ(mean),DmsdZ(std)
4658.4329990625001,0,5038.6125965624997,0,4305.2663413125001,0,1.4976957944516782,0,1.6199243173104745,0,1.3841519873046875,0