msdX(mean),msdX(std),msdY(mean),msdY(std),msdZ(mean),msdZ(std),DmsdX(mean),DmsdX(std),DmsdY(mean),DmsdY(std),DmsdZ(mean),DmsdZ(std)
500.68074543749998,0,516.65004281250003,0,471.14699006249998,0,2.0490310842541435,0,2.1143852785451198,0,1.9281644774401474,0