msdX(mean),msdX(std),msdY(mean),msdY(std),msdZ(mean),msdZ(std),DmsdX(mean),DmsdX(std),DmsdY(mean),DmsdY(std),DmsdZ(mean),DmsdZ(std)
4822.3063839375,0,5221.1503884374997,0,4453.8665416875001,0,1.4870581075095981,0,1.6100499216545632,0,1.3734420468684954,0