msdX(mean),msdX(std),msdY(mean),msdY(std),msdZ(mean),msdZ(std),DmsdX(mean),DmsdX(std),DmsdY(mean),DmsdY(std),DmsdZ(mean),DmsdZ(std)
5711.6755800000001,0,6237.3571019999999,0,5269.832281125,0,1.4297776058876541,0,1.5613690552718535,0,1.3191729951749775,0