msdX(mean),msdX(std),msdY(mean),msdY(std),msdZ(mean),msdZ(std),DmsdX(mean),DmsdX(std),DmsdY(mean),DmsdY(std),DmsdZ(mean),DmsdZ(std)
82.183986562499996,0,83.262264187499994,0,78.660742499999998,0,2.2828885156249998,0,2.3128406718749996,0,2.1850206249999999,0