msdX(mean),msdX(std),msdY(mean),msdY(std),msdZ(mean),msdZ(std),DmsdX(mean),DmsdX(std),DmsdY(mean),DmsdY(std),DmsdZ(mean),DmsdZ(std)
919.92599943749997,0,957.30187893749996,0,863.17890581250003,0,1.9322117190453687,0,2.0107159818052929,0,1.8130201760396978,0