msdX(mean),msdX(std),msdY(mean),msdY(std),msdZ(mean),msdZ(std),DmsdX(mean),DmsdX(std),DmsdY(mean),DmsdY(std),DmsdZ(mean),DmsdZ(std)
258.96903806249998,0,264.60687937500001,0,245.44745549999999,0,2.1526935832294263,0,2.199558432044888,0,2.0402947256857855,0