msdX(mean),msdX(std),msdY(mean),msdY(std),msdZ(mean),msdZ(std),DmsdX(mean),DmsdX(std),DmsdY(mean),DmsdY(std),DmsdZ(mean),DmsdZ(std)
1439.6684034375,0,1512.3431981250001,0,1345.4663023124999,0,1.8330384561210848,0,1.9255706622421698,0,1.7130968962471351,0