msdX(mean),msdX(std),msdY(mean),msdY(std),msdZ(mean),msdZ(std),DmsdX(mean),DmsdX(std),DmsdY(mean),DmsdY(std),DmsdZ(mean),DmsdZ(std)
1995.7069996875,0,2113.2170775,0,1864.3546456874999,0,1.7457962644338016,0,1.8485912413069152,0,1.6308923987993702,0