msdX(mean),msdX(std),msdY(mean),msdY(std),msdZ(mean),msdZ(std),DmsdX(mean),DmsdX(std),DmsdY(mean),DmsdY(std),DmsdZ(mean),DmsdZ(std)
88.743842999999998,0,89.995297500000007,0,84.920454000000007,0,2.275483153846154,0,2.3075717307692307,0,2.1774475384615388,0