msdX(mean),msdX(std),msdY(mean),msdY(std),msdZ(mean),msdZ(std),DmsdX(mean),DmsdX(std),DmsdY(mean),DmsdY(std),DmsdZ(mean),DmsdZ(std)
327.5793196875,0,335.60256318749998,0,309.238916625,0,2.1202544963592231,0,2.1721848749999997,0,2.0015463859223299,0