msdX(mean),msdX(std),msdY(mean),msdY(std),msdZ(mean),msdZ(std),DmsdX(mean),DmsdX(std),DmsdY(mean),DmsdY(std),DmsdZ(mean),DmsdZ(std)
853.20983193749998,0,887.37854512499996,0,800.93460149999999,0,1.9479676528253425,0,2.025978413527397,0,1.8286178116438356,0