msdX(mean),msdX(std),msdY(mean),msdY(std),msdZ(mean),msdZ(std),DmsdX(mean),DmsdX(std),DmsdY(mean),DmsdY(std),DmsdZ(mean),DmsdZ(std)
52.841230875000001,0,53.400786187500003,0,50.875412062499997,0,2.317597845394737,0,2.3421397450657895,0,2.2313777220394733,0