msdX(mean),msdX(std),msdY(mean),msdY(std),msdZ(mean),msdZ(std),DmsdX(mean),DmsdX(std),DmsdY(mean),DmsdY(std),DmsdZ(mean),DmsdZ(std)
1926.1025077500001,0,2036.3782393125,0,1798.1438158125,0,1.7565914343365254,0,1.8571620969562244,0,1.6398940408686731,0