msdX(mean),msdX(std),msdY(mean),msdY(std),msdZ(mean),msdZ(std),DmsdX(mean),DmsdX(std),DmsdY(mean),DmsdY(std),DmsdZ(mean),DmsdZ(std)
57.190202999999997,0,57.848886,0,55.033490812499998,0,2.3107152727272724,0,2.3373287272727272,0,2.2235753863636365,0