msdX(mean),msdX(std),msdY(mean),msdY(std),msdZ(mean),msdZ(std),DmsdX(mean),DmsdX(std),DmsdY(mean),DmsdY(std),DmsdZ(mean),DmsdZ(std)
11524.750045312499,0,12955.155071625,0,10542.707195625,0,1.2015461492673276,0,1.3506771624781058,0,1.0991604315885775,0