msdX(mean),msdX(std),msdY(mean),msdY(std),msdZ(mean),msdZ(std),DmsdX(mean),DmsdX(std),DmsdY(mean),DmsdY(std),DmsdZ(mean),DmsdZ(std)
3290.0873405624998,0,3518.6104389375,0,3063.1825800000001,0,1.6051163998353457,0,1.716604678100988,0,1.4944176509330407,0