msdX(mean),msdX(std),msdY(mean),msdY(std),msdZ(mean),msdZ(std),DmsdX(mean),DmsdX(std),DmsdY(mean),DmsdY(std),DmsdZ(mean),DmsdZ(std)
955.50929774999997,0,994.97781337499998,0,896.39012756249997,0,1.9244900256797584,0,2.003983511329305,0,1.8054181824018127,0