msdX(mean),msdX(std),msdY(mean),msdY(std),msdZ(mean),msdZ(std),DmsdX(mean),DmsdX(std),DmsdY(mean),DmsdY(std),DmsdZ(mean),DmsdZ(std)
6322.4651598749997,0,6939.3191951250001,0,5826.4754349374998,0,1.3965200361970709,0,1.5327721147538267,0,1.2869647328291696,0