msdX(mean),msdX(std),msdY(mean),msdY(std),msdZ(mean),msdZ(std),DmsdX(mean),DmsdX(std),DmsdY(mean),DmsdY(std),DmsdZ(mean),DmsdZ(std)
8017.9569624374999,0,8865.3609854999995,0,7355.3892024375,0,1.3226041424285537,0,1.4623878898923666,0,1.213310108035383,0