msdX(mean),msdX(std),msdY(mean),msdY(std),msdZ(mean),msdZ(std),DmsdX(mean),DmsdX(std),DmsdY(mean),DmsdY(std),DmsdZ(mean),DmsdZ(std)
3152.0307505625001,0,3153.1413361250002,0,3163.6028826249999,0,1.1015565918813999,0,1.1019447139982295,0,1.1056007651031534,0