msdX(mean),msdX(std),msdY(mean),msdY(std),msdZ(mean),msdZ(std),DmsdX(mean),DmsdX(std),DmsdY(mean),DmsdY(std),DmsdZ(mean),DmsdZ(std)
99.587869937500002,0,99.729839812500003,0,99.767690375000001,0,2.3496941393039719,0,2.3530438021038145,0,2.3539368550924107,0