msdX(mean),msdX(std),msdY(mean),msdY(std),msdZ(mean),msdZ(std),DmsdX(mean),DmsdX(std),DmsdY(mean),DmsdY(std),DmsdZ(mean),DmsdZ(std)
2091.0766704375001,0,2096.855595,0,2095.6517597500001,0,1.5482193566752636,0,1.5524980342555346,0,1.5516067225869348,0