msdX(mean),msdX(std),msdY(mean),msdY(std),msdZ(mean),msdZ(std),DmsdX(mean),DmsdX(std),DmsdY(mean),DmsdY(std),DmsdZ(mean),DmsdZ(std)
149.230700875,0,149.16850224999999,0,149.17936800000001,0,2.3202493009847109,0,2.3192822324436384,0,2.3194511738792438,0