msdX(mean),msdX(std),msdY(mean),msdY(std),msdZ(mean),msdZ(std),DmsdX(mean),DmsdX(std),DmsdY(mean),DmsdY(std),DmsdZ(mean),DmsdZ(std)
3036.9464067499998,0,3044.4063411249999,0,3055.3108189374998,0,1.1536650779696858,0,1.1564989329739277,0,1.1606412896575411,0