msdX(mean),msdX(std),msdY(mean),msdY(std),msdZ(mean),msdZ(std),DmsdX(mean),DmsdX(std),DmsdY(mean),DmsdY(std),DmsdZ(mean),DmsdZ(std)
3822.1891616875,0,3833.4659659375002,0,3826.9636931875002,0,0.65734343921980876,0,0.65928283389012143,0,0.65816456732836304,0