msdX(mean),msdX(std),msdY(mean),msdY(std),msdZ(mean),msdZ(std),DmsdX(mean),DmsdX(std),DmsdY(mean),DmsdY(std),DmsdZ(mean),DmsdZ(std)
182.23088581249999,0,182.13436393750001,0,182.3397495625,0,2.3004109296759938,0,2.299192475541763,0,2.3017851827792972,0