msdX(mean),msdX(std),msdY(mean),msdY(std),msdZ(mean),msdZ(std),DmsdX(mean),DmsdX(std),DmsdY(mean),DmsdY(std),DmsdZ(mean),DmsdZ(std)
2685.293143375,0,2697.1063209375002,0,2698.195254875,0,1.3101440806207665,0,1.3159076840079853,0,1.3164389706408515,0