msdX(mean),msdX(std),msdY(mean),msdY(std),msdZ(mean),msdZ(std),DmsdX(mean),DmsdX(std),DmsdY(mean),DmsdY(std),DmsdZ(mean),DmsdZ(std)
69.178935062500003,0,69.341427499999995,0,69.137052812500002,0,2.3759222116485406,0,2.3815029479107039,0,2.3744837829135661,0