msdX(mean),msdX(std),msdY(mean),msdY(std),msdZ(mean),msdZ(std),DmsdX(mean),DmsdX(std),DmsdY(mean),DmsdY(std),DmsdZ(mean),DmsdZ(std)
398.47186956249999,0,397.70321793750003,0,399.43744306249999,0,2.1842053876987024,0,2.1799920588571169,0,2.1894981348209392,0