msdX(mean),msdX(std),msdY(mean),msdY(std),msdZ(mean),msdZ(std),DmsdX(mean),DmsdX(std),DmsdY(mean),DmsdY(std),DmsdZ(mean),DmsdZ(std)
1812.6798577500001,0,1817.0129695000001,0,1814.1478189375,0,1.6533015849598687,0,1.6572537116928128,0,1.6546404769586829,0