msdX(mean),msdX(std),msdY(mean),msdY(std),msdZ(mean),msdZ(std),DmsdX(mean),DmsdX(std),DmsdY(mean),DmsdY(std),DmsdZ(mean),DmsdZ(std)
3750.0817561250001,0,3758.585956375,0,3749.8141175000001,0,0.7309079802610422,0,0.73256548754559958,0,0.73085581627647866,0