msdX(mean),msdX(std),msdY(mean),msdY(std),msdZ(mean),msdZ(std),DmsdX(mean),DmsdX(std),DmsdY(mean),DmsdY(std),DmsdZ(mean),DmsdZ(std)
628.53710718750006,0,627.27399443750005,0,628.14621412500003,0,2.0887414251592356,0,2.0845438751730825,0,2.0874424174743837,0