msdX(mean),msdX(std),msdY(mean),msdY(std),msdZ(mean),msdZ(std),DmsdX(mean),DmsdX(std),DmsdY(mean),DmsdY(std),DmsdZ(mean),DmsdZ(std)
2624.828223125,0,2635.7717885000002,0,2636.309540875,0,1.3351789120123101,0,1.3407456068467372,0,1.341019146892009,0