msdX(mean),msdX(std),msdY(mean),msdY(std),msdZ(mean),msdZ(std),DmsdX(mean),DmsdX(std),DmsdY(mean),DmsdY(std),DmsdZ(mean),DmsdZ(std)
3954.9019641875002,0,3942.5637603125001,0,3952.5970929999999,0,0.4871968912479982,0,0.48567697125354165,0,0.48691295852667021,0