msdX(mean),msdX(std),msdY(mean),msdY(std),msdZ(mean),msdZ(std),DmsdX(mean),DmsdX(std),DmsdY(mean),DmsdY(std),DmsdZ(mean),DmsdZ(std)
175.12616518749999,0,175.0990723125,0,175.2654819375,0,2.3047970851612196,0,2.3044405217701249,0,2.3066306023799079,0