msdX(mean),msdX(std),msdY(mean),msdY(std),msdZ(mean),msdZ(std),DmsdX(mean),DmsdX(std),DmsdY(mean),DmsdY(std),DmsdZ(mean),DmsdZ(std)
701.72084968750005,0,700.93736349999995,0,701.09971331249994,0,2.0577318303724161,0,2.0554343292116708,0,2.0559104050999464,0