msdX(mean),msdX(std),msdY(mean),msdY(std),msdZ(mean),msdZ(std),DmsdX(mean),DmsdX(std),DmsdY(mean),DmsdY(std),DmsdZ(mean),DmsdZ(std)
56.497505500000003,0,56.558143812499999,0,56.382710500000002,0,2.3905855641748945,0,2.3931513601904091,0,2.3857282299012694,0