msdX(mean),msdX(std),msdY(mean),msdY(std),msdZ(mean),msdZ(std),DmsdX(mean),DmsdX(std),DmsdY(mean),DmsdY(std),DmsdZ(mean),DmsdZ(std)
903.60152037499995,0,903.42442768750004,0,903.27597575000004,0,1.9787616782546809,0,1.9783738698948869,0,1.9780487807949196,0