msdX(mean),msdX(std),msdY(mean),msdY(std),msdZ(mean),msdZ(std),DmsdX(mean),DmsdX(std),DmsdY(mean),DmsdY(std),DmsdZ(mean),DmsdZ(std)
2384.1477329375002,0,2391.5155441249999,0,2394.2403958750001,0,1.4329389653933227,0,1.4373672244287732,0,1.4390049359655011,0