msdX(mean),msdX(std),msdY(mean),msdY(std),msdZ(mean),msdZ(std),DmsdX(mean),DmsdX(std),DmsdY(mean),DmsdY(std),DmsdZ(mean),DmsdZ(std)
2803.0485078124998,0,2816.2680641249999,0,2819.3787864374999,0,1.2581384127947424,0,1.2640719639090039,0,1.2654682006212783,0