msdX(mean),msdX(std),msdY(mean),msdY(std),msdZ(mean),msdZ(std),DmsdX(mean),DmsdX(std),DmsdY(mean),DmsdY(std),DmsdZ(mean),DmsdZ(std)
1553.5075603749999,0,1557.6722923750001,0,1551.0827603125001,0,1.7454814258628115,0,1.7501608123911538,0,1.7427569824301046,0