msdX(mean),msdX(std),msdY(mean),msdY(std),msdZ(mean),msdZ(std),DmsdX(mean),DmsdX(std),DmsdY(mean),DmsdY(std),DmsdZ(mean),DmsdZ(std)
414.5745804375,0,413.35515550000002,0,415.057215875,0,2.1796770790615145,0,2.1732658017875921,0,2.1822145945057834,0