msdX(mean),msdX(std),msdY(mean),msdY(std),msdZ(mean),msdZ(std),DmsdX(mean),DmsdX(std),DmsdY(mean),DmsdY(std),DmsdZ(mean),DmsdZ(std)
49.968500562499997,0,50.071973749999998,0,49.927795937500001,0,2.3946565764776357,0,2.3996153554313095,0,2.3927058755990416,0