msdX(mean),msdX(std),msdY(mean),msdY(std),msdZ(mean),msdZ(std),DmsdX(mean),DmsdX(std),DmsdY(mean),DmsdY(std),DmsdZ(mean),DmsdZ(std)
1866.5074777499999,0,1872.0413773749999,0,1867.460168375,0,1.6328708706714297,0,1.6377120746883429,0,1.6337043100167676,0