msdX(mean),msdX(std),msdY(mean),msdY(std),msdZ(mean),msdZ(std),DmsdX(mean),DmsdX(std),DmsdY(mean),DmsdY(std),DmsdZ(mean),DmsdZ(std)
213.60648412500001,0,213.68704637499999,0,213.69109287500001,0,2.2821205568910257,0,2.282981264690171,0,2.2830244965277782,0