msdX(mean),msdX(std),msdY(mean),msdY(std),msdZ(mean),msdZ(std),DmsdX(mean),DmsdX(std),DmsdY(mean),DmsdY(std),DmsdZ(mean),DmsdZ(std)
161.81486268750001,0,161.68884443749999,0,161.65961562499999,0,2.3149479640557939,0,2.3131451278612301,0,2.3127269760371956,0