msdX(mean),msdX(std),msdY(mean),msdY(std),msdZ(mean),msdZ(std),DmsdX(mean),DmsdX(std),DmsdY(mean),DmsdY(std),DmsdZ(mean),DmsdZ(std)
841.51078306249997,0,840.64896368749999,0,840.60534118750002,0,2.0031201691561535,0,2.0010687067067368,0,2.0009648683349206,0