msdX(mean),msdX(std),msdY(mean),msdY(std),msdZ(mean),msdZ(std),DmsdX(mean),DmsdX(std),DmsdY(mean),DmsdY(std),DmsdZ(mean),DmsdZ(std)
1504.6437484375001,0,1509.0960928125,0,1502.4933718750001,0,1.7625658903992583,0,1.7677814441380322,0,1.7600469018449827,0