msdX(mean),msdX(std),msdY(mean),msdY(std),msdZ(mean),msdZ(std),DmsdX(mean),DmsdX(std),DmsdY(mean),DmsdY(std),DmsdZ(mean),DmsdZ(std)
3722.4523176875,0,3727.3746658750001,0,3718.9087404375,0,0.75642175603604189,0,0.75742200290075457,0,0.75570168262815474,0