msdX(mean),msdX(std),msdY(mean),msdY(std),msdZ(mean),msdZ(std),DmsdX(mean),DmsdX(std),DmsdY(mean),DmsdY(std),DmsdZ(mean),DmsdZ(std)
2150.3835966874999,0,2156.7340623125001,0,2154.9545566249999,0,1.5270983891542091,0,1.5316081825888577,0,1.5303444637467598,0