msdX(mean),msdX(std),msdY(mean),msdY(std),msdZ(mean),msdZ(std),DmsdX(mean),DmsdX(std),DmsdY(mean),DmsdY(std),DmsdZ(mean),DmsdZ(std)
259.879857125,0,260.13182012499999,0,260.34209750000002,0,2.2539449880745881,0,2.256130269947962,0,2.257954011274935,0