msdX(mean),msdX(std),msdY(mean),msdY(std),msdZ(mean),msdZ(std),DmsdX(mean),DmsdX(std),DmsdY(mean),DmsdY(std),DmsdZ(mean),DmsdZ(std)
3203.4460699374999,0,3207.3346258749998,0,3216.817319625,0,1.0737868043746055,0,1.0750902382275878,0,1.0782688125492321,0