msdX(mean),msdX(std),msdY(mean),msdY(std),msdZ(mean),msdZ(std),DmsdX(mean),DmsdX(std),DmsdY(mean),DmsdY(std),DmsdZ(mean),DmsdZ(std)
54.216847812499999,0,54.288098750000003,0,54.139562562499997,0,2.3919197564338233,0,2.395063180147059,0,2.3885101130514701,0