msdX(mean),msdX(std),msdY(mean),msdY(std),msdZ(mean),msdZ(std),DmsdX(mean),DmsdX(std),DmsdY(mean),DmsdY(std),DmsdZ(mean),DmsdZ(std)
1759.6688003125,0,1764.0240821875,0,1759.6790553124999,0,1.6733252190115064,0,1.677466795537752,0,1.673334970818277,0