msdX(mean),msdX(std),msdY(mean),msdY(std),msdZ(mean),msdZ(std),DmsdX(mean),DmsdX(std),DmsdY(mean),DmsdY(std),DmsdZ(mean),DmsdZ(std)
3938.7490040624998,0,3931.2683313749999,0,3935.35499725,0,0.50587255464099246,0,0.50491177572389079,0,0.50543664595655047,0