msdX(mean),msdX(std),msdY(mean),msdY(std),msdZ(mean),msdZ(std),DmsdX(mean),DmsdX(std),DmsdY(mean),DmsdY(std),DmsdZ(mean),DmsdZ(std)
970.57436825000002,0,970.71861687499995,0,969.19668531249999,0,1.9553576688939629,0,1.95564827790276,0,1.9525821341330334,0