msdX(mean),msdX(std),msdY(mean),msdY(std),msdZ(mean),msdZ(std),DmsdX(mean),DmsdX(std),DmsdY(mean),DmsdY(std),DmsdZ(mean),DmsdZ(std)
383.19446662500002,0,383.02979349999998,0,384.27954631249997,0,2.190099828300629,0,2.189158659744713,0,2.1963014649218899,0