msdX(mean),msdX(std),msdY(mean),msdY(std),msdZ(mean),msdZ(std),DmsdX(mean),DmsdX(std),DmsdY(mean),DmsdY(std),DmsdZ(mean),DmsdZ(std)
58.832682312499998,0,58.935004874999997,0,58.747590437500001,0,2.3867213919878298,0,2.3908724087221094,0,2.3832693889452337,0