msdX(mean),msdX(std),msdY(mean),msdY(std),msdZ(mean),msdZ(std),DmsdX(mean),DmsdX(std),DmsdY(mean),DmsdY(std),DmsdZ(mean),DmsdZ(std)
1603.726560375,0,1608.493890125,0,1601.5291446250001,0,1.7283088212393354,0,1.7334464913785361,0,1.7259407036820837,0