msdX(mean),msdX(std),msdY(mean),msdY(std),msdZ(mean),msdZ(std),DmsdX(mean),DmsdX(std),DmsdY(mean),DmsdY(std),DmsdZ(mean),DmsdZ(std)
2862.1133771875002,0,2873.4590918125,0,2880.9426478750001,0,1.2321736012402329,0,1.2370580653427232,0,1.2402798245843769,0