msdX(mean),msdX(std),msdY(mean),msdY(std),msdZ(mean),msdZ(std),DmsdX(mean),DmsdX(std),DmsdY(mean),DmsdY(std),DmsdZ(mean),DmsdZ(std)
91.889424937499996,0,91.993061874999995,0,91.996433999999994,0,2.3571464284950832,0,2.3598049219752029,0,2.3598914236853354,0