msdX(mean),msdX(std),msdY(mean),msdY(std),msdZ(mean),msdZ(std),DmsdX(mean),DmsdX(std),DmsdY(mean),DmsdY(std),DmsdZ(mean),DmsdZ(std)
3885.5990376250002,0,3886.4228563749998,0,3881.3818666875,0,0.58965329951970014,0,0.58977831690812332,0,0.58901332901995052,0