msdX(mean),msdX(std),msdY(mean),msdY(std),msdZ(mean),msdZ(std),DmsdX(mean),DmsdX(std),DmsdY(mean),DmsdY(std),DmsdZ(mean),DmsdZ(std)
270.46062849999998,0,270.44682387500001,0,270.72273200000001,0,2.2497764744211839,0,2.249661643213642,0,2.2519567336753084,0