msdX(mean),msdX(std),msdY(mean),msdY(std),msdZ(mean),msdZ(std),DmsdX(mean),DmsdX(std),DmsdY(mean),DmsdY(std),DmsdZ(mean),DmsdZ(std)
482.82814693749998,0,482.08032200000002,0,483.66344768750002,0,2.1484491854234649,0,2.1451215752002377,0,2.1521660383602792,0