msdX(mean),msdX(std),msdY(mean),msdY(std),msdZ(mean),msdZ(std),DmsdX(mean),DmsdX(std),DmsdY(mean),DmsdY(std),DmsdZ(mean),DmsdZ(std)
2743.5087292500002,0,2756.3694906874998,0,2758.6929222499998,0,1.283863227820458,0,1.2898816007584917,0,1.2909688830090083,0