msdX(mean),msdX(std),msdY(mean),msdY(std),msdZ(mean),msdZ(std),DmsdX(mean),DmsdX(std),DmsdY(mean),DmsdY(std),DmsdZ(mean),DmsdZ(std)
2980.0881608125001,0,2987.7240608124998,0,2997.2928048125,0,1.1802796787248999,0,1.1833039173086062,0,1.1870936689819398,0