msdX(mean),msdX(std),msdY(mean),msdY(std),msdZ(mean),msdZ(std),DmsdX(mean),DmsdX(std),DmsdY(mean),DmsdY(std),DmsdZ(mean),DmsdZ(std)
3408.5494785625001,0,3408.2813225625,0,3415.8037763124998,0,0.9669781070830793,0,0.9669020333799061,0,0.96903609308288063,0