msdX(mean),msdX(std),msdY(mean),msdY(std),msdZ(mean),msdZ(std),DmsdX(mean),DmsdX(std),DmsdY(mean),DmsdY(std),DmsdZ(mean),DmsdZ(std)
1706.9746003749999,0,1711.4032253749999,0,1705.6859535624999,0,1.6923358948842511,0,1.6967265407971051,0,1.6910582992737817,0