msdX(mean),msdX(std),msdY(mean),msdY(std),msdZ(mean),msdZ(std),DmsdX(mean),DmsdX(std),DmsdY(mean),DmsdY(std),DmsdZ(mean),DmsdZ(std)
464.90470793750001,0,464.34085106250001,0,465.78014987500001,0,2.1568300066689865,0,2.1542141083855255,0,2.1608914399211323,0