msdX(mean),msdX(std),msdY(mean),msdY(std),msdZ(mean),msdZ(std),DmsdX(mean),DmsdX(std),DmsdY(mean),DmsdY(std),DmsdZ(mean),DmsdZ(std)
783.02701575000003,0,782.23349793750003,0,781.65468424999995,0,2.0260304862219156,0,2.0239773114946744,0,2.0224796694553451,0