msdX(mean),msdX(std),msdY(mean),msdY(std),msdZ(mean),msdZ(std),DmsdX(mean),DmsdX(std),DmsdY(mean),DmsdY(std),DmsdZ(mean),DmsdZ(std)
3957.6283633749999,0,3947.1341049375001,0,3966.2082949999999,0,0.4676168399667982,0,0.46637688221489004,0,0.46863060885696056,0