msdX(mean),msdX(std),msdY(mean),msdY(std),msdZ(mean),msdZ(std),DmsdX(mean),DmsdX(std),DmsdY(mean),DmsdY(std),DmsdZ(mean),DmsdZ(std)
3620.2984596874999,0,3620.6664209374999,0,3619.3408706874998,0,0.83372191441333388,0,0.83380665255335074,0,0.83350139034793125,0