msdX(mean),msdX(std),msdY(mean),msdY(std),msdZ(mean),msdZ(std),DmsdX(mean),DmsdX(std),DmsdY(mean),DmsdY(std),DmsdZ(mean),DmsdZ(std)
3496.2519978750001,0,3501.7831999374998,0,3506.542510625,0,0.91247436840193652,0,0.91391793714685265,0,0.91516005270838674,0