msdX(mean),msdX(std),msdY(mean),msdY(std),msdZ(mean),msdZ(std),DmsdX(mean),DmsdX(std),DmsdY(mean),DmsdY(std),DmsdZ(mean),DmsdZ(std)
303.97925262500002,0,304.08276456250002,0,304.16863756250001,0,2.2313133297651091,0,2.2320731433508691,0,2.2327034810068511,0