msdX(mean),msdX(std),msdY(mean),msdY(std),msdZ(mean),msdZ(std),DmsdX(mean),DmsdX(std),DmsdY(mean),DmsdY(std),DmsdZ(mean),DmsdZ(std)
316.00112362499999,0,315.99036324999997,0,316.22501999999997,0,2.224837763142455,0,2.2247620036376436,0,2.2264141281389342,0