msdX(mean),msdX(std),msdY(mean),msdY(std),msdZ(mean),msdZ(std),DmsdX(mean),DmsdX(std),DmsdY(mean),DmsdY(std),DmsdZ(mean),DmsdZ(std)
2209.2187090624998,0,2214.596033625,0,2215.0558630625001,0,1.5047807027489555,0,1.5084433977102445,0,1.508756604574403,0