msdX(mean),msdX(std),msdY(mean),msdY(std),msdZ(mean),msdZ(std),DmsdX(mean),DmsdX(std),DmsdY(mean),DmsdY(std),DmsdZ(mean),DmsdZ(std)
88.288814812499993,0,88.365618624999996,0,88.290286624999993,0,2.3606634976604277,0,2.3627170755347593,0,2.3607028509358288,0