msdX(mean),msdX(std),msdY(mean),msdY(std),msdZ(mean),msdZ(std),DmsdX(mean),DmsdX(std),DmsdY(mean),DmsdY(std),DmsdZ(mean),DmsdZ(std)
605.34028618750006,0,604.6008881875,0,605.53140268749996,0,2.0973850650372468,0,2.0948231963532944,0,2.0980472461309696,0