msdX(mean),msdX(std),msdY(mean),msdY(std),msdZ(mean),msdZ(std),DmsdX(mean),DmsdX(std),DmsdY(mean),DmsdY(std),DmsdZ(mean),DmsdZ(std)
728.22955687499996,0,727.00517793749998,0,727.28941012500002,0,2.0481776314864293,0,2.044734011918155,0,2.0455334274363661,0