msdX(mean),msdX(std),msdY(mean),msdY(std),msdZ(mean),msdZ(std),DmsdX(mean),DmsdX(std),DmsdY(mean),DmsdY(std),DmsdZ(mean),DmsdZ(std)
3851.5807573124998,0,3854.238917875,0,3847.3232173749998,0,0.6353384893913151,0,0.63577696694709063,0,0.63463618580147629,0