msdX(mean),msdX(std),msdY(mean),msdY(std),msdZ(mean),msdZ(std),DmsdX(mean),DmsdX(std),DmsdY(mean),DmsdY(std),DmsdZ(mean),DmsdZ(std)
292.37418687500002,0,292.4274386875,0,292.67144962499998,0,2.2375575526147964,0,2.2379650919961738,0,2.239832522640306,0