msdX(mean),msdX(std),msdY(mean),msdY(std),msdZ(mean),msdZ(std),DmsdX(mean),DmsdX(std),DmsdY(mean),DmsdY(std),DmsdZ(mean),DmsdZ(std)
3360.262849875,0,3361.7340461250001,0,3367.2916913125,0,0.99387636175304894,0,0.99431150246724309,0,0.99595530607000959,0