msdX(mean),msdX(std),msdY(mean),msdY(std),msdZ(mean),msdZ(std),DmsdX(mean),DmsdX(std),DmsdY(mean),DmsdY(std),DmsdZ(mean),DmsdZ(std)
1978.03109225,0,1984.458786375,0,1979.5157427500001,0,1.5919340263842687,0,1.5971070820702329,0,1.5931288840674966,0