msdX(mean),msdX(std),msdY(mean),msdY(std),msdZ(mean),msdZ(std),DmsdX(mean),DmsdX(std),DmsdY(mean),DmsdY(std),DmsdZ(mean),DmsdZ(std)
81.422820375000001,0,81.555921062500005,0,81.385861562499997,0,2.3669424527616281,0,2.3708116587936048,0,2.3658680686773255,0