msdX(mean),msdX(std),msdY(mean),msdY(std),msdZ(mean),msdZ(std),DmsdX(mean),DmsdX(std),DmsdY(mean),DmsdY(std),DmsdZ(mean),DmsdZ(std)
936.73695637499998,0,936.98734012499995,0,935.81160012500004,0,1.9675214374606176,0,1.968047343257719,0,1.9655778200483094,0