msdX(mean),msdX(std),msdY(mean),msdY(std),msdZ(mean),msdZ(std),DmsdX(mean),DmsdX(std),DmsdY(mean),DmsdY(std),DmsdZ(mean),DmsdZ(std)
561.42986612499999,0,560.86172693749995,0,562.29841287500005,0,2.1144806959701214,0,2.1123409463467451,0,2.1177518531479507,0