msdX(mean),msdX(std),msdY(mean),msdY(std),msdZ(mean),msdZ(std),DmsdX(mean),DmsdX(std),DmsdY(mean),DmsdY(std),DmsdZ(mean),DmsdZ(std)
1365.970425125,0,1369.1574426249999,0,1364.4937803749999,0,1.8134356788914703,0,1.8176667011284433,0,1.8114753141387321,0