msdX(mean),msdX(std),msdY(mean),msdY(std),msdZ(mean),msdZ(std),DmsdX(mean),DmsdX(std),DmsdY(mean),DmsdY(std),DmsdZ(mean),DmsdZ(std)
137.58814731250001,0,137.65344987500001,0,137.82071637499999,0,2.3254334757042256,0,2.3265371809859157,0,2.3293642204225353,0