msdX(mean),msdX(std),msdY(mean),msdY(std),msdZ(mean),msdZ(std),DmsdX(mean),DmsdX(std),DmsdY(mean),DmsdY(std),DmsdZ(mean),DmsdZ(std)
3869.4872923124999,0,3871.1581468125,0,3866.3890691249999,0,0.61221705611348876,0,0.61248141300263437,0,0.61172686582838243,0