msdX(mean),msdX(std),msdY(mean),msdY(std),msdZ(mean),msdZ(std),DmsdX(mean),DmsdX(std),DmsdY(mean),DmsdY(std),DmsdZ(mean),DmsdZ(std)
1235.4039596875,0,1237.6470463124999,0,1234.3635071875001,0,1.8586819854877132,0,1.8620567396878134,0,1.8571166106130894,0