msdX(mean),msdX(std),msdY(mean),msdY(std),msdZ(mean),msdZ(std),DmsdX(mean),DmsdX(std),DmsdY(mean),DmsdY(std),DmsdZ(mean),DmsdZ(std)
189.67239237499999,0,189.61776599999999,0,189.87854675,0,2.2962759367433412,0,2.2956146004842615,0,2.2987717524213078,0