msdX(mean),msdX(std),msdY(mean),msdY(std),msdZ(mean),msdZ(std),DmsdX(mean),DmsdX(std),DmsdY(mean),DmsdY(std),DmsdZ(mean),DmsdZ(std)
4240.4313383750005,0,3428.0628093750001,0,3446.3057788125002,0,0.52237071470147423,0,0.42229657241920915,0,0.42454388931291831,0