msdX(mean),msdX(std),msdY(mean),msdY(std),msdZ(mean),msdZ(std),DmsdX(mean),DmsdX(std),DmsdY(mean),DmsdY(std),DmsdZ(mean),DmsdZ(std)
4457.7000449375,0,3593.1978796875001,0,3622.0036060624998,0,0.5051866957347686,0,0.40721352842527464,0,0.41047805263707138,0