msdX(mean),msdX(std),msdY(mean),msdY(std),msdZ(mean),msdZ(std),DmsdX(mean),DmsdX(std),DmsdY(mean),DmsdY(std),DmsdZ(mean),DmsdZ(std)
90.661771437499993,0,84.965948062500004,0,73.080070625000005,0,1.8874761576162387,0,1.7688955183032617,0,1.5214449123872313,0