msdX(mean),msdX(std),msdY(mean),msdY(std),msdZ(mean),msdZ(std),DmsdX(mean),DmsdX(std),DmsdY(mean),DmsdY(std),DmsdZ(mean),DmsdZ(std)
170.3718808125,0,156.93159593749999,0,135.4429631875,0,1.7459116735695988,0,1.6081803170367208,0,1.3879722956874467,0