msdX(mean),msdX(std),msdY(mean),msdY(std),msdZ(mean),msdZ(std),DmsdX(mean),DmsdX(std),DmsdY(mean),DmsdY(std),DmsdZ(mean),DmsdZ(std)
2843.8660475625002,0,2342.8922830000001,0,2272.8845688749998,0,0.68280916879254261,0,0.56252590859434093,0,0.54571713198837923,0