msdX(mean),msdX(std),msdY(mean),msdY(std),msdZ(mean),msdZ(std),DmsdX(mean),DmsdX(std),DmsdY(mean),DmsdY(std),DmsdZ(mean),DmsdZ(std)
1192.9878820624999,0,1012.5725296875,0,930.63183831250001,0,1.0880954779847682,0,0.9235429858514228,0,0.84880685727152494,0