msdX(mean),msdX(std),msdY(mean),msdY(std),msdZ(mean),msdZ(std),DmsdX(mean),DmsdX(std),DmsdY(mean),DmsdY(std),DmsdZ(mean),DmsdZ(std)
773.79158537499995,0,672.10093093750004,0,606.39924137499997,0,1.2654681400594199,0,1.0991620109095617,0,0.99171267124127771,0