msdX(mean),msdX(std),msdY(mean),msdY(std),msdZ(mean),msdZ(std),DmsdX(mean),DmsdX(std),DmsdY(mean),DmsdY(std),DmsdZ(mean),DmsdZ(std)
472.57290331249999,0,419.98120112499998,0,371.15186837499999,0,1.4447352592861509,0,1.2839535344695809,0,1.1346740090950778,0