msdX(mean),msdX(std),msdY(mean),msdY(std),msdZ(mean),msdZ(std),DmsdX(mean),DmsdX(std),DmsdY(mean),DmsdY(std),DmsdZ(mean),DmsdZ(std)
280.95777800000002,0,254.88607912500001,0,222.5716781875,0,1.6057788797866261,0,1.4567693605924938,0,1.2720804621118309,0