msdX(mean),msdX(std),msdY(mean),msdY(std),msdZ(mean),msdZ(std),DmsdX(mean),DmsdX(std),DmsdY(mean),DmsdY(std),DmsdZ(mean),DmsdZ(std)
227.21083824999999,0,207.4452684375,0,180.03627843749999,0,1.6678064955957916,0,1.5227203457609495,0,1.3215288360961586,0