msdX(mean),msdX(std),msdY(mean),msdY(std),msdZ(mean),msdZ(std),DmsdX(mean),DmsdX(std),DmsdY(mean),DmsdY(std),DmsdZ(mean),DmsdZ(std)
3835.5428888125002,0,3125.442929625,0,3110.8631194374998,0,0.55827880715725664,0,0.45492088112964496,0,0.45279873068679677,0