msdX(mean),msdX(std),msdY(mean),msdY(std),msdZ(mean),msdZ(std),DmsdX(mean),DmsdX(std),DmsdY(mean),DmsdY(std),DmsdZ(mean),DmsdZ(std)
2704.6351798750002,0,2231.7822430000001,0,2160.656106375,0,0.70587311183921497,0,0.58246490637111403,0,0.56390194905762148,0