msdX(mean),msdX(std),msdY(mean),msdY(std),msdZ(mean),msdZ(std),DmsdX(mean),DmsdX(std),DmsdY(mean),DmsdY(std),DmsdZ(mean),DmsdZ(std)
936.0111465,0,804.90611124999998,0,730.92816362500002,0,1.1918647875636672,0,1.0249228920840407,0,0.93072346811332762,0