msdX(mean),msdX(std),msdY(mean),msdY(std),msdZ(mean),msdZ(std),DmsdX(mean),DmsdX(std),DmsdY(mean),DmsdY(std),DmsdZ(mean),DmsdZ(std)
203.959734,0,186.91137893749999,0,162.04496606250001,0,1.6966011423818106,0,1.5547875691459863,0,1.3479409349438514,0