msdX(mean),msdX(std),msdY(mean),msdY(std),msdZ(mean),msdZ(std),DmsdX(mean),DmsdX(std),DmsdY(mean),DmsdY(std),DmsdZ(mean),DmsdZ(std)
136.63331318749999,0,126.6706595,0,109.16548043749999,0,1.7982010948124587,0,1.6670847927177013,0,1.4367029669335381,0