msdX(mean),msdX(std),msdY(mean),msdY(std),msdZ(mean),msdZ(std),DmsdX(mean),DmsdX(std),DmsdY(mean),DmsdY(std),DmsdZ(mean),DmsdZ(std)
189.84176350000001,0,174.43387325,0,150.87458781250001,0,1.7164716410488248,0,1.5771597943037976,0,1.3641463635849911,0