msdX(mean),msdX(std),msdY(mean),msdY(std),msdZ(mean),msdZ(std),DmsdX(mean),DmsdX(std),DmsdY(mean),DmsdY(std),DmsdZ(mean),DmsdZ(std)
385.08264918750001,0,345.22616468749999,0,303.04307018750001,0,1.5120056901544401,0,1.3555114116386362,0,1.1898818278417642,0