msdX(mean),msdX(std),msdY(mean),msdY(std),msdZ(mean),msdZ(std),DmsdX(mean),DmsdX(std),DmsdY(mean),DmsdY(std),DmsdZ(mean),DmsdZ(std)
1727.8998254999999,0,1448.5526749999999,0,1357.7750925625,0,0.91637415061652006,0,0.76822522207981614,0,0.72008225176779961,0