msdX(mean),msdX(std),msdY(mean),msdY(std),msdZ(mean),msdZ(std),DmsdX(mean),DmsdX(std),DmsdY(mean),DmsdY(std),DmsdZ(mean),DmsdZ(std)
164.21667131250001,0,151.4755935,0,130.66928687500001,0,1.7544516165865387,0,1.6183289903846154,0,1.3960393896901711,0