msdX(mean),msdX(std),msdY(mean),msdY(std),msdZ(mean),msdZ(std),DmsdX(mean),DmsdX(std),DmsdY(mean),DmsdY(std),DmsdZ(mean),DmsdZ(std)
69.675946624999995,0,65.678274312499994,0,56.529732062500003,0,1.9426379170539032,0,1.8311786518355018,0,1.5761077712592937,0