msdX(mean),msdX(std),msdY(mean),msdY(std),msdZ(mean),msdZ(std),DmsdX(mean),DmsdX(std),DmsdY(mean),DmsdY(std),DmsdZ(mean),DmsdZ(std)
994.74858531250004,0,853.53860650000001,0,776.45359912499998,0,1.1652658164535339,0,0.99984998809058967,0,0.90955126801054276,0