msdX(mean),msdX(std),msdY(mean),msdY(std),msdZ(mean),msdZ(std),DmsdX(mean),DmsdX(std),DmsdY(mean),DmsdY(std),DmsdZ(mean),DmsdZ(std)
2029.8107555624999,0,1693.5619630624999,0,1606.0049289999999,0,0.83815866855063481,0,0.69931329124083819,0,0.66315884339836895,0