msdX(mean),msdX(std),msdY(mean),msdY(std),msdZ(mean),msdZ(std),DmsdX(mean),DmsdX(std),DmsdY(mean),DmsdY(std),DmsdZ(mean),DmsdZ(std)
2254.7316997500002,0,1874.8192196875,0,1790.1900706250001,0,0.7879728223908764,0,0.65520283063994733,0,0.62562704144484704,0