msdX(mean),msdX(std),msdY(mean),msdY(std),msdZ(mean),msdZ(std),DmsdX(mean),DmsdX(std),DmsdY(mean),DmsdY(std),DmsdZ(mean),DmsdZ(std)
1681.2117560624999,0,1410.1226449999999,0,1319.3938871875,0,0.92959097401924196,0,0.77969790439855136,0,0.7295313301747256,0