msdX(mean),msdX(std),msdY(mean),msdY(std),msdZ(mean),msdZ(std),DmsdX(mean),DmsdX(std),DmsdY(mean),DmsdY(std),DmsdZ(mean),DmsdZ(std)
196.6636614375,0,180.560636875,0,156.30644506249999,0,1.7056692232220294,0,1.5660072582393756,0,1.3556500005420642,0