msdX(mean),msdX(std),msdY(mean),msdY(std),msdZ(mean),msdZ(std),DmsdX(mean),DmsdX(std),DmsdY(mean),DmsdY(std),DmsdZ(mean),DmsdZ(std)
412.62566974999999,0,368.85007393749999,0,324.51937262500002,0,1.4905201797110175,0,1.332390393512944,0,1.1722554098434679,0