msdX(mean),msdX(std),msdY(mean),msdY(std),msdZ(mean),msdZ(std),DmsdX(mean),DmsdX(std),DmsdY(mean),DmsdY(std),DmsdZ(mean),DmsdZ(std)
80.982539562499994,0,76.058988249999999,0,65.501829749999999,0,1.9107166235745181,0,1.7945494671647659,0,1.5454619681478567,0