msdX(mean),msdX(std),msdY(mean),msdY(std),msdZ(mean),msdZ(std),DmsdX(mean),DmsdX(std),DmsdY(mean),DmsdY(std),DmsdZ(mean),DmsdZ(std)
252.77312231249999,0,229.87278012499999,0,200.55760925000001,0,1.637131621194948,0,1.4888133427784973,0,1.2989482464378239,0