msdX(mean),msdX(std),msdY(mean),msdY(std),msdZ(mean),msdZ(std),DmsdX(mean),DmsdX(std),DmsdY(mean),DmsdY(std),DmsdZ(mean),DmsdZ(std)
1339.820599375,0,1134.5356373125001,0,1047.241830125,0,1.0342511091705584,0,0.87578496839901199,0,0.80840003869311816,0