msdX(mean),msdX(std),msdY(mean),msdY(std),msdZ(mean),msdZ(std),DmsdX(mean),DmsdX(std),DmsdY(mean),DmsdY(std),DmsdZ(mean),DmsdZ(std)
67.050688500000007,0,63.309225937500003,0,54.483646749999998,0,1.9491479215116281,0,1.8403844749273257,0,1.5838269404069767,0