msdX(mean),msdX(std),msdY(mean),msdY(std),msdZ(mean),msdZ(std),DmsdX(mean),DmsdX(std),DmsdY(mean),DmsdY(std),DmsdZ(mean),DmsdZ(std)
4568.338487125,0,3678.4006460625001,0,3718.1600725624999,0,0.49657562348613454,0,0.39983991978664124,0,0.40416174533860771,0