msdX(mean),msdX(std),msdY(mean),msdY(std),msdZ(mean),msdZ(std),DmsdX(mean),DmsdX(std),DmsdY(mean),DmsdY(std),DmsdZ(mean),DmsdZ(std)
4030.5752879375,0,3275.7294645625002,0,3272.6894576250002,0,0.53971401756442505,0,0.43863641874256548,0,0.43822934673907948,0