msdX(mean),msdX(std),msdY(mean),msdY(std),msdZ(mean),msdZ(std),DmsdX(mean),DmsdX(std),DmsdY(mean),DmsdY(std),DmsdZ(mean),DmsdZ(std)
1873.2542201250001,0,1567.9304802500001,0,1476.6423464375,0,0.87661547562687681,0,0.73373496716452846,0,0.69101540994618416,0