msdX(mean),msdX(std),msdY(mean),msdY(std),msdZ(mean),msdZ(std),DmsdX(mean),DmsdX(std),DmsdY(mean),DmsdY(std),DmsdZ(mean),DmsdZ(std)
64.529394187500003,0,61.008269812499996,0,52.495781375,0,1.9554361875000001,0,1.8487354488636363,0,1.5907812537878787,0