msdX(mean),msdX(std),msdY(mean),msdY(std),msdZ(mean),msdZ(std),DmsdX(mean),DmsdX(std),DmsdY(mean),DmsdY(std),DmsdZ(mean),DmsdZ(std)
131.75740425000001,0,122.259331125,0,105.2029490625,0,1.8077851029041851,0,1.6774662399954268,0,1.4434431611593872,0