msdX(mean),msdX(std),msdY(mean),msdY(std),msdZ(mean),msdZ(std),DmsdX(mean),DmsdX(std),DmsdY(mean),DmsdY(std),DmsdZ(mean),DmsdZ(std)
1590.2960203125001,0,1336.11559625,0,1246.8133680625001,0,0.95581205079435849,0,0.80304256052850376,0,0.74936944258431926,0