msdX(mean),msdX(std),msdY(mean),msdY(std),msdZ(mean),msdZ(std),DmsdX(mean),DmsdX(std),DmsdY(mean),DmsdY(std),DmsdZ(mean),DmsdZ(std)
965.3610735625,0,829.00520849999998,0,753.67820106249997,0,1.1790189593044558,0,1.0124842247643862,0,0.92048551842673076,0