msdX(mean),msdX(std),msdY(mean),msdY(std),msdZ(mean),msdZ(std),DmsdX(mean),DmsdX(std),DmsdY(mean),DmsdY(std),DmsdZ(mean),DmsdZ(std)
59.798276312500001,0,56.637881999999998,0,48.780288187499998,0,1.9692077819703622,0,1.8651333260153675,0,1.6063761203347968,0