msdX(mean),msdX(std),msdY(mean),msdY(std),msdZ(mean),msdZ(std),DmsdX(mean),DmsdX(std),DmsdY(mean),DmsdY(std),DmsdZ(mean),DmsdZ(std)
3557.8015296875001,0,2910.6901716875,0,2878.5527267500001,0,0.58687806172419488,0,0.48013364207802384,0,0.47483240162480927,0