msdX(mean),msdX(std),msdY(mean),msdY(std),msdZ(mean),msdZ(std),DmsdX(mean),DmsdX(std),DmsdY(mean),DmsdY(std),DmsdZ(mean),DmsdZ(std)
3225.5298488124999,0,2644.9403672499998,0,2593.1807356875001,0,0.62867042917574867,0,0.51551090015040135,0,0.50542271268552486,0