msdX(mean),msdX(std),msdY(mean),msdY(std),msdZ(mean),msdZ(std),DmsdX(mean),DmsdX(std),DmsdY(mean),DmsdY(std),DmsdZ(mean),DmsdZ(std)
312.93987874999999,0,282.17333687500002,0,246.85306031249999,0,1.5781133572869388,0,1.4229618601865859,0,1.2448464967851738,0