msdX(mean),msdX(std),msdY(mean),msdY(std),msdZ(mean),msdZ(std),DmsdX(mean),DmsdX(std),DmsdY(mean),DmsdY(std),DmsdZ(mean),DmsdZ(std)
1460.5687359999999,0,1231.2230843125001,0,1143.7423288125001,0,0.99484747252747252,0,0.83863165310541743,0,0.77904526982960232,0