msdX(mean),msdX(std),msdY(mean),msdY(std),msdZ(mean),msdZ(std),DmsdX(mean),DmsdX(std),DmsdY(mean),DmsdY(std),DmsdZ(mean),DmsdZ(std)
2438.2058123124998,0,2024.505727125,0,1940.5620345,0,0.75187128985691598,0,0.62429829536518811,0,0.59841251815532637,0