msdX(mean),msdX(std),msdY(mean),msdY(std),msdZ(mean),msdZ(std),DmsdX(mean),DmsdX(std),DmsdY(mean),DmsdY(std),DmsdZ(mean),DmsdZ(std)
657.71397300000001,0,577.02185787500002,0,516.14278899999999,0,1.325056691290041,0,1.1624911514505407,0,1.0398417614666577,0