msdX(mean),msdX(std),msdY(mean),msdY(std),msdZ(mean),msdZ(std),DmsdX(mean),DmsdX(std),DmsdY(mean),DmsdY(std),DmsdZ(mean),DmsdZ(std)
427.24244181249998,0,381.18502981249998,0,335.94706824999997,0,1.4803110532280417,0,1.3207311768060286,0,1.1639905350233872,0