msdX(mean),msdX(std),msdY(mean),msdY(std),msdZ(mean),msdZ(std),DmsdX(mean),DmsdX(std),DmsdY(mean),DmsdY(std),DmsdZ(mean),DmsdZ(std)
457.06175487500002,0,406.77112599999998,0,358.97115574999998,0,1.4568479224660009,0,1.2965505503612409,0,1.1441919541542711,0