msdX(mean),msdX(std),msdY(mean),msdY(std),msdZ(mean),msdZ(std),DmsdX(mean),DmsdX(std),DmsdY(mean),DmsdY(std),DmsdZ(mean),DmsdZ(std)
105.35544387500001,0,98.287802562500005,0,84.568021062499994,0,1.8564835925110132,0,1.7319436574889868,0,1.4901853931718061,0