msdX(mean),msdX(std),msdY(mean),msdY(std),msdZ(mean),msdZ(std),DmsdX(mean),DmsdX(std),DmsdY(mean),DmsdY(std),DmsdZ(mean),DmsdZ(std)
1635.0433409375,0,1372.4827626250001,0,1281.6190664374999,0,0.9425601258274805,0,0.79120075477272511,0,0.73882018799060334,0