msdX(mean),msdX(std),msdY(mean),msdY(std),msdZ(mean),msdZ(std),DmsdX(mean),DmsdX(std),DmsdY(mean),DmsdY(std),DmsdZ(mean),DmsdZ(std)
3935.6361151874999,0,3199.2247696250001,0,3192.7650678125001,0,0.54944730698285615,0,0.44663820095561857,0,0.44573637323046533,0