msdX(mean),msdX(std),msdY(mean),msdY(std),msdZ(mean),msdZ(std),DmsdX(mean),DmsdX(std),DmsdY(mean),DmsdY(std),DmsdZ(mean),DmsdZ(std)
235.34156912500001,0,214.72919743750001,0,186.583735875,0,1.6569460393686928,0,1.5118225588183525,0,1.3136615996831731,0