msdX(mean),msdX(std),msdY(mean),msdY(std),msdZ(mean),msdZ(std),DmsdX(mean),DmsdX(std),DmsdY(mean),DmsdY(std),DmsdZ(mean),DmsdZ(std)
291.28502824999998,0,263.69590156250001,0,230.43912399999999,0,1.5966656034167732,0,1.4454370631966016,0,1.2631415530787502,0