msdX(mean),msdX(std),msdY(mean),msdY(std),msdZ(mean),msdZ(std),DmsdX(mean),DmsdX(std),DmsdY(mean),DmsdY(std),DmsdZ(mean),DmsdZ(std)
301.99777818749999,0,272.84614425000001,0,238.5538571875,0,1.587790631900631,0,1.4345223146687698,0,1.2542263784831758,0