msdX(mean),msdX(std),msdY(mean),msdY(std),msdZ(mean),msdZ(std),DmsdX(mean),DmsdX(std),DmsdY(mean),DmsdY(std),DmsdZ(mean),DmsdZ(std)
45.791299312500001,0,43.611142874999999,0,37.628411125,0,2.0202043814338233,0,1.9240210091911762,0,1.6600769613970587,0