msdX(mean),msdX(std),msdY(mean),msdY(std),msdZ(mean),msdZ(std),DmsdX(mean),DmsdX(std),DmsdY(mean),DmsdY(std),DmsdZ(mean),DmsdZ(std)
47.600155000000001,0,45.278287749999997,0,39.05910025,0,2.0141109308885756,0,1.9158654901269392,0,1.6527122813822286,0