msdX(mean),msdX(std),msdY(mean),msdY(std),msdZ(mean),msdZ(std),DmsdX(mean),DmsdX(std),DmsdY(mean),DmsdY(std),DmsdZ(mean),DmsdZ(std)
243.94085531249999,0,222.30430606249999,0,193.43371325000001,0,1.6473214765053459,0,1.501210845666854,0,1.3062490483961733,0