msdX(mean),msdX(std),msdY(mean),msdY(std),msdZ(mean),msdZ(std),DmsdX(mean),DmsdX(std),DmsdY(mean),DmsdY(std),DmsdZ(mean),DmsdZ(std)
72.345743062500006,0,68.139379250000005,0,58.664034062500001,0,1.9343781567513372,0,1.8219085360962568,0,1.5685570604946524,0