msdX(mean),msdX(std),msdY(mean),msdY(std),msdZ(mean),msdZ(std),DmsdX(mean),DmsdX(std),DmsdY(mean),DmsdY(std),DmsdZ(mean),DmsdZ(std)
1775.2026403750001,0,1489.2961204999999,0,1396.6432129375,0,0.90299742630601776,0,0.75756453558166748,0,0.71043451494862409,0