msdX(mean),msdX(std),msdY(mean),msdY(std),msdZ(mean),msdZ(std),DmsdX(mean),DmsdX(std),DmsdY(mean),DmsdY(std),DmsdZ(mean),DmsdZ(std)
347.0260120625,0,312.31818118749999,0,273.41722537499999,0,1.5441679563742214,0,1.3897278901846633,0,1.2166295997107683,0