msdX(mean),msdX(std),msdY(mean),msdY(std),msdZ(mean),msdZ(std),DmsdX(mean),DmsdX(std),DmsdY(mean),DmsdY(std),DmsdZ(mean),DmsdZ(std)
1419.8158355625001,0,1198.4839657499999,0,1110.7296518124999,0,1.0082845119926853,0,0.85110532666974392,0,0.78878645869580644,0