msdX(mean),msdX(std),msdY(mean),msdY(std),msdZ(mean),msdZ(std),DmsdX(mean),DmsdX(std),DmsdY(mean),DmsdY(std),DmsdZ(mean),DmsdZ(std)
42.407614437500001,0,40.474790062499999,0,34.970186562499997,0,2.0323137909345048,0,1.9396864247204473,0,1.6758875349440894,0