msdX(mean),msdX(std),msdY(mean),msdY(std),msdZ(mean),msdZ(std),DmsdX(mean),DmsdX(std),DmsdY(mean),DmsdY(std),DmsdZ(mean),DmsdZ(std)
825.08100612500004,0,714.29565718749996,0,645.44683012500002,0,1.2413455458249751,0,1.0746674882459879,0,0.97108349567452368,0