msdX(mean),msdX(std),msdY(mean),msdY(std),msdZ(mean),msdZ(std),DmsdX(mean),DmsdX(std),DmsdY(mean),DmsdY(std),DmsdZ(mean),DmsdZ(std)
851.17399218749995,0,736.16723649999994,0,665.64607856249995,0,1.2283043804716436,0,1.0623414832363267,0,0.96057445557145593,0