msdX(mean),msdX(std),msdY(mean),msdY(std),msdZ(mean),msdZ(std),DmsdX(mean),DmsdX(std),DmsdY(mean),DmsdY(std),DmsdZ(mean),DmsdZ(std)
66.188482031250004,0,67.243145703124995,0,65.993471484374993,0,2.2693193839285715,0,2.3054792812499998,0,2.2626333080357139,0