msdX(mean),msdX(std),msdY(mean),msdY(std),msdZ(mean),msdZ(std),DmsdX(mean),DmsdX(std),DmsdY(mean),DmsdY(std),DmsdZ(mean),DmsdZ(std)
9431.8756257812493,0,10650.35118984375,0,10336.575366015624,0,1.2113826292711314,0,1.3678774974246113,0,1.3275777100279613,0