msdX(mean),msdX(std),msdY(mean),msdY(std),msdZ(mean),msdZ(std),DmsdX(mean),DmsdX(std),DmsdY(mean),DmsdY(std),DmsdZ(mean),DmsdZ(std)
158.13271171874999,0,161.36239882812501,0,158.035866015625,0,2.168677189285714,0,2.2129700410714284,0,2.1673490196428569,0