msdX(mean),msdX(std),msdY(mean),msdY(std),msdZ(mean),msdZ(std),DmsdX(mean),DmsdX(std),DmsdY(mean),DmsdY(std),DmsdZ(mean),DmsdZ(std)
563.72720000000004,0,585.70260625000003,0,572.00420351562502,0,1.9530065391555393,0,2.0291393071093466,0,1.9816818310176829,0