msdX(mean),msdX(std),msdY(mean),msdY(std),msdZ(mean),msdZ(std),DmsdX(mean),DmsdX(std),DmsdY(mean),DmsdY(std),DmsdZ(mean),DmsdZ(std)
988.55744453124998,0,1039.4382925781249,0,1011.12608984375,0,1.8320755728764477,0,1.9263721252413124,0,1.8739016336872587,0