msdX(mean),msdX(std),msdY(mean),msdY(std),msdZ(mean),msdZ(std),DmsdX(mean),DmsdX(std),DmsdY(mean),DmsdY(std),DmsdZ(mean),DmsdZ(std)
632.03411640624995,0,657.13932031249999,0,641.578759375,0,1.9317184073543456,0,2.0084487344794653,0,1.9608901910219676,0