msdX(mean),msdX(std),msdY(mean),msdY(std),msdZ(mean),msdZ(std),DmsdX(mean),DmsdX(std),DmsdY(mean),DmsdY(std),DmsdZ(mean),DmsdZ(std)
294.82705078125002,0,303.10351523437498,0,296.28216328125001,0,2.0750290964076248,0,2.1332798726173019,0,2.085270357404692,0