msdX(mean),msdX(std),msdY(mean),msdY(std),msdZ(mean),msdZ(std),DmsdX(mean),DmsdX(std),DmsdY(mean),DmsdY(std),DmsdZ(mean),DmsdZ(std)
129.83344687499999,0,132.36191289062501,0,129.71128554687499,0,2.1943681161971829,0,2.2371027530809857,0,2.1923034176936618,0