msdX(mean),msdX(std),msdY(mean),msdY(std),msdZ(mean),msdZ(std),DmsdX(mean),DmsdX(std),DmsdY(mean),DmsdY(std),DmsdZ(mean),DmsdZ(std)
46.063174609374997,0,46.666688671875001,0,45.965094921875,0,2.3031587304687497,0,2.33333443359375,0,2.2982547460937499,0