msdX(mean),msdX(std),msdY(mean),msdY(std),msdZ(mean),msdZ(std),DmsdX(mean),DmsdX(std),DmsdY(mean),DmsdY(std),DmsdZ(mean),DmsdZ(std)
272.69791093750001,0,280.31560507812497,0,274.10059374999997,0,2.0859760517928283,0,2.1442468595617523,0,2.0967057370517925,0