msdX(mean),msdX(std),msdY(mean),msdY(std),msdZ(mean),msdZ(std),DmsdX(mean),DmsdX(std),DmsdY(mean),DmsdY(std),DmsdZ(mean),DmsdZ(std)
4262.3683542968747,0,4689.5632910156246,0,4558.1076960937498,0,1.4287268226693435,0,1.5719206562063546,0,1.5278573282995809,0