msdX(mean),msdX(std),msdY(mean),msdY(std),msdZ(mean),msdZ(std),DmsdX(mean),DmsdX(std),DmsdY(mean),DmsdY(std),DmsdZ(mean),DmsdZ(std)
3845.8114406250002,0,4207.9747289062498,0,4088.9164328124998,0,1.4608970334757836,0,1.5984709321581196,0,1.5532446088556504,0