msdX(mean),msdX(std),msdY(mean),msdY(std),msdZ(mean),msdZ(std),DmsdX(mean),DmsdX(std),DmsdY(mean),DmsdY(std),DmsdZ(mean),DmsdZ(std)
3586.3868832031249,0,3914.4784832031251,0,3805.271086328125,0,1.480894407447632,0,1.6163703143683599,0,1.5712762883887479,0