msdX(mean),msdX(std),msdY(mean),msdY(std),msdZ(mean),msdZ(std),DmsdX(mean),DmsdX(std),DmsdY(mean),DmsdY(std),DmsdZ(mean),DmsdZ(std)
251.916055078125,0,258.97829726562497,0,253.63200429687501,0,2.0956621566291158,0,2.154412178292894,0,2.1099369508232235,0