msdX(mean),msdX(std),msdY(mean),msdY(std),msdZ(mean),msdZ(std),DmsdX(mean),DmsdX(std),DmsdY(mean),DmsdY(std),DmsdZ(mean),DmsdZ(std)
2523.966690625,0,2719.6736390625001,0,2653.256759375,0,1.5814946955159586,0,1.7041228989622088,0,1.6625066829841395,0