msdX(mean),msdX(std),msdY(mean),msdY(std),msdZ(mean),msdZ(std),DmsdX(mean),DmsdX(std),DmsdY(mean),DmsdY(std),DmsdZ(mean),DmsdZ(std)
2190.9218941406252,0,2349.2652214843752,0,2293.5309605468751,0,1.6221541094979177,0,1.7393911866612681,0,1.6981256533433597,0