msdX(mean),msdX(std),msdY(mean),msdY(std),msdZ(mean),msdZ(std),DmsdX(mean),DmsdX(std),DmsdY(mean),DmsdY(std),DmsdZ(mean),DmsdZ(std)
98.634404296875005,0,100.33235156249999,0,98.457366796874993,0,2.2279771323529411,0,2.2663307647058821,0,2.2239781676470587,0