msdX(mean),msdX(std),msdY(mean),msdY(std),msdZ(mean),msdZ(std),DmsdX(mean),DmsdX(std),DmsdY(mean),DmsdY(std),DmsdZ(mean),DmsdZ(std)
164.40057226562499,0,167.891912109375,0,164.44864140625,0,2.1619801284246574,0,2.2078936386986299,0,2.1626122705479451,0