msdX(mean),msdX(std),msdY(mean),msdY(std),msdZ(mean),msdZ(std),DmsdX(mean),DmsdX(std),DmsdY(mean),DmsdY(std),DmsdZ(mean),DmsdZ(std)
1063.7643015624999,0,1121.1835925781249,0,1089.7961269531249,0,1.8135566142781032,0,1.9114477870271709,0,1.857936923947789,0