msdX(mean),msdX(std),msdY(mean),msdY(std),msdZ(mean),msdZ(std),DmsdX(mean),DmsdX(std),DmsdY(mean),DmsdY(std),DmsdZ(mean),DmsdZ(std)
68.924199609374995,0,69.972254296874993,0,68.699244140624998,0,2.2660010830479451,0,2.3004576755136985,0,2.2586052868150683,0