msdX(mean),msdX(std),msdY(mean),msdY(std),msdZ(mean),msdZ(std),DmsdX(mean),DmsdX(std),DmsdY(mean),DmsdY(std),DmsdZ(mean),DmsdZ(std)
3345.8518511718748,0,3639.0532386718751,0,3544.3214972656251,0,1.5017147959815791,0,1.6333120338141101,0,1.5907936964678104,0