msdX(mean),msdX(std),msdY(mean),msdY(std),msdZ(mean),msdZ(std),DmsdX(mean),DmsdX(std),DmsdY(mean),DmsdY(std),DmsdZ(mean),DmsdZ(std)
681.33637109375002,0,709.51820546875001,0,691.87711953124995,0,1.9158843475395431,0,1.9951302789982426,0,1.9455244134446397,0