msdX(mean),msdX(std),msdY(mean),msdY(std),msdZ(mean),msdZ(std),DmsdX(mean),DmsdX(std),DmsdY(mean),DmsdY(std),DmsdZ(mean),DmsdZ(std)
10104.006023046875,0,11432.26392890625,0,11096.613296484375,0,1.1938418666229738,0,1.350782578462504,0,1.3111236771683343,0