msdX(mean),msdX(std),msdY(mean),msdY(std),msdZ(mean),msdZ(std),DmsdX(mean),DmsdX(std),DmsdY(mean),DmsdY(std),DmsdZ(mean),DmsdZ(std)
4570.6637476562501,0,5039.00217421875,0,4897.5711246093751,0,1.4094299106225106,0,1.5538488009925477,0,1.510236502513491,0