msdX(mean),msdX(std),msdY(mean),msdY(std),msdZ(mean),msdZ(std),DmsdX(mean),DmsdX(std),DmsdY(mean),DmsdY(std),DmsdZ(mean),DmsdZ(std)
5433.753422265625,0,6026.9399253906249,0,5853.1445718750001,0,1.3601739942569946,0,1.5086600944890616,0,1.465155742744648,0