msdX(mean),msdX(std),msdY(mean),msdY(std),msdZ(mean),msdZ(std),DmsdX(mean),DmsdX(std),DmsdY(mean),DmsdY(std),DmsdZ(mean),DmsdZ(std)
1765.622749609375,0,1884.8934371093751,0,1837.4284464843749,0,1.6788805859994056,0,1.7922916993116085,0,1.7471585861975039,0