msdX(mean),msdX(std),msdY(mean),msdY(std),msdZ(mean),msdZ(std),DmsdX(mean),DmsdX(std),DmsdY(mean),DmsdY(std),DmsdZ(mean),DmsdZ(std)
152.04581015625001,0,155.02707578125001,0,151.789046875,0,2.1753200856929955,0,2.2179730663189265,0,2.1716465722801783,0