msdX(mean),msdX(std),msdY(mean),msdY(std),msdZ(mean),msdZ(std),DmsdX(mean),DmsdX(std),DmsdY(mean),DmsdY(std),DmsdZ(mean),DmsdZ(std)
885.81240000000003,0,927.92508007812501,0,902.90805507812502,0,1.8603804506672499,0,1.9488253705425507,0,1.8962846923539705,0