msdX(mean),msdX(std),msdY(mean),msdY(std),msdZ(mean),msdZ(std),DmsdX(mean),DmsdX(std),DmsdY(mean),DmsdY(std),DmsdZ(mean),DmsdZ(std)
1323.1422792968749,0,1403.225859375,0,1364.4139046875,0,1.756383556588772,0,1.8626891938606194,0,1.8111689000276547,0