msdX(mean),msdX(std),msdY(mean),msdY(std),msdZ(mean),msdZ(std),DmsdX(mean),DmsdX(std),DmsdY(mean),DmsdY(std),DmsdZ(mean),DmsdZ(std)
3121.8396124999999,0,3384.1290320312501,0,3300.1677402343748,0,1.5230807684098184,0,1.6510463336636683,0,1.6100833616023784,0