msdX(mean),msdX(std),msdY(mean),msdY(std),msdZ(mean),msdZ(std),DmsdX(mean),DmsdX(std),DmsdY(mean),DmsdY(std),DmsdZ(mean),DmsdZ(std)
283.52007656249998,0,291.36466992187502,0,284.91264531249999,0,2.0808812958715595,0,2.1384562930045874,0,2.0911019839449541,0