msdX(mean),msdX(std),msdY(mean),msdY(std),msdZ(mean),msdZ(std),DmsdX(mean),DmsdX(std),DmsdY(mean),DmsdY(std),DmsdZ(mean),DmsdZ(std)
330.8210796875,0,340.76714179687502,0,332.93170546875001,0,2.0542576746442429,0,2.1160184742884862,0,2.0673637597024577,0