msdX(mean),msdX(std),msdY(mean),msdY(std),msdZ(mean),msdZ(std),DmsdX(mean),DmsdX(std),DmsdY(mean),DmsdY(std),DmsdZ(mean),DmsdZ(std)
54.175388281250001,0,54.896315234375002,0,53.937107031250001,0,2.2911177422907487,0,2.3216062830396473,0,2.2810406497797353,0