msdX(mean),msdX(std),msdY(mean),msdY(std),msdZ(mean),msdZ(std),DmsdX(mean),DmsdX(std),DmsdY(mean),DmsdY(std),DmsdZ(mean),DmsdZ(std)
9764.7613851562492,0,11035.101793359376,0,10705.412334765624,0,1.2028963081932502,0,1.3593863366643142,0,1.3187727244161425,0