msdX(mean),msdX(std),msdY(mean),msdY(std),msdZ(mean),msdZ(std),DmsdX(mean),DmsdX(std),DmsdY(mean),DmsdY(std),DmsdZ(mean),DmsdZ(std)
1529.565305859375,0,1626.969323828125,0,1583.274236328125,0,1.7184115782621414,0,1.8278414872732591,0,1.7787516288765357,0