msdX(mean),msdX(std),msdY(mean),msdY(std),msdZ(mean),msdZ(std),DmsdX(mean),DmsdX(std),DmsdY(mean),DmsdY(std),DmsdZ(mean),DmsdZ(std)
2709.7665625,0,2926.4910890625001,0,2853.313337109375,0,1.5621064673031886,0,1.6870422419383895,0,1.6448572651324085,0