msdX(mean),msdX(std),msdY(mean),msdY(std),msdZ(mean),msdZ(std),DmsdX(mean),DmsdX(std),DmsdY(mean),DmsdY(std),DmsdZ(mean),DmsdZ(std)
484.54137734375001,0,501.76125624999997,0,490.63034453124999,0,1.9836235490405116,0,2.0541185756929634,0,2.0085506641791042,0