msdX(mean),msdX(std),msdY(mean),msdY(std),msdZ(mean),msdZ(std),DmsdX(mean),DmsdX(std),DmsdY(mean),DmsdY(std),DmsdZ(mean),DmsdZ(std)
2039.626186328125,0,2183.2449078125001,0,2130.9098027343748,0,1.6414126405189033,0,1.7569914590493754,0,1.7148741810922958,0