msdX(mean),msdX(std),msdY(mean),msdY(std),msdZ(mean),msdZ(std),DmsdX(mean),DmsdX(std),DmsdY(mean),DmsdY(std),DmsdZ(mean),DmsdZ(std)
3980.5811062500002,0,4363.0017328125004,0,4239.1508261718755,0,1.4503407704569606,0,1.5896772671550023,0,1.5445516901187948,0