msdX(mean),msdX(std),msdY(mean),msdY(std),msdZ(mean),msdZ(std),DmsdX(mean),DmsdX(std),DmsdY(mean),DmsdY(std),DmsdZ(mean),DmsdZ(std)
952.89339374999997,0,1000.594334375,0,973.98795625000002,0,1.8409693258200841,0,1.9331265063393035,0,1.8817235620849264,0