msdX(mean),msdX(std),msdY(mean),msdY(std),msdZ(mean),msdZ(std),DmsdX(mean),DmsdX(std),DmsdY(mean),DmsdY(std),DmsdZ(mean),DmsdZ(std)
84.010067187499999,0,85.343285937499999,0,83.741928125000001,0,2.2465087604456824,0,2.2821602924791087,0,2.2393384679665735,0