msdX(mean),msdX(std),msdY(mean),msdY(std),msdZ(mean),msdZ(std),DmsdX(mean),DmsdX(std),DmsdY(mean),DmsdY(std),DmsdZ(mean),DmsdZ(std)
233.29618671874999,0,239.38252031249999,0,234.28518945312501,0,2.1088920833333331,0,2.1639097881355931,0,2.1178322210451981,0