msdX(mean),msdX(std),msdY(mean),msdY(std),msdZ(mean),msdZ(std),DmsdX(mean),DmsdX(std),DmsdY(mean),DmsdY(std),DmsdZ(mean),DmsdZ(std)
2113.9011839843752,0,2263.9547874999998,0,2211.4695812499999,0,1.6316998766784594,0,1.7475248018010772,0,1.7070119787730158,0