msdX(mean),msdX(std),msdY(mean),msdY(std),msdZ(mean),msdZ(std),DmsdX(mean),DmsdX(std),DmsdY(mean),DmsdY(std),DmsdZ(mean),DmsdZ(std)
5825.4641742187496,0,6479.6876074218753,0,6277.7180480468751,0,1.3415322779883414,0,1.4921918351344543,0,1.4456807460659196,0