msdX(mean),msdX(std),msdY(mean),msdY(std),msdZ(mean),msdZ(std),DmsdX(mean),DmsdX(std),DmsdY(mean),DmsdY(std),DmsdZ(mean),DmsdZ(std)
585.50011367187506,0,608.92079257812497,0,593.96127812500004,0,1.9455870859293876,0,2.0234128102284528,0,1.9737031048805815,0