msdX(mean),msdX(std),msdY(mean),msdY(std),msdZ(mean),msdZ(std),DmsdX(mean),DmsdX(std),DmsdY(mean),DmsdY(std),DmsdZ(mean),DmsdZ(std)
177.659380078125,0,181.59619531249999,0,177.98329140625,0,2.1507314612232027,0,2.1983902585119797,0,2.1546527080706177,0