msdX(mean),msdX(std),msdY(mean),msdY(std),msdZ(mean),msdZ(std),DmsdX(mean),DmsdX(std),DmsdY(mean),DmsdY(std),DmsdZ(mean),DmsdZ(std)
432.870626953125,0,447.11373750000001,0,436.75762539062498,0,2.0075159510869565,0,2.0735709565217393,0,2.0255426105072463,0