msdX(mean),msdX(std),msdY(mean),msdY(std),msdZ(mean),msdZ(std),DmsdX(mean),DmsdX(std),DmsdY(mean),DmsdY(std),DmsdZ(mean),DmsdZ(std)
63.710535937499998,0,64.685069531249994,0,63.524021093750001,0,2.2736845539033457,0,2.3084634479553898,0,2.2670282620817841,0