msdX(mean),msdX(std),msdY(mean),msdY(std),msdZ(mean),msdZ(std),DmsdX(mean),DmsdX(std),DmsdY(mean),DmsdY(std),DmsdZ(mean),DmsdZ(std)
8226.6173374999998,0,9250.2206726562508,0,8965.6264777343749,0,1.2484078095509081,0,1.4037419335372505,0,1.3605541200147009,0