msdX(mean),msdX(std),msdY(mean),msdY(std),msdZ(mean),msdZ(std),DmsdX(mean),DmsdX(std),DmsdY(mean),DmsdY(std),DmsdZ(mean),DmsdZ(std)
106.463728125,0,108.40976445312501,0,106.35484296875001,0,2.2170320824295011,0,2.2575569170281997,0,2.2147646258134492,0