msdX(mean),msdX(std),msdY(mean),msdY(std),msdZ(mean),msdZ(std),DmsdX(mean),DmsdX(std),DmsdY(mean),DmsdY(std),DmsdZ(mean),DmsdZ(std)
5248.7805828125001,0,5814.5799960937502,0,5655.2932023437497,0,1.3698426923390603,0,1.5175067410423009,0,1.4759355899983686,0