msdX(mean),msdX(std),msdY(mean),msdY(std),msdZ(mean),msdZ(std),DmsdX(mean),DmsdX(std),DmsdY(mean),DmsdY(std),DmsdZ(mean),DmsdZ(std)
2809.585501953125,0,3034.4143027343748,0,2960.0527253906248,0,1.5534193871306801,0,1.6777271961210618,0,1.6366126915711567,0