msdX(mean),msdX(std),msdY(mean),msdY(std),msdZ(mean),msdZ(std),DmsdX(mean),DmsdX(std),DmsdY(mean),DmsdY(std),DmsdZ(mean),DmsdZ(std)
4895.35833046875,0,5415.8900734375002,0,5265.3827261718752,0,1.3887541363031914,0,1.5364227158687944,0,1.4937255960771276,0