msdX(mean),msdX(std),msdY(mean),msdY(std),msdZ(mean),msdZ(std),DmsdX(mean),DmsdX(std),DmsdY(mean),DmsdY(std),DmsdZ(mean),DmsdZ(std)
2269.676083203125,0,2436.8262015625,0,2378.3906980468751,0,1.6117235297544197,0,1.7304187835638729,0,1.6889230491345513,0