msdX(mean),msdX(std),msdY(mean),msdY(std),msdZ(mean),msdZ(std),DmsdX(mean),DmsdX(std),DmsdY(mean),DmsdY(std),DmsdZ(mean),DmsdZ(std)
7944.348992578125,0,8925.7363910156255,0,8649.8769250000005,0,1.2569136629818547,0,1.4121836833355308,0,1.3685386304530547,0