msdX(mean),msdX(std),msdY(mean),msdY(std),msdZ(mean),msdZ(std),DmsdX(mean),DmsdX(std),DmsdY(mean),DmsdY(std),DmsdZ(mean),DmsdZ(std)
6462.8000921875,0,7208.6134335937504,0,6988.6844550781252,0,1.3132714028533325,0,1.4648241847998644,0,1.4201335810331688,0