msdX(mean),msdX(std),msdY(mean),msdY(std),msdZ(mean),msdZ(std),DmsdX(mean),DmsdX(std),DmsdY(mean),DmsdY(std),DmsdZ(mean),DmsdZ(std)
2911.776526171875,0,3148.4484445312501,0,3070.8496058593751,0,1.5441970307838913,0,1.6697108091647332,0,1.6285579613440504,0