msdX(mean),msdX(std),msdY(mean),msdY(std),msdZ(mean),msdZ(std),DmsdX(mean),DmsdX(std),DmsdY(mean),DmsdY(std),DmsdZ(mean),DmsdZ(std)
356.81588671874999,0,368.42680703125001,0,359.43662734374999,0,2.0389479241071427,0,2.1052960401785716,0,2.0539235848214283,0