msdX(mean),msdX(std),msdY(mean),msdY(std),msdZ(mean),msdZ(std),DmsdX(mean),DmsdX(std),DmsdY(mean),DmsdY(std),DmsdZ(mean),DmsdZ(std)
466.60236992187498,0,482.91350625000001,0,471.70430859375,0,1.9908367783333332,0,2.0604309600000001,0,2.0126050499999999,0