msdX(mean),msdX(std),msdY(mean),msdY(std),msdZ(mean),msdZ(std),DmsdX(mean),DmsdX(std),DmsdY(mean),DmsdY(std),DmsdZ(mean),DmsdZ(std)
4733.6495421874997,0,5221.37020234375,0,5081.3263859375002,0,1.4000565532380305,0,1.5443081503019285,0,1.5028878336619631,0