msdX(mean),msdX(std),msdY(mean),msdY(std),msdZ(mean),msdZ(std),DmsdX(mean),DmsdX(std),DmsdY(mean),DmsdY(std),DmsdZ(mean),DmsdZ(std)
1475.264097265625,0,1568.9858937500001,0,1524.7348640625,0,1.7279813730783309,0,1.8377580014641288,0,1.7859266343338214,0