msdX(mean),msdX(std),msdY(mean),msdY(std),msdZ(mean),msdZ(std),DmsdX(mean),DmsdX(std),DmsdY(mean),DmsdY(std),DmsdZ(mean),DmsdZ(std)
6920.071744140625,0,7738.7358097656252,0,7501.8455628906249,0,1.2936476689531282,0,1.4466898481831634,0,1.4024052616935718,0