msdX(mean),msdX(std),msdY(mean),msdY(std),msdZ(mean),msdZ(std),DmsdX(mean),DmsdX(std),DmsdY(mean),DmsdY(std),DmsdZ(mean),DmsdZ(std)
343.42367226562499,0,354.57342109375003,0,345.86331875000002,0,2.0452030110111661,0,2.1116035003101734,0,2.0597319230769231,0