msdX(mean),msdX(std),msdY(mean),msdY(std),msdZ(mean),msdZ(std),DmsdX(mean),DmsdX(std),DmsdY(mean),DmsdY(std),DmsdZ(mean),DmsdZ(std)
292.91085025000001,0,293.81052749999998,0,292.64371325000002,0,2.4355115042960089,0,2.4429921909645231,0,2.4332902986419072,0