msdX(mean),msdX(std),msdY(mean),msdY(std),msdZ(mean),msdZ(std),DmsdX(mean),DmsdX(std),DmsdY(mean),DmsdY(std),DmsdZ(mean),DmsdZ(std)
122.89809700000001,0,123.15422150000001,0,123.010363,0,2.4546890213049273,0,2.459804690412783,0,2.4569313515312916,0