msdX(mean),msdX(std),msdY(mean),msdY(std),msdZ(mean),msdZ(std),DmsdX(mean),DmsdX(std),DmsdY(mean),DmsdY(std),DmsdZ(mean),DmsdZ(std)
77.948956999999993,0,78.152008499999994,0,78.154521750000001,0,2.4615460105263156,0,2.4679581631578946,0,2.4680375289473684,0