msdX(mean),msdX(std),msdY(mean),msdY(std),msdZ(mean),msdZ(std),DmsdX(mean),DmsdX(std),DmsdY(mean),DmsdY(std),DmsdZ(mean),DmsdZ(std)
66.083740000000006,0,66.313514999999995,0,66.207484500000007,0,2.4658111940298508,0,2.4743848880597015,0,2.4704285261194032,0