msdX(mean),msdX(std),msdY(mean),msdY(std),msdZ(mean),msdZ(std),DmsdX(mean),DmsdX(std),DmsdY(mean),DmsdY(std),DmsdZ(mean),DmsdZ(std)
853.07882774999996,0,854.15820050000002,0,852.74654550000002,0,2.3989843300056242,0,2.4020196864454442,0,2.3980499029808775,0