msdX(mean),msdX(std),msdY(mean),msdY(std),msdZ(mean),msdZ(std),DmsdX(mean),DmsdX(std),DmsdY(mean),DmsdY(std),DmsdZ(mean),DmsdZ(std)
5577.8705584999998,0,5581.5991652499997,0,5570.6774727499997,0,2.2091159734250407,0,2.2105926883548079,0,2.2062671513769336,0