msdX(mean),msdX(std),msdY(mean),msdY(std),msdZ(mean),msdZ(std),DmsdX(mean),DmsdX(std),DmsdY(mean),DmsdY(std),DmsdZ(mean),DmsdZ(std)
3223.1294712499998,0,3211.7760902499999,0,3219.5534625,0,2.288829336209345,0,2.2807670006036074,0,2.2862899179804006,0