msdX(mean),msdX(std),msdY(mean),msdY(std),msdZ(mean),msdZ(std),DmsdX(mean),DmsdX(std),DmsdY(mean),DmsdY(std),DmsdZ(mean),DmsdZ(std)
91.9643145,0,92.180689749999999,0,92.125020000000006,0,2.4589388903743314,0,2.4647243248663102,0,2.4632358288770058,0