msdX(mean),msdX(std),msdY(mean),msdY(std),msdZ(mean),msdZ(std),DmsdX(mean),DmsdX(std),DmsdY(mean),DmsdY(std),DmsdZ(mean),DmsdZ(std)
1630.2733597500001,0,1628.5293427500001,0,1632.85300125,0,2.3524868106060608,0,2.3499701915584414,0,2.3562092370129872,0