msdX(mean),msdX(std),msdY(mean),msdY(std),msdZ(mean),msdZ(std),DmsdX(mean),DmsdX(std),DmsdY(mean),DmsdY(std),DmsdZ(mean),DmsdZ(std)
1769.7482440000001,0,1764.3381107499999,0,1770.705854,0,2.3494312470130101,0,2.3422490186078413,0,2.3507025232321443,0