msdX(mean),msdX(std),msdY(mean),msdY(std),msdZ(mean),msdZ(std),DmsdX(mean),DmsdX(std),DmsdY(mean),DmsdY(std),DmsdZ(mean),DmsdZ(std)
696.05954874999998,0,695.74583874999996,0,694.82577649999996,0,2.4112917393187066,0,2.4102049841224016,0,2.4070177015011542,0