msdX(mean),msdX(std),msdY(mean),msdY(std),msdZ(mean),msdZ(std),DmsdX(mean),DmsdX(std),DmsdY(mean),DmsdY(std),DmsdZ(mean),DmsdZ(std)
2865.0098212500002,0,2854.1038505000001,0,2860.9387855,0,2.3057810558402192,0,2.2970038500643848,0,2.3025046562131131,0