msdX(mean),msdX(std),msdY(mean),msdY(std),msdZ(mean),msdZ(std),DmsdX(mean),DmsdX(std),DmsdY(mean),DmsdY(std),DmsdZ(mean),DmsdZ(std)
71.703055000000006,0,71.978386,0,71.950772999999998,0,2.4612032608695653,0,2.4706539816933639,0,2.4697061670480549,0