msdX(mean),msdX(std),msdY(mean),msdY(std),msdZ(mean),msdZ(std),DmsdX(mean),DmsdX(std),DmsdY(mean),DmsdY(std),DmsdZ(mean),DmsdZ(std)
55.999187749999997,0,56.135460500000001,0,55.997563999999997,0,2.4705524007352939,0,2.4765644338235293,0,2.470480764705882,0