msdX(mean),msdX(std),msdY(mean),msdY(std),msdZ(mean),msdZ(std),DmsdX(mean),DmsdX(std),DmsdY(mean),DmsdY(std),DmsdZ(mean),DmsdZ(std)
1697.8836965,0,1695.5850927500001,0,1700.8661582499999,0,2.3499036212862152,0,2.3467223095820264,0,2.3540314055868241,0