msdX(mean),msdX(std),msdY(mean),msdY(std),msdZ(mean),msdZ(std),DmsdX(mean),DmsdX(std),DmsdY(mean),DmsdY(std),DmsdZ(mean),DmsdZ(std)
8194.8738657499998,0,8209.3350900000005,0,8166.0536847499998,0,2.1387230619617226,0,2.1424971961722492,0,2.1312014836233146,0