msdX(mean),msdX(std),msdY(mean),msdY(std),msdZ(mean),msdZ(std),DmsdX(mean),DmsdX(std),DmsdY(mean),DmsdY(std),DmsdZ(mean),DmsdZ(std)
3770.88065375,0,3768.0750417499999,0,3768.4188637500001,0,2.2663358364552448,0,2.2646496364392181,0,2.2648562767950158,0