msdX(mean),msdX(std),msdY(mean),msdY(std),msdZ(mean),msdZ(std),DmsdX(mean),DmsdX(std),DmsdY(mean),DmsdY(std),DmsdZ(mean),DmsdZ(std)
1919.0757792500001,0,1913.0084877500001,0,1920.4346370000001,0,2.3437662179408894,0,2.3363562380923306,0,2.3454257901807525,0