msdX(mean),msdX(std),msdY(mean),msdY(std),msdZ(mean),msdZ(std),DmsdX(mean),DmsdX(std),DmsdY(mean),DmsdY(std),DmsdZ(mean),DmsdZ(std)
7305.8720212500002,0,7319.2635047499998,0,7282.4446809999999,0,2.1608612899290152,0,2.1648220954599231,0,2.1539321742088138,0