msdX(mean),msdX(std),msdY(mean),msdY(std),msdZ(mean),msdZ(std),DmsdX(mean),DmsdX(std),DmsdY(mean),DmsdY(std),DmsdZ(mean),DmsdZ(std)
269.36052825000002,0,270.58302424999999,0,269.46387375,0,2.4354478141952987,0,2.4465011234177214,0,2.4363822219710669,0