msdX(mean),msdX(std),msdY(mean),msdY(std),msdZ(mean),msdZ(std),DmsdX(mean),DmsdX(std),DmsdY(mean),DmsdY(std),DmsdZ(mean),DmsdZ(std)
219.55657149999999,0,219.93683375000001,0,219.33557775,0,2.4449506848552338,0,2.4491852310690425,0,2.4424897299554567,0