msdX(mean),msdX(std),msdY(mean),msdY(std),msdZ(mean),msdZ(std),DmsdX(mean),DmsdX(std),DmsdY(mean),DmsdY(std),DmsdZ(mean),DmsdZ(std)
1088.1000947499999,0,1090.28824775,0,1088.0124157499999,0,2.3827009374087589,0,2.3874925133211677,0,2.3825089395985399,0