msdX(mean),msdX(std),msdY(mean),msdY(std),msdZ(mean),msdZ(std),DmsdX(mean),DmsdX(std),DmsdY(mean),DmsdY(std),DmsdZ(mean),DmsdZ(std)
3099.9415792499999,0,3088.7871772499998,0,3096.6599567500002,0,2.2951196292571567,0,2.2868611874999996,0,2.2926899975937807,0