msdX(mean),msdX(std),msdY(mean),msdY(std),msdZ(mean),msdZ(std),DmsdX(mean),DmsdX(std),DmsdY(mean),DmsdY(std),DmsdZ(mean),DmsdZ(std)
6024.0953289999998,0,6040.0705987499996,0,6013.6507947500004,0,2.1948900856226774,0,2.2007107042009766,0,2.1910846005793196,0