msdX(mean),msdX(std),msdY(mean),msdY(std),msdZ(mean),msdZ(std),DmsdX(mean),DmsdX(std),DmsdY(mean),DmsdY(std),DmsdZ(mean),DmsdZ(std)
4243.6547357500003,0,4242.8904345000001,0,4238.1884085000002,0,2.2505593634652103,0,2.2501540276304626,0,2.2476603778638102,0