msdX(mean),msdX(std),msdY(mean),msdY(std),msdZ(mean),msdZ(std),DmsdX(mean),DmsdX(std),DmsdY(mean),DmsdY(std),DmsdZ(mean),DmsdZ(std)
499.98879025000002,0,500.30548974999999,0,500.3569205,0,2.4185204301031926,0,2.4200523528700422,0,2.4203011310867462,0