msdX(mean),msdX(std),msdY(mean),msdY(std),msdZ(mean),msdZ(std),DmsdX(mean),DmsdX(std),DmsdY(mean),DmsdY(std),DmsdZ(mean),DmsdZ(std)
4411.7699965000002,0,4413.56600325,0,4406.2691662500001,0,2.2441096662314761,0,2.2450232306538029,0,2.2413115905507137,0