msdX(mean),msdX(std),msdY(mean),msdY(std),msdZ(mean),msdZ(std),DmsdX(mean),DmsdX(std),DmsdY(mean),DmsdY(std),DmsdZ(mean),DmsdZ(std)
3352.3973357499999,0,3343.6370740000002,0,3348.6082057499998,0,2.2834420141790028,0,2.2774750753791668,0,2.2808610973685406,0