msdX(mean),msdX(std),msdY(mean),msdY(std),msdZ(mean),msdZ(std),DmsdX(mean),DmsdX(std),DmsdY(mean),DmsdY(std),DmsdZ(mean),DmsdZ(std)
1445.160952,0,1444.3266415000001,0,1445.4472929999999,0,2.3634337418229392,0,2.3620693003161795,0,2.3639020273658962,0