msdX(mean),msdX(std),msdY(mean),msdY(std),msdZ(mean),msdZ(std),DmsdX(mean),DmsdX(std),DmsdY(mean),DmsdY(std),DmsdZ(mean),DmsdZ(std)
1997.7575280000001,0,1991.8048262499999,0,2000.2290889999999,0,2.3402079593908631,0,2.3332348608941818,0,2.3431031889886764,0