msdX(mean),msdX(std),msdY(mean),msdY(std),msdZ(mean),msdZ(std),DmsdX(mean),DmsdX(std),DmsdY(mean),DmsdY(std),DmsdZ(mean),DmsdZ(std)
964.24075474999995,0,965.81350450000002,0,963.00975325000002,0,2.3930528327680345,0,2.3969560833057577,0,2.3899977330823958,0