msdX(mean),msdX(std),msdY(mean),msdY(std),msdZ(mean),msdZ(std),DmsdX(mean),DmsdX(std),DmsdY(mean),DmsdY(std),DmsdZ(mean),DmsdZ(std)
2752.9479577500001,0,2743.3901744999998,0,2749.1645834999999,0,2.3099076671840915,0,2.3018880470716563,0,2.3067331628628964,0