msdX(mean),msdX(std),msdY(mean),msdY(std),msdZ(mean),msdZ(std),DmsdX(mean),DmsdX(std),DmsdY(mean),DmsdY(std),DmsdZ(mean),DmsdZ(std)
15820.904748749999,0,15877.964481249999,0,15819.60781575,0,1.9489473266640658,0,1.9559764071674945,0,1.9487875599412803,0