msdX(mean),msdX(std),msdY(mean),msdY(std),msdZ(mean),msdZ(std),DmsdX(mean),DmsdX(std),DmsdY(mean),DmsdY(std),DmsdZ(mean),DmsdZ(std)
5796.7740089999998,0,5805.4540189999998,0,5787.2345974999998,0,2.202031304859827,0,2.2053285963734899,0,2.1984075509028287,0