msdX(mean),msdX(std),msdY(mean),msdY(std),msdZ(mean),msdZ(std),DmsdX(mean),DmsdX(std),DmsdY(mean),DmsdY(std),DmsdZ(mean),DmsdZ(std)
1332.6571349999999,0,1333.65807225,0,1331.7874852499999,0,2.369027853164257,0,2.3708071917219722,0,2.3674819007762502,0