msdX(mean),msdX(std),msdY(mean),msdY(std),msdZ(mean),msdZ(std),DmsdX(mean),DmsdX(std),DmsdY(mean),DmsdY(std),DmsdZ(mean),DmsdZ(std)
543.01056874999995,0,543.41834200000005,0,543.46546899999998,0,2.4162440021506972,0,2.4180584781963814,0,2.4182681800652626,0