msdX(mean),msdX(std),msdY(mean),msdY(std),msdZ(mean),msdZ(std),DmsdX(mean),DmsdX(std),DmsdY(mean),DmsdY(std),DmsdZ(mean),DmsdZ(std)
139.33388475000001,0,139.57983075000001,0,139.49825724999999,0,2.4530613512323947,0,2.4573913864436623,0,2.4559552332746479,0