msdX(mean),msdX(std),msdY(mean),msdY(std),msdZ(mean),msdZ(std),DmsdX(mean),DmsdX(std),DmsdY(mean),DmsdY(std),DmsdZ(mean),DmsdZ(std)
53.856102249999999,0,54.004237250000003,0,53.856252249999997,0,2.4704634059633026,0,2.4772585894495411,0,2.4704702866972474,0