msdX(mean),msdX(std),msdY(mean),msdY(std),msdZ(mean),msdZ(std),DmsdX(mean),DmsdX(std),DmsdY(mean),DmsdY(std),DmsdZ(mean),DmsdZ(std)
16959.233197000001,0,17013.256131499998,0,16989.852914750001,0,1.921972966915487,0,1.9280953321484156,0,1.9254430689588089,0