msdX(mean),msdX(std),msdY(mean),msdY(std),msdZ(mean),msdZ(std),DmsdX(mean),DmsdX(std),DmsdY(mean),DmsdY(std),DmsdZ(mean),DmsdZ(std)
151.39431450000001,0,151.5479795,0,151.50376775000001,0,2.4523917035637148,0,2.4548808774298054,0,2.4541647043736501,0