msdX(mean),msdX(std),msdY(mean),msdY(std),msdZ(mean),msdZ(std),DmsdX(mean),DmsdX(std),DmsdY(mean),DmsdY(std),DmsdZ(mean),DmsdZ(std)
193.76680300000001,0,194.42342375000001,0,193.91577799999999,0,2.4444928889823383,0,2.4527765822119432,0,2.4463723044575274,0