msdX(mean),msdX(std),msdY(mean),msdY(std),msdZ(mean),msdZ(std),DmsdX(mean),DmsdX(std),DmsdY(mean),DmsdY(std),DmsdZ(mean),DmsdZ(std)
157.66915399999999,0,157.90194975,0,157.75481199999999,0,2.4508158652849743,0,2.454434452072539,0,2.4521473367875646,0