msdX(mean),msdX(std),msdY(mean),msdY(std),msdZ(mean),msdZ(std),DmsdX(mean),DmsdX(std),DmsdY(mean),DmsdY(std),DmsdZ(mean),DmsdZ(std)
210.61499699999999,0,211.09177625000001,0,210.44545675000001,0,2.4452205534055729,0,2.4507559162151704,0,2.4432522068498455,0