msdX(mean),msdX(std),msdY(mean),msdY(std),msdZ(mean),msdZ(std),DmsdX(mean),DmsdX(std),DmsdY(mean),DmsdY(std),DmsdZ(mean),DmsdZ(std)
84.574274000000003,0,84.872212500000003,0,84.874019250000003,0,2.4585544767441863,0,2.4672154796511632,0,2.4672680014534887,0