msdX(mean),msdX(std),msdY(mean),msdY(std),msdZ(mean),msdZ(std),DmsdX(mean),DmsdX(std),DmsdY(mean),DmsdY(std),DmsdZ(mean),DmsdZ(std)
49.405218249999997,0,49.559292499999998,0,49.45594225,0,2.4702609124999997,0,2.4779646249999998,0,2.4727971124999999,0