msdX(mean),msdX(std),msdY(mean),msdY(std),msdZ(mean),msdZ(std),DmsdX(mean),DmsdX(std),DmsdY(mean),DmsdY(std),DmsdZ(mean),DmsdZ(std)
1279.5843877499999,0,1281.3927267500001,0,1279.0269350000001,0,2.3713572790029649,0,2.3747085373424759,0,2.3703241938472943,0