msdX(mean),msdX(std),msdY(mean),msdY(std),msdZ(mean),msdZ(std),DmsdX(mean),DmsdX(std),DmsdY(mean),DmsdY(std),DmsdZ(mean),DmsdZ(std)
9172.4778622499998,0,9175.7672447500008,0,9149.3966839999994,0,2.1123384959507177,0,2.1130960109196288,0,2.1070231098487757,0