msdX(mean),msdX(std),msdY(mean),msdY(std),msdZ(mean),msdZ(std),DmsdX(mean),DmsdX(std),DmsdY(mean),DmsdY(std),DmsdZ(mean),DmsdZ(std)
2162.8954342500001,0,2157.5494804999998,0,2165.7857239999998,0,2.3308737347330988,0,2.3251125948343989,0,2.3339884948631369,0