msdX(mean),msdX(std),msdY(mean),msdY(std),msdZ(mean),msdZ(std),DmsdX(mean),DmsdX(std),DmsdY(mean),DmsdY(std),DmsdZ(mean),DmsdZ(std)
178.47442125000001,0,178.93584525,0,178.59369774999999,0,2.4470898708866544,0,2.4534165253656304,0,2.4487252890767821,0