msdX(mean),msdX(std),msdY(mean),msdY(std),msdZ(mean),msdZ(std),DmsdX(mean),DmsdX(std),DmsdY(mean),DmsdY(std),DmsdZ(mean),DmsdZ(std)
145.25330650000001,0,145.44740125000001,0,145.34936500000001,0,2.4536031503378379,0,2.4568817778716219,0,2.4552257601351353,0