msdX(mean),msdX(std),msdY(mean),msdY(std),msdZ(mean),msdZ(std),DmsdX(mean),DmsdX(std),DmsdY(mean),DmsdY(std),DmsdZ(mean),DmsdZ(std)
11455.992635500001,0,11477.178539250001,0,11428.874277999999,0,2.054125101995075,0,2.0579238558949746,0,2.0492626251553983,0