msdX(mean),msdX(std),msdY(mean),msdY(std),msdZ(mean),msdZ(std),DmsdX(mean),DmsdX(std),DmsdY(mean),DmsdY(std),DmsdZ(mean),DmsdZ(std)
51.539307000000001,0,51.681396499999998,0,51.577166750000004,0,2.4699348402555912,0,2.4767442412140572,0,2.4717492052715655,0