msdX(mean),msdX(std),msdY(mean),msdY(std),msdZ(mean),msdZ(std),DmsdX(mean),DmsdX(std),DmsdY(mean),DmsdY(std),DmsdZ(mean),DmsdZ(std)
305.14814374999997,0,306.03833324999999,0,304.90360924999999,0,2.4346926363031915,0,2.4417952121010638,0,2.4327415631648934,0