msdX(mean),msdX(std),msdY(mean),msdY(std),msdZ(mean),msdZ(std),DmsdX(mean),DmsdX(std),DmsdY(mean),DmsdY(std),DmsdZ(mean),DmsdZ(std)
185.78700825000001,0,186.38555450000001,0,186.089529,0,2.4445658980263159,0,2.4524415065789475,0,2.4485464342105261,0