msdX(mean),msdX(std),msdY(mean),msdY(std),msdZ(mean),msdZ(std),DmsdX(mean),DmsdX(std),DmsdY(mean),DmsdY(std),DmsdZ(mean),DmsdZ(std)
2251.4005495000001,0,2245.3777264999999,0,2255.0885617499998,0,2.3271091677577176,0,2.320883813223539,0,2.3309211980602256,0