msdX(mean),msdX(std),msdY(mean),msdY(std),msdZ(mean),msdZ(std),DmsdX(mean),DmsdX(std),DmsdY(mean),DmsdY(std),DmsdZ(mean),DmsdZ(std)
5361.4078259999997,0,5369.7145072499998,0,5361.8435884999999,0,2.2138111429515233,0,2.2172411046535632,0,2.2139910762655872,0