msdX(mean),msdX(std),msdY(mean),msdY(std),msdZ(mean),msdZ(std),DmsdX(mean),DmsdX(std),DmsdY(mean),DmsdY(std),DmsdZ(mean),DmsdZ(std)
7033.5011215000004,0,7045.4585109999998,0,7013.9611169999998,0,2.1689146808893365,0,2.1726019707871633,0,2.1628891465370144,0