msdX(mean),msdX(std),msdY(mean),msdY(std),msdZ(mean),msdZ(std),DmsdX(mean),DmsdX(std),DmsdY(mean),DmsdY(std),DmsdZ(mean),DmsdZ(std)
724.90192424999998,0,724.95503150000002,0,724.45740149999995,0,2.4088455613092599,0,2.4090220364421797,0,2.4073684143774918,0