msdX(mean),msdX(std),msdY(mean),msdY(std),msdZ(mean),msdZ(std),DmsdX(mean),DmsdX(std),DmsdY(mean),DmsdY(std),DmsdZ(mean),DmsdZ(std)
2979.9197107499999,0,2969.6872330000001,0,2977.9628872500002,0,2.3002673765567105,0,2.2923686957081104,0,2.2987568602691439,0