msdX(mean),msdX(std),msdY(mean),msdY(std),msdZ(mean),msdZ(std),DmsdX(mean),DmsdX(std),DmsdY(mean),DmsdY(std),DmsdZ(mean),DmsdZ(std)
3906.130345,0,4670.7293099999997,0,3831.5613400000002,0,0.39459050680863095,0,0.4718289669872312,0,0.38705767536770647,0