msdX(mean),msdX(std),msdY(mean),msdY(std),msdZ(mean),msdZ(std),DmsdX(mean),DmsdX(std),DmsdY(mean),DmsdY(std),DmsdZ(mean),DmsdZ(std)
2569.4473575000002,0,3038.6121450000001,0,2495.97417,0,0.44561527051947603,0,0.52698179203616557,0,0.43287292955336393,0