msdX(mean),msdX(std),msdY(mean),msdY(std),msdZ(mean),msdZ(std),DmsdX(mean),DmsdX(std),DmsdY(mean),DmsdY(std),DmsdZ(mean),DmsdZ(std)
2334.3192199999999,0,2740.9316924999998,0,2257.5181124999999,0,0.46128536630350297,0,0.54163615196885662,0,0.44610868151158656,0