msdX(mean),msdX(std),msdY(mean),msdY(std),msdZ(mean),msdZ(std),DmsdX(mean),DmsdX(std),DmsdY(mean),DmsdY(std),DmsdZ(mean),DmsdZ(std)
1870.2610050000001,0,2166.6755775000001,0,1796.2121024999999,0,0.49874513458017034,0,0.57779042582979256,0,0.47899840952728046,0