msdX(mean),msdX(std),msdY(mean),msdY(std),msdZ(mean),msdZ(std),DmsdX(mean),DmsdX(std),DmsdY(mean),DmsdY(std),DmsdZ(mean),DmsdZ(std)
3847.7116575,0,4600.6699824999996,0,3781.7517349999998,0,0.39676947466383433,0,0.474413255083732,0,0.38996779976489027,0