msdX(mean),msdX(std),msdY(mean),msdY(std),msdZ(mean),msdZ(std),DmsdX(mean),DmsdX(std),DmsdY(mean),DmsdY(std),DmsdZ(mean),DmsdZ(std)
1103.0359575,0,1238.9726874999999,0,1034.2202325000001,0,0.6012405742396163,0,0.67533668783386025,0,0.56373064019404784,0