msdX(mean),msdX(std),msdY(mean),msdY(std),msdZ(mean),msdZ(std),DmsdX(mean),DmsdX(std),DmsdY(mean),DmsdY(std),DmsdZ(mean),DmsdZ(std)
3014.7705850000002,0,3582.2868950000002,0,2928.9043175000002,0,0.42601964008139509,0,0.50621582327671488,0,0.41388580921629037,0