msdX(mean),msdX(std),msdY(mean),msdY(std),msdZ(mean),msdZ(std),DmsdX(mean),DmsdX(std),DmsdY(mean),DmsdY(std),DmsdZ(mean),DmsdZ(std)
2736.5616074999998,0,3253.3772399999998,0,2659.9769375000001,0,0.43644392583358138,0,0.51886890868881042,0,0.42422972464700381,0