msdX(mean),msdX(std),msdY(mean),msdY(std),msdZ(mean),msdZ(std),DmsdX(mean),DmsdX(std),DmsdY(mean),DmsdY(std),DmsdZ(mean),DmsdZ(std)
2502.1139775000001,0,2959.7644624999998,0,2421.2246449999998,0,0.44965926249296134,0,0.53190442854661124,0,0.43512249961062455,0