msdX(mean),msdX(std),msdY(mean),msdY(std),msdZ(mean),msdZ(std),DmsdX(mean),DmsdX(std),DmsdY(mean),DmsdY(std),DmsdZ(mean),DmsdZ(std)
369.45982750000002,0,406.46845500000001,0,346.01306249999999,0,0.87287721097810689,0,0.96031293510789106,0,0.81748242833517093,0