msdX(mean),msdX(std),msdY(mean),msdY(std),msdZ(mean),msdZ(std),DmsdX(mean),DmsdX(std),DmsdY(mean),DmsdY(std),DmsdZ(mean),DmsdZ(std)
3286.0788375000002,0,3906.5231225000002,0,3209.1817124999998,0,0.41685285390203475,0,0.49555880822607112,0,0.40709813175498533,0