msdX(mean),msdX(std),msdY(mean),msdY(std),msdZ(mean),msdZ(std),DmsdX(mean),DmsdX(std),DmsdY(mean),DmsdY(std),DmsdZ(mean),DmsdZ(std)
3317.2458975,0,3942.6959375000001,0,3242.7088975000001,0,0.41549364938041716,0,0.49383288851266721,0,0.40615769687620035,0