msdX(mean),msdX(std),msdY(mean),msdY(std),msdZ(mean),msdZ(std),DmsdX(mean),DmsdX(std),DmsdY(mean),DmsdY(std),DmsdZ(mean),DmsdZ(std)
663.74174000000005,0,735.75028499999996,0,625.66213500000003,0,0.7157531344356578,0,0.79340433321351533,0,0.67468957764198423,0