msdX(mean),msdX(std),msdY(mean),msdY(std),msdZ(mean),msdZ(std),DmsdX(mean),DmsdX(std),DmsdY(mean),DmsdY(std),DmsdZ(mean),DmsdZ(std)
3535.4849675,0,4195.0817800000004,0,3461.2888475,0,0.40686707005746381,0,0.48277411675348897,0,0.39832850795593167,0