msdX(mean),msdX(std),msdY(mean),msdY(std),msdZ(mean),msdZ(std),DmsdX(mean),DmsdX(std),DmsdY(mean),DmsdY(std),DmsdZ(mean),DmsdZ(std)
2912.4132749999999,0,3452.4651399999998,0,2832.2287225,0,0.42992726447403384,0,0.50964913052463756,0,0.4180905084733253,0