msdX(mean),msdX(std),msdY(mean),msdY(std),msdZ(mean),msdZ(std),DmsdX(mean),DmsdX(std),DmsdY(mean),DmsdY(std),DmsdZ(mean),DmsdZ(std)
2267.1998425000002,0,2652.8144925000001,0,2183.53802,0,0.46661723933893146,0,0.54598141362064712,0,0.4493986210586976,0