msdX(mean),msdX(std),msdY(mean),msdY(std),msdZ(mean),msdZ(std),DmsdX(mean),DmsdX(std),DmsdY(mean),DmsdY(std),DmsdZ(mean),DmsdZ(std)
2696.8254649999999,0,3209.4135099999999,0,2625.8951950000001,0,0.43713401745191272,0,0.52022047384914627,0,0.42563678328290472,0