msdX(mean),msdX(std),msdY(mean),msdY(std),msdZ(mean),msdZ(std),DmsdX(mean),DmsdX(std),DmsdY(mean),DmsdY(std),DmsdZ(mean),DmsdZ(std)
817.66916749999996,0,915.35394250000002,0,776.66705249999995,0,0.66491583608912497,0,0.74435157418952624,0,0.63157355456467523,0