msdX(mean),msdX(std),msdY(mean),msdY(std),msdZ(mean),msdZ(std),DmsdX(mean),DmsdX(std),DmsdY(mean),DmsdY(std),DmsdZ(mean),DmsdZ(std)
1146.4459649999999,0,1290.8403149999999,0,1072.1195075000001,0,0.59235608401364059,0,0.6669630644827943,0,0.55395241681306195,0