msdX(mean),msdX(std),msdY(mean),msdY(std),msdZ(mean),msdZ(std),DmsdX(mean),DmsdX(std),DmsdY(mean),DmsdY(std),DmsdZ(mean),DmsdZ(std)
2877.7412749999999,0,3413.3144725000002,0,2803.8063775000001,0,0.43122996128871127,0,0.51148568518981019,0,0.42015080581918085,0