msdX(mean),msdX(std),msdY(mean),msdY(std),msdZ(mean),msdZ(std),DmsdX(mean),DmsdX(std),DmsdY(mean),DmsdY(std),DmsdZ(mean),DmsdZ(std)
1977.0418225000001,0,2303.6789024999998,0,1903.8900375000001,0,0.48787739306572347,0,0.56848208501274977,0,0.46982562412601792,0