msdX(mean),msdX(std),msdY(mean),msdY(std),msdZ(mean),msdZ(std),DmsdX(mean),DmsdX(std),DmsdY(mean),DmsdY(std),DmsdZ(mean),DmsdZ(std)
1396.6482149999999,0,1598.0943400000001,0,1321.5224499999999,0,0.54980377978689909,0,0.62910495223598584,0,0.52022981183077899,0