msdX(mean),msdX(std),msdY(mean),msdY(std),msdZ(mean),msdZ(std),DmsdX(mean),DmsdX(std),DmsdY(mean),DmsdY(std),DmsdZ(mean),DmsdZ(std)
2973.7371549999998,0,3538.5386225000002,0,2896.5672424999998,0,0.42629335058344558,0,0.50725918496803235,0,0.41523083266435384,0