msdX(mean),msdX(std),msdY(mean),msdY(std),msdZ(mean),msdZ(std),DmsdX(mean),DmsdX(std),DmsdY(mean),DmsdY(std),DmsdZ(mean),DmsdZ(std)
3254.2243149999999,0,3867.2287025000001,0,3176.3227299999999,0,0.4181589316308873,0,0.49692832026230577,0,0.40814879084071476,0