msdX(mean),msdX(std),msdY(mean),msdY(std),msdZ(mean),msdZ(std),DmsdX(mean),DmsdX(std),DmsdY(mean),DmsdY(std),DmsdZ(mean),DmsdZ(std)
1188.4355625000001,0,1345.5855575,0,1115.1279649999999,0,0.583653650181711,0,0.66083172453590022,0,0.5476514905215597,0