msdX(mean),msdX(std),msdY(mean),msdY(std),msdZ(mean),msdZ(std),DmsdX(mean),DmsdX(std),DmsdY(mean),DmsdY(std),DmsdZ(mean),DmsdZ(std)
1271.1382100000001,0,1443.132335,0,1198.9482075000001,0,0.56803030208240235,0,0.6448888797032799,0,0.53577093909196527,0