msdX(mean),msdX(std),msdY(mean),msdY(std),msdZ(mean),msdZ(std),DmsdX(mean),DmsdX(std),DmsdY(mean),DmsdY(std),DmsdZ(mean),DmsdZ(std)
3118.2418575000002,0,3710.3225499999999,0,3044.213135,0,0.4225832575552243,0,0.50282186610651847,0,0.41255090594931559,0