msdX(mean),msdX(std),msdY(mean),msdY(std),msdZ(mean),msdZ(std),DmsdX(mean),DmsdX(std),DmsdY(mean),DmsdY(std),DmsdZ(mean),DmsdZ(std)
3595.9424549999999,0,4285.1267225000001,0,3533.3464100000001,0,0.40444140473280493,0,0.48195506262793647,0,0.3974011273403466,0