msdX(mean),msdX(std),msdY(mean),msdY(std),msdZ(mean),msdZ(std),DmsdX(mean),DmsdX(std),DmsdY(mean),DmsdY(std),DmsdZ(mean),DmsdZ(std)
918.29624249999995,0,1024.908375,0,867.80044499999997,0,0.64156700687005119,0,0.71605149627387055,0,0.60628815440149042,0