msdX(mean),msdX(std),msdY(mean),msdY(std),msdZ(mean),msdZ(std),DmsdX(mean),DmsdX(std),DmsdY(mean),DmsdY(std),DmsdZ(mean),DmsdZ(std)
32.349752500000001,0,33.305197499999998,0,30.295797499999999,0,1.6174876250000001,0,1.6652598749999998,0,1.514789875,0