msdX(mean),msdX(std),msdY(mean),msdY(std),msdZ(mean),msdZ(std),DmsdX(mean),DmsdX(std),DmsdY(mean),DmsdY(std),DmsdZ(mean),DmsdZ(std)
3183.4034550000001,0,3786.9581699999999,0,3111.7793474999999,0,0.4199371367953566,0,0.49955476695101569,0,0.41048887707765364,0