msdX(mean),msdX(std),msdY(mean),msdY(std),msdZ(mean),msdZ(std),DmsdX(mean),DmsdX(std),DmsdY(mean),DmsdY(std),DmsdZ(mean),DmsdZ(std)
965.06329500000004,0,1078.4343825000001,0,907.49912749999999,0,0.62988205660952057,0,0.70387763195109232,0,0.59231080465146635,0