msdX(mean),msdX(std),msdY(mean),msdY(std),msdZ(mean),msdZ(std),DmsdX(mean),DmsdX(std),DmsdY(mean),DmsdY(std),DmsdZ(mean),DmsdZ(std)
1716.0857925,0,1978.9232274999999,0,1636.9351174999999,0,0.51277463919322708,0,0.5913117213645418,0,0.48912403909362551,0