msdX(mean),msdX(std),msdY(mean),msdY(std),msdZ(mean),msdZ(std),DmsdX(mean),DmsdX(std),DmsdY(mean),DmsdY(std),DmsdZ(mean),DmsdZ(std)
496.19130250000001,0,544.37810500000001,0,465.01765499999999,0,0.7940754867705111,0,0.87119082204203568,0,0.74418700789501757,0