msdX(mean),msdX(std),msdY(mean),msdY(std),msdZ(mean),msdZ(std),DmsdX(mean),DmsdX(std),DmsdY(mean),DmsdY(std),DmsdZ(mean),DmsdZ(std)
2471.6262900000002,0,2915.0437674999998,0,2389.7694900000001,0,0.45237501494722715,0,0.53353250579586353,0,0.43739298822524558,0