msdX(mean),msdX(std),msdY(mean),msdY(std),msdZ(mean),msdZ(std),DmsdX(mean),DmsdX(std),DmsdY(mean),DmsdY(std),DmsdZ(mean),DmsdZ(std)
1832.5010374999999,0,2121.2043475,0,1752.2998425000001,0,0.5021743165043755,0,0.58128989919981,0,0.48019616781153518,0