msdX(mean),msdX(std),msdY(mean),msdY(std),msdZ(mean),msdZ(std),DmsdX(mean),DmsdX(std),DmsdY(mean),DmsdY(std),DmsdZ(mean),DmsdZ(std)
433.56630749999999,0,477.51637249999999,0,408.20617750000002,0,0.82731136146800666,0,0.91117486165882211,0,0.77892032343213347,0