msdX(mean),msdX(std),msdY(mean),msdY(std),msdZ(mean),msdZ(std),DmsdX(mean),DmsdX(std),DmsdY(mean),DmsdY(std),DmsdZ(mean),DmsdZ(std)
2368.1057525000001,0,2785.8213350000001,0,2288.8663799999999,0,0.45882259248375729,0,0.53975535753497206,0,0.44346989369534612,0