msdX(mean),msdX(std),msdY(mean),msdY(std),msdZ(mean),msdZ(std),DmsdX(mean),DmsdX(std),DmsdY(mean),DmsdY(std),DmsdZ(mean),DmsdZ(std)
716.92208500000004,0,797.56096500000001,0,676.46930250000003,0,0.69730458273894447,0,0.77573690020749586,0,0.65795873022305806,0