msdX(mean),msdX(std),msdY(mean),msdY(std),msdZ(mean),msdZ(std),DmsdX(mean),DmsdX(std),DmsdY(mean),DmsdY(std),DmsdZ(mean),DmsdZ(std)
3055.3363924999999,0,3619.8093250000002,0,2970.9663875000001,0,0.42568846553069356,0,0.50433434460946869,0,0.41393351178699811,0