msdX(mean),msdX(std),msdY(mean),msdY(std),msdZ(mean),msdZ(std),DmsdX(mean),DmsdX(std),DmsdY(mean),DmsdY(std),DmsdZ(mean),DmsdZ(std)
169.75527693750001,0,169.56122518750001,0,153.09458931250001,0,1.4722920809843887,0,1.4706090649392889,0,1.3277934892671293,0