msdX(mean),msdX(std),msdY(mean),msdY(std),msdZ(mean),msdZ(std),DmsdX(mean),DmsdX(std),DmsdY(mean),DmsdY(std),DmsdZ(mean),DmsdZ(std)
4227.3333488124999,0,4208.1032691250002,0,4250.9460168124997,0,0.42273333488124998,0,0.42081032691250003,0,0.42509460168124996,0