msdX(mean),msdX(std),msdY(mean),msdY(std),msdZ(mean),msdZ(std),DmsdX(mean),DmsdX(std),DmsdY(mean),DmsdY(std),DmsdZ(mean),DmsdZ(std)
455.12970631249999,0,455.02203012500001,0,424.97583187499998,0,1.1776179386239165,0,1.1773393336280134,0,1.0995967878088748,0