msdX(mean),msdX(std),msdY(mean),msdY(std),msdZ(mean),msdZ(std),DmsdX(mean),DmsdX(std),DmsdY(mean),DmsdY(std),DmsdZ(mean),DmsdZ(std)
3005.3478172499999,0,3055.580348125,0,3074.6564514375,0,0.51686234947373844,0,0.52550138412358538,0,0.52878210907672063,0