msdX(mean),msdX(std),msdY(mean),msdY(std),msdZ(mean),msdZ(std),DmsdX(mean),DmsdX(std),DmsdY(mean),DmsdY(std),DmsdZ(mean),DmsdZ(std)
152.77792975,0,152.62108050000001,0,137.64668187500001,0,1.5015029950859951,0,1.4999614791154792,0,1.3527929422604423,0