msdX(mean),msdX(std),msdY(mean),msdY(std),msdZ(mean),msdZ(std),DmsdX(mean),DmsdX(std),DmsdY(mean),DmsdY(std),DmsdZ(mean),DmsdZ(std)
66.649217250000007,0,66.674121062500006,0,59.583274625000001,0,1.7096849230440361,0,1.7103237553441644,0,1.5284294474134246,0