msdX(mean),msdX(std),msdY(mean),msdY(std),msdZ(mean),msdZ(std),DmsdX(mean),DmsdX(std),DmsdY(mean),DmsdY(std),DmsdZ(mean),DmsdZ(std)
1534.0345453125001,0,1575.2789919375,0,1542.2016698750001,0,0.7484494882681314,0,0.76857249336257993,0,0.75243419657740884,0