msdX(mean),msdX(std),msdY(mean),msdY(std),msdZ(mean),msdZ(std),DmsdX(mean),DmsdX(std),DmsdY(mean),DmsdY(std),DmsdZ(mean),DmsdZ(std)
2853.6437109375001,0,2907.0209851250002,0,2915.3085863749998,0,0.53346613281067445,0,0.54344459225592379,0,0.54499389379352237,0