msdX(mean),msdX(std),msdY(mean),msdY(std),msdZ(mean),msdZ(std),DmsdX(mean),DmsdX(std),DmsdY(mean),DmsdY(std),DmsdZ(mean),DmsdZ(std)
2571.1526926874999,0,2629.1392345625,0,2624.6398253749999,0,0.56792605384135386,0,0.58073434328936524,0,0.57974049655605298,0