msdX(mean),msdX(std),msdY(mean),msdY(std),msdZ(mean),msdZ(std),DmsdX(mean),DmsdX(std),DmsdY(mean),DmsdY(std),DmsdZ(mean),DmsdZ(std)
349.35157025000001,0,348.66920637499999,0,322.75241525000001,0,1.2619563043347382,0,1.259491413756773,0,1.1658726619506323,0