msdX(mean),msdX(std),msdY(mean),msdY(std),msdZ(mean),msdZ(std),DmsdX(mean),DmsdX(std),DmsdY(mean),DmsdY(std),DmsdZ(mean),DmsdZ(std)
3800.5013081249999,0,3821.032616125,0,3854.1299212499998,0,0.44905136329666567,0,0.45147725690916179,0,0.45538789626509441,0