msdX(mean),msdX(std),msdY(mean),msdY(std),msdZ(mean),msdZ(std),DmsdX(mean),DmsdX(std),DmsdY(mean),DmsdY(std),DmsdZ(mean),DmsdZ(std)
315.52071156250003,0,315.17354681249998,0,291.1318916875,0,1.2917059698246454,0,1.2902847167542304,0,1.1918609102927129,0