msdX(mean),msdX(std),msdY(mean),msdY(std),msdZ(mean),msdZ(std),DmsdX(mean),DmsdX(std),DmsdY(mean),DmsdY(std),DmsdZ(mean),DmsdZ(std)
77.164077687499997,0,77.143511750000002,0,69.121276187500001,0,1.6750523376447179,0,1.6746058990593344,0,1.5004618564580321,0