msdX(mean),msdX(std),msdY(mean),msdY(std),msdZ(mean),msdZ(std),DmsdX(mean),DmsdX(std),DmsdY(mean),DmsdY(std),DmsdZ(mean),DmsdZ(std)
2132.1205208749998,0,2188.1951454374998,0,2175.1914648749998,0,0.63062453170444344,0,0.64720991396075078,0,0.6433637711724457,0