msdX(mean),msdX(std),msdY(mean),msdY(std),msdZ(mean),msdZ(std),DmsdX(mean),DmsdX(std),DmsdY(mean),DmsdY(std),DmsdZ(mean),DmsdZ(std)
552.35958418749999,0,554.07424306250005,0,520.98667375000002,0,1.1128055554109864,0,1.1162599752786919,0,1.0496004440601705,0