msdX(mean),msdX(std),msdY(mean),msdY(std),msdZ(mean),msdZ(std),DmsdX(mean),DmsdX(std),DmsdY(mean),DmsdY(std),DmsdZ(mean),DmsdZ(std)
2311.1948465625001,0,2368.6608029375002,0,2364.6575172500002,0,0.60319051920533973,0,0.61818835468166178,0,0.61714355139475507,0