msdX(mean),msdX(std),msdY(mean),msdY(std),msdZ(mean),msdZ(std),DmsdX(mean),DmsdX(std),DmsdY(mean),DmsdY(std),DmsdZ(mean),DmsdZ(std)
55.448193500000002,0,55.527847749999999,0,49.603243249999998,0,1.751917646129542,0,1.7544343680884678,0,1.5672430726698263,0