msdX(mean),msdX(std),msdY(mean),msdY(std),msdZ(mean),msdZ(std),DmsdX(mean),DmsdX(std),DmsdY(mean),DmsdY(std),DmsdZ(mean),DmsdZ(std)
86.109442000000001,0,86.064867812499998,0,77.079608875000005,0,1.6496061685823757,0,1.6487522569444446,0,1.4766208596743298,0