msdX(mean),msdX(std),msdY(mean),msdY(std),msdZ(mean),msdZ(std),DmsdX(mean),DmsdX(std),DmsdY(mean),DmsdY(std),DmsdZ(mean),DmsdZ(std)
337.735023125,0,336.9887163125,0,311.98196293749999,0,1.2719918013621243,0,1.2691810293609944,0,1.1749995465601657,0