msdX(mean),msdX(std),msdY(mean),msdY(std),msdZ(mean),msdZ(std),DmsdX(mean),DmsdX(std),DmsdY(mean),DmsdY(std),DmsdZ(mean),DmsdZ(std)
38.316959437500003,0,38.410519999999998,0,34.328084687500002,0,1.8362760113817893,0,1.8407597444089456,0,1.6451158795926519,0