msdX(mean),msdX(std),msdY(mean),msdY(std),msdZ(mean),msdZ(std),DmsdX(mean),DmsdX(std),DmsdY(mean),DmsdY(std),DmsdZ(mean),DmsdZ(std)
2249.7064353125002,0,2305.7050919375001,0,2300.1584593124999,0,0.61215113543343691,0,0.62738851960839892,0,0.62587926604272004,0