msdX(mean),msdX(std),msdY(mean),msdY(std),msdZ(mean),msdZ(std),DmsdX(mean),DmsdX(std),DmsdY(mean),DmsdY(std),DmsdZ(mean),DmsdZ(std)
3423.306139625,0,3461.2965528125001,0,3494.4707411250001,0,0.47792181094598557,0,0.48322558639831636,0,0.48785697707981407,0