msdX(mean),msdX(std),msdY(mean),msdY(std),msdZ(mean),msdZ(std),DmsdX(mean),DmsdX(std),DmsdY(mean),DmsdY(std),DmsdZ(mean),DmsdZ(std)
608.78428806249997,0,611.05410256250002,0,576.09646256250005,0,1.0822190472786797,0,1.0862540339461366,0,1.0241108009525364,0