msdX(mean),msdX(std),msdY(mean),msdY(std),msdZ(mean),msdZ(std),DmsdX(mean),DmsdX(std),DmsdY(mean),DmsdY(std),DmsdZ(mean),DmsdZ(std)
1491.4469551875,0,1530.9853518125001,0,1496.2904536875001,0,0.75865860684037845,0,0.77877071662470121,0,0.76112236313520532,0