msdX(mean),msdX(std),msdY(mean),msdY(std),msdZ(mean),msdZ(std),DmsdX(mean),DmsdX(std),DmsdY(mean),DmsdY(std),DmsdZ(mean),DmsdZ(std)
3337.2473160625,0,3376.7119955624999,0,3404.9064833749999,0,0.4857498677004643,0,0.49149411169272078,0,0.49559793362371363,0