msdX(mean),msdX(std),msdY(mean),msdY(std),msdZ(mean),msdZ(std),DmsdX(mean),DmsdX(std),DmsdY(mean),DmsdY(std),DmsdZ(mean),DmsdZ(std)
486.1171853125,0,485.58535793750002,0,455.27347606249998,0,1.1571463587538682,0,1.1558804045167819,0,1.0837264367114974,0