msdX(mean),msdX(std),msdY(mean),msdY(std),msdZ(mean),msdZ(std),DmsdX(mean),DmsdX(std),DmsdY(mean),DmsdY(std),DmsdZ(mean),DmsdZ(std)
2190.1016310625,0,2247.6089256250002,0,2237.8984261249998,0,0.62131424021971948,0,0.63762859774606739,0,0.63487380703981611,0