msdX(mean),msdX(std),msdY(mean),msdY(std),msdZ(mean),msdZ(std),DmsdX(mean),DmsdX(std),DmsdY(mean),DmsdY(std),DmsdZ(mean),DmsdZ(std)
248.44581600000001,0,247.69252531250001,0,226.78212325000001,0,1.3618444143979536,0,1.3577152858350083,0,1.2430958701808881,0