msdX(mean),msdX(std),msdY(mean),msdY(std),msdZ(mean),msdZ(std),DmsdX(mean),DmsdX(std),DmsdY(mean),DmsdY(std),DmsdZ(mean),DmsdZ(std)
188.58967100000001,0,187.99011081250001,0,170.44941006249999,0,1.443288298469388,0,1.4386998276466838,0,1.3044597708864796,0