msdX(mean),msdX(std),msdY(mean),msdY(std),msdZ(mean),msdZ(std),DmsdX(mean),DmsdX(std),DmsdY(mean),DmsdY(std),DmsdZ(mean),DmsdZ(std)
2074.2960131250002,0,2130.3337518124999,0,2116.6049751874998,0,0.63965216187150198,0,0.65693255988173982,0,0.65269900710409046,0