msdX(mean),msdX(std),msdY(mean),msdY(std),msdZ(mean),msdZ(std),DmsdX(mean),DmsdX(std),DmsdY(mean),DmsdY(std),DmsdZ(mean),DmsdZ(std)
1863.4553310624999,0,1914.4859313750001,0,1891.5232557500001,0,0.67896570696926628,0,0.69755913770016942,0,0.68919249266728611,0