msdX(mean),msdX(std),msdY(mean),msdY(std),msdZ(mean),msdZ(std),DmsdX(mean),DmsdX(std),DmsdY(mean),DmsdY(std),DmsdZ(mean),DmsdZ(std)
257.40215681249998,0,256.26765512499998,0,234.9383395625,0,1.3533236425473185,0,1.3473588597528916,0,1.2352173478575186,0