msdX(mean),msdX(std),msdY(mean),msdY(std),msdZ(mean),msdZ(std),DmsdX(mean),DmsdX(std),DmsdY(mean),DmsdY(std),DmsdZ(mean),DmsdZ(std)
71.685073937499993,0,71.700747500000006,0,64.200119562500007,0,1.6913505451238693,0,1.6917203499803384,0,1.5147491835430595,0