msdX(mean),msdX(std),msdY(mean),msdY(std),msdZ(mean),msdZ(std),DmsdX(mean),DmsdX(std),DmsdY(mean),DmsdY(std),DmsdZ(mean),DmsdZ(std)
3513.6261638125002,0,3546.6775543125,0,3579.7495247500001,0,0.47049196643616414,0,0.47491771151683071,0,0.47934621235317881,0