msdX(mean),msdX(std),msdY(mean),msdY(std),msdZ(mean),msdZ(std),DmsdX(mean),DmsdX(std),DmsdY(mean),DmsdY(std),DmsdZ(mean),DmsdZ(std)
518.13569543749998,0,518.84640568750001,0,487.26380087500002,0,1.1346451230428118,0,1.1362014796616666,0,1.0670399668783532,0