msdX(mean),msdX(std),msdY(mean),msdY(std),msdZ(mean),msdZ(std),DmsdX(mean),DmsdX(std),DmsdY(mean),DmsdY(std),DmsdZ(mean),DmsdZ(std)
2019.3682645624999,0,2074.9437191249999,0,2058.6040754374999,0,0.64923800984744562,0,0.66710582432671384,0,0.66185253896244811,0