msdX(mean),msdX(std),msdY(mean),msdY(std),msdZ(mean),msdZ(std),DmsdX(mean),DmsdX(std),DmsdY(mean),DmsdY(std),DmsdZ(mean),DmsdZ(std)
669.59843437500001,0,672.656223125,0,637.38425381249999,0,1.0503230258686047,0,1.0551194318449191,0,0.99979229899218325,0