msdX(mean),msdX(std),msdY(mean),msdY(std),msdZ(mean),msdZ(std),DmsdX(mean),DmsdX(std),DmsdY(mean),DmsdY(std),DmsdZ(mean),DmsdZ(std)
910.71725168750004,0,921.16164181249997,0,882.87532906249999,0,0.94135846988216454,0,0.95215426307561113,0,0.91257980160473418,0