msdX(mean),msdX(std),msdY(mean),msdY(std),msdZ(mean),msdZ(std),DmsdX(mean),DmsdX(std),DmsdY(mean),DmsdY(std),DmsdZ(mean),DmsdZ(std)
806.6735329375,0,813.20425699999998,0,776.46765331250003,0,0.98521000623384292,0,0.99318613837604575,0,0.94831883076007095,0