msdX(mean),msdX(std),msdY(mean),msdY(std),msdZ(mean),msdZ(std),DmsdX(mean),DmsdX(std),DmsdY(mean),DmsdY(std),DmsdZ(mean),DmsdZ(std)
4115.6247096249999,0,4107.4702211249996,0,4145.5375198125002,0,0.42909083142626281,0,0.42824065277850176,0,0.43220951048454365,0