msdX(mean),msdX(std),msdY(mean),msdY(std),msdZ(mean),msdZ(std),DmsdX(mean),DmsdX(std),DmsdY(mean),DmsdY(std),DmsdZ(mean),DmsdZ(std)
305.28108268749997,0,304.63583225000002,0,280.87656987499997,0,1.3029495633269312,0,1.3001956135296631,0,1.1987903110328639,0