msdX(mean),msdX(std),msdY(mean),msdY(std),msdZ(mean),msdZ(std),DmsdX(mean),DmsdX(std),DmsdY(mean),DmsdY(std),DmsdZ(mean),DmsdZ(std)
3251.0517167500002,0,3290.7488348749998,0,3317.9294431875001,0,0.49335851515511742,0,0.49938269224008414,0,0.50350744500515965,0