msdX(mean),msdX(std),msdY(mean),msdY(std),msdZ(mean),msdZ(std),DmsdX(mean),DmsdX(std),DmsdY(mean),DmsdY(std),DmsdZ(mean),DmsdZ(std)
209.2892958125,0,208.69733381250001,0,189.7237913125,0,1.4133210747045581,0,1.4093235823016319,0,1.2811961146595385,0