msdX(mean),msdX(std),msdY(mean),msdY(std),msdZ(mean),msdZ(std),DmsdX(mean),DmsdX(std),DmsdY(mean),DmsdY(std),DmsdZ(mean),DmsdZ(std)
115.094055875,0,114.93098706249999,0,103.01867325000001,0,1.5791546655613995,0,1.5769172704664991,0,1.4134736782529158,0