msdX(mean),msdX(std),msdY(mean),msdY(std),msdZ(mean),msdZ(std),DmsdX(mean),DmsdX(std),DmsdY(mean),DmsdY(std),DmsdZ(mean),DmsdZ(std)
202.13569431249999,0,201.52979256250001,0,183.03801100000001,0,1.4231567306676836,0,1.4188908183231637,0,1.288697566298991,0