msdX(mean),msdX(std),msdY(mean),msdY(std),msdZ(mean),msdZ(std),DmsdX(mean),DmsdX(std),DmsdY(mean),DmsdY(std),DmsdZ(mean),DmsdZ(std)
4011.0657998124998,0,4010.6196788124998,0,4045.317492875,0,0.43600042028394093,0,0.43595192720175152,0,0.43972355855092843,0