msdX(mean),msdX(std),msdY(mean),msdY(std),msdZ(mean),msdZ(std),DmsdX(mean),DmsdX(std),DmsdY(mean),DmsdY(std),DmsdZ(mean),DmsdZ(std)
1086.7555645,0,1107.6353041249999,0,1070.5814929374999,0,0.87462890157205708,0,0.89143307017249707,0,0.86161188936916511,0