msdX(mean),msdX(std),msdY(mean),msdY(std),msdZ(mean),msdZ(std),DmsdX(mean),DmsdX(std),DmsdY(mean),DmsdY(std),DmsdZ(mean),DmsdZ(std)
285.23189943749998,0,284.55044950000001,0,261.42990250000003,0,1.3232748756089074,0,1.3201134284388774,0,1.2128503943400606,0