msdX(mean),msdX(std),msdY(mean),msdY(std),msdZ(mean),msdZ(std),DmsdX(mean),DmsdX(std),DmsdY(mean),DmsdY(std),DmsdZ(mean),DmsdZ(std)
142.32084937499999,0,142.2795825625,0,127.9098723125,0,1.5205218950320514,0,1.5200810102831197,0,1.3665584648771367,0