msdX(mean),msdX(std),msdY(mean),msdY(std),msdZ(mean),msdZ(std),DmsdX(mean),DmsdX(std),DmsdY(mean),DmsdY(std),DmsdZ(mean),DmsdZ(std)
2435.7684903125,0,2496.2092090625001,0,2491.1131839374998,0,0.5848253857339224,0,0.5993371370754752,0,0.59811358694282046,0