msdX(mean),msdX(std),msdY(mean),msdY(std),msdZ(mean),msdZ(std),DmsdX(mean),DmsdX(std),DmsdY(mean),DmsdY(std),DmsdZ(mean),DmsdZ(std)
399.09990812500001,0,398.412785375,0,370.81250625000001,0,1.2201158915469275,0,1.2180152411342096,0,1.1336365217059003,0