msdX(mean),msdX(std),msdY(mean),msdY(std),msdZ(mean),msdZ(std),DmsdX(mean),DmsdX(std),DmsdY(mean),DmsdY(std),DmsdZ(mean),DmsdZ(std)
857.18447356249999,0,866.13661143750005,0,827.80083981250004,0,0.96311058620156931,0,0.9731689797241625,0,0.93009588563416423,0