msdX(mean),msdX(std),msdY(mean),msdY(std),msdZ(mean),msdZ(std),DmsdX(mean),DmsdX(std),DmsdY(mean),DmsdY(std),DmsdZ(mean),DmsdZ(std)
2638.1813219374999,0,2697.0051830624998,0,2696.7566164999998,0,0.55892487912067534,0,0.57138729752812434,0,0.57133463623652037,0