msdX(mean),msdX(std),msdY(mean),msdY(std),msdZ(mean),msdZ(std),DmsdX(mean),DmsdX(std),DmsdY(mean),DmsdY(std),DmsdZ(mean),DmsdZ(std)
1449.7367106249999,0,1486.9763473749999,0,1452.7696872500001,0,0.76885316336677423,0,0.78860282708710827,0,0.77046167176382208,0