msdX(mean),msdX(std),msdY(mean),msdY(std),msdZ(mean),msdZ(std),DmsdX(mean),DmsdX(std),DmsdY(mean),DmsdY(std),DmsdZ(mean),DmsdZ(std)
3705.1279574999999,0,3727.4158107500002,0,3764.4080791249999,0,0.45642770387631909,0,0.45917330235494602,0,0.46373030991561609,0