msdX(mean),msdX(std),msdY(mean),msdY(std),msdZ(mean),msdZ(std),DmsdX(mean),DmsdX(std),DmsdY(mean),DmsdY(std),DmsdZ(mean),DmsdZ(std)
1048.4452624999999,0,1037.0510837500001,0,971.34339124999997,0,0.46851955990675292,0,0.46342783427796858,0,0.43406498599804866,0