msdX(mean),msdX(std),msdY(mean),msdY(std),msdZ(mean),msdZ(std),DmsdX(mean),DmsdX(std),DmsdY(mean),DmsdY(std),DmsdZ(mean),DmsdZ(std)
769.60015625000005,0,755.54170499999998,0,700.02892812499999,0,0.53768685446966091,0,0.5278648132838063,0,0.4890804001851442,0