msdX(mean),msdX(std),msdY(mean),msdY(std),msdZ(mean),msdZ(std),DmsdX(mean),DmsdX(std),DmsdY(mean),DmsdY(std),DmsdZ(mean),DmsdZ(std)
2902.982133125,0,2863.3962968750002,0,2723.8714087499998,0,0.30570685797742198,0,0.30153815797671996,0,0.28684508953801435,0