msdX(mean),msdX(std),msdY(mean),msdY(std),msdZ(mean),msdZ(std),DmsdX(mean),DmsdX(std),DmsdY(mean),DmsdY(std),DmsdZ(mean),DmsdZ(std)
2738.6634131249998,0,2727.0288412499999,0,2575.7347287500002,0,0.31155457954207189,0,0.31023101267682812,0,0.29301956077615715,0