msdX(mean),msdX(std),msdY(mean),msdY(std),msdZ(mean),msdZ(std),DmsdX(mean),DmsdX(std),DmsdY(mean),DmsdY(std),DmsdZ(mean),DmsdZ(std)
2109.0905706250001,0,2085.8362643750002,0,1995.5430524999999,0,0.34754726384197082,0,0.3437152944508528,0,0.32883629438905826,0