msdX(mean),msdX(std),msdY(mean),msdY(std),msdZ(mean),msdZ(std),DmsdX(mean),DmsdX(std),DmsdY(mean),DmsdY(std),DmsdZ(mean),DmsdZ(std)
1507.172181875,0,1496.3838956249999,0,1410.54467,0,0.40192329978799435,0,0.39904634673591294,0,0.37615527614069705,0