msdX(mean),msdX(std),msdY(mean),msdY(std),msdZ(mean),msdZ(std),DmsdX(mean),DmsdX(std),DmsdY(mean),DmsdY(std),DmsdZ(mean),DmsdZ(std)
690.03163437499995,0,677.06392562500002,0,627.08964062500002,0,0.56113819173375612,0,0.55059276703667559,0,0.50995335498495564,0