msdX(mean),msdX(std),msdY(mean),msdY(std),msdZ(mean),msdZ(std),DmsdX(mean),DmsdX(std),DmsdY(mean),DmsdY(std),DmsdZ(mean),DmsdZ(std)
806.68175812499999,0,797.29300375000003,0,736.89693187499995,0,0.5265088491808807,0,0.5203809527565052,0,0.48096136011334956,0