msdX(mean),msdX(std),msdY(mean),msdY(std),msdZ(mean),msdZ(std),DmsdX(mean),DmsdX(std),DmsdY(mean),DmsdY(std),DmsdZ(mean),DmsdZ(std)
605.57878749999998,0,595.57849874999999,0,550.99118937499998,0,0.58903667423198514,0,0.579309555402448,0,0.5359402020345303,0