msdX(mean),msdX(std),msdY(mean),msdY(std),msdZ(mean),msdZ(std),DmsdX(mean),DmsdX(std),DmsdY(mean),DmsdY(std),DmsdZ(mean),DmsdZ(std)
1802.0189956249999,0,1793.8469337500001,0,1700.6701049999999,0,0.3708773762297275,0,0.36919546673046844,0,0.35001854470239563,0