msdX(mean),msdX(std),msdY(mean),msdY(std),msdZ(mean),msdZ(std),DmsdX(mean),DmsdX(std),DmsdY(mean),DmsdY(std),DmsdZ(mean),DmsdZ(std)
2876.6580800000002,0,2847.3682481249998,0,2702.9984224999998,0,0.30618489081265193,0,0.30306734825974346,0,0.28770095501232906,0