msdX(mean),msdX(std),msdY(mean),msdY(std),msdZ(mean),msdZ(std),DmsdX(mean),DmsdX(std),DmsdY(mean),DmsdY(std),DmsdZ(mean),DmsdZ(std)
2831.7387475,0,2812.092463125,0,2657.2742706250001,0,0.30801363428708173,0,0.3058766703966368,0,0.28903679978082464,0