msdX(mean),msdX(std),msdY(mean),msdY(std),msdZ(mean),msdZ(std),DmsdX(mean),DmsdX(std),DmsdY(mean),DmsdY(std),DmsdZ(mean),DmsdZ(std)
1699.0813943749999,0,1690.547910625,0,1593.706103125,0,0.38133901285470612,0,0.37942377190144166,0,0.357688757088511,0