msdX(mean),msdX(std),msdY(mean),msdY(std),msdZ(mean),msdZ(std),DmsdX(mean),DmsdX(std),DmsdY(mean),DmsdY(std),DmsdZ(mean),DmsdZ(std)
2853.0649168750001,0,2827.7636537499998,0,2679.5856950000002,0,0.30696766496581257,0,0.30424544521671765,0,0.28830264569335134,0