msdX(mean),msdX(std),msdY(mean),msdY(std),msdZ(mean),msdZ(std),DmsdX(mean),DmsdX(std),DmsdY(mean),DmsdY(std),DmsdZ(mean),DmsdZ(std)
2765.6140031250002,0,2742.0957787500001,0,2603.0369974999999,0,0.31105361753866689,0,0.30840848023401635,0,0.29276828716677883,0