msdX(mean),msdX(std),msdY(mean),msdY(std),msdZ(mean),msdZ(std),DmsdX(mean),DmsdX(std),DmsdY(mean),DmsdY(std),DmsdZ(mean),DmsdZ(std)
2135.5070856249999,0,2111.5482849999999,0,2019.029593125,0,0.34615063064286061,0,0.34226707811258972,0,0.32727045096283208,0