msdX(mean),msdX(std),msdY(mean),msdY(std),msdZ(mean),msdZ(std),DmsdX(mean),DmsdX(std),DmsdY(mean),DmsdY(std),DmsdZ(mean),DmsdZ(std)
1561.767253125,0,1551.0181425000001,0,1461.4817406249999,0,0.39523235883057561,0,0.39251210948538751,0,0.36985336616531206,0