msdX(mean),msdX(std),msdY(mean),msdY(std),msdZ(mean),msdZ(std),DmsdX(mean),DmsdX(std),DmsdY(mean),DmsdY(std),DmsdZ(mean),DmsdZ(std)
1640.2767006250001,0,1630.4644543750001,0,1546.9326225,0,0.3855890879359184,0,0.38328246791217579,0,0.36364616944251815,0