msdX(mean),msdX(std),msdY(mean),msdY(std),msdZ(mean),msdZ(std),DmsdX(mean),DmsdX(std),DmsdY(mean),DmsdY(std),DmsdZ(mean),DmsdZ(std)
1143.6721337500001,0,1133.1375156250001,0,1062.740809375,0,0.45022621446333322,0,0.44607908077066921,0,0.41836620604869662,0