msdX(mean),msdX(std),msdY(mean),msdY(std),msdZ(mean),msdZ(std),DmsdX(mean),DmsdX(std),DmsdY(mean),DmsdY(std),DmsdZ(mean),DmsdZ(std)
2085.2799137500001,0,2063.32493875,0,1974.914756875,0,0.34942871417160765,0,0.34574973628795092,0,0.33093491168404265,0