msdX(mean),msdX(std),msdY(mean),msdY(std),msdZ(mean),msdZ(std),DmsdX(mean),DmsdX(std),DmsdY(mean),DmsdY(std),DmsdZ(mean),DmsdZ(std)
2061.830781875,0,2044.5216668749999,0,1948.6787293750001,0,0.35143544957856671,0,0.34848514120927354,0,0.33214888019050437,0