msdX(mean),msdX(std),msdY(mean),msdY(std),msdZ(mean),msdZ(std),DmsdX(mean),DmsdX(std),DmsdY(mean),DmsdY(std),DmsdZ(mean),DmsdZ(std)
1751.743276875,0,1742.6307737499999,0,1648.2290062500001,0,0.37613792532861423,0,0.3741812698841574,0,0.35391112788130169,0