msdX(mean),msdX(std),msdY(mean),msdY(std),msdZ(mean),msdZ(std),DmsdX(mean),DmsdX(std),DmsdY(mean),DmsdY(std),DmsdZ(mean),DmsdZ(std)
2244.6277987499998,0,2209.6258106250002,0,2102.1310050000002,0,0.34151638111382721,0,0.33619088691701837,0,0.31983573127561171,0