msdX(mean),msdX(std),msdY(mean),msdY(std),msdZ(mean),msdZ(std),DmsdX(mean),DmsdX(std),DmsdY(mean),DmsdY(std),DmsdZ(mean),DmsdZ(std)
2162.5227,0,2139.6974287500002,0,2042.9758718749999,0,0.34489353467638828,0,0.34125320827363659,0,0.32582740967738505,0