msdX(mean),msdX(std),msdY(mean),msdY(std),msdZ(mean),msdZ(std),DmsdX(mean),DmsdX(std),DmsdY(mean),DmsdY(std),DmsdZ(mean),DmsdZ(std)
2991.706463125,0,2960.3598212500001,0,2816.9430324999998,0,0.30221699360806931,0,0.29905041026042506,0,0.28456269521779531,0