msdX(mean),msdX(std),msdY(mean),msdY(std),msdZ(mean),msdZ(std),DmsdX(mean),DmsdX(std),DmsdY(mean),DmsdY(std),DmsdZ(mean),DmsdZ(std)
1778.188101875,0,1767.7140906249999,0,1674.265526875,0,0.37372726579713395,0,0.37152591061864443,0,0.35188553838460973,0