msdX(mean),msdX(std),msdY(mean),msdY(std),msdZ(mean),msdZ(std),DmsdX(mean),DmsdX(std),DmsdY(mean),DmsdY(std),DmsdZ(mean),DmsdZ(std)
2441.9332662500001,0,2401.7454806249998,0,2274.416430625,0,0.33093010790757554,0,0.32548387052784927,0,0.30822827356349097,0