msdX(mean),msdX(std),msdY(mean),msdY(std),msdZ(mean),msdZ(std),DmsdX(mean),DmsdX(std),DmsdY(mean),DmsdY(std),DmsdZ(mean),DmsdZ(std)
1722.4054175000001,0,1718.0258981249999,0,1619.58679375,0,0.37802168778485784,0,0.37706050101140526,0,0.3554557638213196,0