msdX(mean),msdX(std),msdY(mean),msdY(std),msdZ(mean),msdZ(std),DmsdX(mean),DmsdX(std),DmsdY(mean),DmsdY(std),DmsdZ(mean),DmsdZ(std)
648.14000625000006,0,637.80416875000003,0,587.90988812499995,0,0.57413411838958284,0,0.56497844693949861,0,0.52078119242182652,0