msdX(mean),msdX(std),msdY(mean),msdY(std),msdZ(mean),msdZ(std),DmsdX(mean),DmsdX(std),DmsdY(mean),DmsdY(std),DmsdZ(mean),DmsdZ(std)
2014.69309125,0,2000.489919375,0,1896.9990224999999,0,0.35562193446322032,0,0.35311487297597055,0,0.33484726035255769,0