msdX(mean),msdX(std),msdY(mean),msdY(std),msdZ(mean),msdZ(std),DmsdX(mean),DmsdX(std),DmsdY(mean),DmsdY(std),DmsdZ(mean),DmsdZ(std)
2218.3912825000002,0,2183.9481418750001,0,2077.45463875,0,0.34278162715295235,0,0.33745953817756191,0,0.32100436339826527,0