msdX(mean),msdX(std),msdY(mean),msdY(std),msdZ(mean),msdZ(std),DmsdX(mean),DmsdX(std),DmsdY(mean),DmsdY(std),DmsdZ(mean),DmsdZ(std)
978.923580625,0,971.21032875000003,0,903.26861562500005,0,0.48076790404763853,0,0.47697978001964475,0,0.44361231838831139,0