msdX(mean),msdX(std),msdY(mean),msdY(std),msdZ(mean),msdZ(std),DmsdX(mean),DmsdX(std),DmsdY(mean),DmsdY(std),DmsdZ(mean),DmsdZ(std)
2186.5197981249999,0,2161.5908650000001,0,2061.3105074999999,0,0.34320332732730763,0,0.33929040012557066,0,0.32355006592457908,0