msdX(mean),msdX(std),msdY(mean),msdY(std),msdZ(mean),msdZ(std),DmsdX(mean),DmsdX(std),DmsdY(mean),DmsdY(std),DmsdZ(mean),DmsdZ(std)
879.22217750000004,0,871.68020875000002,0,804.131863125,0,0.50712165969718825,0,0.50277156957462155,0,0.46381073576063447,0