msdX(mean),msdX(std),msdY(mean),msdY(std),msdZ(mean),msdZ(std),DmsdX(mean),DmsdX(std),DmsdY(mean),DmsdY(std),DmsdZ(mean),DmsdZ(std)
2945.8032881250001,0,2916.4695875000002,0,2770.0836381250001,0,0.30376674134878962,0,0.30074189488790165,0,0.28564679909513541,0