msdX(mean),msdX(std),msdY(mean),msdY(std),msdZ(mean),msdZ(std),DmsdX(mean),DmsdX(std),DmsdY(mean),DmsdY(std),DmsdZ(mean),DmsdZ(std)
1275.4150493750001,0,1256.6637243749999,0,1184.9624162499999,0,0.43330617111722641,0,0.42693564503388881,0,0.40257603025361394,0