msdX(mean),msdX(std),msdY(mean),msdY(std),msdZ(mean),msdZ(std),DmsdX(mean),DmsdX(std),DmsdY(mean),DmsdY(std),DmsdZ(mean),DmsdZ(std)
630.75413875000004,0,630.64613574999998,0,630.90049650000003,0,1.3812134425182483,0,1.3809769395985401,0,1.381533933941606,0