msdX(mean),msdX(std),msdY(mean),msdY(std),msdZ(mean),msdZ(std),DmsdX(mean),DmsdX(std),DmsdY(mean),DmsdY(std),DmsdZ(mean),DmsdZ(std)
855.98069175000001,0,855.47616249999999,0,856.51904324999998,0,0.96170402039173097,0,0.96113717605422821,0,0.96230886441090557,0