msdX(mean),msdX(std),msdY(mean),msdY(std),msdZ(mean),msdZ(std),DmsdX(mean),DmsdX(std),DmsdY(mean),DmsdY(std),DmsdZ(mean),DmsdZ(std)
979.68648425000003,0,980.62888874999999,0,980.62959249999994,0,0.56474759862226664,0,0.56529085474232355,0,0.56529126042427269,0