msdX(mean),msdX(std),msdY(mean),msdY(std),msdZ(mean),msdZ(std),DmsdX(mean),DmsdX(std),DmsdY(mean),DmsdY(std),DmsdZ(mean),DmsdZ(std)
645.84164375,0,645.67368499999998,0,646.17905525000003,0,1.3564302235018202,0,1.3560774677961356,0,1.3571388726897229,0