msdX(mean),msdX(std),msdY(mean),msdY(std),msdZ(mean),msdZ(std),DmsdX(mean),DmsdX(std),DmsdY(mean),DmsdY(std),DmsdZ(mean),DmsdZ(std)
1001.22910275,0,1004.6076565,0,1002.3882824999999,0,0.14573224531803408,0,0.14622400511862599,0,0.1459009678084518,0