msdX(mean),msdX(std),msdY(mean),msdY(std),msdZ(mean),msdZ(std),DmsdX(mean),DmsdX(std),DmsdY(mean),DmsdY(std),DmsdZ(mean),DmsdZ(std)
196.18558849999999,0,196.59123149999999,0,196.06814925,0,2.0100982428278691,0,2.0142544211065574,0,2.0088949718237705,0