msdX(mean),msdX(std),msdY(mean),msdY(std),msdZ(mean),msdZ(std),DmsdX(mean),DmsdX(std),DmsdY(mean),DmsdY(std),DmsdZ(mean),DmsdZ(std)
51.395933499999998,0,51.517528749999997,0,51.35584025,0,2.2674676544117647,0,2.2728321507352938,0,2.2656988345588234,0