msdX(mean),msdX(std),msdY(mean),msdY(std),msdZ(mean),msdZ(std),DmsdX(mean),DmsdX(std),DmsdY(mean),DmsdY(std),DmsdZ(mean),DmsdZ(std)
55.622274500000003,0,55.826931250000001,0,55.656688250000002,0,2.2549570743243241,0,2.2632539695945946,0,2.2563522263513511,0