msdX(mean),msdX(std),msdY(mean),msdY(std),msdZ(mean),msdZ(std),DmsdX(mean),DmsdX(std),DmsdY(mean),DmsdY(std),DmsdZ(mean),DmsdZ(std)
49.517283749999997,0,49.636105000000001,0,49.482735249999998,0,2.2714350344036696,0,2.2768855504587155,0,2.2698502408256878,0