msdX(mean),msdX(std),msdY(mean),msdY(std),msdZ(mean),msdZ(std),DmsdX(mean),DmsdX(std),DmsdY(mean),DmsdY(std),DmsdZ(mean),DmsdZ(std)
900.49070825000001,0,899.20469849999995,0,899.89856699999996,0,0.85630535208254099,0,0.85508244437048309,0,0.85574226607074932,0