msdX(mean),msdX(std),msdY(mean),msdY(std),msdZ(mean),msdZ(std),DmsdX(mean),DmsdX(std),DmsdY(mean),DmsdY(std),DmsdZ(mean),DmsdZ(std)
986.27649725000003,0,987.69900150000001,0,985.74518399999999,0,0.52305711563958424,0,0.52381151967543493,0,0.5227753415358507,0