msdX(mean),msdX(std),msdY(mean),msdY(std),msdZ(mean),msdZ(std),DmsdX(mean),DmsdX(std),DmsdY(mean),DmsdY(std),DmsdZ(mean),DmsdZ(std)
719.60530874999995,0,719.79599025000005,0,720.85985725,0,1.2268787941861787,0,1.2272038933564449,0,1.2290177152477837,0