msdX(mean),msdX(std),msdY(mean),msdY(std),msdZ(mean),msdZ(std),DmsdX(mean),DmsdX(std),DmsdY(mean),DmsdY(std),DmsdZ(mean),DmsdZ(std)
75.975388749999993,0,76.265983250000005,0,76.245261249999999,0,2.2085868822674417,0,2.2170343968023256,0,2.2164320130813953,0