msdX(mean),msdX(std),msdY(mean),msdY(std),msdZ(mean),msdZ(std),DmsdX(mean),DmsdX(std),DmsdY(mean),DmsdY(std),DmsdZ(mean),DmsdZ(std)
203.48802624999999,0,203.97066000000001,0,203.3701385,0,1.998900061394892,0,2.0036410609037332,0,1.9977420284872298,0