msdX(mean),msdX(std),msdY(mean),msdY(std),msdZ(mean),msdZ(std),DmsdX(mean),DmsdX(std),DmsdY(mean),DmsdY(std),DmsdZ(mean),DmsdZ(std)
1002.1460035,0,1002.33514325,0,1002.5015647499999,0,0.22135784730300845,0,0.22139962521536175,0,0.22143638503364796,0