msdX(mean),msdX(std),msdY(mean),msdY(std),msdZ(mean),msdZ(std),DmsdX(mean),DmsdX(std),DmsdY(mean),DmsdY(std),DmsdZ(mean),DmsdZ(std)
60.162968749999997,0,60.373293500000003,0,60.256115250000001,0,2.2448868936567163,0,2.2527348320895522,0,2.2483625093283583,0