msdX(mean),msdX(std),msdY(mean),msdY(std),msdZ(mean),msdZ(std),DmsdX(mean),DmsdX(std),DmsdY(mean),DmsdY(std),DmsdZ(mean),DmsdZ(std)
99.808077749999995,0,99.998059999999995,0,99.826313999999996,0,2.1666008194645441,0,2.1707248914616497,0,2.1669966859623733,0