msdX(mean),msdX(std),msdY(mean),msdY(std),msdZ(mean),msdZ(std),DmsdX(mean),DmsdX(std),DmsdY(mean),DmsdY(std),DmsdZ(mean),DmsdZ(std)
130.38030549999999,0,130.63870725000001,0,130.60254674999999,0,2.1119919897408206,0,2.1161777632289418,0,2.1155920099892005,0