msdX(mean),msdX(std),msdY(mean),msdY(std),msdZ(mean),msdZ(std),DmsdX(mean),DmsdX(std),DmsdY(mean),DmsdY(std),DmsdZ(mean),DmsdZ(std)
483.40108624999999,0,482.90815600000002,0,483.77932874999999,0,1.6063394536442179,0,1.6047014488258751,0,1.6075963516282676,0