msdX(mean),msdX(std),msdY(mean),msdY(std),msdZ(mean),msdZ(std),DmsdX(mean),DmsdX(std),DmsdY(mean),DmsdY(std),DmsdZ(mean),DmsdZ(std)
675.65513075000001,0,675.82350399999996,0,676.12307699999997,0,1.3055296871377047,0,1.305855025119155,0,1.306433872858431,0