msdX(mean),msdX(std),msdY(mean),msdY(std),msdZ(mean),msdZ(std),DmsdX(mean),DmsdX(std),DmsdY(mean),DmsdY(std),DmsdZ(mean),DmsdZ(std)
120.83533774999999,0,121.15059775,0,121.10315749999999,0,2.127382706866197,0,2.1329330589788733,0,2.1320978433098592,0