msdX(mean),msdX(std),msdY(mean),msdY(std),msdZ(mean),msdZ(std),DmsdX(mean),DmsdX(std),DmsdY(mean),DmsdY(std),DmsdZ(mean),DmsdZ(std)
748.55501975000004,0,748.91494624999996,0,750.7748765,0,1.1741425594740145,0,1.1747071205427166,0,1.1776245056467636,0