msdX(mean),msdX(std),msdY(mean),msdY(std),msdZ(mean),msdZ(std),DmsdX(mean),DmsdX(std),DmsdY(mean),DmsdY(std),DmsdZ(mean),DmsdZ(std)
82.177025499999999,0,82.410339500000006,0,82.343772250000001,0,2.1972466711229948,0,2.2034850133689843,0,2.2017051403743317,0