msdX(mean),msdX(std),msdY(mean),msdY(std),msdZ(mean),msdZ(std),DmsdX(mean),DmsdX(std),DmsdY(mean),DmsdY(std),DmsdZ(mean),DmsdZ(std)
941.88833350000004,0,940.24962125000002,0,941.79861649999998,0,0.72706489308871969,0,0.72579993406494447,0,0.72699563850864546,0