msdX(mean),msdX(std),msdY(mean),msdY(std),msdZ(mean),msdZ(std),DmsdX(mean),DmsdX(std),DmsdY(mean),DmsdY(std),DmsdZ(mean),DmsdZ(std)
234.7242325,0,235.33861250000001,0,234.58142674999999,0,1.9516981638026607,0,1.9568066449556543,0,1.9505107545731706,0