msdX(mean),msdX(std),msdY(mean),msdY(std),msdZ(mean),msdZ(std),DmsdX(mean),DmsdX(std),DmsdY(mean),DmsdY(std),DmsdZ(mean),DmsdZ(std)
57.882615250000001,0,58.088117750000002,0,57.956468999999998,0,2.2493244268134713,0,2.2573102752590675,0,2.2521943911917095,0