msdX(mean),msdX(std),msdY(mean),msdY(std),msdZ(mean),msdZ(std),DmsdX(mean),DmsdX(std),DmsdY(mean),DmsdY(std),DmsdZ(mean),DmsdZ(std)
428.71153924999999,0,427.85917875000001,0,428.57805474999998,0,1.6829817034153363,0,1.6796356140408271,0,1.6824576867966501,0