msdX(mean),msdX(std),msdY(mean),msdY(std),msdZ(mean),msdZ(std),DmsdX(mean),DmsdX(std),DmsdY(mean),DmsdY(std),DmsdZ(mean),DmsdZ(std)
70.342093750000004,0,70.546490000000006,0,70.518039000000002,0,2.2213292763157897,0,2.227783894736842,0,2.2268854421052633,0