msdX(mean),msdX(std),msdY(mean),msdY(std),msdZ(mean),msdZ(std),DmsdX(mean),DmsdX(std),DmsdY(mean),DmsdY(std),DmsdZ(mean),DmsdZ(std)
469.62506574999998,0,468.69965450000001,0,469.28804600000001,0,1.6268766711893763,0,1.6236708585450346,0,1.6257091662817551,0