msdX(mean),msdX(std),msdY(mean),msdY(std),msdZ(mean),msdZ(std),DmsdX(mean),DmsdX(std),DmsdY(mean),DmsdY(std),DmsdZ(mean),DmsdZ(std)
85.503733749999995,0,85.697403499999993,0,85.621648750000006,0,2.1924034294871793,0,2.1973693205128204,0,2.1954268910256411,0