msdX(mean),msdX(std),msdY(mean),msdY(std),msdZ(mean),msdZ(std),DmsdX(mean),DmsdX(std),DmsdY(mean),DmsdY(std),DmsdZ(mean),DmsdZ(std)
909.52892925000003,0,909.23897175000002,0,909.40414150000004,0,0.82955940281831442,0,0.82929493957497258,0,0.82944558692083181,0