msdX(mean),msdX(std),msdY(mean),msdY(std),msdZ(mean),msdZ(std),DmsdX(mean),DmsdX(std),DmsdY(mean),DmsdY(std),DmsdZ(mean),DmsdZ(std)
377.73688275000001,0,377.66178150000002,0,378.1008185,0,1.75202635783859,0,1.7516780217996291,0,1.7537143715213359,0