msdX(mean),msdX(std),msdY(mean),msdY(std),msdZ(mean),msdZ(std),DmsdX(mean),DmsdX(std),DmsdY(mean),DmsdY(std),DmsdZ(mean),DmsdZ(std)
64.998624500000005,0,65.257717999999997,0,65.194720500000003,0,2.231074067505721,0,2.2399674370709381,0,2.2378050514874142,0