msdX(mean),msdX(std),msdY(mean),msdY(std),msdZ(mean),msdZ(std),DmsdX(mean),DmsdX(std),DmsdY(mean),DmsdY(std),DmsdZ(mean),DmsdZ(std)
927.90034900000001,0,926.28747399999997,0,926.96808499999997,0,0.77857052273871463,0,0.777217212619567,0,0.77778829082060752,0