msdX(mean),msdX(std),msdY(mean),msdY(std),msdZ(mean),msdZ(std),DmsdX(mean),DmsdX(std),DmsdY(mean),DmsdY(std),DmsdZ(mean),DmsdZ(std)
92.386652999999995,0,92.653349500000004,0,92.534191750000005,0,2.1789304952830189,0,2.185220507075472,0,2.1824101827830189,0