msdX(mean),msdX(std),msdY(mean),msdY(std),msdZ(mean),msdZ(std),DmsdX(mean),DmsdX(std),DmsdY(mean),DmsdY(std),DmsdZ(mean),DmsdZ(std)
1001.97740175,0,1004.5183019999999,0,1006.56299075,0,0.1044647781463513,0,0.10472968889228695,0,0.10494286531350568,0