msdX(mean),msdX(std),msdY(mean),msdY(std),msdZ(mean),msdZ(std),DmsdX(mean),DmsdX(std),DmsdY(mean),DmsdY(std),DmsdZ(mean),DmsdZ(std)
73.122642499999998,0,73.321460999999999,0,73.316080999999997,0,2.2158376515151517,0,2.2218624545454544,0,2.2216994242424239,0