msdX(mean),msdX(std),msdY(mean),msdY(std),msdZ(mean),msdZ(std),DmsdX(mean),DmsdX(std),DmsdY(mean),DmsdY(std),DmsdZ(mean),DmsdZ(std)
570.81366424999999,0,570.64022750000004,0,570.36182825000003,0,1.4767514597706106,0,1.4763027617281823,0,1.4755825153070026,0