msdX(mean),msdX(std),msdY(mean),msdY(std),msdZ(mean),msdZ(std),DmsdX(mean),DmsdX(std),DmsdY(mean),DmsdY(std),DmsdZ(mean),DmsdZ(std)
948.81751499999996,0,947.78675799999996,0,947.42004350000002,0,0.70248088474827242,0,0.70171773790720626,0,0.70144623161401776,0