msdX(mean),msdX(std),msdY(mean),msdY(std),msdZ(mean),msdZ(std),DmsdX(mean),DmsdX(std),DmsdY(mean),DmsdY(std),DmsdZ(mean),DmsdZ(std)
616.05586949999997,0,615.79979149999997,0,615.72528199999999,0,1.40652025,0,1.4059355970319634,0,1.4057654840182647,0