msdX(mean),msdX(std),msdY(mean),msdY(std),msdZ(mean),msdZ(std),DmsdX(mean),DmsdX(std),DmsdY(mean),DmsdY(std),DmsdZ(mean),DmsdZ(std)
776.91755475000002,0,777.02231849999998,0,778.95545425,0,1.1210931525974026,0,1.1212443268398269,0,1.1240338445165945,0