msdX(mean),msdX(std),msdY(mean),msdY(std),msdZ(mean),msdZ(std),DmsdX(mean),DmsdX(std),DmsdY(mean),DmsdY(std),DmsdZ(mean),DmsdZ(std)
990.87130075000005,0,993.26444449999997,0,991.12841549999996,0,0.48343046060335021,0,0.48459803764839815,0,0.48355590282972843,0