msdX(mean),msdX(std),msdY(mean),msdY(std),msdZ(mean),msdZ(std),DmsdX(mean),DmsdX(std),DmsdY(mean),DmsdY(std),DmsdZ(mean),DmsdZ(std)
843.14455450000003,0,843.70053474999997,0,845.54150374999995,0,0.98767421456462323,0,0.9883254995119094,0,0.99048204265911755,0