msdX(mean),msdX(std),msdY(mean),msdY(std),msdZ(mean),msdZ(std),DmsdX(mean),DmsdX(std),DmsdY(mean),DmsdY(std),DmsdZ(mean),DmsdZ(std)
889.74592974999996,0,888.76650425000003,0,890.12746900000002,0,0.88210105394910776,0,0.88113004386979521,0,0.88247931493721088,0