msdX(mean),msdX(std),msdY(mean),msdY(std),msdZ(mean),msdZ(std),DmsdX(mean),DmsdX(std),DmsdY(mean),DmsdY(std),DmsdZ(mean),DmsdZ(std)
182.49915799999999,0,182.81369075000001,0,182.38008350000001,0,2.032284610244989,0,2.035787202115813,0,2.0309586135857463,0