msdX(mean),msdX(std),msdY(mean),msdY(std),msdZ(mean),msdZ(std),DmsdX(mean),DmsdX(std),DmsdY(mean),DmsdY(std),DmsdZ(mean),DmsdZ(std)
1002.8406787500001,0,1000.72418325,0,1000.7897175000001,0,0.35046386890755327,0,0.34972421482573041,0,0.34974711715437307,0