msdX(mean),msdX(std),msdY(mean),msdY(std),msdZ(mean),msdZ(std),DmsdX(mean),DmsdX(std),DmsdY(mean),DmsdY(std),DmsdZ(mean),DmsdZ(std)
261.1134055,0,261.50383299999999,0,260.98178150000001,0,1.9161942673679062,0,1.9190594398238749,0,1.9152283378180042,0