msdX(mean),msdX(std),msdY(mean),msdY(std),msdZ(mean),msdZ(std),DmsdX(mean),DmsdX(std),DmsdY(mean),DmsdY(std),DmsdZ(mean),DmsdZ(std)
970.98908474999996,0,972.56230800000003,0,971.37852475,0,0.60843998125365528,0,0.60942579246386508,0,0.60868401166555275,0