msdX(mean),msdX(std),msdY(mean),msdY(std),msdZ(mean),msdZ(std),DmsdX(mean),DmsdX(std),DmsdY(mean),DmsdY(std),DmsdZ(mean),DmsdZ(std)
96.043774999999997,0,96.299186500000005,0,96.109769249999999,0,2.1729360859728506,0,2.1787146266968325,0,2.1744291685520358,0