msdX(mean),msdX(std),msdY(mean),msdY(std),msdZ(mean),msdZ(std),DmsdX(mean),DmsdX(std),DmsdY(mean),DmsdY(std),DmsdZ(mean),DmsdZ(std)
169.3688655,0,169.92791675000001,0,169.41995900000001,0,2.0504705266343826,0,2.05723870157385,0,2.0510890920096854,0