msdX(mean),msdX(std),msdY(mean),msdY(std),msdZ(mean),msdZ(std),DmsdX(mean),DmsdX(std),DmsdY(mean),DmsdY(std),DmsdZ(mean),DmsdZ(std)
734.66073100000006,0,734.62534425000001,0,735.747344,0,1.2014730663977322,0,1.2014151944777585,0,1.2032501264718709,0