msdX(mean),msdX(std),msdY(mean),msdY(std),msdZ(mean),msdZ(std),DmsdX(mean),DmsdX(std),DmsdY(mean),DmsdY(std),DmsdZ(mean),DmsdZ(std)
309.82286225000001,0,310.21777125,0,309.97156749999999,0,1.8456485042692614,0,1.8480010201548847,0,1.8465343576250992,0