msdX(mean),msdX(std),msdY(mean),msdY(std),msdZ(mean),msdZ(std),DmsdX(mean),DmsdX(std),DmsdY(mean),DmsdY(std),DmsdZ(mean),DmsdZ(std)
1003.22993675,0,1005.5895235,0,1002.5725992500001,0,0.24087153343337334,0,0.24143806086434574,0,0.24071370930372149,0