msdX(mean),msdX(std),msdY(mean),msdY(std),msdZ(mean),msdZ(std),DmsdX(mean),DmsdX(std),DmsdY(mean),DmsdY(std),DmsdZ(mean),DmsdZ(std)
151.40834849999999,0,151.99473399999999,0,151.80435875000001,0,2.0759828404936012,0,2.0840228610603289,0,2.0814125971206581,0