msdX(mean),msdX(std),msdY(mean),msdY(std),msdZ(mean),msdZ(std),DmsdX(mean),DmsdX(std),DmsdY(mean),DmsdY(std),DmsdZ(mean),DmsdZ(std)
415.45133075000001,0,414.78711974999999,0,415.63481975000002,0,1.7008105789437775,0,1.69809137452238,0,1.7015617620769652,0