msdX(mean),msdX(std),msdY(mean),msdY(std),msdZ(mean),msdZ(std),DmsdX(mean),DmsdX(std),DmsdY(mean),DmsdY(std),DmsdZ(mean),DmsdZ(std)
763.07539250000002,0,763.57144900000003,0,764.89343774999998,0,1.1480572605315948,0,1.1488035842527584,0,1.150792534227683,0