msdX(mean),msdX(std),msdY(mean),msdY(std),msdZ(mean),msdZ(std),DmsdX(mean),DmsdX(std),DmsdY(mean),DmsdY(std),DmsdZ(mean),DmsdZ(std)
330.99118099999998,0,331.74329775000001,0,331.53978949999998,0,1.813981627694556,0,1.8181035682316404,0,1.8169882508220678,0