msdX(mean),msdX(std),msdY(mean),msdY(std),msdZ(mean),msdZ(std),DmsdX(mean),DmsdX(std),DmsdY(mean),DmsdY(std),DmsdZ(mean),DmsdZ(std)
69.905590875000001,0,70.779732187500002,0,67.083383249999997,0,2.2957501108374387,0,2.3244575431034482,0,2.2030667733990148,0