msdX(mean),msdX(std),msdY(mean),msdY(std),msdZ(mean),msdZ(std),DmsdX(mean),DmsdX(std),DmsdY(mean),DmsdY(std),DmsdZ(mean),DmsdZ(std)
3655.768217625,0,3924.6890039999998,0,3396.6553668749998,0,1.5737949191204958,0,1.6895643394033319,0,1.462247779445951,0