msdX(mean),msdX(std),msdY(mean),msdY(std),msdZ(mean),msdZ(std),DmsdX(mean),DmsdX(std),DmsdY(mean),DmsdY(std),DmsdZ(mean),DmsdZ(std)
96.270669562500004,0,97.700490000000002,0,92.008546874999993,0,2.267860295936396,0,2.3015427561837458,0,2.1674569346289752,0