msdX(mean),msdX(std),msdY(mean),msdY(std),msdZ(mean),msdZ(std),DmsdX(mean),DmsdX(std),DmsdY(mean),DmsdY(std),DmsdZ(mean),DmsdZ(std)
2856.3122570625001,0,3042.3584638124998,0,2662.4483353125001,0,1.6465267370298313,0,1.7537734335278858,0,1.5347735035667964,0