msdX(mean),msdX(std),msdY(mean),msdY(std),msdZ(mean),msdZ(std),DmsdX(mean),DmsdX(std),DmsdY(mean),DmsdY(std),DmsdZ(mean),DmsdZ(std)
269.29337850000002,0,275.37803718750001,0,255.23814543750001,0,2.1474751076555028,0,2.1959971067583735,0,2.0353919093899524,0