msdX(mean),msdX(std),msdY(mean),msdY(std),msdZ(mean),msdZ(std),DmsdX(mean),DmsdX(std),DmsdY(mean),DmsdY(std),DmsdZ(mean),DmsdZ(std)
10449.627245437499,0,11678.216851125,0,9558.3985526249999,0,1.2346770224243659,0,1.3798411819204937,0,1.1293737840508304,0