msdX(mean),msdX(std),msdY(mean),msdY(std),msdZ(mean),msdZ(std),DmsdX(mean),DmsdX(std),DmsdY(mean),DmsdY(std),DmsdZ(mean),DmsdZ(std)
821.58277162499996,0,853.81715418750002,0,771.84098212499998,0,1.9554510808639771,0,2.032172210371296,0,1.8370605310603356,0