msdX(mean),msdX(std),msdY(mean),msdY(std),msdZ(mean),msdZ(std),DmsdX(mean),DmsdX(std),DmsdY(mean),DmsdY(std),DmsdZ(mean),DmsdZ(std)
2754.6771262500001,0,2931.1447685624998,0,2571.3249086249998,0,1.6555047484900387,0,1.7615582010051383,0,1.5453138066798882,0