msdX(mean),msdX(std),msdY(mean),msdY(std),msdZ(mean),msdZ(std),DmsdX(mean),DmsdX(std),DmsdY(mean),DmsdY(std),DmsdZ(mean),DmsdZ(std)
174.87644399999999,0,177.9595666875,0,166.1577688125,0,2.2038619281663516,0,2.2427166564272212,0,2.0939857443289225,0