msdX(mean),msdX(std),msdY(mean),msdY(std),msdZ(mean),msdZ(std),DmsdX(mean),DmsdX(std),DmsdY(mean),DmsdY(std),DmsdZ(mean),DmsdZ(std)
5157.2895350625004,0,5607.1419772500003,0,4763.3381178749996,0,1.4630608610106384,0,1.590678575106383,0,1.3513015937234041,0