msdX(mean),msdX(std),msdY(mean),msdY(std),msdZ(mean),msdZ(std),DmsdX(mean),DmsdX(std),DmsdY(mean),DmsdY(std),DmsdZ(mean),DmsdZ(std)
353.60733318749999,0,362.98022062500002,0,334.14560606250001,0,2.1066865247989277,0,2.1625273793565687,0,1.9907393867292227,0