msdX(mean),msdX(std),msdY(mean),msdY(std),msdZ(mean),msdZ(std),DmsdX(mean),DmsdX(std),DmsdY(mean),DmsdY(std),DmsdZ(mean),DmsdZ(std)
10797.527732625,0,12089.7236469375,0,9881.4455223749992,0,1.2236684156240438,0,1.3701111353185667,0,1.1198501254972291,0