msdX(mean),msdX(std),msdY(mean),msdY(std),msdZ(mean),msdZ(std),DmsdX(mean),DmsdX(std),DmsdY(mean),DmsdY(std),DmsdZ(mean),DmsdZ(std)
4058.8437644999999,0,4369.6899095625004,0,3762.3660620625001,0,1.5418209931623932,0,1.6599012002136753,0,1.429198883974359,0