msdX(mean),msdX(std),msdY(mean),msdY(std),msdZ(mean),msdZ(std),DmsdX(mean),DmsdX(std),DmsdY(mean),DmsdY(std),DmsdZ(mean),DmsdZ(std)
3784.5598033125002,0,4067.819434125,0,3514.9680511874999,0,1.5627376084701148,0,1.6797024606689377,0,1.4514165587643233,0