msdX(mean),msdX(std),msdY(mean),msdY(std),msdZ(mean),msdZ(std),DmsdX(mean),DmsdX(std),DmsdY(mean),DmsdY(std),DmsdZ(mean),DmsdZ(std)
46.754215875,0,47.245506187499998,0,45.094565250000002,0,2.3260803917910451,0,2.3505226958955228,0,2.2435107089552244,0