msdX(mean),msdX(std),msdY(mean),msdY(std),msdZ(mean),msdZ(std),DmsdX(mean),DmsdX(std),DmsdY(mean),DmsdY(std),DmsdZ(mean),DmsdZ(std)
2388.4825995000001,0,2536.0403529374998,0,2231.2031383125,0,1.6961245558159352,0,1.8009092124254367,0,1.5844362578557734,0