msdX(mean),msdX(std),msdY(mean),msdY(std),msdZ(mean),msdZ(std),DmsdX(mean),DmsdX(std),DmsdY(mean),DmsdY(std),DmsdZ(mean),DmsdZ(std)
64.505249437499998,0,65.353822875000006,0,62.079535125,0,2.2996523863636362,0,2.3299045588235296,0,2.2131741577540107,0