msdX(mean),msdX(std),msdY(mean),msdY(std),msdZ(mean),msdZ(std),DmsdX(mean),DmsdX(std),DmsdY(mean),DmsdY(std),DmsdZ(mean),DmsdZ(std)
5332.6047802499997,0,5812.0010943750003,0,4923.5106914999997,0,1.450989695726705,0,1.5814323481694625,0,1.3396761197502141,0