msdX(mean),msdX(std),msdY(mean),msdY(std),msdZ(mean),msdZ(std),DmsdX(mean),DmsdX(std),DmsdY(mean),DmsdY(std),DmsdZ(mean),DmsdZ(std)
5523.4855575000001,0,6019.8235020000002,0,5095.6533213749999,0,1.4415046799765121,0,1.5710376465061657,0,1.3298501523781561,0