msdX(mean),msdX(std),msdY(mean),msdY(std),msdZ(mean),msdZ(std),DmsdX(mean),DmsdX(std),DmsdY(mean),DmsdY(std),DmsdZ(mean),DmsdZ(std)
138.09150675000001,0,140.22553275000001,0,131.41533431249999,0,2.2344904004854369,0,2.2690215655339809,0,2.1264617202669904,0