msdX(mean),msdX(std),msdY(mean),msdY(std),msdZ(mean),msdZ(std),DmsdX(mean),DmsdX(std),DmsdY(mean),DmsdY(std),DmsdZ(mean),DmsdZ(std)
11904.347705624999,0,13409.6857065,0,10887.785374499999,0,1.190428818418408,0,1.340961865840671,0,1.0887730935845321,0