msdX(mean),msdX(std),msdY(mean),msdY(std),msdZ(mean),msdZ(std),DmsdX(mean),DmsdX(std),DmsdY(mean),DmsdY(std),DmsdZ(mean),DmsdZ(std)
9784.5237213750006,0,10904.230000687499,0,8944.9557575625004,0,1.2566736305796908,0,1.400482915045177,0,1.1488438627497257,0