msdX(mean),msdX(std),msdY(mean),msdY(std),msdZ(mean),msdZ(std),DmsdX(mean),DmsdX(std),DmsdY(mean),DmsdY(std),DmsdZ(mean),DmsdZ(std)
196.98889668749999,0,200.54658431249999,0,186.8291409375,0,2.1924195513355591,0,2.2320154069282139,0,2.0793449186143573,0