msdX(mean),msdX(std),msdY(mean),msdY(std),msdZ(mean),msdZ(std),DmsdX(mean),DmsdX(std),DmsdY(mean),DmsdY(std),DmsdZ(mean),DmsdZ(std)
2070.5844959999999,0,2192.5956532499999,0,1932.6569720625,0,1.737213269569595,0,1.8395802107978858,0,1.6214925514409768,0