msdX(mean),msdX(std),msdY(mean),msdY(std),msdZ(mean),msdZ(std),DmsdX(mean),DmsdX(std),DmsdY(mean),DmsdY(std),DmsdZ(mean),DmsdZ(std)
1728.3946685625001,0,1824.1921468124999,0,1614.4269648750001,0,1.7864544377906977,0,1.8854699191860465,0,1.6686583616279071,0