msdX(mean),msdX(std),msdY(mean),msdY(std),msdZ(mean),msdZ(std),DmsdX(mean),DmsdX(std),DmsdY(mean),DmsdY(std),DmsdZ(mean),DmsdZ(std)
1029.8409463124999,0,1074.1187688749999,0,965.09663043750004,0,1.9087034497497914,0,1.9907678044203503,0,1.7887065711009176,0