msdX(mean),msdX(std),msdY(mean),msdY(std),msdZ(mean),msdZ(std),DmsdX(mean),DmsdX(std),DmsdY(mean),DmsdY(std),DmsdZ(mean),DmsdZ(std)
1668.0194696250001,0,1757.863369125,0,1557.733631625,0,1.7973379339744626,0,1.8941472648294813,0,1.6785018389364799,0