msdX(mean),msdX(std),msdY(mean),msdY(std),msdZ(mean),msdZ(std),DmsdX(mean),DmsdX(std),DmsdY(mean),DmsdY(std),DmsdZ(mean),DmsdZ(std)
7757.7632707499997,0,8560.2336654374994,0,7112.9931255000001,0,1.3341869209833868,0,1.4721964822064286,0,1.2232987867609124,0