msdX(mean),msdX(std),msdY(mean),msdY(std),msdZ(mean),msdZ(std),DmsdX(mean),DmsdX(std),DmsdY(mean),DmsdY(std),DmsdZ(mean),DmsdZ(std)
59.523143625000003,0,60.239157187499998,0,57.263983875000001,0,2.3070985901162793,0,2.3348510537790697,0,2.2195342587209304,0