msdX(mean),msdX(std),msdY(mean),msdY(std),msdZ(mean),msdZ(std),DmsdX(mean),DmsdX(std),DmsdY(mean),DmsdY(std),DmsdZ(mean),DmsdZ(std)
117.4946090625,0,119.18743537500001,0,111.90899643749999,0,2.2508545797413797,0,2.283284202586207,0,2.1438505064655171,0