msdX(mean),msdX(std),msdY(mean),msdY(std),msdZ(mean),msdZ(std),DmsdX(mean),DmsdX(std),DmsdY(mean),DmsdY(std),DmsdZ(mean),DmsdZ(std)
340.43247112500001,0,349.27019100000001,0,321.40806356249999,0,2.1131748673184361,0,2.1680334636871508,0,1.9950841934357542,0