msdX(mean),msdX(std),msdY(mean),msdY(std),msdZ(mean),msdZ(std),DmsdX(mean),DmsdX(std),DmsdY(mean),DmsdY(std),DmsdZ(mean),DmsdZ(std)
72.588518437499999,0,73.481369062499994,0,69.591345750000002,0,2.2934760959715641,0,2.3216862263033176,0,2.1987786966824645,0