msdX(mean),msdX(std),msdY(mean),msdY(std),msdZ(mean),msdZ(std),DmsdX(mean),DmsdX(std),DmsdY(mean),DmsdY(std),DmsdZ(mean),DmsdZ(std)
3407.5628330625,0,3648.6515728125,0,3172.5602015625,0,1.5945171301853023,0,1.7073309341440306,0,1.4845512278900823,0