msdX(mean),msdX(std),msdY(mean),msdY(std),msdZ(mean),msdZ(std),DmsdX(mean),DmsdX(std),DmsdY(mean),DmsdY(std),DmsdZ(mean),DmsdZ(std)
2959.5537286875001,0,3155.6048624999999,0,2757.0267601874998,0,1.6364235042921125,0,1.7448258895247573,0,1.5244404413411297,0