msdX(mean),msdX(std),msdY(mean),msdY(std),msdZ(mean),msdZ(std),DmsdX(mean),DmsdX(std),DmsdY(mean),DmsdY(std),DmsdZ(mean),DmsdZ(std)
520.20905231250003,0,537.12764043749996,0,489.41554556249997,0,2.0424383679328626,0,2.1088639200530035,0,1.9215372813604239,0