msdX(mean),msdX(std),msdY(mean),msdY(std),msdZ(mean),msdZ(std),DmsdX(mean),DmsdX(std),DmsdY(mean),DmsdY(std),DmsdZ(mean),DmsdZ(std)
367.58414362500002,0,377.674007625,0,347.47587337499999,0,2.0998808547557846,0,2.1575207519280206,0,1.9850092737789204,0