msdX(mean),msdX(std),msdY(mean),msdY(std),msdZ(mean),msdZ(std),DmsdX(mean),DmsdX(std),DmsdY(mean),DmsdY(std),DmsdZ(mean),DmsdZ(std)
248.93673018749999,0,254.28386474999999,0,235.92927374999999,0,2.1580990913524056,0,2.2044548309492846,0,2.0453339726918074,0