msdX(mean),msdX(std),msdY(mean),msdY(std),msdZ(mean),msdZ(std),DmsdX(mean),DmsdX(std),DmsdY(mean),DmsdY(std),DmsdZ(mean),DmsdZ(std)
104.48514,0,105.93473400000001,0,99.680504624999998,0,2.2615831168831173,0,2.2929596103896106,0,2.1575866801948052,0