msdX(mean),msdX(std),msdY(mean),msdY(std),msdZ(mean),msdZ(std),DmsdX(mean),DmsdX(std),DmsdY(mean),DmsdY(std),DmsdZ(mean),DmsdZ(std)
540.93718575000003,0,558.8254985625,0,508.53576600000002,0,2.0362777555053646,0,2.1036156542913611,0,1.9143074195369849,0