msdX(mean),msdX(std),msdY(mean),msdY(std),msdZ(mean),msdZ(std),DmsdX(mean),DmsdX(std),DmsdY(mean),DmsdY(std),DmsdZ(mean),DmsdZ(std)
189.48292481249999,0,192.72902343749999,0,179.78480268749999,0,2.1969034760869564,0,2.2345394021739131,0,2.0844614804347823,0