msdX(mean),msdX(std),msdY(mean),msdY(std),msdZ(mean),msdZ(std),DmsdX(mean),DmsdX(std),DmsdY(mean),DmsdY(std),DmsdZ(mean),DmsdZ(std)
3918.2201595000001,0,4216.7766588750001,0,3637.4736712499998,0,1.5518010889324543,0,1.6700436281411515,0,1.4406121591516663,0