msdX(mean),msdX(std),msdY(mean),msdY(std),msdZ(mean),msdZ(std),DmsdX(mean),DmsdX(std),DmsdY(mean),DmsdY(std),DmsdZ(mean),DmsdZ(std)
1388.1547406249999,0,1456.468993125,0,1297.5479341875,0,1.8427648222819595,0,1.9334514710274793,0,1.7224849783452809,0