msdX(mean),msdX(std),msdY(mean),msdY(std),msdZ(mean),msdZ(std),DmsdX(mean),DmsdX(std),DmsdY(mean),DmsdY(std),DmsdZ(mean),DmsdZ(std)
2655.8313541875,0,2827.4693771249999,0,2481.5892999375001,0,1.6642111440219947,0,1.7717638732493657,0,1.5550266628677509,0