msdX(mean),msdX(std),msdY(mean),msdY(std),msdZ(mean),msdZ(std),DmsdX(mean),DmsdX(std),DmsdY(mean),DmsdY(std),DmsdZ(mean),DmsdZ(std)
48.830265562500003,0,49.307867437500001,0,47.027900250000002,0,2.3252507410714287,0,2.3479936874999998,0,2.2394238214285713,0