msdX(mean),msdX(std),msdY(mean),msdY(std),msdZ(mean),msdZ(std),DmsdX(mean),DmsdX(std),DmsdY(mean),DmsdY(std),DmsdZ(mean),DmsdZ(std)
2474.9075621249999,0,2630.7878653124999,0,2312.2347378750001,0,1.6856746779219451,0,1.791845705838782,0,1.5748772223641194,0