msdX(mean),msdX(std),msdY(mean),msdY(std),msdZ(mean),msdZ(std),DmsdX(mean),DmsdX(std),DmsdY(mean),DmsdY(std),DmsdZ(mean),DmsdZ(std)
413.55077343750003,0,424.62755099999998,0,389.14605562499997,0,2.0854804510211804,0,2.1413391376701969,0,1.9624107696671711,0