msdX(mean),msdX(std),msdY(mean),msdY(std),msdZ(mean),msdZ(std),DmsdX(mean),DmsdX(std),DmsdY(mean),DmsdY(std),DmsdZ(mean),DmsdZ(std)
6769.8133762500001,0,7442.6923856249996,0,6232.2321138750003,0,1.3756428058705195,0,1.512373483220556,0,1.2664049650237748,0