msdX(mean),msdX(std),msdY(mean),msdY(std),msdZ(mean),msdZ(std),DmsdX(mean),DmsdX(std),DmsdY(mean),DmsdY(std),DmsdZ(mean),DmsdZ(std)
8564.8967685000007,0,9501.6304006874998,0,7850.1265801874997,0,1.2997498757141883,0,1.4419021345120757,0,1.1912812638285037,0