msdX(mean),msdX(std),msdY(mean),msdY(std),msdZ(mean),msdZ(std),DmsdX(mean),DmsdX(std),DmsdY(mean),DmsdY(std),DmsdZ(mean),DmsdZ(std)
100.2425535,0,101.62186199999999,0,95.709215812500005,0,2.2653684406779662,0,2.2965392542372878,0,2.1629201313559325,0