msdX(mean),msdX(std),msdY(mean),msdY(std),msdZ(mean),msdZ(std),DmsdX(mean),DmsdX(std),DmsdY(mean),DmsdY(std),DmsdZ(mean),DmsdZ(std)
482.18748468749999,0,496.4750791875,0,453.41792043750002,0,2.0579918253841232,0,2.1189717421574907,0,1.9352023919654291,0