msdX(mean),msdX(std),msdY(mean),msdY(std),msdZ(mean),msdZ(std),DmsdX(mean),DmsdX(std),DmsdY(mean),DmsdY(std),DmsdZ(mean),DmsdZ(std)
61.834453312500003,0,62.617197937500002,0,59.568115499999998,0,2.3029591550279331,0,2.3321116550279331,0,2.2185517877094973,0