msdX(mean),msdX(std),msdY(mean),msdY(std),msdZ(mean),msdZ(std),DmsdX(mean),DmsdX(std),DmsdY(mean),DmsdY(std),DmsdZ(mean),DmsdZ(std)
4987.4833636875001,0,5412.8960971875003,0,4606.0235910000001,0,1.4751503589729371,0,1.6009748882542147,0,1.3623258181011535,0