msdX(mean),msdX(std),msdY(mean),msdY(std),msdZ(mean),msdZ(std),DmsdX(mean),DmsdX(std),DmsdY(mean),DmsdY(std),DmsdZ(mean),DmsdZ(std)
2145.1492552499999,0,2275.6909775624999,0,2002.1467359374999,0,1.7263393330516659,0,1.831394638308788,0,1.611256024414534,0