msdX(mean),msdX(std),msdY(mean),msdY(std),msdZ(mean),msdZ(std),DmsdX(mean),DmsdX(std),DmsdY(mean),DmsdY(std),DmsdZ(mean),DmsdZ(std)
92.363386500000004,0,93.693026812499994,0,88.323339375000003,0,2.2721620295202953,0,2.304871508302583,0,2.1727758763837639,0