msdX(mean),msdX(std),msdY(mean),msdY(std),msdZ(mean),msdZ(std),DmsdX(mean),DmsdX(std),DmsdY(mean),DmsdY(std),DmsdZ(mean),DmsdZ(std)
791.23393912500001,0,821.49210506249995,0,743.30541000000005,0,1.9631160876442129,0,2.0381890709899513,0,1.844201488649051,0