msdX(mean),msdX(std),msdY(mean),msdY(std),msdZ(mean),msdZ(std),DmsdX(mean),DmsdX(std),DmsdY(mean),DmsdY(std),DmsdZ(mean),DmsdZ(std)
161.35527149999999,0,164.15954831249999,0,153.4522494375,0,2.2133782098765433,0,2.2518456558641975,0,2.1049691280864202,0