msdX(mean),msdX(std),msdY(mean),msdY(std),msdZ(mean),msdZ(std),DmsdX(mean),DmsdX(std),DmsdY(mean),DmsdY(std),DmsdZ(mean),DmsdZ(std)
886.11171581250005,0,921.66540918750002,0,831.70766868750002,0,1.9400365972906406,0,2.0178771958128081,0,1.8209253830049261,0