msdX(mean),msdX(std),msdY(mean),msdY(std),msdZ(mean),msdZ(std),DmsdX(mean),DmsdX(std),DmsdY(mean),DmsdY(std),DmsdZ(mean),DmsdZ(std)
1288.6593575625,0,1349.5235574374999,0,1204.8436811250001,0,1.8595373124999999,0,1.9473644407467532,0,1.7385911704545456,0