msdX(mean),msdX(std),msdY(mean),msdY(std),msdZ(mean),msdZ(std),DmsdX(mean),DmsdX(std),DmsdY(mean),DmsdY(std),DmsdZ(mean),DmsdZ(std)
7002.663552,0,7713.3110113125003,0,6443.1674173125002,0,1.3648420897529601,0,1.5033496099619938,0,1.2557944583759684,0