msdX(mean),msdX(std),msdY(mean),msdY(std),msdZ(mean),msdZ(std),DmsdX(mean),DmsdX(std),DmsdY(mean),DmsdY(std),DmsdZ(mean),DmsdZ(std)
3528.9370479375002,0,3784.0726316250002,0,3281.9968046250001,0,1.5839390686225008,0,1.6984549166834986,0,1.4731016425974552,0