msdX(mean),msdX(std),msdY(mean),msdY(std),msdZ(mean),msdZ(std),DmsdX(mean),DmsdX(std),DmsdY(mean),DmsdY(std),DmsdZ(mean),DmsdZ(std)
154.99985456249999,0,157.65321093750001,0,147.49832362500001,0,2.2174514243562231,0,2.2554107430257515,0,2.1101333851931336,0