msdX(mean),msdX(std),msdY(mean),msdY(std),msdZ(mean),msdZ(std),DmsdX(mean),DmsdX(std),DmsdY(mean),DmsdY(std),DmsdZ(mean),DmsdZ(std)
2223.1459608750001,0,2359.0723038750002,0,2075.5449556875001,0,1.7159862304619662,0,1.8209040977770061,0,1.6020570072073639,0