msdX(mean),msdX(std),msdY(mean),msdY(std),msdZ(mean),msdZ(std),DmsdX(mean),DmsdX(std),DmsdY(mean),DmsdY(std),DmsdZ(mean),DmsdZ(std)
4350.4706058749998,0,4693.5054568124997,0,4029.2937697500001,0,1.5203196190438748,0,1.6401969061566284,0,1.4080808546941346,0