msdX(mean),msdX(std),msdY(mean),msdY(std),msdZ(mean),msdZ(std),DmsdX(mean),DmsdX(std),DmsdY(mean),DmsdY(std),DmsdZ(mean),DmsdZ(std)
1197.5032636875001,0,1253.0645825624999,0,1118.5182005624999,0,1.8779946109738888,0,1.9651291187367679,0,1.7541256183839096,0