msdX(mean),msdX(std),msdY(mean),msdY(std),msdZ(mean),msdZ(std),DmsdX(mean),DmsdX(std),DmsdY(mean),DmsdY(std),DmsdZ(mean),DmsdZ(std)
148.9783314375,0,151.46791143749999,0,141.83763243749999,0,2.221899052013423,0,2.2590292533557048,0,2.1154009312080535,0