msdX(mean),msdX(std),msdY(mean),msdY(std),msdZ(mean),msdZ(std),DmsdX(mean),DmsdX(std),DmsdY(mean),DmsdY(std),DmsdZ(mean),DmsdZ(std)
397.83665137499997,0,408.539286,0,374.62544381250001,0,2.0916753489747633,0,2.1479457728706626,0,1.9696395573738172,0