msdX(mean),msdX(std),msdY(mean),msdY(std),msdZ(mean),msdZ(std),DmsdX(mean),DmsdX(std),DmsdY(mean),DmsdY(std),DmsdZ(mean),DmsdZ(std)
2304.3747841875002,0,2446.7401760624998,0,2150.5108156874999,0,1.7059965087451416,0,1.8113938005274846,0,1.5920864820932814,0