msdX(mean),msdX(std),msdY(mean),msdY(std),msdZ(mean),msdZ(std),DmsdX(mean),DmsdX(std),DmsdY(mean),DmsdY(std),DmsdZ(mean),DmsdZ(std)
140.73765075,0,149.86934650000001,0,131.33360325000001,0,1.1702132822893569,0,1.2461420163525498,0,1.0920199826773838,0