msdX(mean),msdX(std),msdY(mean),msdY(std),msdZ(mean),msdZ(std),DmsdX(mean),DmsdX(std),DmsdY(mean),DmsdY(std),DmsdZ(mean),DmsdZ(std)
71.731350250000006,0,75.101375250000004,0,67.338461249999995,0,1.3741637978927206,0,1.4387236637931036,0,1.2900088362068967,0