msdX(mean),msdX(std),msdY(mean),msdY(std),msdZ(mean),msdZ(std),DmsdX(mean),DmsdX(std),DmsdY(mean),DmsdY(std),DmsdZ(mean),DmsdZ(std)
876.55525550000004,0,989.08035274999997,0,828.27341475000003,0,0.64897970545409678,0,0.73229048821569587,0,0.61323303165103649,0