msdX(mean),msdX(std),msdY(mean),msdY(std),msdZ(mean),msdZ(std),DmsdX(mean),DmsdX(std),DmsdY(mean),DmsdY(std),DmsdZ(mean),DmsdZ(std)
228.62201250000001,0,247.61620074999999,0,214.23053725,0,1.0173035264016614,0,1.101822311257787,0,0.95326551727973896,0