msdX(mean),msdX(std),msdY(mean),msdY(std),msdZ(mean),msdZ(std),DmsdX(mean),DmsdX(std),DmsdY(mean),DmsdY(std),DmsdZ(mean),DmsdZ(std)
1307.3941012499999,0,1497.6557835000001,0,1244.0816022500001,0,0.56283648132336472,0,0.64474461879000089,0,0.53558028969233418,0