msdX(mean),msdX(std),msdY(mean),msdY(std),msdZ(mean),msdZ(std),DmsdX(mean),DmsdX(std),DmsdY(mean),DmsdY(std),DmsdZ(mean),DmsdZ(std)
2780.2388344999999,0,3255.3540505000001,0,2663.2024127499999,0,0.43987872749375045,0,0.51504963512715307,0,0.42136167362378307,0