msdX(mean),msdX(std),msdY(mean),msdY(std),msdZ(mean),msdZ(std),DmsdX(mean),DmsdX(std),DmsdY(mean),DmsdY(std),DmsdZ(mean),DmsdZ(std)
58.51899375,0,60.852148249999999,0,54.805104999999998,0,1.438991649590164,0,1.4963643012295083,0,1.3476665163934427,0