msdX(mean),msdX(std),msdY(mean),msdY(std),msdZ(mean),msdZ(std),DmsdX(mean),DmsdX(std),DmsdY(mean),DmsdY(std),DmsdZ(mean),DmsdZ(std)
2223.7204162500002,0,2588.6617867499999,0,2126.8578217499999,0,0.4711138985304088,0,0.54842980143569386,0,0.45059274210121181,0