msdX(mean),msdX(std),msdY(mean),msdY(std),msdZ(mean),msdZ(std),DmsdX(mean),DmsdX(std),DmsdY(mean),DmsdY(std),DmsdZ(mean),DmsdZ(std)
3055.5923469999998,0,3594.4239897500001,0,2940.8106524999998,0,0.42658394331000332,0,0.50180894090177208,0,0.41055954532128364,0