msdX(mean),msdX(std),msdY(mean),msdY(std),msdZ(mean),msdZ(std),DmsdX(mean),DmsdX(std),DmsdY(mean),DmsdY(std),DmsdZ(mean),DmsdZ(std)
1786.6727530000001,0,2065.09540075,0,1702.3749962500001,0,0.50685751858156025,0,0.58584266687943265,0,0.48294326134751775,0