msdX(mean),msdX(std),msdY(mean),msdY(std),msdZ(mean),msdZ(std),DmsdX(mean),DmsdX(std),DmsdY(mean),DmsdY(std),DmsdZ(mean),DmsdZ(std)
2526.5582292499998,0,2947.9169567499998,0,2419.874519,0,0.45302636318674089,0,0.52857839666312034,0,0.43389736283111791,0