msdX(mean),msdX(std),msdY(mean),msdY(std),msdZ(mean),msdZ(std),DmsdX(mean),DmsdX(std),DmsdY(mean),DmsdY(std),DmsdZ(mean),DmsdZ(std)
487.68366500000002,0,539.98559250000005,0,458.86575775,0,0.79756377834714343,0,0.88309898468163983,0,0.75043462344635847,0