msdX(mean),msdX(std),msdY(mean),msdY(std),msdZ(mean),msdZ(std),DmsdX(mean),DmsdX(std),DmsdY(mean),DmsdY(std),DmsdZ(mean),DmsdZ(std)
568.98231699999997,0,633.40443300000004,0,536.02173449999998,0,0.7553531069121161,0,0.84087675856270472,0,0.7115962490043366,0