msdX(mean),msdX(std),msdY(mean),msdY(std),msdZ(mean),msdZ(std),DmsdX(mean),DmsdX(std),DmsdY(mean),DmsdY(std),DmsdZ(mean),DmsdZ(std)
194.69697074999999,0,209.55823699999999,0,182.15915874999999,0,1.0670276073255389,0,1.1484740792838875,0,0.99831471729996335,0