msdX(mean),msdX(std),msdY(mean),msdY(std),msdZ(mean),msdZ(std),DmsdX(mean),DmsdX(std),DmsdY(mean),DmsdY(std),DmsdZ(mean),DmsdZ(std)
367.83299649999998,0,404.70111650000001,0,345.90835399999997,0,0.87551490756902572,0,0.96326828744842907,0,0.82332994446207552,0