msdX(mean),msdX(std),msdY(mean),msdY(std),msdZ(mean),msdZ(std),DmsdX(mean),DmsdX(std),DmsdY(mean),DmsdY(std),DmsdZ(mean),DmsdZ(std)
605.47660225000004,0,675.41131625000003,0,570.29681525000001,0,0.73946824896189556,0,0.82487947758915492,0,0.69650319400341965,0