msdX(mean),msdX(std),msdY(mean),msdY(std),msdZ(mean),msdZ(std),DmsdX(mean),DmsdX(std),DmsdY(mean),DmsdY(std),DmsdZ(mean),DmsdZ(std)
644.17028374999995,0,718.91288899999995,0,606.69253724999999,0,0.72373262349262224,0,0.80770678863006518,0,0.68162595002247028,0