msdX(mean),msdX(std),msdY(mean),msdY(std),msdZ(mean),msdZ(std),DmsdX(mean),DmsdX(std),DmsdY(mean),DmsdY(std),DmsdZ(mean),DmsdZ(std)
664.20895225000004,0,741.81849024999997,0,625.82934324999997,0,0.71579382741217046,0,0.79943080348803797,0,0.67443351884115244,0