msdX(mean),msdX(std),msdY(mean),msdY(std),msdZ(mean),msdZ(std),DmsdX(mean),DmsdX(std),DmsdY(mean),DmsdY(std),DmsdZ(mean),DmsdZ(std)
391.15473650000001,0,431.38694400000003,0,368.24984425000002,0,0.85654321861313865,0,0.94464294306569341,0,0.80638652025547453,0