msdX(mean),msdX(std),msdY(mean),msdY(std),msdZ(mean),msdZ(std),DmsdX(mean),DmsdX(std),DmsdY(mean),DmsdY(std),DmsdZ(mean),DmsdZ(std)
1843.42089375,0,2134.3011114999999,0,1757.0474252500001,0,0.50159292916810272,0,0.58074113723765119,0,0.47809079722731151,0