msdX(mean),msdX(std),msdY(mean),msdY(std),msdZ(mean),msdZ(std),DmsdX(mean),DmsdX(std),DmsdY(mean),DmsdY(std),DmsdZ(mean),DmsdZ(std)
82.348889249999999,0,86.413834499999993,0,77.101781750000001,0,1.3339452902267819,0,1.3997921355291576,0,1.2489489484341252,0