msdX(mean),msdX(std),msdY(mean),msdY(std),msdZ(mean),msdZ(std),DmsdX(mean),DmsdX(std),DmsdY(mean),DmsdY(std),DmsdZ(mean),DmsdZ(std)
823.83379049999996,0,927.88239950000002,0,778.42135199999996,0,0.66302751676682048,0,0.74676660545659412,0,0.62647925099259572,0