msdX(mean),msdX(std),msdY(mean),msdY(std),msdZ(mean),msdZ(std),DmsdX(mean),DmsdX(std),DmsdY(mean),DmsdY(std),DmsdZ(mean),DmsdZ(std)
41.29705225,0,42.702092999999998,0,38.901832499999998,0,1.5409347854477611,0,1.5933616791044776,0,1.4515609141791044,0