msdX(mean),msdX(std),msdY(mean),msdY(std),msdZ(mean),msdZ(std),DmsdX(mean),DmsdX(std),DmsdY(mean),DmsdY(std),DmsdZ(mean),DmsdZ(std)
286.01106775,0,312.12187775000001,0,268.70574525000001,0,0.95041338419361987,0,1.0371794785666815,0,0.89290788186752323,0