msdX(mean),msdX(std),msdY(mean),msdY(std),msdZ(mean),msdZ(std),DmsdX(mean),DmsdX(std),DmsdY(mean),DmsdY(std),DmsdZ(mean),DmsdZ(std)
44.240116999999998,0,45.816012999999998,0,41.680666250000002,0,1.518539485125858,0,1.5726320251716246,0,1.4306864845537759,0