msdX(mean),msdX(std),msdY(mean),msdY(std),msdZ(mean),msdZ(std),DmsdX(mean),DmsdX(std),DmsdY(mean),DmsdY(std),DmsdZ(mean),DmsdZ(std)
69.32575525,0,72.500745249999994,0,65.102156750000006,0,1.3846688798268976,0,1.4480841261651132,0,1.3003093891478033,0