msdX(mean),msdX(std),msdY(mean),msdY(std),msdZ(mean),msdZ(std),DmsdX(mean),DmsdX(std),DmsdY(mean),DmsdY(std),DmsdZ(mean),DmsdZ(std)
2610.3448132499998,0,3046.2496025,0,2499.0293932499999,0,0.44892938693117318,0,0.52389667431981557,0,0.4297852635176968,0