msdX(mean),msdX(std),msdY(mean),msdY(std),msdZ(mean),msdZ(std),DmsdX(mean),DmsdX(std),DmsdY(mean),DmsdY(std),DmsdZ(mean),DmsdZ(std)
751.22301574999995,0,843.51805624999997,0,708.80703849999998,0,0.68517239670740593,0,0.76935247742612178,0,0.64648580673111999,0