msdX(mean),msdX(std),msdY(mean),msdY(std),msdZ(mean),msdZ(std),DmsdX(mean),DmsdX(std),DmsdY(mean),DmsdY(std),DmsdZ(mean),DmsdZ(std)
76.920454750000005,0,80.639916249999999,0,72.147628249999997,0,1.354233358274648,0,1.419716835387324,0,1.2702047227112676,0