msdX(mean),msdX(std),msdY(mean),msdY(std),msdZ(mean),msdZ(std),DmsdX(mean),DmsdX(std),DmsdY(mean),DmsdY(std),DmsdZ(mean),DmsdZ(std)
472.32447975000002,0,523.09336574999998,0,444.65992375000002,0,0.80528156356558311,0,0.89183910959877244,0,0.75811535078995229,0