msdX(mean),msdX(std),msdY(mean),msdY(std),msdZ(mean),msdZ(std),DmsdX(mean),DmsdX(std),DmsdY(mean),DmsdY(std),DmsdZ(mean),DmsdZ(std)
429.99015974999998,0,475.42164025,0,404.76857825000002,0,0.83084534281205724,0,0.91862998888960457,0,0.78211112633646795,0