msdX(mean),msdX(std),msdY(mean),msdY(std),msdZ(mean),msdZ(std),DmsdX(mean),DmsdX(std),DmsdY(mean),DmsdY(std),DmsdZ(mean),DmsdZ(std)
39.874453250000002,0,41.237992749999997,0,37.59101725,0,1.5495253853626942,0,1.6025126716321241,0,1.460790825777202,0