msdX(mean),msdX(std),msdY(mean),msdY(std),msdZ(mean),msdZ(std),DmsdX(mean),DmsdX(std),DmsdY(mean),DmsdY(std),DmsdZ(mean),DmsdZ(std)
3955.4328260000002,0,4692.6910955000003,0,3833.0278134999999,0,0.39554328260000005,0,0.46926910955000001,0,0.38330278135000001,0