msdX(mean),msdX(std),msdY(mean),msdY(std),msdZ(mean),msdZ(std),DmsdX(mean),DmsdX(std),DmsdY(mean),DmsdY(std),DmsdZ(mean),DmsdZ(std)
304.56879750000002,0,333.49021199999999,0,286.27644299999997,0,0.93102342826574291,0,1.0194320725494193,0,0.87510630629712649,0