msdX(mean),msdX(std),msdY(mean),msdY(std),msdZ(mean),msdZ(std),DmsdX(mean),DmsdX(std),DmsdY(mean),DmsdY(std),DmsdZ(mean),DmsdZ(std)
50.854608249999998,0,52.82771975,0,47.805467999999998,0,1.4783316351744187,0,1.5356895276162792,0,1.3896938372093024,0