msdX(mean),msdX(std),msdY(mean),msdY(std),msdZ(mean),msdZ(std),DmsdX(mean),DmsdX(std),DmsdY(mean),DmsdY(std),DmsdZ(mean),DmsdZ(std)
62.677644000000001,0,65.267048500000001,0,58.708824999999997,0,1.4180462443438913,0,1.4766300565610859,0,1.3282539592760179,0