msdX(mean),msdX(std),msdY(mean),msdY(std),msdZ(mean),msdZ(std),DmsdX(mean),DmsdX(std),DmsdY(mean),DmsdY(std),DmsdZ(mean),DmsdZ(std)
94.243917999999994,0,99.337577249999995,0,88.199655500000006,0,1.2921926599634368,0,1.3620325948354661,0,1.2093188596892139,0