msdX(mean),msdX(std),msdY(mean),msdY(std),msdZ(mean),msdZ(std),DmsdX(mean),DmsdX(std),DmsdY(mean),DmsdY(std),DmsdZ(mean),DmsdZ(std)
379.42352525000001,0,417.63835074999997,0,356.86486450000001,0,0.8662637562785388,0,0.9535122163242008,0,0.81475996461187217,0