msdX(mean),msdX(std),msdY(mean),msdY(std),msdZ(mean),msdZ(std),DmsdX(mean),DmsdX(std),DmsdY(mean),DmsdY(std),DmsdZ(mean),DmsdZ(std)
775.04712274999997,0,870.62384399999996,0,730.90241800000001,0,0.67800238183064099,0,0.76161180731323264,0,0.63938509768472629,0