msdX(mean),msdX(std),msdY(mean),msdY(std),msdZ(mean),msdZ(std),DmsdX(mean),DmsdX(std),DmsdY(mean),DmsdY(std),DmsdZ(mean),DmsdZ(std)
1574.7819312500001,0,1814.059456,0,1502.4328492499999,0,0.52785986522346373,0,0.60806462212290502,0,0.50360877628491618,0