msdX(mean),msdX(std),msdY(mean),msdY(std),msdZ(mean),msdZ(std),DmsdX(mean),DmsdX(std),DmsdY(mean),DmsdY(std),DmsdZ(mean),DmsdZ(std)
2694.069962,0,3148.9261342499999,0,2579.4334987500001,0,0.44439977819077575,0,0.51943048819748394,0,0.4254899430493545,0