msdX(mean),msdX(std),msdY(mean),msdY(std),msdZ(mean),msdZ(std),DmsdX(mean),DmsdX(std),DmsdY(mean),DmsdY(std),DmsdZ(mean),DmsdZ(std)
728.94007124999996,0,817.22341874999995,0,687.27714375000005,0,0.69317237661658426,0,0.77712382916508183,0,0.65355376925637132,0