msdX(mean),msdX(std),msdY(mean),msdY(std),msdZ(mean),msdZ(std),DmsdX(mean),DmsdX(std),DmsdY(mean),DmsdY(std),DmsdZ(mean),DmsdZ(std)
52.681310250000003,0,54.668486000000001,0,49.472604500000003,0,1.4688097653345726,0,1.5242142936802974,0,1.3793477091078068,0