msdX(mean),msdX(std),msdY(mean),msdY(std),msdZ(mean),msdZ(std),DmsdX(mean),DmsdX(std),DmsdY(mean),DmsdY(std),DmsdZ(mean),DmsdZ(std)
54.559338500000003,0,56.659132499999998,0,51.184104499999997,0,1.4588058422459895,0,1.5149500668449198,0,1.3685589438502674,0