msdX(mean),msdX(std),msdY(mean),msdY(std),msdZ(mean),msdZ(std),DmsdX(mean),DmsdX(std),DmsdY(mean),DmsdY(std),DmsdZ(mean),DmsdZ(std)
2088.9712667499998,0,2426.9988492500001,0,1993.9267279999999,0,0.48107114456513395,0,0.5589158323290091,0,0.45918324894449991,0