msdX(mean),msdX(std),msdY(mean),msdY(std),msdZ(mean),msdZ(std),DmsdX(mean),DmsdX(std),DmsdY(mean),DmsdY(std),DmsdZ(mean),DmsdZ(std)
277.18556374999997,0,302.06473549999998,0,259.87694149999999,0,0.96022712615473427,0,1.0464136333718244,0,0.90026654099307146,0