msdX(mean),msdX(std),msdY(mean),msdY(std),msdZ(mean),msdZ(std),DmsdX(mean),DmsdX(std),DmsdY(mean),DmsdY(std),DmsdZ(mean),DmsdZ(std)
250.93478543750001,0,250.82309381249999,0,250.72175487499999,0,0.1387491556426419,0,0.13868739808824748,0,0.1386313648364712,0