msdX(mean),msdX(std),msdY(mean),msdY(std),msdZ(mean),msdZ(std),DmsdX(mean),DmsdX(std),DmsdY(mean),DmsdY(std),DmsdZ(mean),DmsdZ(std)
247.83111518749999,0,248.53523368750001,0,247.77072093749999,0,0.47888528263985058,0,0.48024585428005545,0,0.47876858253357379,0