msdX(mean),msdX(std),msdY(mean),msdY(std),msdZ(mean),msdZ(std),DmsdX(mean),DmsdX(std),DmsdY(mean),DmsdY(std),DmsdZ(mean),DmsdZ(std)
232.4777518125,0,232.08859656249999,0,232.22091624999999,0,0.77256522341456657,0,0.77127199079202424,0,0.77171171282193285,0