msdX(mean),msdX(std),msdY(mean),msdY(std),msdZ(mean),msdZ(std),DmsdX(mean),DmsdX(std),DmsdY(mean),DmsdY(std),DmsdZ(mean),DmsdZ(std)
250.55441662499999,0,251.62095518749999,0,250.92692112500001,0,0.17793162420551786,0,0.17868902829066505,0,0.1781961588786706,0