msdX(mean),msdX(std),msdY(mean),msdY(std),msdZ(mean),msdZ(std),DmsdX(mean),DmsdX(std),DmsdY(mean),DmsdY(std),DmsdZ(mean),DmsdZ(std)
250.539181625,0,251.34258787499999,0,250.88440606250001,0,0.24839060290982998,0,0.24918711929311455,0,0.24873286676498291,0