msdX(mean),msdX(std),msdY(mean),msdY(std),msdZ(mean),msdZ(std),DmsdX(mean),DmsdX(std),DmsdY(mean),DmsdY(std),DmsdZ(mean),DmsdZ(std)
250.73318993749999,0,251.00868625000001,0,250.5590701875,0,0.16380831015418285,0,0.16398829663868292,0,0.16369455472348349,0