msdX(mean),msdX(std),msdY(mean),msdY(std),msdZ(mean),msdZ(std),DmsdX(mean),DmsdX(std),DmsdY(mean),DmsdY(std),DmsdZ(mean),DmsdZ(std)
250.60495499999999,0,251.46749556250001,0,250.79803874999999,0,0.18554625360941782,0,0.18618487294540834,0,0.18568921154273305,0