msdX(mean),msdX(std),msdY(mean),msdY(std),msdZ(mean),msdZ(std),DmsdX(mean),DmsdX(std),DmsdY(mean),DmsdY(std),DmsdZ(mean),DmsdZ(std)
78.068372562500002,0,78.161602125000002,0,78.104865062499996,0,1.8419592425285096,0,1.8441589176169879,0,1.8428202531458906,0