msdX(mean),msdX(std),msdY(mean),msdY(std),msdZ(mean),msdZ(std),DmsdX(mean),DmsdX(std),DmsdY(mean),DmsdY(std),DmsdZ(mean),DmsdZ(std)
245.89789275000001,0,246.33853812500001,0,245.84276149999999,0,0.53848219150333954,0,0.53944714360013146,0,0.53836146173218002,0