msdX(mean),msdX(std),msdY(mean),msdY(std),msdZ(mean),msdZ(std),DmsdX(mean),DmsdX(std),DmsdY(mean),DmsdY(std),DmsdZ(mean),DmsdZ(std)
251.00260875000001,0,250.83037243749999,0,251.13969606250001,0,0.099410910828151608,0,0.099342695725573277,0,0.099465204983365682,0