msdX(mean),msdX(std),msdY(mean),msdY(std),msdZ(mean),msdZ(std),DmsdX(mean),DmsdX(std),DmsdY(mean),DmsdY(std),DmsdZ(mean),DmsdZ(std)
250.7219438125,0,251.1652295625,0,250.95004374999999,0,0.19354042519008838,0,0.19388261188197151,0,0.19371650295264192,0