msdX(mean),msdX(std),msdY(mean),msdY(std),msdZ(mean),msdZ(std),DmsdX(mean),DmsdX(std),DmsdY(mean),DmsdY(std),DmsdZ(mean),DmsdZ(std)
234.3223536875,0,233.8148965,0,234.03688893750001,0,0.74688383028314909,0,0.74526635093497662,0,0.74597393413992774,0