msdX(mean),msdX(std),msdY(mean),msdY(std),msdZ(mean),msdZ(std),DmsdX(mean),DmsdX(std),DmsdY(mean),DmsdY(std),DmsdZ(mean),DmsdZ(std)
250.648207125,0,251.1262825,0,251.31936906249999,0,0.12229028539889572,0,0.12252353651495808,0,0.12261774269782152,0