msdX(mean),msdX(std),msdY(mean),msdY(std),msdZ(mean),msdZ(std),DmsdX(mean),DmsdX(std),DmsdY(mean),DmsdY(std),DmsdZ(mean),DmsdZ(std)
250.5767201875,0,251.41734249999999,0,250.68884556250001,0,0.23828139995007611,0,0.23908077453404336,0,0.23838802354745153,0