msdX(mean),msdX(std),msdY(mean),msdY(std),msdZ(mean),msdZ(std),DmsdX(mean),DmsdX(std),DmsdY(mean),DmsdY(std),DmsdZ(mean),DmsdZ(std)
53.092276312499997,0,53.303181250000002,0,53.134163937499999,0,1.9822878523646548,0,1.990162336652147,0,1.9838517960485378,0