msdX(mean),msdX(std),msdY(mean),msdY(std),msdZ(mean),msdZ(std),DmsdX(mean),DmsdX(std),DmsdY(mean),DmsdY(std),DmsdZ(mean),DmsdZ(std)
147.318629875,0,147.25357762499999,0,147.40924125000001,0,1.4478489422604424,0,1.4472096081081081,0,1.4487394717444719,0