msdX(mean),msdX(std),msdY(mean),msdY(std),msdZ(mean),msdZ(std),DmsdX(mean),DmsdX(std),DmsdY(mean),DmsdY(std),DmsdZ(mean),DmsdZ(std)
251.25307612500001,0,250.8700839375,0,251.01245068750001,0,0.027311057024607736,0,0.027269426006058181,0,0.027284901185457473,0