msdX(mean),msdX(std),msdY(mean),msdY(std),msdZ(mean),msdZ(std),DmsdX(mean),DmsdX(std),DmsdY(mean),DmsdY(std),DmsdZ(mean),DmsdZ(std)
250.6876139375,0,250.90999587499999,0,251.12764462499999,0,0.03219702081768034,0,0.032225582403786257,0,0.032253536083765195,0