msdX(mean),msdX(std),msdY(mean),msdY(std),msdZ(mean),msdZ(std),DmsdX(mean),DmsdX(std),DmsdY(mean),DmsdY(std),DmsdZ(mean),DmsdZ(std)
72.988194812499998,0,73.0168745,0,72.993897062499997,0,1.8722922995938434,0,1.8730279905942711,0,1.8724385736425821,0