msdX(mean),msdX(std),msdY(mean),msdY(std),msdZ(mean),msdZ(std),DmsdX(mean),DmsdX(std),DmsdY(mean),DmsdY(std),DmsdZ(mean),DmsdZ(std)
184.48681124999999,0,184.38129381249999,0,184.84528968750001,0,1.1948627671632124,0,1.1941793640705958,0,1.1971845187014249,0