msdX(mean),msdX(std),msdY(mean),msdY(std),msdZ(mean),msdZ(std),DmsdX(mean),DmsdX(std),DmsdY(mean),DmsdY(std),DmsdZ(mean),DmsdZ(std)
250.94286887499999,0,250.559937375,0,250.98847975000001,0,0.07119047614150556,0,0.071081841550943992,0,0.071203415580362847,0