msdX(mean),msdX(std),msdY(mean),msdY(std),msdZ(mean),msdZ(std),DmsdX(mean),DmsdX(std),DmsdY(mean),DmsdY(std),DmsdZ(mean),DmsdZ(std)
121.67647637499999,0,121.5408025,0,121.77678643749999,0,1.6013574429699495,0,1.599571868830884,0,1.6026776017218687,0