msdX(mean),msdX(std),msdY(mean),msdY(std),msdZ(mean),msdZ(std),DmsdX(mean),DmsdX(std),DmsdY(mean),DmsdY(std),DmsdZ(mean),DmsdZ(std)
251.128315125,0,250.85343631250001,0,251.31827125000001,0,0.045028745420232857,0,0.044979458074585206,0,0.045062805641555896,0