msdX(mean),msdX(std),msdY(mean),msdY(std),msdZ(mean),msdZ(std),DmsdX(mean),DmsdX(std),DmsdY(mean),DmsdY(std),DmsdZ(mean),DmsdZ(std)
250.87802500000001,0,251.29826331250001,0,251.01481724999999,0,0.12761484561778322,0,0.12782860944732694,0,0.12768442812452313,0