msdX(mean),msdX(std),msdY(mean),msdY(std),msdZ(mean),msdZ(std),DmsdX(mean),DmsdX(std),DmsdY(mean),DmsdY(std),DmsdZ(mean),DmsdZ(std)
250.91679787499999,0,250.96844981250001,0,251.11187087499999,0,0.036521956519365961,0,0.03652947466813676,0,0.036550350184853642,0