msdX(mean),msdX(std),msdY(mean),msdY(std),msdZ(mean),msdZ(std),DmsdX(mean),DmsdX(std),DmsdY(mean),DmsdY(std),DmsdZ(mean),DmsdZ(std)
243.13734881249999,0,243.46228812499999,0,243.15044474999999,0,0.60341830446517208,0,0.60422473889394435,0,0.603450805964593,0