msdX(mean),msdX(std),msdY(mean),msdY(std),msdZ(mean),msdZ(std),DmsdX(mean),DmsdX(std),DmsdY(mean),DmsdY(std),DmsdZ(mean),DmsdZ(std)
41.113535062499999,0,41.293619312499999,0,41.173539937500003,0,2.0556767531249998,0,2.064680965625,0,2.0586769968750001,0