msdX(mean),msdX(std),msdY(mean),msdY(std),msdZ(mean),msdZ(std),DmsdX(mean),DmsdX(std),DmsdY(mean),DmsdY(std),DmsdZ(mean),DmsdZ(std)
250.69127925000001,0,251.07967099999999,0,251.27640575000001,0,0.11252189439390765,0,0.11269622265776952,0,0.11278452635476825,0