msdX(mean),msdX(std),msdY(mean),msdY(std),msdZ(mean),msdZ(std),DmsdX(mean),DmsdX(std),DmsdY(mean),DmsdY(std),DmsdZ(mean),DmsdZ(std)
188.02911175,0,188.10828674999999,0,188.59453787499999,0,1.1681245294056741,0,1.1686164014288671,0,1.1716372201801615,0