msdX(mean),msdX(std),msdY(mean),msdY(std),msdZ(mean),msdZ(std),DmsdX(mean),DmsdX(std),DmsdY(mean),DmsdY(std),DmsdZ(mean),DmsdZ(std)
158.59064481249999,0,158.5940904375,0,158.62915393750001,0,1.3754609263876842,0,1.3754908103859498,0,1.3757949170641806,0