msdX(mean),msdX(std),msdY(mean),msdY(std),msdZ(mean),msdZ(std),DmsdX(mean),DmsdX(std),DmsdY(mean),DmsdY(std),DmsdZ(mean),DmsdZ(std)
89.126103812500006,0,89.185037500000007,0,89.221790812500004,0,1.7801485448568577,0,1.7813256491344875,0,1.7820597366011985,0