msdX(mean),msdX(std),msdY(mean),msdY(std),msdZ(mean),msdZ(std),DmsdX(mean),DmsdX(std),DmsdY(mean),DmsdY(std),DmsdZ(mean),DmsdZ(std)
251.19361231249999,0,251.0757905625,0,250.8874705625,0,0.2942525720177665,0,0.29411455356794225,0,0.29389395224033582,0