msdX(mean),msdX(std),msdY(mean),msdY(std),msdZ(mean),msdZ(std),DmsdX(mean),DmsdX(std),DmsdY(mean),DmsdY(std),DmsdZ(mean),DmsdZ(std)
250.73947431249999,0,251.39883093750001,0,251.1326855625,0,0.026141841663191365,0,0.026210585511911588,0,0.026182837466767452,0