msdX(mean),msdX(std),msdY(mean),msdY(std),msdZ(mean),msdZ(std),DmsdX(mean),DmsdX(std),DmsdY(mean),DmsdY(std),DmsdZ(mean),DmsdZ(std)
244.3960419375,0,244.394898625,0,244.54292506249999,0,0.58175682441680554,0,0.58175410289216856,0,0.58210646289573909,0