msdX(mean),msdX(std),msdY(mean),msdY(std),msdZ(mean),msdZ(std),DmsdX(mean),DmsdX(std),DmsdY(mean),DmsdY(std),DmsdZ(mean),DmsdZ(std)
250.82649487500001,0,251.29459668749999,0,250.66348037500001,0,0.060223170716335137,0,0.060335561456320005,0,0.06018403111081766,0