msdX(mean),msdX(std),msdY(mean),msdY(std),msdZ(mean),msdZ(std),DmsdX(mean),DmsdX(std),DmsdY(mean),DmsdY(std),DmsdZ(mean),DmsdZ(std)
250.70751806249999,0,249.87824131249999,0,249.91594768749999,0,0.36178871238996579,0,0.36059200728149499,0,0.36064642025229687,0