msdX(mean),msdX(std),msdY(mean),msdY(std),msdZ(mean),msdZ(std),DmsdX(mean),DmsdX(std),DmsdY(mean),DmsdY(std),DmsdZ(mean),DmsdZ(std)
250.61580824999999,0,251.43615474999999,0,251.04048225,0,0.041340394779166151,0,0.041475715245989524,0,0.041410446987504637,0