msdX(mean),msdX(std),msdY(mean),msdY(std),msdZ(mean),msdZ(std),DmsdX(mean),DmsdX(std),DmsdY(mean),DmsdY(std),DmsdZ(mean),DmsdZ(std)
250.9267358125,0,251.30956743749999,0,251.8346351875,0,0.029648455208604107,0,0.029693688994671171,0,0.029755728807276036,0