msdX(mean),msdX(std),msdY(mean),msdY(std),msdZ(mean),msdZ(std),DmsdX(mean),DmsdX(std),DmsdY(mean),DmsdY(std),DmsdZ(mean),DmsdZ(std)
195.0184546875,0,195.10658599999999,0,195.67328537500001,0,1.1146034750666793,0,1.1151071785101925,0,1.1183460775862069,0