msdX(mean),msdX(std),msdY(mean),msdY(std),msdZ(mean),msdZ(std),DmsdX(mean),DmsdX(std),DmsdY(mean),DmsdY(std),DmsdZ(mean),DmsdZ(std)
235.92516562500001,0,235.40596475000001,0,235.76174825000001,0,0.72126311716600422,0,0.71967583231427701,0,0.72076352262305099,0