msdX(mean),msdX(std),msdY(mean),msdY(std),msdZ(mean),msdZ(std),DmsdX(mean),DmsdX(std),DmsdY(mean),DmsdY(std),DmsdZ(mean),DmsdZ(std)
166.0449800625,0,166.14296762500001,0,166.0722834375,0,1.3248269685837766,0,1.3256087842420214,0,1.3250448146609044,0