msdX(mean),msdX(std),msdY(mean),msdY(std),msdZ(mean),msdZ(std),DmsdX(mean),DmsdX(std),DmsdY(mean),DmsdY(std),DmsdZ(mean),DmsdZ(std)
250.85820712500001,0,251.07961449999999,0,251.0105883125,0,0.17086881785827809,0,0.17101962662337664,0,0.1709726103300109,0