msdX(mean),msdX(std),msdY(mean),msdY(std),msdZ(mean),msdZ(std),DmsdX(mean),DmsdX(std),DmsdY(mean),DmsdY(std),DmsdZ(mean),DmsdZ(std)
250.68020025000001,0,251.62913750000001,0,250.94804931249999,0,0.087606514305185054,0,0.087938144344908736,0,0.0877001209111401,0