msdX(mean),msdX(std),msdY(mean),msdY(std),msdZ(mean),msdZ(std),DmsdX(mean),DmsdX(std),DmsdY(mean),DmsdY(std),DmsdZ(mean),DmsdZ(std)
251.07024612500001,0,250.70371131249999,0,250.68033893750001,0,0.068316885184009427,0,0.068217150081630804,0,0.068210790395909396,0