msdX(mean),msdX(std),msdY(mean),msdY(std),msdZ(mean),msdZ(std),DmsdX(mean),DmsdX(std),DmsdY(mean),DmsdY(std),DmsdZ(mean),DmsdZ(std)
251.1150360625,0,250.12947112500001,0,250.70419068749999,0,0.3333754212578825,0,0.33206700448058413,0,0.33282999095585791,0