msdX(mean),msdX(std),msdY(mean),msdY(std),msdZ(mean),msdZ(std),DmsdX(mean),DmsdX(std),DmsdY(mean),DmsdY(std),DmsdZ(mean),DmsdZ(std)
250.93689131249999,0,251.00078099999999,0,251.03163881250001,0,0.074220457062329312,0,0.074239353932307323,0,0.074248480852369639,0