msdX(mean),msdX(std),msdY(mean),msdY(std),msdZ(mean),msdZ(std),DmsdX(mean),DmsdX(std),DmsdY(mean),DmsdY(std),DmsdZ(mean),DmsdZ(std)
250.40761825000001,0,249.85014050000001,0,249.87658712499999,0,0.3927859950066665,0,0.39191154296619701,0,0.39195302678361349,0