msdX(mean),msdX(std),msdY(mean),msdY(std),msdZ(mean),msdZ(std),DmsdX(mean),DmsdX(std),DmsdY(mean),DmsdY(std),DmsdZ(mean),DmsdZ(std)
191.60952581250001,0,191.66247899999999,0,192.04565206250001,0,1.1416654964001987,0,1.1419810069513405,0,1.1442640639275075,0