msdX(mean),msdX(std),msdY(mean),msdY(std),msdZ(mean),msdZ(std),DmsdX(mean),DmsdX(std),DmsdY(mean),DmsdY(std),DmsdZ(mean),DmsdZ(std)
70.513508687500007,0,70.580925250000007,0,70.495897374999998,0,1.8853879328208558,0,1.8871905147058825,0,1.8849170421122996,0