msdX(mean),msdX(std),msdY(mean),msdY(std),msdZ(mean),msdZ(std),DmsdX(mean),DmsdX(std),DmsdY(mean),DmsdY(std),DmsdZ(mean),DmsdZ(std)
95.130877687500004,0,95.098371187500007,0,95.240378875000005,0,1.7476585000765463,0,1.7470613200398042,0,1.7496701569197797,0