msdX(mean),msdX(std),msdY(mean),msdY(std),msdZ(mean),msdZ(std),DmsdX(mean),DmsdX(std),DmsdY(mean),DmsdY(std),DmsdZ(mean),DmsdZ(std)
250.39421949999999,0,250.95060687500001,0,251.0802610625,0,0.033529027626824734,0,0.03360353065530855,0,0.033620891993934102,0