msdX(mean),msdX(std),msdY(mean),msdY(std),msdZ(mean),msdZ(std),DmsdX(mean),DmsdX(std),DmsdY(mean),DmsdY(std),DmsdZ(mean),DmsdZ(std)
230.4365226875,0,230.13645137500001,0,230.25561906249999,0,0.79841724093376454,0,0.7973775528382514,0,0.79779044544378352,0