msdX(mean),msdX(std),msdY(mean),msdY(std),msdZ(mean),msdZ(std),DmsdX(mean),DmsdX(std),DmsdY(mean),DmsdY(std),DmsdZ(mean),DmsdZ(std)
128.86405612499999,0,128.608071,0,128.91021256249999,0,1.560097531779661,0,1.5569984382566586,0,1.5606563264225182,0