msdX(mean),msdX(std),msdY(mean),msdY(std),msdZ(mean),msdZ(std),DmsdX(mean),DmsdX(std),DmsdY(mean),DmsdY(std),DmsdZ(mean),DmsdZ(std)
57.107956250000001,0,57.262038062499997,0,57.093344625,0,1.9613493846594161,0,1.9666412614481967,0,1.9608475543789352,0