msdX(mean),msdX(std),msdY(mean),msdY(std),msdZ(mean),msdZ(std),DmsdX(mean),DmsdX(std),DmsdY(mean),DmsdY(std),DmsdZ(mean),DmsdZ(std)
55.077626437500001,0,55.254583500000003,0,55.093181812499999,0,1.9717527364260143,0,1.9780877147971361,0,1.9723096114260144,0