msdX(mean),msdX(std),msdY(mean),msdY(std),msdZ(mean),msdZ(std),DmsdX(mean),DmsdX(std),DmsdY(mean),DmsdY(std),DmsdZ(mean),DmsdZ(std)
180.7934963125,0,180.92937756250001,0,181.07823218749999,0,1.2208902395891952,0,1.2218078394766461,0,1.2228130479741135,0