msdX(mean),msdX(std),msdY(mean),msdY(std),msdZ(mean),msdZ(std),DmsdX(mean),DmsdX(std),DmsdY(mean),DmsdY(std),DmsdZ(mean),DmsdZ(std)
217.49340993749999,0,217.33774212500001,0,217.6312335625,0,0.92826892845710629,0,0.92760453318395231,0,0.92885716415919772,0