msdX(mean),msdX(std),msdY(mean),msdY(std),msdZ(mean),msdZ(std),DmsdX(mean),DmsdX(std),DmsdY(mean),DmsdY(std),DmsdZ(mean),DmsdZ(std)
83.439812312499996,0,83.595916312499995,0,83.549567124999996,0,1.8112839141642547,0,1.8146725682887122,0,1.8136664354196816,0