msdX(mean),msdX(std),msdY(mean),msdY(std),msdZ(mean),msdZ(std),DmsdX(mean),DmsdX(std),DmsdY(mean),DmsdY(std),DmsdZ(mean),DmsdZ(std)
250.77750606250001,0,251.058353125,0,250.75145000000001,0,0.084059968847591329,0,0.084154108053676277,0,0.084051234923100127,0