msdX(mean),msdX(std),msdY(mean),msdY(std),msdZ(mean),msdZ(std),DmsdX(mean),DmsdX(std),DmsdY(mean),DmsdY(std),DmsdZ(mean),DmsdZ(std)
68.13698875,0,68.236932874999994,0,68.110990312499993,0,1.8997301696096653,0,1.9025167158457248,0,1.8990053061105945,0