msdX(mean),msdX(std),msdY(mean),msdY(std),msdZ(mean),msdZ(std),DmsdX(mean),DmsdX(std),DmsdY(mean),DmsdY(std),DmsdZ(mean),DmsdZ(std)
227.9947725625,0,227.83831918749999,0,228.03418887500001,0,0.82358135784166175,0,0.8230162041691752,0,0.82372374066827225,0