msdX(mean),msdX(std),msdY(mean),msdY(std),msdZ(mean),msdZ(std),DmsdX(mean),DmsdX(std),DmsdY(mean),DmsdY(std),DmsdZ(mean),DmsdZ(std)
245.18684049999999,0,245.36235868750001,0,245.15925712500001,0,0.55978730707762558,0,0.56018803353310509,0,0.5597243313356165,0