msdX(mean),msdX(std),msdY(mean),msdY(std),msdZ(mean),msdZ(std),DmsdX(mean),DmsdX(std),DmsdY(mean),DmsdY(std),DmsdZ(mean),DmsdZ(std)
250.8003518125,0,251.48978650000001,0,251.07829025000001,0,0.028422953483639071,0,0.028501086428474289,0,0.028454451969280287,0