msdX(mean),msdX(std),msdY(mean),msdY(std),msdZ(mean),msdZ(std),DmsdX(mean),DmsdX(std),DmsdY(mean),DmsdY(std),DmsdZ(mean),DmsdZ(std)
999.02647556249997,0,998.67464093750004,0,1001.0322759375,0,0.29548545550951894,0,0.29538139218689924,0,0.29607871790242435,0