msdX(mean),msdX(std),msdY(mean),msdY(std),msdZ(mean),msdZ(std),DmsdX(mean),DmsdX(std),DmsdY(mean),DmsdY(std),DmsdZ(mean),DmsdZ(std)
112.58068274999999,0,112.46978887500001,0,112.50959225,0,2.1567180603448275,0,2.1545936566091957,0,2.1553561733716475,0