msdX(mean),msdX(std),msdY(mean),msdY(std),msdZ(mean),msdZ(std),DmsdX(mean),DmsdX(std),DmsdY(mean),DmsdY(std),DmsdZ(mean),DmsdZ(std)
999.703377875,0,999.93129168749999,0,1002.0136928125,0,0.26090902740140148,0,0.26096850981635256,0,0.26151198827627153,0