msdX(mean),msdX(std),msdY(mean),msdY(std),msdZ(mean),msdZ(std),DmsdX(mean),DmsdX(std),DmsdY(mean),DmsdY(std),DmsdZ(mean),DmsdZ(std)
1003.2058511875,0,1000.2122373125,0,1000.5806493125,0,0.12884657190584442,0,0.12846208761984573,0,0.12850940455205143,0