msdX(mean),msdX(std),msdY(mean),msdY(std),msdZ(mean),msdZ(std),DmsdX(mean),DmsdX(std),DmsdY(mean),DmsdY(std),DmsdZ(mean),DmsdZ(std)
244.6623544375,0,244.60321681249999,0,244.60675218750001,0,1.9520932534906916,0,1.9516214107380319,0,1.9516496185172874,0