msdX(mean),msdX(std),msdY(mean),msdY(std),msdZ(mean),msdZ(std),DmsdX(mean),DmsdX(std),DmsdY(mean),DmsdY(std),DmsdZ(mean),DmsdZ(std)
601.32948031249998,0,599.85533656250004,0,601.04275774999996,0,1.4313960493037372,0,1.4278870187157822,0,1.4307135390383243,0