msdX(mean),msdX(std),msdY(mean),msdY(std),msdZ(mean),msdZ(std),DmsdX(mean),DmsdX(std),DmsdY(mean),DmsdY(std),DmsdZ(mean),DmsdZ(std)
45.7388271875,0,45.863652000000002,0,45.727917062499998,0,2.2869413593750001,0,2.2931826000000002,0,2.2863958531249997,0