msdX(mean),msdX(std),msdY(mean),msdY(std),msdZ(mean),msdZ(std),DmsdX(mean),DmsdX(std),DmsdY(mean),DmsdY(std),DmsdZ(mean),DmsdZ(std)
998.85953981249997,0,999.56643218750003,0,1000.6037949375,0,0.10414007608950633,0,0.10421377596700204,0,0.10432193034848564,0