msdX(mean),msdX(std),msdY(mean),msdY(std),msdZ(mean),msdZ(std),DmsdX(mean),DmsdX(std),DmsdY(mean),DmsdY(std),DmsdZ(mean),DmsdZ(std)
1000.4349220625,0,1000.791503875,0,1001.071140375,0,0.13396319694462361,0,0.13401094501750807,0,0.13404838973149824,0