msdX(mean),msdX(std),msdY(mean),msdY(std),msdZ(mean),msdZ(std),DmsdX(mean),DmsdX(std),DmsdY(mean),DmsdY(std),DmsdZ(mean),DmsdZ(std)
484.62057387499999,0,483.17502100000002,0,484.79135724999998,0,1.6104809987538076,0,1.6056771675436168,0,1.6110485425090002,0