msdX(mean),msdX(std),msdY(mean),msdY(std),msdZ(mean),msdZ(std),DmsdX(mean),DmsdX(std),DmsdY(mean),DmsdY(std),DmsdZ(mean),DmsdZ(std)
999.68952762499998,0,1002.167969125,0,1001.722912625,0,0.11811913978129357,0,0.11841198207871542,0,0.11835939606127562,0