msdX(mean),msdX(std),msdY(mean),msdY(std),msdZ(mean),msdZ(std),DmsdX(mean),DmsdX(std),DmsdY(mean),DmsdY(std),DmsdZ(mean),DmsdZ(std)
1001.4776107500001,0,1002.4826851875,0,999.87465193749995,0,0.19519253855049493,0,0.19538843212692836,0,0.19488011459169122,0