msdX(mean),msdX(std),msdY(mean),msdY(std),msdZ(mean),msdZ(std),DmsdX(mean),DmsdX(std),DmsdY(mean),DmsdY(std),DmsdZ(mean),DmsdZ(std)
897.27435724999998,0,898.28148793749995,0,896.28969193750004,0,0.85324682127234697,0,0.85420453398392926,0,0.85231047160279583,0