msdX(mean),msdX(std),msdY(mean),msdY(std),msdZ(mean),msdZ(std),DmsdX(mean),DmsdX(std),DmsdY(mean),DmsdY(std),DmsdZ(mean),DmsdZ(std)
526.6414484375,0,525.8999765625,0,526.92402824999999,0,1.5443275942646988,0,1.5421532962098627,0,1.5451562335662969,0