msdX(mean),msdX(std),msdY(mean),msdY(std),msdZ(mean),msdZ(std),DmsdX(mean),DmsdX(std),DmsdY(mean),DmsdY(std),DmsdZ(mean),DmsdZ(std)
690.68755375000001,0,692.06128631249999,0,692.31690506250004,0,1.2801177902882033,0,1.2826638612037811,0,1.2831376240617183,0