msdX(mean),msdX(std),msdY(mean),msdY(std),msdZ(mean),msdZ(std),DmsdX(mean),DmsdX(std),DmsdY(mean),DmsdY(std),DmsdZ(mean),DmsdZ(std)
963.75288443750003,0,964.54271174999997,0,962.85002225000005,0,0.6296363534691144,0,0.63015236125175578,0,0.62904649805638124,0