msdX(mean),msdX(std),msdY(mean),msdY(std),msdZ(mean),msdZ(std),DmsdX(mean),DmsdX(std),DmsdY(mean),DmsdY(std),DmsdZ(mean),DmsdZ(std)
750.61042093749995,0,751.56542287499997,0,750.63306075000003,0,1.1773973296449765,0,1.1788953327363991,0,1.1774328421479179,0