msdX(mean),msdX(std),msdY(mean),msdY(std),msdZ(mean),msdZ(std),DmsdX(mean),DmsdX(std),DmsdY(mean),DmsdY(std),DmsdZ(mean),DmsdZ(std)
831.27037949999999,0,831.64943318749999,0,831.80869093750005,0,1.0152507332017018,0,1.0157136806898448,0,1.0159081860534942,0