msdX(mean),msdX(std),msdY(mean),msdY(std),msdZ(mean),msdZ(std),DmsdX(mean),DmsdX(std),DmsdY(mean),DmsdY(std),DmsdZ(mean),DmsdZ(std)
571.25398250000001,0,570.05826681250005,0,571.101680375,0,1.4780818038725256,0,1.4749879688106431,0,1.4776877322221742,0