msdX(mean),msdX(std),msdY(mean),msdY(std),msdZ(mean),msdZ(std),DmsdX(mean),DmsdX(std),DmsdY(mean),DmsdY(std),DmsdZ(mean),DmsdZ(std)
791.981938625,0,793.08609337500002,0,791.8502303125,0,1.0961940602436042,0,1.0977223373664906,0,1.0960117607960969,0