msdX(mean),msdX(std),msdY(mean),msdY(std),msdZ(mean),msdZ(std),DmsdX(mean),DmsdX(std),DmsdY(mean),DmsdY(std),DmsdZ(mean),DmsdZ(std)
997.50286825000001,0,995.9647104375,0,995.11412374999998,0,0.37892806462335227,0,0.37834375436066758,0,0.3780206363250731,0