msdX(mean),msdX(std),msdY(mean),msdY(std),msdZ(mean),msdZ(std),DmsdX(mean),DmsdX(std),DmsdY(mean),DmsdY(std),DmsdZ(mean),DmsdZ(std)
1000.732252375,0,1001.8668223124999,0,1000.8047715,0,0.21201505315035699,0,0.21225542304453293,0,0.212030417046249,0