msdX(mean),msdX(std),msdY(mean),msdY(std),msdZ(mean),msdZ(std),DmsdX(mean),DmsdX(std),DmsdY(mean),DmsdY(std),DmsdZ(mean),DmsdZ(std)
212.409023625,0,212.15321668749999,0,212.03274662499999,0,2.0022845903377848,0,1.9998732130793402,0,1.9987375958366065,0