msdX(mean),msdX(std),msdY(mean),msdY(std),msdZ(mean),msdZ(std),DmsdX(mean),DmsdX(std),DmsdY(mean),DmsdY(std),DmsdZ(mean),DmsdZ(std)
344.02925549999998,0,343.25275031249998,0,344.25953031249998,0,1.8087763170347002,0,1.8046937450709779,0,1.8099870153128286,0