msdX(mean),msdX(std),msdY(mean),msdY(std),msdZ(mean),msdZ(std),DmsdX(mean),DmsdX(std),DmsdY(mean),DmsdY(std),DmsdZ(mean),DmsdZ(std)
1000.4935061875,0,1002.7297653750001,0,1000.6953595,0,0.1650366623262815,0,0.16540554503278487,0,0.16506995909109654,0