msdX(mean),msdX(std),msdY(mean),msdY(std),msdZ(mean),msdZ(std),DmsdX(mean),DmsdX(std),DmsdY(mean),DmsdY(std),DmsdZ(mean),DmsdZ(std)
999.90407787499998,0,1001.7684925625,0,1001.851624375,0,0.24007588995666215,0,0.24052353391097134,0,0.24054349376943301,0