msdX(mean),msdX(std),msdY(mean),msdY(std),msdZ(mean),msdZ(std),DmsdX(mean),DmsdX(std),DmsdY(mean),DmsdY(std),DmsdZ(mean),DmsdZ(std)
152.65782343750001,0,152.35044443749999,0,152.32117662499999,0,2.0945505159501492,0,2.0903331045620854,0,2.0899315338440432,0