msdX(mean),msdX(std),msdY(mean),msdY(std),msdZ(mean),msdZ(std),DmsdX(mean),DmsdX(std),DmsdY(mean),DmsdY(std),DmsdZ(mean),DmsdZ(std)
68.047437125000002,0,68.123799250000005,0,67.890809250000004,0,2.2408596199231612,0,2.2433742892425905,0,2.2357017316136116,0