msdX(mean),msdX(std),msdY(mean),msdY(std),msdZ(mean),msdZ(std),DmsdX(mean),DmsdX(std),DmsdY(mean),DmsdY(std),DmsdZ(mean),DmsdZ(std)
236.2184586875,0,236.072683625,0,236.09900931249999,0,1.9649393485720228,0,1.9637267458061831,0,1.9639457311451545,0