msdX(mean),msdX(std),msdY(mean),msdY(std),msdZ(mean),msdZ(std),DmsdX(mean),DmsdX(std),DmsdY(mean),DmsdY(std),DmsdZ(mean),DmsdZ(std)
924.51679581250005,0,926.83025518750003,0,924.27896324999995,0,0.77574234338945847,0,0.77768351785489542,0,0.77554278315409675,0