msdX(mean),msdX(std),msdY(mean),msdY(std),msdZ(mean),msdZ(std),DmsdX(mean),DmsdX(std),DmsdY(mean),DmsdY(std),DmsdZ(mean),DmsdZ(std)
975.69807631250001,0,976.30670037499999,0,976.02688624999996,0,0.5624646628947646,0,0.56281551889874226,0,0.56265421330502197,0