msdX(mean),msdX(std),msdY(mean),msdY(std),msdZ(mean),msdZ(std),DmsdX(mean),DmsdX(std),DmsdY(mean),DmsdY(std),DmsdZ(mean),DmsdZ(std)
429.63740118750002,0,428.7570715,0,430.16899562499998,0,1.6869474557456974,0,1.6834908899941103,0,1.6890347318565537,0