msdX(mean),msdX(std),msdY(mean),msdY(std),msdZ(mean),msdZ(std),DmsdX(mean),DmsdX(std),DmsdY(mean),DmsdY(std),DmsdZ(mean),DmsdZ(std)
999.58258624999996,0,1001.8359804375,0,1000.9762729375,0,0.23019480761111538,0,0.23071374386370616,0,0.23051576102038077,0