msdX(mean),msdX(std),msdY(mean),msdY(std),msdZ(mean),msdZ(std),DmsdX(mean),DmsdX(std),DmsdY(mean),DmsdY(std),DmsdZ(mean),DmsdZ(std)
661.04742168749999,0,661.71963631250003,0,661.50309481249997,0,1.331772389404674,0,1.3331266596853806,0,1.3326904065794773,0