msdX(mean),msdX(std),msdY(mean),msdY(std),msdZ(mean),msdZ(std),DmsdX(mean),DmsdX(std),DmsdY(mean),DmsdY(std),DmsdZ(mean),DmsdZ(std)
262.23204868750003,0,262.48875137499999,0,262.18590281249999,0,1.9248743480853931,0,1.9267586350012236,0,1.9245356213298264,0