msdX(mean),msdX(std),msdY(mean),msdY(std),msdZ(mean),msdZ(std),DmsdX(mean),DmsdX(std),DmsdY(mean),DmsdY(std),DmsdZ(mean),DmsdZ(std)
1001.2619079375,0,1001.2830690625,0,1002.4184563125,0,0.17953199554201135,0,0.17953578985293941,0,0.17973937129061274,0