msdX(mean),msdX(std),msdY(mean),msdY(std),msdZ(mean),msdZ(std),DmsdX(mean),DmsdX(std),DmsdY(mean),DmsdY(std),DmsdZ(mean),DmsdZ(std)
498.4502500625,0,497.05213112500002,0,498.70080437500002,0,1.5887704528128983,0,1.5843140601094348,0,1.5895690747184446,0