msdX(mean),msdX(std),msdY(mean),msdY(std),msdZ(mean),msdZ(std),DmsdX(mean),DmsdX(std),DmsdY(mean),DmsdY(std),DmsdZ(mean),DmsdZ(std)
158.4049535625,0,158.15545143750001,0,158.15553262500001,0,2.0847328830335599,0,2.0814492402390874,0,2.0814503087299845,0