msdX(mean),msdX(std),msdY(mean),msdY(std),msdZ(mean),msdZ(std),DmsdX(mean),DmsdX(std),DmsdY(mean),DmsdY(std),DmsdZ(mean),DmsdZ(std)
416.23663443750002,0,415.473567,0,417.21897443749998,0,1.7040255230792851,0,1.7009016116266378,0,1.7080471115072327,0