msdX(mean),msdX(std),msdY(mean),msdY(std),msdZ(mean),msdZ(std),DmsdX(mean),DmsdX(std),DmsdY(mean),DmsdY(std),DmsdZ(mean),DmsdZ(std)
82.751749187499996,0,82.705725749999999,0,82.610191999999998,0,2.2126136146390376,0,2.2113830414438502,0,2.2088286631016043,0