msdX(mean),msdX(std),msdY(mean),msdY(std),msdZ(mean),msdZ(std),DmsdX(mean),DmsdX(std),DmsdY(mean),DmsdY(std),DmsdZ(mean),DmsdZ(std)
805.78488143749996,0,806.29407556249998,0,805.79877856250005,0,1.0697442833554596,0,1.0704202795386657,0,1.0697627329074013,0