msdX(mean),msdX(std),msdY(mean),msdY(std),msdZ(mean),msdZ(std),DmsdX(mean),DmsdX(std),DmsdY(mean),DmsdY(std),DmsdZ(mean),DmsdZ(std)
51.625533562500003,0,51.671823562500002,0,51.4929809375,0,2.2775970689338236,0,2.2796392748161765,0,2.2717491590073529,0