msdX(mean),msdX(std),msdY(mean),msdY(std),msdZ(mean),msdZ(std),DmsdX(mean),DmsdX(std),DmsdY(mean),DmsdY(std),DmsdZ(mean),DmsdZ(std)
73.607818750000007,0,73.648811062500002,0,73.456478562499996,0,2.2305399621212123,0,2.2317821534090911,0,2.2259538958333334,0