msdX(mean),msdX(std),msdY(mean),msdY(std),msdZ(mean),msdZ(std),DmsdX(mean),DmsdX(std),DmsdY(mean),DmsdY(std),DmsdZ(mean),DmsdZ(std)
190.36714062499999,0,190.25806600000001,0,190.16054237500001,0,2.0338369724893162,0,2.0326716452991458,0,2.0316297262286325,0