msdX(mean),msdX(std),msdY(mean),msdY(std),msdZ(mean),msdZ(std),DmsdX(mean),DmsdX(std),DmsdY(mean),DmsdY(std),DmsdZ(mean),DmsdZ(std)
311.01251050000002,0,310.81535787500002,0,311.3450095,0,1.8531033396226415,0,1.8519286467229394,0,1.8550844657398211,0