msdX(mean),msdX(std),msdY(mean),msdY(std),msdZ(mean),msdZ(std),DmsdX(mean),DmsdX(std),DmsdY(mean),DmsdY(std),DmsdZ(mean),DmsdZ(std)
915.82930587500005,0,917.48275675000002,0,915.05704568750002,0,0.80119207337610276,0,0.80263855660858796,0,0.80051647942334336,0