msdX(mean),msdX(std),msdY(mean),msdY(std),msdZ(mean),msdZ(std),DmsdX(mean),DmsdX(std),DmsdY(mean),DmsdY(std),DmsdZ(mean),DmsdZ(std)
271.49548862500001,0,271.56592168750001,0,271.4281024375,0,1.9114913538488618,0,1.9119872449249002,0,1.9110169146033795,0