msdX(mean),msdX(std),msdY(mean),msdY(std),msdZ(mean),msdZ(std),DmsdX(mean),DmsdX(std),DmsdY(mean),DmsdY(std),DmsdZ(mean),DmsdZ(std)
997.47985812499996,0,996.45854474999999,0,996.05660218749995,0,0.36344022084676902,0,0.36306809668251622,0,0.36292164551110379,0