msdX(mean),msdX(std),msdY(mean),msdY(std),msdZ(mean),msdZ(std),DmsdX(mean),DmsdX(std),DmsdY(mean),DmsdY(std),DmsdZ(mean),DmsdZ(std)
470.46750481250001,0,469.37295168750001,0,470.94751293749999,0,1.6300773972830167,0,1.6262849859242363,0,1.6317405310533002,0