msdX(mean),msdX(std),msdY(mean),msdY(std),msdZ(mean),msdZ(std),DmsdX(mean),DmsdX(std),DmsdY(mean),DmsdY(std),DmsdZ(mean),DmsdZ(std)
76.564319999999995,0,76.560260562500005,0,76.383865437500006,0,2.2257069767441862,0,2.2255889698401163,0,2.2204612045784886,0