msdX(mean),msdX(std),msdY(mean),msdY(std),msdZ(mean),msdZ(std),DmsdX(mean),DmsdX(std),DmsdY(mean),DmsdY(std),DmsdZ(mean),DmsdZ(std)
512.54480256249997,0,511.26566018749998,0,512.95711462500003,0,1.5669361130006112,0,1.5630255585065727,0,1.5681966206817486,0