msdX(mean),msdX(std),msdY(mean),msdY(std),msdZ(mean),msdZ(std),DmsdX(mean),DmsdX(std),DmsdY(mean),DmsdY(std),DmsdZ(mean),DmsdZ(std)
705.59999775000006,0,707.86363462500003,0,706.9914205,0,1.2543256655901873,0,1.2583496704639727,0,1.2567991594572174,0