msdX(mean),msdX(std),msdY(mean),msdY(std),msdZ(mean),msdZ(std),DmsdX(mean),DmsdX(std),DmsdY(mean),DmsdY(std),DmsdZ(mean),DmsdZ(std)
170.56782237499999,0,170.39110831249999,0,170.46379912500001,0,2.0649857430387408,0,2.0628463476089589,0,2.0637263816585958,0