msdX(mean),msdX(std),msdY(mean),msdY(std),msdZ(mean),msdZ(std),DmsdX(mean),DmsdX(std),DmsdY(mean),DmsdY(std),DmsdZ(mean),DmsdZ(std)
967.7947795,0,969.41624131250001,0,967.82161374999998,0,0.60644470313625976,0,0.60746075214619177,0,0.60646151815646832,0