msdX(mean),msdX(std),msdY(mean),msdY(std),msdZ(mean),msdZ(std),DmsdX(mean),DmsdX(std),DmsdY(mean),DmsdY(std),DmsdZ(mean),DmsdZ(std)
778.78831037500004,0,779.35688218749999,0,778.22577787499995,0,1.1238467127447207,0,1.1246672021561883,0,1.1230349384891047,0