msdX(mean),msdX(std),msdY(mean),msdY(std),msdZ(mean),msdZ(std),DmsdX(mean),DmsdX(std),DmsdY(mean),DmsdY(std),DmsdZ(mean),DmsdZ(std)
92.875187687500002,0,92.923063999999997,0,92.814648250000005,0,2.1913139053283524,0,2.1924435076681084,0,2.1898855269366893,0