msdX(mean),msdX(std),msdY(mean),msdY(std),msdZ(mean),msdZ(std),DmsdX(mean),DmsdX(std),DmsdY(mean),DmsdY(std),DmsdZ(mean),DmsdZ(std)
1001.7936291250001,0,999.8357105,0,999.80845912500001,0,0.12340906202007966,0,0.12316786972857553,0,0.12316451268324231,0