msdX(mean),msdX(std),msdY(mean),msdY(std),msdZ(mean),msdZ(std),DmsdX(mean),DmsdX(std),DmsdY(mean),DmsdY(std),DmsdZ(mean),DmsdZ(std)
877.65521987499994,0,877.50287249999997,0,876.93351462500004,0,0.9071840610625872,0,0.90702658793736113,0,0.90643807393146947,0