msdX(mean),msdX(std),msdY(mean),msdY(std),msdZ(mean),msdZ(std),DmsdX(mean),DmsdX(std),DmsdY(mean),DmsdY(std),DmsdZ(mean),DmsdZ(std)
996.80702574999998,0,994.51196862500001,0,995.45057150000002,0,0.39479069497801889,0,0.39388172546437483,0,0.39425346409758799,0