msdX(mean),msdX(std),msdY(mean),msdY(std),msdZ(mean),msdZ(std),DmsdX(mean),DmsdX(std),DmsdY(mean),DmsdY(std),DmsdZ(mean),DmsdZ(std)
355.5573471875,0,354.74437699999999,0,355.72733349999999,0,1.7930274694276347,0,1.7889277710539584,0,1.7938846873424104,0