msdX(mean),msdX(std),msdY(mean),msdY(std),msdZ(mean),msdZ(std),DmsdX(mean),DmsdX(std),DmsdY(mean),DmsdY(std),DmsdZ(mean),DmsdZ(std)
321.51618831249999,0,321.31904431250001,0,321.94500081249998,0,1.8375853780481997,0,1.8364586262859592,0,1.8400362020146694,0