msdX(mean),msdX(std),msdY(mean),msdY(std),msdZ(mean),msdZ(std),DmsdX(mean),DmsdX(std),DmsdY(mean),DmsdY(std),DmsdZ(mean),DmsdZ(std)
953.40206743750002,0,954.57182612500003,0,952.3146905625,0,0.67706002019493661,0,0.67789072621879765,0,0.67628781774846425,0