msdX(mean),msdX(std),msdY(mean),msdY(std),msdZ(mean),msdZ(std),DmsdX(mean),DmsdX(std),DmsdY(mean),DmsdY(std),DmsdZ(mean),DmsdZ(std)
1001.071327875,0,1002.186937375,0,1000.577289375,0,0.13975782544430329,0,0.13991357374457272,0,0.13968885358932834,0