msdX(mean),msdX(std),msdY(mean),msdY(std),msdZ(mean),msdZ(std),DmsdX(mean),DmsdX(std),DmsdY(mean),DmsdY(std),DmsdZ(mean),DmsdZ(std)
176.90471700000001,0,176.86442637499999,0,176.81103024999999,0,2.0542448267853688,0,2.0537769658409135,0,2.053156921811496,0