msdX(mean),msdX(std),msdY(mean),msdY(std),msdZ(mean),msdZ(std),DmsdX(mean),DmsdX(std),DmsdY(mean),DmsdY(std),DmsdZ(mean),DmsdZ(std)
1000.9284500625,0,1000.2067648125,0,1001.667074125,0,0.25055783770464107,0,0.25037718153912586,0,0.25074273408556125,0