msdX(mean),msdX(std),msdY(mean),msdY(std),msdZ(mean),msdZ(std),DmsdX(mean),DmsdX(std),DmsdY(mean),DmsdY(std),DmsdZ(mean),DmsdZ(std)
973.30161312500002,0,973.05741862499997,0,972.19049362500004,0,0.58498128587384435,0,0.58483451820112398,0,0.58431347221248342,0