msdX(mean),msdX(std),msdY(mean),msdY(std),msdZ(mean),msdZ(std),DmsdX(mean),DmsdX(std),DmsdY(mean),DmsdY(std),DmsdZ(mean),DmsdZ(std)
65.404124062500003,0,65.510293500000003,0,65.246655562499996,0,2.2462778727819117,0,2.2499242186605612,0,2.2408696815970233,0