msdX(mean),msdX(std),msdY(mean),msdY(std),msdZ(mean),msdZ(std),DmsdX(mean),DmsdX(std),DmsdY(mean),DmsdY(std),DmsdZ(mean),DmsdZ(std)
4887.8955239999996,0,5010.6117532500002,0,4167.1850822500001,0,0.87642766639571568,0,0.89843138924584021,0,0.74720015580173571,0