msdX(mean),msdX(std),msdY(mean),msdY(std),msdZ(mean),msdZ(std),DmsdX(mean),DmsdX(std),DmsdY(mean),DmsdY(std),DmsdZ(mean),DmsdZ(std)
259.83586050000002,0,260.46328425000002,0,226.23068025000001,0,1.6828747441709846,0,1.6869383694948188,0,1.4652246130181348,0