msdX(mean),msdX(std),msdY(mean),msdY(std),msdZ(mean),msdZ(std),DmsdX(mean),DmsdX(std),DmsdY(mean),DmsdY(std),DmsdZ(mean),DmsdZ(std)
209.28969599999999,0,210.03894700000001,0,182.48151200000001,0,1.7402136585365853,0,1.746443572616408,0,1.5173074722838138,0