msdX(mean),msdX(std),msdY(mean),msdY(std),msdZ(mean),msdZ(std),DmsdX(mean),DmsdX(std),DmsdY(mean),DmsdY(std),DmsdZ(mean),DmsdZ(std)
4570.2073014999996,0,4679.4652777499996,0,3901.14746375,0,0.89075128340977883,0,0.91204609043866358,0,0.76034890342186301,0