msdX(mean),msdX(std),msdY(mean),msdY(std),msdZ(mean),msdZ(std),DmsdX(mean),DmsdX(std),DmsdY(mean),DmsdY(std),DmsdZ(mean),DmsdZ(std)
332.92308174999999,0,334.00043199999999,0,290.07245325000002,0,1.6103986540632056,0,1.6156099580780394,0,1.4031237661238312,0