msdX(mean),msdX(std),msdY(mean),msdY(std),msdZ(mean),msdZ(std),DmsdX(mean),DmsdX(std),DmsdY(mean),DmsdY(std),DmsdZ(mean),DmsdZ(std)
135.14436774999999,0,135.38375375000001,0,118.5679075,0,1.8529849325868371,0,1.85626719035649,0,1.6257025708409507,0