msdX(mean),msdX(std),msdY(mean),msdY(std),msdZ(mean),msdZ(std),DmsdX(mean),DmsdX(std),DmsdY(mean),DmsdY(std),DmsdZ(mean),DmsdZ(std)
1904.62266125,0,1942.45794525,0,1649.1669555000001,0,1.0979339732811959,0,1.1197444056243033,0,0.95067462174781914,0