msdX(mean),msdX(std),msdY(mean),msdY(std),msdZ(mean),msdZ(std),DmsdX(mean),DmsdX(std),DmsdY(mean),DmsdY(std),DmsdZ(mean),DmsdZ(std)
370.63251600000001,0,371.728836,0,322.62859374999999,0,1.5816465832147937,0,1.5863250469416785,0,1.3767934299431008,0