msdX(mean),msdX(std),msdY(mean),msdY(std),msdZ(mean),msdZ(std),DmsdX(mean),DmsdX(std),DmsdY(mean),DmsdY(std),DmsdZ(mean),DmsdZ(std)
7619.9439877499999,0,7838.7256104999997,0,6419.2547139999997,0,0.79444482158744179,0,0.81725469099483572,0,0.66926261848991819,0