msdX(mean),msdX(std),msdY(mean),msdY(std),msdZ(mean),msdZ(std),DmsdX(mean),DmsdX(std),DmsdY(mean),DmsdY(std),DmsdZ(mean),DmsdZ(std)
5792.3645104999996,0,5950.70584375,0,4918.47200875,0,0.84309803170637032,0,0.8661451424603368,0,0.71590005464315176,0