msdX(mean),msdX(std),msdY(mean),msdY(std),msdZ(mean),msdZ(std),DmsdX(mean),DmsdX(std),DmsdY(mean),DmsdY(std),DmsdZ(mean),DmsdZ(std)
1414.3297937499999,0,1433.662368,0,1224.7881709999999,0,1.1867173970045308,0,1.2029387212619567,0,1.0276792842758853,0