msdX(mean),msdX(std),msdY(mean),msdY(std),msdZ(mean),msdZ(std),DmsdX(mean),DmsdX(std),DmsdY(mean),DmsdY(std),DmsdZ(mean),DmsdZ(std)
1669.2498955000001,0,1696.7886960000001,0,1442.8442587500001,0,1.136987940809191,0,1.1557456379983655,0,0.98277467447325417,0