msdX(mean),msdX(std),msdY(mean),msdY(std),msdZ(mean),msdZ(std),DmsdX(mean),DmsdX(std),DmsdY(mean),DmsdY(std),DmsdZ(mean),DmsdZ(std)
2578.8527132499999,0,2633.1753174999999,0,2222.85627475,0,1.0213547736903943,0,1.0428692444024925,0,0.8803623626036331,0