msdX(mean),msdX(std),msdY(mean),msdY(std),msdZ(mean),msdZ(std),DmsdX(mean),DmsdX(std),DmsdY(mean),DmsdY(std),DmsdZ(mean),DmsdZ(std)
278.96266100000003,0,279.91950050000003,0,243.11421575,0,1.6618109273232726,0,1.6675109243447181,0,1.4482578380659252,0