msdX(mean),msdX(std),msdY(mean),msdY(std),msdZ(mean),msdZ(std),DmsdX(mean),DmsdX(std),DmsdY(mean),DmsdY(std),DmsdZ(mean),DmsdZ(std)
4414.9953814999999,0,4526.6507502499999,0,3774.8076767500002,0,0.8971501242599943,0,0.91983907844737667,0,0.76706063848774675,0