msdX(mean),msdX(std),msdY(mean),msdY(std),msdZ(mean),msdZ(std),DmsdX(mean),DmsdX(std),DmsdY(mean),DmsdY(std),DmsdZ(mean),DmsdZ(std)
269.22353900000002,0,270.09969475000003,0,234.60724775,0,1.672195894409938,0,1.6776378555900622,0,1.4571878742236024,0