msdX(mean),msdX(std),msdY(mean),msdY(std),msdZ(mean),msdZ(std),DmsdX(mean),DmsdX(std),DmsdY(mean),DmsdY(std),DmsdZ(mean),DmsdZ(std)
250.74811525000001,0,251.28610624999999,0,218.23990275,0,1.6927190498424844,0,1.6963508522727273,0,1.473266670229523,0