msdX(mean),msdX(std),msdY(mean),msdY(std),msdZ(mean),msdZ(std),DmsdX(mean),DmsdX(std),DmsdY(mean),DmsdY(std),DmsdZ(mean),DmsdZ(std)
2952.5213920000001,0,3018.0253375000002,0,2536.4005872500002,0,0.98967197497206705,0,1.0116286047486034,0,0.85019014097765366,0