msdX(mean),msdX(std),msdY(mean),msdY(std),msdZ(mean),msdZ(std),DmsdX(mean),DmsdX(std),DmsdY(mean),DmsdY(std),DmsdZ(mean),DmsdZ(std)
68.845730750000001,0,69.067880500000001,0,61.368802250000002,0,2.0013293822674418,0,2.0077872238372092,0,1.7839768095930233,0