msdX(mean),msdX(std),msdY(mean),msdY(std),msdZ(mean),msdZ(std),DmsdX(mean),DmsdX(std),DmsdY(mean),DmsdY(std),DmsdZ(mean),DmsdZ(std)
321.33444850000001,0,322.44815299999999,0,280.06471499999998,0,1.6201736899159664,0,1.625789006722689,0,1.4120909999999998,0