msdX(mean),msdX(std),msdY(mean),msdY(std),msdZ(mean),msdZ(std),DmsdX(mean),DmsdX(std),DmsdY(mean),DmsdY(std),DmsdZ(mean),DmsdZ(std)
823.08895125000004,0,830.76360499999998,0,713.93480024999997,0,1.346089649885521,0,1.3586408716746619,0,1.1675776279709986,0