msdX(mean),msdX(std),msdY(mean),msdY(std),msdZ(mean),msdZ(std),DmsdX(mean),DmsdX(std),DmsdY(mean),DmsdY(std),DmsdZ(mean),DmsdZ(std)
3489.6226112499999,0,3568.5989155000002,0,2995.1275179999998,0,0.9495227233252308,0,0.9710120944818329,0,0.81497111705697745,0