msdX(mean),msdX(std),msdY(mean),msdY(std),msdZ(mean),msdZ(std),DmsdX(mean),DmsdX(std),DmsdY(mean),DmsdY(std),DmsdZ(mean),DmsdZ(std)
526.19364874999997,0,530.40878774999999,0,457.04781524999999,0,1.4797346702755905,0,1.4915882670134981,0,1.2852863196006747,0