msdX(mean),msdX(std),msdY(mean),msdY(std),msdZ(mean),msdZ(std),DmsdX(mean),DmsdX(std),DmsdY(mean),DmsdY(std),DmsdZ(mean),DmsdZ(std)
397.69536025000002,0,399.397133,0,345.92499299999997,0,1.5612222988092124,0,1.5679029036901335,0,1.3579887189217481,0