msdX(mean),msdX(std),msdY(mean),msdY(std),msdZ(mean),msdZ(std),DmsdX(mean),DmsdX(std),DmsdY(mean),DmsdY(std),DmsdZ(mean),DmsdZ(std)
156.48645525000001,0,156.87974550000001,0,136.97095775,0,1.8167932111068115,0,1.8213592743808054,0,1.5902200977167185,0