msdX(mean),msdX(std),msdY(mean),msdY(std),msdZ(mean),msdZ(std),DmsdX(mean),DmsdX(std),DmsdY(mean),DmsdY(std),DmsdZ(mean),DmsdZ(std)
1782.2336547499999,0,1816.8340827500001,0,1541.964976,0,1.116781051936252,0,1.1384623294030414,0,0.96622418915531794,0