msdX(mean),msdX(std),msdY(mean),msdY(std),msdZ(mean),msdZ(std),DmsdX(mean),DmsdX(std),DmsdY(mean),DmsdY(std),DmsdZ(mean),DmsdZ(std)
411.85849775000003,0,413.97523775000002,0,358.17709274999999,0,1.5510613774165205,0,1.5590330319482804,0,1.3488969096786343,0