msdX(mean),msdX(std),msdY(mean),msdY(std),msdZ(mean),msdZ(std),DmsdX(mean),DmsdX(std),DmsdY(mean),DmsdY(std),DmsdZ(mean),DmsdZ(std)
4727.6028775000004,0,4843.1847630000002,0,4032.0773927499999,0,0.88378523115317997,0,0.90539228361519963,0,0.75376264523797654,0