msdX(mean),msdX(std),msdY(mean),msdY(std),msdZ(mean),msdZ(std),DmsdX(mean),DmsdX(std),DmsdY(mean),DmsdY(std),DmsdZ(mean),DmsdZ(std)
442.16905774999998,0,444.42449075000002,0,384.06347749999998,0,1.531763479503464,0,1.5395767577944572,0,1.3304739405311776,0