msdX(mean),msdX(std),msdY(mean),msdY(std),msdZ(mean),msdZ(std),DmsdX(mean),DmsdX(std),DmsdY(mean),DmsdY(std),DmsdZ(mean),DmsdZ(std)
45.387588000000001,0,45.464016000000001,0,40.863126749999999,0,2.0819994495412844,0,2.0855053211009174,0,1.8744553555045871,0