msdX(mean),msdX(std),msdY(mean),msdY(std),msdZ(mean),msdZ(std),DmsdX(mean),DmsdX(std),DmsdY(mean),DmsdY(std),DmsdZ(mean),DmsdZ(std)
61.496925500000003,0,61.702515249999998,0,55.000548250000001,0,2.0229251809210527,0,2.0296880016447369,0,1.8092285608552632,0