msdX(mean),msdX(std),msdY(mean),msdY(std),msdZ(mean),msdZ(std),DmsdX(mean),DmsdX(std),DmsdY(mean),DmsdY(std),DmsdZ(mean),DmsdZ(std)
1080.623229,0,1091.3864060000001,0,936.44377599999996,0,1.2658608695821945,0,1.2784690425614995,0,1.0969665474424053,0