msdX(mean),msdX(std),msdY(mean),msdY(std),msdZ(mean),msdZ(std),DmsdX(mean),DmsdX(std),DmsdY(mean),DmsdY(std),DmsdZ(mean),DmsdZ(std)
1044.629983,0,1055.3173502499999,0,905.07753200000002,0,1.2758060368832438,0,1.2888585127625793,0,1.1053707034684905,0