msdX(mean),msdX(std),msdY(mean),msdY(std),msdZ(mean),msdZ(std),DmsdX(mean),DmsdX(std),DmsdY(mean),DmsdY(std),DmsdZ(mean),DmsdZ(std)
1725.6089454999999,0,1755.9975422499999,0,1490.56661575,0,1.1273577605618466,0,1.1472109378810975,0,0.97380223154398948,0