msdX(mean),msdX(std),msdY(mean),msdY(std),msdZ(mean),msdZ(std),DmsdX(mean),DmsdX(std),DmsdY(mean),DmsdY(std),DmsdZ(mean),DmsdZ(std)
851.73170400000004,0,858.99166375000004,0,739.07809874999998,0,1.3359798766077593,0,1.3473674533357733,0,1.1592775782965596,0