msdX(mean),msdX(std),msdY(mean),msdY(std),msdZ(mean),msdZ(std),DmsdX(mean),DmsdX(std),DmsdY(mean),DmsdY(std),DmsdZ(mean),DmsdZ(std)
89.80921275,0,89.799559000000002,0,79.313704250000001,0,1.9495487572358903,0,1.9493391968162086,0,1.7217157217800292,0