msdX(mean),msdX(std),msdY(mean),msdY(std),msdZ(mean),msdZ(std),DmsdX(mean),DmsdX(std),DmsdY(mean),DmsdY(std),DmsdZ(mean),DmsdZ(std)
83.242939750000005,0,83.424672999999999,0,73.784551500000006,0,1.9632768808962267,0,1.9675630424528303,0,1.740201686320755,0