msdX(mean),msdX(std),msdY(mean),msdY(std),msdZ(mean),msdZ(std),DmsdX(mean),DmsdX(std),DmsdY(mean),DmsdY(std),DmsdZ(mean),DmsdZ(std)
71.560512500000002,0,71.680940000000007,0,63.670126250000003,0,1.9951815752788105,0,1.9985392193308551,0,1.7751893935873606,0