msdX(mean),msdX(std),msdY(mean),msdY(std),msdZ(mean),msdZ(std),DmsdX(mean),DmsdX(std),DmsdY(mean),DmsdY(std),DmsdZ(mean),DmsdZ(std)
4268.6909077500004,0,4373.8062634999997,0,3649.9256045000002,0,0.90435812005663696,0,0.9266276934620491,0,0.7732674792731844,0