msdX(mean),msdX(std),msdY(mean),msdY(std),msdZ(mean),msdZ(std),DmsdX(mean),DmsdX(std),DmsdY(mean),DmsdY(std),DmsdZ(mean),DmsdZ(std)
52.811580249999999,0,52.997442749999998,0,47.437710750000001,0,2.0522634812176164,0,2.059486117227979,0,1.8434343555699482,0