msdX(mean),msdX(std),msdY(mean),msdY(std),msdZ(mean),msdZ(std),DmsdX(mean),DmsdX(std),DmsdY(mean),DmsdY(std),DmsdZ(mean),DmsdZ(std)
2756.3369290000001,0,2821.6307430000002,0,2372.8869072500001,0,1.0042763714202434,0,1.0280662912628435,0,0.86456565883917524,0