msdX(mean),msdX(std),msdY(mean),msdY(std),msdZ(mean),msdZ(std),DmsdX(mean),DmsdX(std),DmsdY(mean),DmsdY(std),DmsdZ(mean),DmsdZ(std)
7098.4611382499997,0,7304.1063517499997,0,6003.8960335000002,0,0.80446151402824151,0,0.82776708076769057,0,0.68041554346922739,0