msdX(mean),msdX(std),msdY(mean),msdY(std),msdZ(mean),msdZ(std),DmsdX(mean),DmsdX(std),DmsdY(mean),DmsdY(std),DmsdZ(mean),DmsdZ(std)
669.65705475000004,0,676.21997950000002,0,581.66330374999995,0,1.4064485888056568,0,1.4202323848361804,0,1.2216395346191542,0