msdX(mean),msdX(std),msdY(mean),msdY(std),msdZ(mean),msdZ(std),DmsdX(mean),DmsdX(std),DmsdY(mean),DmsdY(std),DmsdZ(mean),DmsdZ(std)
3056.1807334999999,0,3119.8712879999998,0,2622.41403575,0,0.98256839425797315,0,1.0030450385802467,0,0.84311150840727878,0