msdX(mean),msdX(std),msdY(mean),msdY(std),msdZ(mean),msdZ(std),DmsdX(mean),DmsdX(std),DmsdY(mean),DmsdY(std),DmsdZ(mean),DmsdZ(std)
5410.8548330000003,0,5554.4584042500001,0,4602.7455339999997,0,0.8560847036083834,0,0.87880510999978911,0,0.72822874903751833,0