msdX(mean),msdX(std),msdY(mean),msdY(std),msdZ(mean),msdZ(std),DmsdX(mean),DmsdX(std),DmsdY(mean),DmsdY(std),DmsdZ(mean),DmsdZ(std)
59.100796500000001,0,59.35921475,0,52.973335749999997,0,2.0286314588100689,0,2.0375016504576657,0,1.8183067191075515,0