msdX(mean),msdX(std),msdY(mean),msdY(std),msdZ(mean),msdZ(std),DmsdX(mean),DmsdX(std),DmsdY(mean),DmsdY(std),DmsdZ(mean),DmsdZ(std)
508.20438350000001,0,512.45986849999997,0,441.72424475000003,0,1.4900441267591868,0,1.5025211156176699,0,1.2951258153342455,0