msdX(mean),msdX(std),msdY(mean),msdY(std),msdZ(mean),msdZ(std),DmsdX(mean),DmsdX(std),DmsdY(mean),DmsdY(std),DmsdZ(mean),DmsdZ(std)
1236.5104675,0,1251.0398379999999,0,1070.2083002500001,0,1.2258861211169862,0,1.2402906523463317,0,1.0610128555023135,0