msdX(mean),msdX(std),msdY(mean),msdY(std),msdZ(mean),msdZ(std),DmsdX(mean),DmsdX(std),DmsdY(mean),DmsdY(std),DmsdZ(mean),DmsdZ(std)
7885.0001147499997,0,8110.5150055000004,0,6630.7520320000003,0,0.78850001147499993,0,0.81105150055000008,0,0.66307520320000002,0