msdX(mean),msdX(std),msdY(mean),msdY(std),msdZ(mean),msdZ(std),DmsdX(mean),DmsdX(std),DmsdY(mean),DmsdY(std),DmsdZ(mean),DmsdZ(std)
6865.1032674999997,0,7055.8600834999997,0,5804.2337902500003,0,0.81115193273388941,0,0.83369096149301702,0,0.68580402559845932,0