msdX(mean),msdX(std),msdY(mean),msdY(std),msdZ(mean),msdZ(std),DmsdX(mean),DmsdX(std),DmsdY(mean),DmsdY(std),DmsdZ(mean),DmsdZ(std)
2491.7453184999999,0,2545.6036362499999,0,2150.9906434999998,0,1.02888154203485,0,1.0511205038607645,0,0.88817848026261448,0