msdX(mean),msdX(std),msdY(mean),msdY(std),msdZ(mean),msdZ(std),DmsdX(mean),DmsdX(std),DmsdY(mean),DmsdY(std),DmsdZ(mean),DmsdZ(std)
54.824601999999999,0,55.020869249999997,0,49.207365500000002,0,2.045694104477612,0,2.0530175093283582,0,1.8360957276119403,0