msdX(mean),msdX(std),msdY(mean),msdY(std),msdZ(mean),msdZ(std),DmsdX(mean),DmsdX(std),DmsdY(mean),DmsdY(std),DmsdZ(mean),DmsdZ(std)
174.54159575,0,175.13758824999999,0,152.57218524999999,0,1.7883360220286886,0,1.7944425025614754,0,1.5632396029713114,0