msdX(mean),msdX(std),msdY(mean),msdY(std),msdZ(mean),msdZ(std),DmsdX(mean),DmsdX(std),DmsdY(mean),DmsdY(std),DmsdZ(mean),DmsdZ(std)
201.85348949999999,0,202.62616149999999,0,176.11911900000001,0,1.7501747644508672,0,1.7568742326589595,0,1.5270443843930637,0