msdX(mean),msdX(std),msdY(mean),msdY(std),msdZ(mean),msdZ(std),DmsdX(mean),DmsdX(std),DmsdY(mean),DmsdY(std),DmsdZ(mean),DmsdZ(std)
2252.8016102500001,0,2301.26289425,0,1946.6681472499999,0,1.0542217555921258,0,1.0768997134133025,0,0.91096344321301548,0