msdX(mean),msdX(std),msdY(mean),msdY(std),msdZ(mean),msdZ(std),DmsdX(mean),DmsdX(std),DmsdY(mean),DmsdY(std),DmsdZ(mean),DmsdZ(std)
4853.6366372499997,0,4296.9499612500003,0,4576.8332069999997,0,0.80063067234202823,0,0.7088025317125608,0,0.75497061720588554,0