msdX(mean),msdX(std),msdY(mean),msdY(std),msdZ(mean),msdZ(std),DmsdX(mean),DmsdX(std),DmsdY(mean),DmsdY(std),DmsdZ(mean),DmsdZ(std)
2336.3890687500002,0,2079.2132535000001,0,2125.0798125000001,0,1.0933373691660948,0,0.97298929314594118,0,0.99445302263368074,0