msdX(mean),msdX(std),msdY(mean),msdY(std),msdZ(mean),msdZ(std),DmsdX(mean),DmsdX(std),DmsdY(mean),DmsdY(std),DmsdZ(mean),DmsdZ(std)
357.63589224999998,0,340.70045549999998,0,314.3513815,0,1.7299382082392776,0,1.6480189721057723,0,1.5205645670751371,0