msdX(mean),msdX(std),msdY(mean),msdY(std),msdZ(mean),msdZ(std),DmsdX(mean),DmsdX(std),DmsdY(mean),DmsdY(std),DmsdZ(mean),DmsdZ(std)
1017.94160275,0,933.73787700000003,0,903.82371899999998,0,1.4088507142692379,0,1.2923111418158333,0,1.2509093730393062,0