msdX(mean),msdX(std),msdY(mean),msdY(std),msdZ(mean),msdZ(std),DmsdX(mean),DmsdX(std),DmsdY(mean),DmsdY(std),DmsdZ(mean),DmsdZ(std)
1508.618774,0,1361.8053669999999,0,1352.3256367500001,0,1.2658321647927506,0,1.1426458860547071,0,1.1346917576355093,0