msdX(mean),msdX(std),msdY(mean),msdY(std),msdZ(mean),msdZ(std),DmsdX(mean),DmsdX(std),DmsdY(mean),DmsdY(std),DmsdZ(mean),DmsdZ(std)
3252.4789877500002,0,2875.4377654999998,0,2990.5075189999998,0,0.9619872782460811,0,0.85046961416740607,0,0.88450385063590642,0