msdX(mean),msdX(std),msdY(mean),msdY(std),msdZ(mean),msdZ(std),DmsdX(mean),DmsdX(std),DmsdY(mean),DmsdY(std),DmsdZ(mean),DmsdZ(std)
332.49097449999999,0,318.08073450000001,0,292.26069174999998,0,1.7481123790746582,0,1.6723487618296531,0,1.536596696898002,0