msdX(mean),msdX(std),msdY(mean),msdY(std),msdZ(mean),msdZ(std),DmsdX(mean),DmsdX(std),DmsdY(mean),DmsdY(std),DmsdZ(mean),DmsdZ(std)
153.03504699999999,0,149.06364675,0,134.73932550000001,0,1.9306355803195963,0,1.8805338109756098,0,1.6998232821698909,0