msdX(mean),msdX(std),msdY(mean),msdY(std),msdZ(mean),msdZ(std),DmsdX(mean),DmsdX(std),DmsdY(mean),DmsdY(std),DmsdZ(mean),DmsdZ(std)
3867.2096432500002,0,3416.8351345000001,0,3596.0573199999999,0,0.890583321543717,0,0.78686615517770786,0,0.8281393997082982,0