msdX(mean),msdX(std),msdY(mean),msdY(std),msdZ(mean),msdZ(std),DmsdX(mean),DmsdX(std),DmsdY(mean),DmsdY(std),DmsdZ(mean),DmsdZ(std)
83.215477000000007,0,81.927395000000004,0,73.940517749999998,0,2.0462822213114755,0,2.0146080737704919,0,1.8182094528688526,0