msdX(mean),msdX(std),msdY(mean),msdY(std),msdZ(mean),msdZ(std),DmsdX(mean),DmsdX(std),DmsdY(mean),DmsdY(std),DmsdZ(mean),DmsdZ(std)
50.357622499999998,0,49.858329249999997,0,45.121011000000003,0,2.1277868661971828,0,2.1066899683098588,0,1.9065215915492959,0