msdX(mean),msdX(std),msdY(mean),msdY(std),msdZ(mean),msdZ(std),DmsdX(mean),DmsdX(std),DmsdY(mean),DmsdY(std),DmsdZ(mean),DmsdZ(std)
2886.6722595000001,0,2557.1596542500001,0,2642.1588167499999,0,1.0088086271026513,0,0.89365348338264761,0,0.92335823706374354,0