msdX(mean),msdX(std),msdY(mean),msdY(std),msdZ(mean),msdZ(std),DmsdX(mean),DmsdX(std),DmsdY(mean),DmsdY(std),DmsdZ(mean),DmsdZ(std)
3066.2119487499999,0,2712.7265277500001,0,2812.6063067499999,0,0.98579345060120882,0,0.87214716041345164,0,0.90425871487590015,0