msdX(mean),msdX(std),msdY(mean),msdY(std),msdZ(mean),msdZ(std),DmsdX(mean),DmsdX(std),DmsdY(mean),DmsdY(std),DmsdZ(mean),DmsdZ(std)
413.12848100000002,0,391.69814550000001,0,363.56715924999997,0,1.6913010957969434,0,1.6035677353984719,0,1.4884026716020742,0