msdX(mean),msdX(std),msdY(mean),msdY(std),msdZ(mean),msdZ(std),DmsdX(mean),DmsdX(std),DmsdY(mean),DmsdY(std),DmsdZ(mean),DmsdZ(std)
2560.4007879999999,0,2272.1301102500001,0,2335.4838629999999,0,1.0572304847633991,0,0.9381989058757948,0,0.96435868486249887,0