msdX(mean),msdX(std),msdY(mean),msdY(std),msdZ(mean),msdZ(std),DmsdX(mean),DmsdX(std),DmsdY(mean),DmsdY(std),DmsdZ(mean),DmsdZ(std)
214.08507875000001,0,207.54108049999999,0,187.743934,0,1.8562290065028904,0,1.7994891372832369,0,1.6278375780346821,0