msdX(mean),msdX(std),msdY(mean),msdY(std),msdZ(mean),msdZ(std),DmsdX(mean),DmsdX(std),DmsdY(mean),DmsdY(std),DmsdZ(mean),DmsdZ(std)
776.15509699999996,0,720.85120874999996,0,685.70658549999996,0,1.4997200122375369,0,1.392859478455494,0,1.3249515370990597,0