msdX(mean),msdX(std),msdY(mean),msdY(std),msdZ(mean),msdZ(std),DmsdX(mean),DmsdX(std),DmsdY(mean),DmsdY(std),DmsdZ(mean),DmsdZ(std)
3346.7255177500001,0,2958.6098752500002,0,3081.4116787500002,0,0.94942567879432627,0,0.83932195042553193,0,0.87415934148936181,0