msdX(mean),msdX(std),msdY(mean),msdY(std),msdZ(mean),msdZ(std),DmsdX(mean),DmsdX(std),DmsdY(mean),DmsdY(std),DmsdZ(mean),DmsdZ(std)
108.72487,0,106.72195474999999,0,96.251303250000007,0,1.9961726438188494,0,1.9593994140146878,0,1.7671597903916769,0