msdX(mean),msdX(std),msdY(mean),msdY(std),msdZ(mean),msdZ(std),DmsdX(mean),DmsdX(std),DmsdY(mean),DmsdY(std),DmsdZ(mean),DmsdZ(std)
344.78873049999999,0,329.29665625000001,0,302.98935699999998,0,1.7384305739495798,0,1.6603192752100839,0,1.5276774302521008,0