msdX(mean),msdX(std),msdY(mean),msdY(std),msdZ(mean),msdZ(std),DmsdX(mean),DmsdX(std),DmsdY(mean),DmsdY(std),DmsdZ(mean),DmsdZ(std)
4215.2397695,0,3727.9023149999998,0,3935.9157612499998,0,0.85655874043242075,0,0.7575292239592506,0,0.79979864284311197,0