msdX(mean),msdX(std),msdY(mean),msdY(std),msdZ(mean),msdZ(std),DmsdX(mean),DmsdX(std),DmsdY(mean),DmsdY(std),DmsdZ(mean),DmsdZ(std)
2642.7609527499999,0,2339.98482225,0,2406.8746599999999,0,1.0466656358253683,0,0.92675113095395256,0,0.95324285525690444,0