msdX(mean),msdX(std),msdY(mean),msdY(std),msdZ(mean),msdZ(std),DmsdX(mean),DmsdX(std),DmsdY(mean),DmsdY(std),DmsdZ(mean),DmsdZ(std)
2001.758943,0,1790.8770487500001,0,1809.5848484999999,0,1.1539289091503018,0,1.0323644645190424,0,1.0431487155566657,0