msdX(mean),msdX(std),msdY(mean),msdY(std),msdZ(mean),msdZ(std),DmsdX(mean),DmsdX(std),DmsdY(mean),DmsdY(std),DmsdZ(mean),DmsdZ(std)
117.45252425,0,115.00172575000001,0,103.73289699999999,0,1.983995342060811,0,1.9425967187500002,0,1.7522448817567569,0