msdX(mean),msdX(std),msdY(mean),msdY(std),msdZ(mean),msdZ(std),DmsdX(mean),DmsdX(std),DmsdY(mean),DmsdY(std),DmsdZ(mean),DmsdZ(std)
2409.5754219999999,0,2140.9584492499998,0,2190.7345515000002,0,1.0815294093180525,0,0.96096163077141739,0,0.98330345828720189,0