msdX(mean),msdX(std),msdY(mean),msdY(std),msdZ(mean),msdZ(std),DmsdX(mean),DmsdX(std),DmsdY(mean),DmsdY(std),DmsdZ(mean),DmsdZ(std)
93.331011000000004,0,91.731848249999999,0,82.683039500000007,0,2.025998791606368,0,1.9912846942836471,0,1.7948561396526777,0