msdX(mean),msdX(std),msdY(mean),msdY(std),msdZ(mean),msdZ(std),DmsdX(mean),DmsdX(std),DmsdY(mean),DmsdY(std),DmsdZ(mean),DmsdZ(std)
4453.8877535000001,0,3946.29238025,0,4181.8353864999999,0,0.83261651195179409,0,0.7377258652743679,0,0.78175863105846288,0