msdX(mean),msdX(std),msdY(mean),msdY(std),msdZ(mean),msdZ(std),DmsdX(mean),DmsdX(std),DmsdY(mean),DmsdY(std),DmsdZ(mean),DmsdZ(std)
68.50281975,0,67.641968250000005,0,61.172842250000002,0,2.0758430227272728,0,2.0497566136363639,0,1.8537224924242426,0