msdX(mean),msdX(std),msdY(mean),msdY(std),msdZ(mean),msdZ(std),DmsdX(mean),DmsdX(std),DmsdY(mean),DmsdY(std),DmsdZ(mean),DmsdZ(std)
3759.250415,0,3320.1750459999998,0,3488.0298484999998,0,0.90258113205282109,0,0.79716087539015601,0,0.83746214849939971,0