msdX(mean),msdX(std),msdY(mean),msdY(std),msdZ(mean),msdZ(std),DmsdX(mean),DmsdX(std),DmsdY(mean),DmsdY(std),DmsdZ(mean),DmsdZ(std)
308.81917549999997,0,296.43786575000001,0,271.65983025000003,0,1.7646810028571427,0,1.6939306614285714,0,1.5523418871428574,0