msdX(mean),msdX(std),msdY(mean),msdY(std),msdZ(mean),msdZ(std),DmsdX(mean),DmsdX(std),DmsdY(mean),DmsdY(std),DmsdZ(mean),DmsdZ(std)
6548.2010094999996,0,5874.1985834999996,0,6322.0048889999998,0,0.68270638092275826,0,0.61243582015041043,0,0.65912348623438732,0