msdX(mean),msdX(std),msdY(mean),msdY(std),msdZ(mean),msdZ(std),DmsdX(mean),DmsdX(std),DmsdY(mean),DmsdY(std),DmsdZ(mean),DmsdZ(std)
56.522098499999998,0,55.956559249999998,0,50.61339375,0,2.1090335261194029,0,2.0879313152985075,0,1.888559468283582,0