msdX(mean),msdX(std),msdY(mean),msdY(std),msdZ(mean),msdZ(std),DmsdX(mean),DmsdX(std),DmsdY(mean),DmsdY(std),DmsdZ(mean),DmsdZ(std)
384.51999925000001,0,365.31586650000003,0,338.30810450000001,0,1.7110056329724119,0,1.6255526542568972,0,1.5053757245624446,0