msdX(mean),msdX(std),msdY(mean),msdY(std),msdZ(mean),msdZ(std),DmsdX(mean),DmsdX(std),DmsdY(mean),DmsdY(std),DmsdZ(mean),DmsdZ(std)
4331.8509402500003,0,3834.2253354999998,0,4055.58468275,0,0.84429469606359064,0,0.74730551880173068,0,0.79044932162069093,0