msdX(mean),msdX(std),msdY(mean),msdY(std),msdZ(mean),msdZ(std),DmsdX(mean),DmsdX(std),DmsdY(mean),DmsdY(std),DmsdZ(mean),DmsdZ(std)
184.62253874999999,0,179.18640074999999,0,162.00103025000001,0,1.8916243724385247,0,1.835926237192623,0,1.6598466214139347,0