msdX(mean),msdX(std),msdY(mean),msdY(std),msdZ(mean),msdZ(std),DmsdX(mean),DmsdX(std),DmsdY(mean),DmsdY(std),DmsdZ(mean),DmsdZ(std)
2720.3106977500001,0,2411.4523222500002,0,2482.7684622500001,0,1.0333694751753741,0,0.91604287065996415,0,0.9431338651644845,0