msdX(mean),msdX(std),msdY(mean),msdY(std),msdZ(mean),msdZ(std),DmsdX(mean),DmsdX(std),DmsdY(mean),DmsdY(std),DmsdZ(mean),DmsdZ(std)
549.66539650000004,0,516.41394400000001,0,484.00725825000001,0,1.6116069092064114,0,1.5141143784206412,0,1.4190986852521501,0