msdX(mean),msdX(std),msdY(mean),msdY(std),msdZ(mean),msdZ(std),DmsdX(mean),DmsdX(std),DmsdY(mean),DmsdY(std),DmsdZ(mean),DmsdZ(std)
80.063032750000005,0,78.832712999999998,0,71.1627565,0,2.0528982756410259,0,2.0213516153846154,0,1.8246860641025642,0