msdX(mean),msdX(std),msdY(mean),msdY(std),msdZ(mean),msdZ(std),DmsdX(mean),DmsdX(std),DmsdY(mean),DmsdY(std),DmsdZ(mean),DmsdZ(std)
700.47720225,0,652.62878475000002,0,617.74350500000003,0,1.5338916837591241,0,1.4291141271897809,0,1.3527230036496349,0