msdX(mean),msdX(std),msdY(mean),msdY(std),msdZ(mean),msdZ(std),DmsdX(mean),DmsdX(std),DmsdY(mean),DmsdY(std),DmsdZ(mean),DmsdZ(std)
983.92081774999997,0,904.26563524999995,0,872.85803275000001,0,1.4197991598124098,0,1.3048566165223665,0,1.2595354007936508,0