msdX(mean),msdX(std),msdY(mean),msdY(std),msdZ(mean),msdZ(std),DmsdX(mean),DmsdX(std),DmsdY(mean),DmsdY(std),DmsdZ(mean),DmsdZ(std)
4587.0344957500001,0,4061.8053894999998,0,4310.6685022499996,0,0.82248156063223199,0,0.72830497325356214,0,0.77292755491237919,0