msdX(mean),msdX(std),msdY(mean),msdY(std),msdZ(mean),msdZ(std),DmsdX(mean),DmsdX(std),DmsdY(mean),DmsdY(std),DmsdZ(mean),DmsdZ(std)
147.1900565,0,143.60586699999999,0,129.77819049999999,0,1.936711269736842,0,1.8895508815789472,0,1.7076077697368419,0