msdX(mean),msdX(std),msdY(mean),msdY(std),msdZ(mean),msdZ(std),DmsdX(mean),DmsdX(std),DmsdY(mean),DmsdY(std),DmsdZ(mean),DmsdZ(std)
4989.8050759999996,0,4421.0464899999997,0,4709.6908290000001,0,0.78946782558249917,0,0.6994810230257259,0,0.74514922352779867,0