msdX(mean),msdX(std),msdY(mean),msdY(std),msdZ(mean),msdZ(std),DmsdX(mean),DmsdX(std),DmsdY(mean),DmsdY(std),DmsdZ(mean),DmsdZ(std)
76.93657675,0,75.871290999999999,0,68.538757500000003,0,2.0571277205882352,0,2.0286441443850269,0,1.8325870989304813,0