msdX(mean),msdX(std),msdY(mean),msdY(std),msdZ(mean),msdZ(std),DmsdX(mean),DmsdX(std),DmsdY(mean),DmsdY(std),DmsdZ(mean),DmsdZ(std)
2064.1801742500002,0,1846.641214,0,1868.5247354999999,0,1.141313819667146,0,1.021033514320469,0,1.0331332165763574,0