msdX(mean),msdX(std),msdY(mean),msdY(std),msdZ(mean),msdZ(std),DmsdX(mean),DmsdX(std),DmsdY(mean),DmsdY(std),DmsdZ(mean),DmsdZ(std)
141.92871700000001,0,138.46032575000001,0,124.99807125,0,1.9460061745886654,0,1.8984505358775137,0,1.7138675217093233,0