msdX(mean),msdX(std),msdY(mean),msdY(std),msdZ(mean),msdZ(std),DmsdX(mean),DmsdX(std),DmsdY(mean),DmsdY(std),DmsdZ(mean),DmsdZ(std)
71.156260750000001,0,70.331986999999998,0,63.551860249999997,0,2.0684959520348838,0,2.0445345058139535,0,1.8474377979651162,0