msdX(mean),msdX(std),msdY(mean),msdY(std),msdZ(mean),msdZ(std),DmsdX(mean),DmsdX(std),DmsdY(mean),DmsdY(std),DmsdZ(mean),DmsdZ(std)
1281.0239522500001,0,1165.7553680000001,0,1144.63806,0,1.3241013839408766,0,1.2049566234840132,0,1.1831291965270121,0