msdX(mean),msdX(std),msdY(mean),msdY(std),msdZ(mean),msdZ(std),DmsdX(mean),DmsdX(std),DmsdY(mean),DmsdY(std),DmsdZ(mean),DmsdZ(std)
3547.40589525,0,3136.4248240000002,0,3277.2747157499998,0,0.925812760830796,0,0.81855367307525018,0,0.85531310545889516,0