msdX(mean),msdX(std),msdY(mean),msdY(std),msdZ(mean),msdZ(std),DmsdX(mean),DmsdX(std),DmsdY(mean),DmsdY(std),DmsdZ(mean),DmsdZ(std)
859.60828675000005,0,795.24573075000001,0,760.76618674999997,0,1.4655744829790862,0,1.3558406411968631,0,1.297055330899068,0