msdX(mean),msdX(std),msdY(mean),msdY(std),msdZ(mean),msdZ(std),DmsdX(mean),DmsdX(std),DmsdY(mean),DmsdY(std),DmsdZ(mean),DmsdZ(std)
100.63932124999999,0,98.929069249999998,0,89.175688500000007,0,2.0101062832889482,0,1.9759467892809588,0,1.7811389181091881,0