msdX(mean),msdX(std),msdY(mean),msdY(std),msdZ(mean),msdZ(std),DmsdX(mean),DmsdX(std),DmsdY(mean),DmsdY(std),DmsdZ(mean),DmsdZ(std)
42.967012500000003,0,42.608830500000003,0,38.683860250000002,0,2.148350625,0,2.1304415250000002,0,1.9341930125000002,0