msdX(mean),msdX(std),msdY(mean),msdY(std),msdZ(mean),msdZ(std),DmsdX(mean),DmsdX(std),DmsdY(mean),DmsdY(std),DmsdZ(mean),DmsdZ(std)
1659.5716042500001,0,1491.6033629999999,0,1491.7624424999999,0,1.228705531280849,0,1.1043460239387957,0,1.1044638024432378,0