msdX(mean),msdX(std),msdY(mean),msdY(std),msdZ(mean),msdZ(std),DmsdX(mean),DmsdX(std),DmsdY(mean),DmsdY(std),DmsdZ(mean),DmsdZ(std)
1460.4388635,0,1319.8351290000001,0,1309.0345024999999,0,1.2775752582084332,0,1.1545767151688344,0,1.1451284503120081,0