msdX(mean),msdX(std),msdY(mean),msdY(std),msdZ(mean),msdZ(std),DmsdX(mean),DmsdX(std),DmsdY(mean),DmsdY(std),DmsdZ(mean),DmsdZ(std)
1607.3512865,0,1446.9490377499999,0,1443.8247025000001,0,1.2407507872324002,0,1.1169326660276861,0,1.1145209210323179,0