msdX(mean),msdX(std),msdY(mean),msdY(std),msdZ(mean),msdZ(std),DmsdX(mean),DmsdX(std),DmsdY(mean),DmsdY(std),DmsdZ(mean),DmsdZ(std)
1026.06309225,0,991.59258024999997,0,742.43323874999999,0,0.64295038782479741,0,0.62135051816150055,0,0.46522259926685605,0