msdX(mean),msdX(std),msdY(mean),msdY(std),msdZ(mean),msdZ(std),DmsdX(mean),DmsdX(std),DmsdY(mean),DmsdY(std),DmsdZ(mean),DmsdZ(std)
578.84795699999995,0,566.71854450000001,0,431.17918624999999,0,0.76845024825205765,0,0.75234783321532883,0,0.57241240762456858,0