msdX(mean),msdX(std),msdY(mean),msdY(std),msdZ(mean),msdZ(std),DmsdX(mean),DmsdX(std),DmsdY(mean),DmsdY(std),DmsdZ(mean),DmsdZ(std)
192.03718900000001,0,191.431151,0,149.43508349999999,0,1.0096592481598319,0,1.0064729284963196,0,0.78567341482649844,0