msdX(mean),msdX(std),msdY(mean),msdY(std),msdZ(mean),msdZ(std),DmsdX(mean),DmsdX(std),DmsdY(mean),DmsdY(std),DmsdZ(mean),DmsdZ(std)
2822.8491875,0,2606.67718225,0,1897.0688782499999,0,0.42837511065304262,0,0.39557041563812029,0,0.28788540820223579,0