msdX(mean),msdX(std),msdY(mean),msdY(std),msdZ(mean),msdZ(std),DmsdX(mean),DmsdX(std),DmsdY(mean),DmsdY(std),DmsdZ(mean),DmsdZ(std)
1058.1449727500001,0,1022.253048,0,764.68090199999995,0,0.63595538870302115,0,0.6143839939097685,0,0.45958063666960491,0