msdX(mean),msdX(std),msdY(mean),msdY(std),msdZ(mean),msdZ(std),DmsdX(mean),DmsdX(std),DmsdY(mean),DmsdY(std),DmsdZ(mean),DmsdZ(std)
1316.8983577500001,0,1260.8745542500001,0,939.18821624999998,0,0.59108517209521527,0,0.56593908596157871,0,0.42155131044465721,0