msdX(mean),msdX(std),msdY(mean),msdY(std),msdZ(mean),msdZ(std),DmsdX(mean),DmsdX(std),DmsdY(mean),DmsdY(std),DmsdZ(mean),DmsdZ(std)
2744.0172762500001,0,2537.0632807500001,0,1847.6359695000001,0,0.43414789143997812,0,0.40140442384264879,0,0.29232587828430395,0