msdX(mean),msdX(std),msdY(mean),msdY(std),msdZ(mean),msdZ(std),DmsdX(mean),DmsdX(std),DmsdY(mean),DmsdY(std),DmsdZ(mean),DmsdZ(std)
87.252359999999996,0,87.749992500000005,0,68.999765749999995,0,1.1963303473491773,0,1.2031534620658135,0,0.94606625799817168,0