msdX(mean),msdX(std),msdY(mean),msdY(std),msdZ(mean),msdZ(std),DmsdX(mean),DmsdX(std),DmsdY(mean),DmsdY(std),DmsdZ(mean),DmsdZ(std)
773.53818575000003,0,751.23123974999999,0,567.56816049999998,0,0.70552552512769062,0,0.68517989761948184,0,0.51766523212331261,0