msdX(mean),msdX(std),msdY(mean),msdY(std),msdZ(mean),msdZ(std),DmsdX(mean),DmsdX(std),DmsdY(mean),DmsdY(std),DmsdZ(mean),DmsdZ(std)
90.172541749999993,0,90.783409250000005,0,71.364008249999998,0,1.1864808124999999,0,1.1945185427631579,0,0.9390001085526315,0