msdX(mean),msdX(std),msdY(mean),msdY(std),msdZ(mean),msdZ(std),DmsdX(mean),DmsdX(std),DmsdY(mean),DmsdY(std),DmsdZ(mean),DmsdZ(std)
68.442943749999998,0,69.109648250000006,0,54.435595249999999,0,1.2566023944308444,0,1.268842991126071,0,0.99942953335373308,0