msdX(mean),msdX(std),msdY(mean),msdY(std),msdZ(mean),msdZ(std),DmsdX(mean),DmsdX(std),DmsdY(mean),DmsdY(std),DmsdZ(mean),DmsdZ(std)
445.91788050000002,0,439.27066674999998,0,335.36274900000001,0,0.82638599054855444,0,0.81406721043365449,0,0.62150249999999996,0