msdX(mean),msdX(std),msdY(mean),msdY(std),msdZ(mean),msdZ(std),DmsdX(mean),DmsdX(std),DmsdY(mean),DmsdY(std),DmsdZ(mean),DmsdZ(std)
42.329329999999999,0,42.757792250000001,0,33.922170999999999,0,1.3924121710526316,0,1.4065063240131581,0,1.1158608881578946,0