msdX(mean),msdX(std),msdY(mean),msdY(std),msdZ(mean),msdZ(std),DmsdX(mean),DmsdX(std),DmsdY(mean),DmsdY(std),DmsdZ(mean),DmsdZ(std)
227.93788900000001,0,226.68342375,0,176.22027775000001,0,0.97270791891891895,0,0.96735458214793735,0,0.7520068751778094,0