msdX(mean),msdX(std),msdY(mean),msdY(std),msdZ(mean),msdZ(std),DmsdX(mean),DmsdX(std),DmsdY(mean),DmsdY(std),DmsdZ(mean),DmsdZ(std)
161.99778825000001,0,161.55012099999999,0,126.380207,0,1.0492084731217617,0,1.0463090738341967,0,0.81852465673575125,0