msdX(mean),msdX(std),msdY(mean),msdY(std),msdZ(mean),msdZ(std),DmsdX(mean),DmsdX(std),DmsdY(mean),DmsdY(std),DmsdZ(mean),DmsdZ(std)
70.919482000000002,0,71.506733499999996,0,56.335171750000001,0,1.2485824295774648,0,1.2589213644366197,0,0.99181640404929583,0