msdX(mean),msdX(std),msdY(mean),msdY(std),msdZ(mean),msdZ(std),DmsdX(mean),DmsdX(std),DmsdY(mean),DmsdY(std),DmsdZ(mean),DmsdZ(std)
3146.39071625,0,2903.2570285000002,0,2095.76095975,0,0.40410528845330546,0,0.37287852169687735,0,0.26916812422404124,0