msdX(mean),msdX(std),msdY(mean),msdY(std),msdZ(mean),msdZ(std),DmsdX(mean),DmsdX(std),DmsdY(mean),DmsdY(std),DmsdZ(mean),DmsdZ(std)
431.72983749999997,0,424.8476435,0,325.20655749999997,0,0.83420682242689681,0,0.82090875338142477,0,0.62837799336596678,0