msdX(mean),msdX(std),msdY(mean),msdY(std),msdZ(mean),msdZ(std),DmsdX(mean),DmsdX(std),DmsdY(mean),DmsdY(std),DmsdZ(mean),DmsdZ(std)
460.76147324999999,0,453.72494175000003,0,346.108227,0,0.81908296974994077,0,0.80657432166982712,0,0.61526705439677654,0