msdX(mean),msdX(std),msdY(mean),msdY(std),msdZ(mean),msdZ(std),DmsdX(mean),DmsdX(std),DmsdY(mean),DmsdY(std),DmsdZ(mean),DmsdZ(std)
107.235623,0,107.68905549999999,0,84.479365749999999,0,1.1456797329059831,0,1.1505240972222222,0,0.90255732638888897,0