msdX(mean),msdX(std),msdY(mean),msdY(std),msdZ(mean),msdZ(std),DmsdX(mean),DmsdX(std),DmsdY(mean),DmsdY(std),DmsdZ(mean),DmsdZ(std)
2523.5214262499999,0,2340.2233385,0,1711.8430559999999,0,0.45248184701336425,0,0.41961544990795641,0,0.30694326575499664,0