msdX(mean),msdX(std),msdY(mean),msdY(std),msdZ(mean),msdZ(std),DmsdX(mean),DmsdX(std),DmsdY(mean),DmsdY(std),DmsdZ(mean),DmsdZ(std)
3232.2051510000001,0,2977.95511975,0,2149.55755525,0,0.39816923799942511,0,0.36684865762945018,0,0.26479992878700775,0