msdX(mean),msdX(std),msdY(mean),msdY(std),msdZ(mean),msdZ(std),DmsdX(mean),DmsdX(std),DmsdY(mean),DmsdY(std),DmsdZ(mean),DmsdZ(std)
559.83260849999999,0,549.07779525000001,0,418.00315124999997,0,0.77481907432183061,0,0.75993420638032849,0,0.57852438353478497,0