msdX(mean),msdX(std),msdY(mean),msdY(std),msdZ(mean),msdZ(std),DmsdX(mean),DmsdX(std),DmsdY(mean),DmsdY(std),DmsdZ(mean),DmsdZ(std)
507.51102100000003,0,498.79888449999999,0,380.52678424999999,0,0.79605409547213224,0,0.78238871353131867,0,0.59687355053330549,0