msdX(mean),msdX(std),msdY(mean),msdY(std),msdZ(mean),msdZ(std),DmsdX(mean),DmsdX(std),DmsdY(mean),DmsdY(std),DmsdZ(mean),DmsdZ(std)
404.39922250000001,0,397.87460549999997,0,305.27333375000001,0,0.84934028808457018,0,0.83563694798375798,0,0.6411509389876785,0