msdX(mean),msdX(std),msdY(mean),msdY(std),msdZ(mean),msdZ(std),DmsdX(mean),DmsdX(std),DmsdY(mean),DmsdY(std),DmsdZ(mean),DmsdZ(std)
220.2841875,0,219.08325024999999,0,170.67321774999999,0,0.98020255487985763,0,0.97485872256007122,0,0.75944772063185995,0