msdX(mean),msdX(std),msdY(mean),msdY(std),msdZ(mean),msdZ(std),DmsdX(mean),DmsdX(std),DmsdY(mean),DmsdY(std),DmsdZ(mean),DmsdZ(std)
342.56936999999999,0,338.374528,0,259.41824274999999,0,0.88626087443946189,0,0.87540840289755095,0,0.67114067631079688,0