msdX(mean),msdX(std),msdY(mean),msdY(std),msdZ(mean),msdZ(std),DmsdX(mean),DmsdX(std),DmsdY(mean),DmsdY(std),DmsdZ(mean),DmsdZ(std)
1126.9832345,0,1085.9542724999999,0,812.33456000000001,0,0.62312464585867522,0,0.60043916427070654,0,0.44915103394891076,0