msdX(mean),msdX(std),msdY(mean),msdY(std),msdZ(mean),msdZ(std),DmsdX(mean),DmsdX(std),DmsdY(mean),DmsdY(std),DmsdZ(mean),DmsdZ(std)
51.981999500000001,0,52.513236999999997,0,41.508934250000003,0,1.3328717820512821,0,1.3464932564102563,0,1.0643316474358975,0