msdX(mean),msdX(std),msdY(mean),msdY(std),msdZ(mean),msdZ(std),DmsdX(mean),DmsdX(std),DmsdY(mean),DmsdY(std),DmsdZ(mean),DmsdZ(std)
244.06112275000001,0,242.62790325,0,188.02495099999999,0,0.95810438137922016,0,0.95247802898455902,0,0.73812464407223244,0