msdX(mean),msdX(std),msdY(mean),msdY(std),msdZ(mean),msdZ(std),DmsdX(mean),DmsdX(std),DmsdY(mean),DmsdY(std),DmsdZ(mean),DmsdZ(std)
366.13910325000001,0,361.43646100000001,0,277.24997024999999,0,0.87148310833862264,0,0.86028989447794357,0,0.65990948171215491,0