msdX(mean),msdX(std),msdY(mean),msdY(std),msdZ(mean),msdZ(std),DmsdX(mean),DmsdX(std),DmsdY(mean),DmsdY(std),DmsdZ(mean),DmsdZ(std)
391.12979775000002,0,385.38876749999997,0,295.38462774999999,0,0.85648860821167883,0,0.84391700912408751,0,0.64682765200729919,0