msdX(mean),msdX(std),msdY(mean),msdY(std),msdZ(mean),msdZ(std),DmsdX(mean),DmsdX(std),DmsdY(mean),DmsdY(std),DmsdZ(mean),DmsdZ(std)
354.32018699999998,0,349.88573650000001,0,268.39385475,0,0.87935188699536726,0,0.86834646715751163,0,0.66609990424387822,0