msdX(mean),msdX(std),msdY(mean),msdY(std),msdZ(mean),msdZ(std),DmsdX(mean),DmsdX(std),DmsdY(mean),DmsdY(std),DmsdZ(mean),DmsdZ(std)
252.56451375,0,250.90656799999999,0,194.22397050000001,0,0.95115935381621908,0,0.94491552096409748,0,0.73144854569420048,0