msdX(mean),msdX(std),msdY(mean),msdY(std),msdZ(mean),msdZ(std),DmsdX(mean),DmsdX(std),DmsdY(mean),DmsdY(std),DmsdZ(mean),DmsdZ(std)
679.82980625000005,0,664.58678099999997,0,502.70255350000002,0,0.73262785356347448,0,0.71620099971262308,0,0.54174425623248801,0