msdX(mean),msdX(std),msdY(mean),msdY(std),msdZ(mean),msdZ(std),DmsdX(mean),DmsdX(std),DmsdY(mean),DmsdY(std),DmsdZ(mean),DmsdZ(std)
2315.6069877499999,0,2155.4368812500002,0,1581.9762747499999,0,0.47054343601406179,0,0.43799603368803941,0,0.32146584284446672,0