msdX(mean),msdX(std),msdY(mean),msdY(std),msdZ(mean),msdZ(std),DmsdX(mean),DmsdX(std),DmsdY(mean),DmsdY(std),DmsdZ(mean),DmsdZ(std)
110.89683024999999,0,111.374354,0,87.414789249999998,0,1.1362380148565574,0,1.1411306762295081,0,0.89564333247950823,0