msdX(mean),msdX(std),msdY(mean),msdY(std),msdZ(mean),msdZ(std),DmsdX(mean),DmsdX(std),DmsdY(mean),DmsdY(std),DmsdZ(mean),DmsdZ(std)
658.49087525000004,0,644.27777400000002,0,487.31739850000002,0,0.73982197054527765,0,0.72385339000823912,0,0.54750662703168307,0