msdX(mean),msdX(std),msdY(mean),msdY(std),msdZ(mean),msdZ(std),DmsdX(mean),DmsdX(std),DmsdY(mean),DmsdY(std),DmsdZ(mean),DmsdZ(std)
61.788704750000001,0,62.357981500000001,0,49.098507750000003,0,1.2854792943828017,0,1.2973227773925105,0,1.0214668741331485,0