msdX(mean),msdX(std),msdY(mean),msdY(std),msdZ(mean),msdZ(std),DmsdX(mean),DmsdX(std),DmsdY(mean),DmsdY(std),DmsdZ(mean),DmsdZ(std)
34.433504499999998,0,34.778002000000001,0,27.583247,0,1.4549368098591549,0,1.4694930422535211,0,1.1654893098591548,0