msdX(mean),msdX(std),msdY(mean),msdY(std),msdZ(mean),msdZ(std),DmsdX(mean),DmsdX(std),DmsdY(mean),DmsdY(std),DmsdZ(mean),DmsdZ(std)
598.33920375000002,0,585.62003649999997,0,444.67542774999998,0,0.76189202514855692,0,0.74569614155348041,0,0.56622507778013575,0