msdX(mean),msdX(std),msdY(mean),msdY(std),msdZ(mean),msdZ(std),DmsdX(mean),DmsdX(std),DmsdY(mean),DmsdY(std),DmsdZ(mean),DmsdZ(std)
3694.9996192499998,0,3396.9971114999998,0,2429.2183877500001,0,0.36949996192499995,0,0.33969971114999997,0,0.24292183877500001,0