msdX(mean),msdX(std),msdY(mean),msdY(std),msdZ(mean),msdZ(std),DmsdX(mean),DmsdX(std),DmsdY(mean),DmsdY(std),DmsdZ(mean),DmsdZ(std)
84.211199500000006,0,84.748289999999997,0,66.647980500000003,0,1.2041639585319353,0,1.2118439942802668,0,0.95302164680648238,0