msdX(mean),msdX(std),msdY(mean),msdY(std),msdZ(mean),msdZ(std),DmsdX(mean),DmsdX(std),DmsdY(mean),DmsdY(std),DmsdZ(mean),DmsdZ(std)
36.852169500000002,0,37.307319749999998,0,29.57929275,0,1.4320791256476684,0,1.4497663115284973,0,1.149454381476684,0