msdX(mean),msdX(std),msdY(mean),msdY(std),msdZ(mean),msdZ(std),DmsdX(mean),DmsdX(std),DmsdY(mean),DmsdY(std),DmsdZ(mean),DmsdZ(std)
1163.86679125,0,1119.75317075,0,835.74492250000003,0,0.61723949472316508,0,0.59384449021531605,0,0.44322492707891392,0