msdX(mean),msdX(std),msdY(mean),msdY(std),msdZ(mean),msdZ(std),DmsdX(mean),DmsdX(std),DmsdY(mean),DmsdY(std),DmsdZ(mean),DmsdZ(std)
93.346072500000005,0,94.050354249999998,0,73.837314000000006,0,1.1776207632464257,0,1.1865057306560134,0,0.93150522287636683,0