msdX(mean),msdX(std),msdY(mean),msdY(std),msdZ(mean),msdZ(std),DmsdX(mean),DmsdX(std),DmsdY(mean),DmsdY(std),DmsdZ(mean),DmsdZ(std)
1357.8507722500001,0,1299.31392575,0,967.12513449999994,0,0.58455820634704247,0,0.55935794524725191,0,0.41634982686622846,0