msdX(mean),msdX(std),msdY(mean),msdY(std),msdZ(mean),msdZ(std),DmsdX(mean),DmsdX(std),DmsdY(mean),DmsdY(std),DmsdZ(mean),DmsdZ(std)
2978.338612,0,2752.9440907500002,0,1994.16103125,0,0.41579873403819662,0,0.38433194372184581,0,0.27840005462147721,0