msdX(mean),msdX(std),msdY(mean),msdY(std),msdZ(mean),msdZ(std),DmsdX(mean),DmsdX(std),DmsdY(mean),DmsdY(std),DmsdZ(mean),DmsdZ(std)
331.07002725000001,0,327.412735,0,251.39713775000001,0,0.89301391993346524,0,0.88314889857939216,0,0.67810772635317385,0