msdX(mean),msdX(std),msdY(mean),msdY(std),msdZ(mean),msdZ(std),DmsdX(mean),DmsdX(std),DmsdY(mean),DmsdY(std),DmsdZ(mean),DmsdZ(std)
1535.08893825,0,1462.20220875,0,1080.9074264999999,0,0.55931244562049109,0,0.53275603321066822,0,0.3938305860598994,0