msdX(mean),msdX(std),msdY(mean),msdY(std),msdZ(mean),msdZ(std),DmsdX(mean),DmsdX(std),DmsdY(mean),DmsdY(std),DmsdZ(mean),DmsdZ(std)
1947.04411325,0,1828.5231167500001,0,1348.88786925,0,0.5081454841017834,0,0.47721351459330147,0,0.3520368514789039,0