msdX(mean),msdX(std),msdY(mean),msdY(std),msdZ(mean),msdZ(std),DmsdX(mean),DmsdX(std),DmsdY(mean),DmsdY(std),DmsdZ(mean),DmsdZ(std)
1630.4284975,0,1548.7646950000001,0,1144.1576237500001,0,0.54651234553072625,0,0.51913900391061452,0,0.38351652192737429,0