msdX(mean),msdX(std),msdY(mean),msdY(std),msdZ(mean),msdZ(std),DmsdX(mean),DmsdX(std),DmsdY(mean),DmsdY(std),DmsdZ(mean),DmsdZ(std)
1277.4967584999999,0,1225.0653482499999,0,913.08277275,0,0.59781778802957508,0,0.57328196867005676,0,0.42728650375148186,0