msdX(mean),msdX(std),msdY(mean),msdY(std),msdZ(mean),msdZ(std),DmsdX(mean),DmsdX(std),DmsdY(mean),DmsdY(std),DmsdZ(mean),DmsdZ(std)
825.09768225000005,0,799.31932200000006,0,603.16630950000001,0,0.69231220192146337,0,0.67068243161604302,0,0.5060969202047324,0