msdX(mean),msdX(std),msdY(mean),msdY(std),msdZ(mean),msdZ(std),DmsdX(mean),DmsdX(std),DmsdY(mean),DmsdY(std),DmsdZ(mean),DmsdZ(std)
73.441961500000005,0,74.001387500000007,0,58.300049999999999,0,1.2405736739864868,0,1.2500234375000001,0,0.98479814189189196,0