msdX(mean),msdX(std),msdY(mean),msdY(std),msdZ(mean),msdZ(std),DmsdX(mean),DmsdX(std),DmsdY(mean),DmsdY(std),DmsdZ(mean),DmsdZ(std)
1730.62978075,0,1637.3244064999999,0,1209.5778969999999,0,0.53367281440803405,0,0.50490031654092049,0,0.37299649394568585,0