msdX(mean),msdX(std),msdY(mean),msdY(std),msdZ(mean),msdZ(std),DmsdX(mean),DmsdX(std),DmsdY(mean),DmsdY(std),DmsdZ(mean),DmsdZ(std)
995.48454374999994,0,962.22077349999995,0,720.0393325,0,0.65036011133493021,0,0.62862855411585361,0,0.47040897158101042,0