msdX(mean),msdX(std),msdY(mean),msdY(std),msdZ(mean),msdZ(std),DmsdX(mean),DmsdX(std),DmsdY(mean),DmsdY(std),DmsdZ(mean),DmsdZ(std)
646.65342050000004,0,653.33853775,0,562.06802875000005,0,1.4160293879562045,0,1.4306683308394159,0,1.2308059023722628,0