msdX(mean),msdX(std),msdY(mean),msdY(std),msdZ(mean),msdZ(std),DmsdX(mean),DmsdX(std),DmsdY(mean),DmsdY(std),DmsdZ(mean),DmsdZ(std)
104.21080499999999,0,104.39423524999999,0,92.020497500000005,0,1.9132950734394123,0,1.9166628258873928,0,1.6894828182374542,0