msdX(mean),msdX(std),msdY(mean),msdY(std),msdZ(mean),msdZ(std),DmsdX(mean),DmsdX(std),DmsdY(mean),DmsdY(std),DmsdZ(mean),DmsdZ(std)
5055.5273809999999,0,5182.6008707499996,0,4309.30865275,0,0.86945402624428159,0,0.89130823629312406,0,0.74111867587624247,0