msdX(mean),msdX(std),msdY(mean),msdY(std),msdZ(mean),msdZ(std),DmsdX(mean),DmsdX(std),DmsdY(mean),DmsdY(std),DmsdZ(mean),DmsdZ(std)
345.35352074999997,0,346.12787650000001,0,300.63539850000001,0,1.6018252353896103,0,1.605416866883117,0,1.3944127945269018,0