msdX(mean),msdX(std),msdY(mean),msdY(std),msdZ(mean),msdZ(std),DmsdX(mean),DmsdX(std),DmsdY(mean),DmsdY(std),DmsdZ(mean),DmsdZ(std)
3375.351404,0,3450.5415159999998,0,2897.7147289999998,0,0.95754649758865251,0,0.97887702581560276,0,0.82204673163120567,0