msdX(mean),msdX(std),msdY(mean),msdY(std),msdZ(mean),msdZ(std),DmsdX(mean),DmsdX(std),DmsdY(mean),DmsdY(std),DmsdZ(mean),DmsdZ(std)
881.73941149999996,0,888.57466850000003,0,764.31305450000002,0,1.326588883901705,0,1.3368726206118355,0,1.1499193397693079,0