msdX(mean),msdX(std),msdY(mean),msdY(std),msdZ(mean),msdZ(std),DmsdX(mean),DmsdX(std),DmsdY(mean),DmsdY(std),DmsdZ(mean),DmsdZ(std)
5231.3855489999996,0,5364.9247597499998,0,4453.8325897499999,0,0.862942169430576,0,0.8849701035503772,0,0.73468107469428379,0