msdX(mean),msdX(std),msdY(mean),msdY(std),msdZ(mean),msdZ(std),DmsdX(mean),DmsdX(std),DmsdY(mean),DmsdY(std),DmsdZ(mean),DmsdZ(std)
96.71302575,0,96.770987750000003,0,85.431224499999999,0,1.9316849350865515,0,1.9328426314913452,0,1.7063493575233024,0