msdX(mean),msdX(std),msdY(mean),msdY(std),msdZ(mean),msdZ(std),DmsdX(mean),DmsdX(std),DmsdY(mean),DmsdY(std),DmsdZ(mean),DmsdZ(std)
3263.1909664999998,0,3335.5609702500001,0,2803.35275925,0,0.96515556536527647,0,0.98656047626441878,0,0.8291489971162378,0