msdX(mean),msdX(std),msdY(mean),msdY(std),msdZ(mean),msdZ(std),DmsdX(mean),DmsdX(std),DmsdY(mean),DmsdY(std),DmsdZ(mean),DmsdZ(std)
5993.3519967499997,0,6155.3306442499998,0,5080.1743487499998,0,0.83671754543064292,0,0.85933099720552097,0,0.70923099690303781,0