msdX(mean),msdX(std),msdY(mean),msdY(std),msdZ(mean),msdZ(std),DmsdX(mean),DmsdX(std),DmsdY(mean),DmsdY(std),DmsdZ(mean),DmsdZ(std)
1321.5011722500001,0,1338.7925395,0,1144.3418307500001,0,1.205309350829989,0,1.2210803899124405,0,1.0437265876960964,0