msdX(mean),msdX(std),msdY(mean),msdY(std),msdZ(mean),msdZ(std),DmsdX(mean),DmsdX(std),DmsdY(mean),DmsdY(std),DmsdZ(mean),DmsdZ(std)
80.221506500000004,0,80.339998750000007,0,71.132727250000002,0,1.9726599959016395,0,1.9755737397540987,0,1.7491654241803281,0