msdX(mean),msdX(std),msdY(mean),msdY(std),msdZ(mean),msdZ(std),DmsdX(mean),DmsdX(std),DmsdY(mean),DmsdY(std),DmsdZ(mean),DmsdZ(std)
112.39653275000001,0,112.4309295,0,98.927838750000006,0,1.8985900802364868,0,1.8991711064189192,0,1.6710783572635137,0