msdX(mean),msdX(std),msdY(mean),msdY(std),msdZ(mean),msdZ(std),DmsdX(mean),DmsdX(std),DmsdY(mean),DmsdY(std),DmsdZ(mean),DmsdZ(std)
544.64902674999996,0,549.38709825000001,0,473.25030049999998,0,1.4691126418360005,0,1.4818929102229814,0,1.2765248170293111,0