msdX(mean),msdX(std),msdY(mean),msdY(std),msdZ(mean),msdZ(std),DmsdX(mean),DmsdX(std),DmsdY(mean),DmsdY(std),DmsdZ(mean),DmsdZ(std)
583.85831425000003,0,588.82838500000003,0,506.96030074999999,0,1.4490196415866976,0,1.4613543638318995,0,1.2581741415039709,0