msdX(mean),msdX(std),msdY(mean),msdY(std),msdZ(mean),msdZ(std),DmsdX(mean),DmsdX(std),DmsdY(mean),DmsdY(std),DmsdZ(mean),DmsdZ(std)
6199.7022172500001,0,6369.3447580000002,0,5249.9032340000003,0,0.83016901677155863,0,0.85288494349223354,0,0.70298650696304232,0