msdX(mean),msdX(std),msdY(mean),msdY(std),msdZ(mean),msdZ(std),DmsdX(mean),DmsdX(std),DmsdY(mean),DmsdY(std),DmsdZ(mean),DmsdZ(std)
108.27258925,0,108.33396424999999,0,95.416602999999995,0,1.9062075572183099,0,1.9072881029929578,0,1.6798697711267605,0