msdX(mean),msdX(std),msdY(mean),msdY(std),msdZ(mean),msdZ(std),DmsdX(mean),DmsdX(std),DmsdY(mean),DmsdY(std),DmsdZ(mean),DmsdZ(std)
2410.6891517499998,0,2461.66146325,0,2081.0461532499999,0,1.037807802894412,0,1.0597515124630486,0,0.89589565475848798,0