msdX(mean),msdX(std),msdY(mean),msdY(std),msdZ(mean),msdZ(std),DmsdX(mean),DmsdX(std),DmsdY(mean),DmsdY(std),DmsdZ(mean),DmsdZ(std)
2329.1795177499998,0,2379.6385032500002,0,2012.25589375,0,1.0454439919282443,0,1.0680923291765163,0,0.90319394375205719,0