msdX(mean),msdX(std),msdY(mean),msdY(std),msdZ(mean),msdZ(std),DmsdX(mean),DmsdX(std),DmsdY(mean),DmsdY(std),DmsdZ(mean),DmsdZ(std)
795.02818475000004,0,803.57929375000003,0,689.68897775000005,0,1.3554697398556492,0,1.3700488072573314,0,1.1758734560411459,0