msdX(mean),msdX(std),msdY(mean),msdY(std),msdZ(mean),msdZ(std),DmsdX(mean),DmsdX(std),DmsdY(mean),DmsdY(std),DmsdZ(mean),DmsdZ(std)
150.84365224999999,0,151.21218625,0,132.12271799999999,0,1.8261943371670701,0,1.8306560078692495,0,1.5995486440677966,0