msdX(mean),msdX(std),msdY(mean),msdY(std),msdZ(mean),msdZ(std),DmsdX(mean),DmsdX(std),DmsdY(mean),DmsdY(std),DmsdZ(mean),DmsdZ(std)
3157.5619035,0,3227.2369302500001,0,2711.4043120000001,0,0.97369464367946057,0,0.99518027164751355,0,0.83611341159056807,0