msdX(mean),msdX(std),msdY(mean),msdY(std),msdZ(mean),msdZ(std),DmsdX(mean),DmsdX(std),DmsdY(mean),DmsdY(std),DmsdZ(mean),DmsdZ(std)
3991.0331957499998,0,4086.3488645000002,0,3414.9651319999998,0,0.91909876312658323,0,0.94104909752821075,0,0.78643551055500116,0