msdX(mean),msdX(std),msdY(mean),msdY(std),msdZ(mean),msdZ(std),DmsdX(mean),DmsdX(std),DmsdY(mean),DmsdY(std),DmsdZ(mean),DmsdZ(std)
6633.1017607499998,0,6821.5437695000001,0,5610.3875842500001,0,0.8171192576787254,0,0.84033307224982545,0,0.6911330330041473,0