msdX(mean),msdX(std),msdY(mean),msdY(std),msdZ(mean),msdZ(std),DmsdX(mean),DmsdX(std),DmsdY(mean),DmsdY(std),DmsdZ(mean),DmsdZ(std)
63.827342999999999,0,64.049668999999994,0,57.022971499999997,0,2.0156003052631579,0,2.0226211263157894,0,1.8007254157894734,0