msdX(mean),msdX(std),msdY(mean),msdY(std),msdZ(mean),msdZ(std),DmsdX(mean),DmsdX(std),DmsdY(mean),DmsdY(std),DmsdZ(mean),DmsdZ(std)
1971.09798275,0,2009.4433329999999,0,1705.1383599999999,0,1.0898473862379743,0,1.1110490617051862,0,0.94279462567731953,0