msdX(mean),msdX(std),msdY(mean),msdY(std),msdZ(mean),msdZ(std),DmsdX(mean),DmsdX(std),DmsdY(mean),DmsdY(std),DmsdZ(mean),DmsdZ(std)
93.223294999999993,0,93.285161250000002,0,82.376810250000005,0,1.9394582871012482,0,1.9407453796809988,0,1.7138032645631069,0