msdX(mean),msdX(std),msdY(mean),msdY(std),msdZ(mean),msdZ(std),DmsdX(mean),DmsdX(std),DmsdY(mean),DmsdY(std),DmsdZ(mean),DmsdZ(std)
490.89579750000001,0,494.35081500000001,0,426.81454274999999,0,1.5005985250662319,0,1.511160021398003,0,1.3047112576421438,0