msdX(mean),msdX(std),msdY(mean),msdY(std),msdZ(mean),msdZ(std),DmsdX(mean),DmsdX(std),DmsdY(mean),DmsdY(std),DmsdZ(mean),DmsdZ(std)
5597.5515072500002,0,5748.5326224999999,0,4759.8531640000001,0,0.84944380200060698,0,0.87235560056148509,0,0.7223207796044312,0