msdX(mean),msdX(std),msdY(mean),msdY(std),msdZ(mean),msdZ(std),DmsdX(mean),DmsdX(std),DmsdY(mean),DmsdY(std),DmsdZ(mean),DmsdZ(std)
1461.8792922499999,0,1481.4900104999999,0,1265.2627982500001,0,1.1765312471161069,0,1.1923140979450584,0,1.0182928411712631,0