msdX(mean),msdX(std),msdY(mean),msdY(std),msdZ(mean),msdZ(std),DmsdX(mean),DmsdX(std),DmsdY(mean),DmsdY(std),DmsdZ(mean),DmsdZ(std)
310.03542924999999,0,311.26827175,0,270.38128275000003,0,1.630049575446898,0,1.6365313972134596,0,1.4215630007886437,0