msdX(mean),msdX(std),msdY(mean),msdY(std),msdZ(mean),msdZ(std),DmsdX(mean),DmsdX(std),DmsdY(mean),DmsdY(std),DmsdZ(mean),DmsdZ(std)
2038.0321965000001,0,2078.3203477500001,0,1762.89635,0,1.0808401551230378,0,1.1022063787388632,0,0.93492593869325413,0