msdX(mean),msdX(std),msdY(mean),msdY(std),msdZ(mean),msdZ(std),DmsdX(mean),DmsdX(std),DmsdY(mean),DmsdY(std),DmsdZ(mean),DmsdZ(std)
3734.3738050000002,0,3817.8815089999998,0,3196.6223869999999,0,0.93480870256333248,0,0.95571280389506363,0,0.80019585135676385,0