msdX(mean),msdX(std),msdY(mean),msdY(std),msdZ(mean),msdZ(std),DmsdX(mean),DmsdX(std),DmsdY(mean),DmsdY(std),DmsdZ(mean),DmsdZ(std)
2179.8286262500001,0,2225.3295450000001,0,1883.09828025,0,1.0635039646690521,0,1.085703144413726,0,0.91873391457960651,0