msdX(mean),msdX(std),msdY(mean),msdY(std),msdZ(mean),msdZ(std),DmsdX(mean),DmsdX(std),DmsdY(mean),DmsdY(std),DmsdZ(mean),DmsdZ(std)
692.87315624999997,0,699.72785950000002,0,601.39217900000006,0,1.3957960440169219,0,1.409604874093473,0,1.211507209911362,0