msdX(mean),msdX(std),msdY(mean),msdY(std),msdZ(mean),msdZ(std),DmsdX(mean),DmsdX(std),DmsdY(mean),DmsdY(std),DmsdZ(mean),DmsdZ(std)
911.70599824999999,0,919.87561349999999,0,790.24724824999998,0,1.315593071067821,0,1.3273818376623376,0,1.1403279195526694,0