msdX(mean),msdX(std),msdY(mean),msdY(std),msdZ(mean),msdZ(std),DmsdX(mean),DmsdX(std),DmsdY(mean),DmsdY(std),DmsdZ(mean),DmsdZ(std)
145.36110124999999,0,145.82537450000001,0,127.51673024999999,0,1.8338238172834314,0,1.8396809230445754,0,1.6087055960891505,0