msdX(mean),msdX(std),msdY(mean),msdY(std),msdZ(mean),msdZ(std),DmsdX(mean),DmsdX(std),DmsdY(mean),DmsdY(std),DmsdZ(mean),DmsdZ(std)
224.84771875000001,0,225.67714100000001,0,196.1490435,0,1.7207733577806126,0,1.7271209770408165,0,1.5011406390306123,0