msdX(mean),msdX(std),msdY(mean),msdY(std),msdZ(mean),msdZ(std),DmsdX(mean),DmsdX(std),DmsdY(mean),DmsdY(std),DmsdZ(mean),DmsdZ(std)
625.36166000000003,0,630.97955750000006,0,543.06191175000004,0,1.4277663470319635,0,1.4405925970319635,0,1.2398673784246577,0