msdX(mean),msdX(std),msdY(mean),msdY(std),msdZ(mean),msdZ(std),DmsdX(mean),DmsdX(std),DmsdY(mean),DmsdY(std),DmsdZ(mean),DmsdZ(std)
100.3609075,0,100.46423274999999,0,88.620602250000005,0,1.9226227490421457,0,1.9246021599616858,0,1.6977126867816095,0