msdX(mean),msdX(std),msdY(mean),msdY(std),msdZ(mean),msdZ(std),DmsdX(mean),DmsdX(std),DmsdY(mean),DmsdY(std),DmsdZ(mean),DmsdZ(std)
1615.2536877499999,0,1640.0175325,0,1396.3759527499999,0,1.1470342904061923,0,1.1646197503905695,0,0.99160343186337152,0