msdX(mean),msdX(std),msdY(mean),msdY(std),msdZ(mean),msdZ(std),DmsdX(mean),DmsdX(std),DmsdY(mean),DmsdY(std),DmsdZ(mean),DmsdZ(std)
299.245023,0,300.43862224999998,0,260.99747875000003,0,1.6399982992327367,0,1.6465397638838142,0,1.4303844286627696,0