msdX(mean),msdX(std),msdY(mean),msdY(std),msdZ(mean),msdZ(std),DmsdX(mean),DmsdX(std),DmsdY(mean),DmsdY(std),DmsdZ(mean),DmsdZ(std)
1841.8815637499999,0,1878.6565525000001,0,1594.5043127500001,0,1.1069886792311083,0,1.1290908040508054,0,0.95831255273860094,0