msdX(mean),msdX(std),msdY(mean),msdY(std),msdZ(mean),msdZ(std),DmsdX(mean),DmsdX(std),DmsdY(mean),DmsdY(std),DmsdZ(mean),DmsdZ(std)
1511.7933304999999,0,1533.0603442500001,0,1307.9025702500001,0,1.1669874412052283,0,1.1834039297936394,0,1.0095995550509469,0