msdX(mean),msdX(std),msdY(mean),msdY(std),msdZ(mean),msdZ(std),DmsdX(mean),DmsdX(std),DmsdY(mean),DmsdY(std),DmsdZ(mean),DmsdZ(std)
426.75839000000002,0,428.976091,0,371.00460700000002,0,1.5413859499157236,0,1.5493959463038767,0,1.3400118239826633,0