msdX(mean),msdX(std),msdY(mean),msdY(std),msdZ(mean),msdZ(std),DmsdX(mean),DmsdX(std),DmsdY(mean),DmsdY(std),DmsdZ(mean),DmsdZ(std)
717.26419599999997,0,724.3689885,0,622.62167375000001,0,1.3859284992915111,0,1.3996566826613424,0,1.2030561775408992,0