msdX(mean),msdX(std),msdY(mean),msdY(std),msdZ(mean),msdZ(std),DmsdX(mean),DmsdX(std),DmsdY(mean),DmsdY(std),DmsdZ(mean),DmsdZ(std)
943.44597699999997,0,952.49145999999996,0,818.21299699999997,0,1.3057473385310943,0,1.318266460601587,0,1.1324224907732054,0