msdX(mean),msdX(std),msdY(mean),msdY(std),msdZ(mean),msdZ(std),DmsdX(mean),DmsdX(std),DmsdY(mean),DmsdY(std),DmsdZ(mean),DmsdZ(std)
742.67345950000004,0,750.24276699999996,0,644.42252025000005,0,1.3763407329503337,0,1.3903683598962193,0,1.1942596742957747,0