msdX(mean),msdX(std),msdY(mean),msdY(std),msdZ(mean),msdZ(std),DmsdX(mean),DmsdX(std),DmsdY(mean),DmsdY(std),DmsdZ(mean),DmsdZ(std)
233.26467425000001,0,234.0604175,0,203.31657874999999,0,1.711824908879648,0,1.7176645119863017,0,1.4920492569716244,0