msdX(mean),msdX(std),msdY(mean),msdY(std),msdZ(mean),msdZ(std),DmsdX(mean),DmsdX(std),DmsdY(mean),DmsdY(std),DmsdZ(mean),DmsdZ(std)
2853.3351499999999,0,2917.5762220000001,0,2452.9624747500002,0,0.99715826965192667,0,1.0196086699128653,0,0.85723957693607011,0