msdX(mean),msdX(std),msdY(mean),msdY(std),msdZ(mean),msdZ(std),DmsdX(mean),DmsdX(std),DmsdY(mean),DmsdY(std),DmsdZ(mean),DmsdZ(std)
2665.1946387500002,0,2725.6092100000001,0,2297.2969115000001,0,1.0124324355167524,0,1.0353822308607896,0,0.87267844284194795,0