msdX(mean),msdX(std),msdY(mean),msdY(std),msdZ(mean),msdZ(std),DmsdX(mean),DmsdX(std),DmsdY(mean),DmsdY(std),DmsdZ(mean),DmsdZ(std)
357.63099549999998,0,358.73620925,0,311.39908000000003,0,1.5913571440225454,0,1.5962750337436964,0,1.3856381489172354,0