msdX(mean),msdX(std),msdY(mean),msdY(std),msdZ(mean),msdZ(std),DmsdX(mean),DmsdX(std),DmsdY(mean),DmsdY(std),DmsdZ(mean),DmsdZ(std)
281.76121328124998,0,272.07245039062502,0,269.53709960937499,0,1.9830701228005863,0,1.914879416239003,0,1.8970353051686215,0