msdX(mean),msdX(std),msdY(mean),msdY(std),msdZ(mean),msdZ(std),DmsdX(mean),DmsdX(std),DmsdY(mean),DmsdY(std),DmsdZ(mean),DmsdZ(std)
3283.357541015625,0,2958.292959375,0,3023.8853085937499,0,1.35576723273044,0,1.221541245214848,0,1.2486257027183965,0