msdX(mean),msdX(std),msdY(mean),msdY(std),msdZ(mean),msdZ(std),DmsdX(mean),DmsdX(std),DmsdY(mean),DmsdY(std),DmsdZ(mean),DmsdZ(std)
513.42556367187501,0,489.85093164062499,0,488.68681523437499,0,1.8543586949774267,0,1.7692132971218961,0,1.7650088134875845,0