msdX(mean),msdX(std),msdY(mean),msdY(std),msdZ(mean),msdZ(std),DmsdX(mean),DmsdX(std),DmsdY(mean),DmsdY(std),DmsdZ(mean),DmsdZ(std)
1030.30865546875,0,967.07753437500003,0,967.59209335937499,0,1.6847152261113949,0,1.5813224885028105,0,1.5821638726366889,0