msdX(mean),msdX(std),msdY(mean),msdY(std),msdZ(mean),msdZ(std),DmsdX(mean),DmsdX(std),DmsdY(mean),DmsdY(std),DmsdZ(mean),DmsdZ(std)
8929.1081671874999,0,7774.6056949218746,0,7996.7803453124998,0,1.0999542975105863,0,0.95773405198575634,0,0.98510318638521743,0