msdX(mean),msdX(std),msdY(mean),msdY(std),msdZ(mean),msdZ(std),DmsdX(mean),DmsdX(std),DmsdY(mean),DmsdY(std),DmsdZ(mean),DmsdZ(std)
75.608603125000002,0,74.361575781249996,0,73.636468750000006,0,2.1928779154078546,0,2.1567103549848938,0,2.1356800604229607,0