msdX(mean),msdX(std),msdY(mean),msdY(std),msdZ(mean),msdZ(std),DmsdX(mean),DmsdX(std),DmsdY(mean),DmsdY(std),DmsdZ(mean),DmsdZ(std)
411.01100859374998,0,393.747765625,0,391.44097929687501,0,1.9061380108695651,0,1.8260765942028985,0,1.815378454710145,0