msdX(mean),msdX(std),msdY(mean),msdY(std),msdZ(mean),msdZ(std),DmsdX(mean),DmsdX(std),DmsdY(mean),DmsdY(std),DmsdZ(mean),DmsdZ(std)
192.02093945312501,0,186.67630820312499,0,185.39211835937499,0,2.0505016893770858,0,1.993428875139043,0,1.9797156131813123,0