msdX(mean),msdX(std),msdY(mean),msdY(std),msdZ(mean),msdZ(std),DmsdX(mean),DmsdX(std),DmsdY(mean),DmsdY(std),DmsdZ(mean),DmsdZ(std)
3897.9903332031249,0,3497.4694140625002,0,3571.9297375000001,0,1.3065889385038407,0,1.1723361164455308,0,1.1972948840782123,0