msdX(mean),msdX(std),msdY(mean),msdY(std),msdZ(mean),msdZ(std),DmsdX(mean),DmsdX(std),DmsdY(mean),DmsdY(std),DmsdZ(mean),DmsdZ(std)
241.19839101562499,0,234.08939882812501,0,232.21940976562499,0,2.0065030795060657,0,1.9473641496967071,0,1.9318079148613516,0