msdX(mean),msdX(std),msdY(mean),msdY(std),msdZ(mean),msdZ(std),DmsdX(mean),DmsdX(std),DmsdY(mean),DmsdY(std),DmsdZ(mean),DmsdZ(std)
3064.48393515625,0,2766.1193355468749,0,2826.4503632812498,0,1.3754287613960445,0,1.2415141250759736,0,1.268592430104259,0