msdX(mean),msdX(std),msdY(mean),msdY(std),msdZ(mean),msdZ(std),DmsdX(mean),DmsdX(std),DmsdY(mean),DmsdY(std),DmsdZ(mean),DmsdZ(std)
6540.8039386718747,0,5761.3675621093753,0,5899.3571398437498,0,1.1728001085403434,0,1.0330431190932012,0,1.0577853668752333,0