msdX(mean),msdX(std),msdY(mean),msdY(std),msdZ(mean),msdZ(std),DmsdX(mean),DmsdX(std),DmsdY(mean),DmsdY(std),DmsdZ(mean),DmsdZ(std)
84.983633203124995,0,83.526889453124994,0,82.786739062500004,0,2.1755810099999997,0,2.1382883699999997,0,2.1193405200000002,0