msdX(mean),msdX(std),msdY(mean),msdY(std),msdZ(mean),msdZ(std),DmsdX(mean),DmsdX(std),DmsdY(mean),DmsdY(std),DmsdZ(mean),DmsdZ(std)
2020.8009164062501,0,1850.1239703125,0,1876.2200457031249,0,1.4961968839657567,0,1.3698280205923183,0,1.389149501677464,0