msdX(mean),msdX(std),msdY(mean),msdY(std),msdZ(mean),msdZ(std),DmsdX(mean),DmsdX(std),DmsdY(mean),DmsdY(std),DmsdZ(mean),DmsdZ(std)
5138.397332421875,0,4567.2733730468753,0,4671.0101121093749,0,1.2337088433185774,0,1.0965842432285415,0,1.1214910233155762,0