msdX(mean),msdX(std),msdY(mean),msdY(std),msdZ(mean),msdZ(std),DmsdX(mean),DmsdX(std),DmsdY(mean),DmsdY(std),DmsdZ(mean),DmsdZ(std)
1755.7491605468749,0,1612.63726875,0,1634.765351953125,0,1.5359205341033351,0,1.4107269710224166,0,1.4300845069026791,0