msdX(mean),msdX(std),msdY(mean),msdY(std),msdZ(mean),msdZ(std),DmsdX(mean),DmsdX(std),DmsdY(mean),DmsdY(std),DmsdZ(mean),DmsdZ(std)
1188.4347988281249,0,1110.71019453125,0,1114.4620507812499,0,1.6448924551254325,0,1.5373151481401384,0,1.5425080287629755,0