msdX(mean),msdX(std),msdY(mean),msdY(std),msdZ(mean),msdZ(std),DmsdX(mean),DmsdX(std),DmsdY(mean),DmsdY(std),DmsdZ(mean),DmsdZ(std)
553.42472070312499,0,526.70876640624999,0,525.34927460937502,0,1.8390021871754931,0,1.7502264304257529,0,1.7457089083592938,0