msdX(mean),msdX(std),msdY(mean),msdY(std),msdZ(mean),msdZ(std),DmsdX(mean),DmsdX(std),DmsdY(mean),DmsdY(std),DmsdZ(mean),DmsdZ(std)
476.53663320312501,0,455.42573867187502,0,454.06640312500002,0,1.8710640812883437,0,1.7881746794478528,0,1.7828374110429448,0