msdX(mean),msdX(std),msdY(mean),msdY(std),msdZ(mean),msdZ(std),DmsdX(mean),DmsdX(std),DmsdY(mean),DmsdY(std),DmsdZ(mean),DmsdZ(std)
48.855513671875002,0,48.245957812500002,0,47.832343359375002,0,2.2440810107655502,0,2.2160822727272724,0,2.1970837141148323,0