msdX(mean),msdX(std),msdY(mean),msdY(std),msdZ(mean),msdZ(std),DmsdX(mean),DmsdX(std),DmsdY(mean),DmsdY(std),DmsdZ(mean),DmsdZ(std)
5506.4084199218751,0,4879.8891773437499,0,4991.5495023437497,0,1.2162698640479039,0,1.0778826584717685,0,1.1025464825019555,0