msdX(mean),msdX(std),msdY(mean),msdY(std),msdZ(mean),msdZ(std),DmsdX(mean),DmsdX(std),DmsdY(mean),DmsdY(std),DmsdZ(mean),DmsdZ(std)
494.58130546874997,0,472.33430859374999,0,471.00113476562501,0,1.8626836141624163,0,1.7788973568065904,0,1.7738763804433109,0