msdX(mean),msdX(std),msdY(mean),msdY(std),msdZ(mean),msdZ(std),DmsdX(mean),DmsdX(std),DmsdY(mean),DmsdY(std),DmsdZ(mean),DmsdZ(std)
95.671191015624998,0,93.731377343749998,0,93.128071093749995,0,2.1610433735294117,0,2.1172264058823527,0,2.103598782352941,0