msdX(mean),msdX(std),msdY(mean),msdY(std),msdZ(mean),msdZ(std),DmsdX(mean),DmsdX(std),DmsdY(mean),DmsdY(std),DmsdZ(mean),DmsdZ(std)
199.54379531250001,0,193.817784375,0,192.352829296875,0,2.0444188207043759,0,1.9857531803628601,0,1.9707440354855923,0