msdX(mean),msdX(std),msdY(mean),msdY(std),msdZ(mean),msdZ(std),DmsdX(mean),DmsdX(std),DmsdY(mean),DmsdY(std),DmsdZ(mean),DmsdZ(std)
146.56533710937501,0,143.00411171875001,0,141.90630546874999,0,2.0969109333084948,0,2.0459604657228017,0,2.0302541467958268,0