msdX(mean),msdX(std),msdY(mean),msdY(std),msdZ(mean),msdZ(std),DmsdX(mean),DmsdX(std),DmsdY(mean),DmsdY(std),DmsdZ(mean),DmsdZ(std)
9234.0413496093752,0,8038.5016906250003,0,8274.4578179687505,0,1.0910509293191302,0,0.94979158180408374,0,0.97767104890521739,0