msdX(mean),msdX(std),msdY(mean),msdY(std),msdZ(mean),msdZ(std),DmsdX(mean),DmsdX(std),DmsdY(mean),DmsdY(std),DmsdZ(mean),DmsdZ(std)
292.83512500000001,0,282.36984101562501,0,279.80823203124999,0,1.9769459915611816,0,1.9062942853375529,0,1.8890007225738397,0