msdX(mean),msdX(std),msdY(mean),msdY(std),msdZ(mean),msdZ(std),DmsdX(mean),DmsdX(std),DmsdY(mean),DmsdY(std),DmsdZ(mean),DmsdZ(std)
177.59129257812501,0,173.01854062500001,0,171.830058984375,0,2.0615192366989117,0,2.0084377146311971,0,1.9946415553204351,0