msdX(mean),msdX(std),msdY(mean),msdY(std),msdZ(mean),msdZ(std),DmsdX(mean),DmsdX(std),DmsdY(mean),DmsdY(std),DmsdZ(mean),DmsdZ(std)
641.68340039062502,0,608.06612968750005,0,607.87521562500001,0,1.8043821452108963,0,1.7098520342706505,0,1.7093151933216169,0