msdX(mean),msdX(std),msdY(mean),msdY(std),msdZ(mean),msdZ(std),DmsdX(mean),DmsdX(std),DmsdY(mean),DmsdY(std),DmsdZ(mean),DmsdZ(std)
4633.3418656249996,0,4131.3433640624999,0,4229.8750726562503,0,1.2607375615770526,0,1.1241432015815878,0,1.1509537909214591,0