msdX(mean),msdX(std),msdY(mean),msdY(std),msdZ(mean),msdZ(std),DmsdX(mean),DmsdX(std),DmsdY(mean),DmsdY(std),DmsdZ(mean),DmsdZ(std)
3639.621001953125,0,3270.5563664062502,0,3341.6679265624998,0,1.3261105821599362,0,1.1916403946219827,0,1.2175501781918929,0