msdX(mean),msdX(std),msdY(mean),msdY(std),msdZ(mean),msdZ(std),DmsdX(mean),DmsdX(std),DmsdY(mean),DmsdY(std),DmsdZ(mean),DmsdZ(std)
1950.576276171875,0,1788.0330425781251,0,1812.7743339843751,0,1.5056309601391009,0,1.3801654103682559,0,1.3992629738883975,0