msdX(mean),msdX(std),msdY(mean),msdY(std),msdZ(mean),msdZ(std),DmsdX(mean),DmsdX(std),DmsdY(mean),DmsdY(std),DmsdZ(mean),DmsdZ(std)
158.29872148437499,0,154.43132070312501,0,153.22062304687501,0,2.0817366113013698,0,2.0308776421232877,0,2.0149561386986301,0