msdX(mean),msdX(std),msdY(mean),msdY(std),msdZ(mean),msdZ(std),DmsdX(mean),DmsdX(std),DmsdY(mean),DmsdY(std),DmsdZ(mean),DmsdZ(std)
8618.599356640625,0,7523.6977839843748,0,7731.5263984374997,0,1.1069295189541914,0,0.96630587223731035,0,0.99299833335563104,0