msdX(mean),msdX(std),msdY(mean),msdY(std),msdZ(mean),msdZ(std),DmsdX(mean),DmsdX(std),DmsdY(mean),DmsdY(std),DmsdZ(mean),DmsdZ(std)
2166.7097429687501,0,1979.898237109375,0,2010.4721039062499,0,1.4758346482545766,0,1.3485896889633886,0,1.3694148004469986,0