msdX(mean),msdX(std),msdY(mean),msdY(std),msdZ(mean),msdZ(std),DmsdX(mean),DmsdX(std),DmsdY(mean),DmsdY(std),DmsdZ(mean),DmsdZ(std)
327.58768671874998,0,315.67428437500001,0,313.02802031250002,0,1.9508944122208434,0,1.879946110421836,0,1.8641867214640198,0