msdX(mean),msdX(std),msdY(mean),msdY(std),msdZ(mean),msdZ(std),DmsdX(mean),DmsdX(std),DmsdY(mean),DmsdY(std),DmsdZ(mean),DmsdZ(std)
4475.9913441406252,0,3996.3761343750002,0,4083.9039363281249,0,1.2697847784796099,0,1.1337237260638298,0,1.1585543081781915,0