msdX(mean),msdX(std),msdY(mean),msdY(std),msdZ(mean),msdZ(std),DmsdX(mean),DmsdX(std),DmsdY(mean),DmsdY(std),DmsdZ(mean),DmsdZ(std)
5903.4310835937504,0,5211.452094921875,0,5332.3717226562503,0,1.1996049870351162,0,1.0589915989935015,0,1.0835630365874309,0