msdX(mean),msdX(std),msdY(mean),msdY(std),msdZ(mean),msdZ(std),DmsdX(mean),DmsdX(std),DmsdY(mean),DmsdY(std),DmsdZ(mean),DmsdZ(std)
596.23969687500005,0,566.0720765625,0,565.56972968749994,0,1.8223180802292265,0,1.7301152292263611,0,1.7285798806112702,0