msdX(mean),msdX(std),msdY(mean),msdY(std),msdZ(mean),msdZ(std),DmsdX(mean),DmsdX(std),DmsdY(mean),DmsdY(std),DmsdZ(mean),DmsdZ(std)
207.40464960937501,0,201.38249492187501,0,199.65862304687499,0,2.0379576624872056,0,1.9787839828556806,0,1.9618452213408391,0