msdX(mean),msdX(std),msdY(mean),msdY(std),msdZ(mean),msdZ(std),DmsdX(mean),DmsdX(std),DmsdY(mean),DmsdY(std),DmsdZ(mean),DmsdZ(std)
251.076779296875,0,243.14831953125,0,241.11320078124999,0,2.0019410973837211,0,1.9387241424418604,0,1.9224972819767441,0