msdX(mean),msdX(std),msdY(mean),msdY(std),msdZ(mean),msdZ(std),DmsdX(mean),DmsdX(std),DmsdY(mean),DmsdY(std),DmsdZ(mean),DmsdZ(std)
891.42455742187497,0,840.42964765625004,0,840.29875000000004,0,1.7222128700442743,0,1.6236918127389814,0,1.6234389213121352,0