msdX(mean),msdX(std),msdY(mean),msdY(std),msdZ(mean),msdZ(std),DmsdX(mean),DmsdX(std),DmsdY(mean),DmsdY(std),DmsdZ(mean),DmsdZ(std)
799.90078281249998,0,755.32928906250004,0,754.54046640624995,0,1.7516075536040145,0,1.6540057424726278,0,1.6522783935903282,0