msdX(mean),msdX(std),msdY(mean),msdY(std),msdZ(mean),msdZ(std),DmsdX(mean),DmsdX(std),DmsdY(mean),DmsdY(std),DmsdZ(mean),DmsdZ(std)
67.104222656250002,0,66.093491796875,0,65.495317187500007,0,2.2061662243150684,0,2.172936716609589,0,2.1532707020547948,0