msdX(mean),msdX(std),msdY(mean),msdY(std),msdZ(mean),msdZ(std),DmsdX(mean),DmsdX(std),DmsdY(mean),DmsdY(std),DmsdZ(mean),DmsdZ(std)
50.867713671875002,0,50.225765625000001,0,49.752442968750003,0,2.2400461066513762,0,2.211776834862385,0,2.1909332683486236,0