msdX(mean),msdX(std),msdY(mean),msdY(std),msdZ(mean),msdZ(std),DmsdX(mean),DmsdX(std),DmsdY(mean),DmsdY(std),DmsdZ(mean),DmsdZ(std)
1322.4882312499999,0,1230.8592585937499,0,1237.41753359375,0,1.615047324767841,0,1.5031483122376286,0,1.5111574001399313,0