msdX(mean),msdX(std),msdY(mean),msdY(std),msdZ(mean),msdZ(std),DmsdX(mean),DmsdX(std),DmsdY(mean),DmsdY(std),DmsdZ(mean),DmsdZ(std)
9558.0152769531251,0,8312.9995707031248,0,8560.3456070312495,0,1.0832018635416543,0,0.9421052766382555,0,0.97013679570647726,0