msdX(mean),msdX(std),msdY(mean),msdY(std),msdZ(mean),msdZ(std),DmsdX(mean),DmsdX(std),DmsdY(mean),DmsdY(std),DmsdZ(mean),DmsdZ(std)
59.663273828125,0,58.880082031249998,0,58.3004828125,0,2.220028793604651,0,2.1908867732558139,0,2.1693202906976743,0