msdX(mean),msdX(std),msdY(mean),msdY(std),msdZ(mean),msdZ(std),DmsdX(mean),DmsdX(std),DmsdY(mean),DmsdY(std),DmsdZ(mean),DmsdZ(std)
1147.0376285156251,0,1073.3479074218751,0,1076.704265234375,0,1.6551271958139187,0,1.5487960185254772,0,1.5536391020967983,0