msdX(mean),msdX(std),msdY(mean),msdY(std),msdZ(mean),msdZ(std),DmsdX(mean),DmsdX(std),DmsdY(mean),DmsdY(std),DmsdZ(mean),DmsdZ(std)
2493.1921124999999,0,2264.2017187500001,0,2301.8971179687501,0,1.4372572077103225,0,1.3052504954062332,0,1.3269808642586922,0