msdX(mean),msdX(std),msdY(mean),msdY(std),msdZ(mean),msdZ(std),DmsdX(mean),DmsdX(std),DmsdY(mean),DmsdY(std),DmsdZ(mean),DmsdZ(std)
2676.5933019531249,0,2420.64899296875,0,2466.858987890625,0,1.4194727487984753,0,1.2837382793337753,0,1.3082447400149155,0