msdX(mean),msdX(std),msdY(mean),msdY(std),msdZ(mean),msdZ(std),DmsdX(mean),DmsdX(std),DmsdY(mean),DmsdY(std),DmsdZ(mean),DmsdZ(std)
2324.9090089843749,0,2117.0903425781248,0,2149.9449249999998,0,1.456766952956726,0,1.3265496565987858,0,1.3471360407284119,0