msdX(mean),msdX(std),msdY(mean),msdY(std),msdZ(mean),msdZ(std),DmsdX(mean),DmsdX(std),DmsdY(mean),DmsdY(std),DmsdZ(mean),DmsdZ(std)
7258.3710660156248,0,6368.6747484375001,0,6530.9872488281253,0,1.1483817959646982,0,1.0076186625080343,0,1.0332989038474216,0