msdX(mean),msdX(std),msdY(mean),msdY(std),msdZ(mean),msdZ(std),DmsdX(mean),DmsdX(std),DmsdY(mean),DmsdY(std),DmsdZ(mean),DmsdZ(std)
5702.0159347656254,0,5042.3823089843754,0,5162.4216730468752,0,1.2080275632544744,0,1.068277760604021,0,1.0937092680080771,0