msdX(mean),msdX(std),msdY(mean),msdY(std),msdZ(mean),msdZ(std),DmsdX(mean),DmsdX(std),DmsdY(mean),DmsdY(std),DmsdZ(mean),DmsdZ(std)
426.67128671875003,0,408.50725546874997,0,406.14581249999998,0,1.8980743060704355,0,1.8172704599165892,0,1.8067654309545873,0