msdX(mean),msdX(std),msdY(mean),msdY(std),msdZ(mean),msdZ(std),DmsdX(mean),DmsdX(std),DmsdY(mean),DmsdY(std),DmsdZ(mean),DmsdZ(std)
78.601021484374996,0,77.291803906249996,0,76.571773828125004,0,2.1871588586956521,0,2.1507284565217391,0,2.1306928369565217,0