msdX(mean),msdX(std),msdY(mean),msdY(std),msdZ(mean),msdZ(std),DmsdX(mean),DmsdX(std),DmsdY(mean),DmsdY(std),DmsdZ(mean),DmsdZ(std)
5321.8084625000001,0,4721.6395441406248,0,4827.9817800781248,0,1.2255466030177271,0,1.0873351314258639,0,1.1118244318072779,0