msdX(mean),msdX(std),msdY(mean),msdY(std),msdZ(mean),msdZ(std),DmsdX(mean),DmsdX(std),DmsdY(mean),DmsdY(std),DmsdZ(mean),DmsdZ(std)
771.62502695312503,0,728.82200039062502,0,727.660627734375,0,1.7616171840071342,0,1.6638980270511294,0,1.6612466174197382,0