msdX(mean),msdX(std),msdY(mean),msdY(std),msdZ(mean),msdZ(std),DmsdX(mean),DmsdX(std),DmsdY(mean),DmsdY(std),DmsdZ(mean),DmsdZ(std)
1635.4540546875,0,1507.8117074218751,0,1525.8469070312501,0,1.5551068665808241,0,1.4337353794819732,0,1.4508845391739302,0