msdX(mean),msdX(std),msdY(mean),msdY(std),msdZ(mean),msdZ(std),DmsdX(mean),DmsdX(std),DmsdY(mean),DmsdY(std),DmsdZ(mean),DmsdZ(std)
55.060766015624999,0,54.334593359374999,0,53.84344453125,0,2.2303095094936709,0,2.2008949208860757,0,2.1810002848101266,0