msdX(mean),msdX(std),msdY(mean),msdY(std),msdZ(mean),msdZ(std),DmsdX(mean),DmsdX(std),DmsdY(mean),DmsdY(std),DmsdZ(mean),DmsdZ(std)
10245.5502171875,0,8887.2334300781258,0,9170.9083750000009,0,1.0681836475743653,0,0.92656784857296459,0,0.95614331606555247,0