msdX(mean),msdX(std),msdY(mean),msdY(std),msdZ(mean),msdZ(std),DmsdX(mean),DmsdX(std),DmsdY(mean),DmsdY(std),DmsdZ(mean),DmsdZ(std)
9895.0946417968753,0,8589.4661101562506,0,8857.8720574218751,0,1.075590300409321,0,0.93366933498080784,0,0.9628448854835423,0