msdX(mean),msdX(std),msdY(mean),msdY(std),msdZ(mean),msdZ(std),DmsdX(mean),DmsdX(std),DmsdY(mean),DmsdY(std),DmsdZ(mean),DmsdZ(std)
4176.7331667968747,0,3740.83240546875,0,3817.6470601562501,0,1.2879557497510599,0,1.1535394800366181,0,1.1772263837048695,0