msdX(mean),msdX(std),msdY(mean),msdY(std),msdZ(mean),msdZ(std),DmsdX(mean),DmsdX(std),DmsdY(mean),DmsdY(std),DmsdZ(mean),DmsdZ(std)
116.090053125,0,113.587183984375,0,112.89113554687501,0,2.1309072848948372,0,2.0849655186424472,0,2.0721891037284896,0