msdX(mean),msdX(std),msdY(mean),msdY(std),msdZ(mean),msdZ(std),DmsdX(mean),DmsdX(std),DmsdY(mean),DmsdY(std),DmsdZ(mean),DmsdZ(std)
829.29010195312503,0,782.66075039062503,0,782.06992304687503,0,1.741672495898053,0,1.6437416766024939,0,1.6425008228505797,0