msdX(mean),msdX(std),msdY(mean),msdY(std),msdZ(mean),msdZ(std),DmsdX(mean),DmsdX(std),DmsdY(mean),DmsdY(std),DmsdZ(mean),DmsdZ(std)
574.11373749999996,0,545.7211125,0,544.91872617187505,0,1.8298445816733067,0,1.7393501593625498,0,1.7367927527390439,0