msdX(mean),msdX(std),msdY(mean),msdY(std),msdZ(mean),msdZ(std),DmsdX(mean),DmsdX(std),DmsdY(mean),DmsdY(std),DmsdZ(mean),DmsdZ(std)
1276.5058109375,0,1189.39018515625,0,1195.38445859375,0,1.6252593879310342,0,1.5143429413129972,0,1.5219749074933686,0