msdX(mean),msdX(std),msdY(mean),msdY(std),msdZ(mean),msdZ(std),DmsdX(mean),DmsdX(std),DmsdY(mean),DmsdY(std),DmsdZ(mean),DmsdZ(std)
7776.1784519531247,0,6804.3827304687502,0,6989.0718070312496,0,1.1318522195246759,0,0.99040367239026617,0,1.0172858668410278,0