msdX(mean),msdX(std),msdY(mean),msdY(std),msdZ(mean),msdZ(std),DmsdX(mean),DmsdX(std),DmsdY(mean),DmsdY(std),DmsdZ(mean),DmsdZ(std)
135.818930859375,0,132.65284687499999,0,131.658815234375,0,2.1098086347087377,0,2.0606267475728153,0,2.0451854793689321,0