msdX(mean),msdX(std),msdY(mean),msdY(std),msdZ(mean),msdZ(std),DmsdX(mean),DmsdX(std),DmsdY(mean),DmsdY(std),DmsdZ(mean),DmsdZ(std)
1370.9894320312501,0,1274.79641640625,0,1280.5806113281251,0,1.605844137079063,0,1.4931729621156662,0,1.4999480074121523,0