msdX(mean),msdX(std),msdY(mean),msdY(std),msdZ(mean),msdZ(std),DmsdX(mean),DmsdX(std),DmsdY(mean),DmsdY(std),DmsdZ(mean),DmsdZ(std)
958.24545624999996,0,901.47815468750002,0,901.54680195312505,0,1.7032320644325123,0,1.6023311025735973,0,1.6024531195611922,0