msdX(mean),msdX(std),msdY(mean),msdY(std),msdZ(mean),msdZ(std),DmsdX(mean),DmsdX(std),DmsdY(mean),DmsdY(std),DmsdZ(mean),DmsdZ(std)
618.43888085937499,0,586.62917929687501,0,586.44957265624998,0,1.8133821796731826,0,1.7201099942730604,0,1.7195833529321929,0