msdX(mean),msdX(std),msdY(mean),msdY(std),msdZ(mean),msdZ(std),DmsdX(mean),DmsdX(std),DmsdY(mean),DmsdY(std),DmsdZ(mean),DmsdZ(std)
2962.3603302500001,0,3474.2332202500002,0,2843.1034115000002,0,0.43118145605501917,0,0.50568626756343704,0,0.41382321258066085,0