msdX(mean),msdX(std),msdY(mean),msdY(std),msdZ(mean),msdZ(std),DmsdX(mean),DmsdX(std),DmsdY(mean),DmsdY(std),DmsdZ(mean),DmsdZ(std)
236.14330949999999,0,256.05879099999999,0,221.38112325,0,1.0077239381223329,0,1.0927117681365575,0,0.94472741073968702,0