msdX(mean),msdX(std),msdY(mean),msdY(std),msdZ(mean),msdZ(std),DmsdX(mean),DmsdX(std),DmsdY(mean),DmsdY(std),DmsdZ(mean),DmsdZ(std)
931.62816499999997,0,1054.3286605000001,0,881.16650474999994,0,0.63456645513577337,0,0.71814230803287638,0,0.60019514899872861,0