msdX(mean),msdX(std),msdY(mean),msdY(std),msdZ(mean),msdZ(std),DmsdX(mean),DmsdX(std),DmsdY(mean),DmsdY(std),DmsdZ(mean),DmsdZ(std)
2447.3214825,0,2851.8080974999998,0,2342.8068010000002,0,0.45750597885691496,0,0.53312131834270116,0,0.4379678462468376,0