msdX(mean),msdX(std),msdY(mean),msdY(std),msdZ(mean),msdZ(std),DmsdX(mean),DmsdX(std),DmsdY(mean),DmsdY(std),DmsdZ(mean),DmsdZ(std)
1267.8241842499999,0,1449.9923732499999,0,1205.81104325,0,0.56905840281725961,0,0.65082395040994634,0,0.54122402372153566,0