msdX(mean),msdX(std),msdY(mean),msdY(std),msdZ(mean),msdZ(std),DmsdX(mean),DmsdX(std),DmsdY(mean),DmsdY(std),DmsdZ(mean),DmsdZ(std)
443.77292625000001,0,490.88217500000002,0,417.58485624999997,0,0.8224109085433654,0,0.90971492772424012,0,0.77387853270941431,0