msdX(mean),msdX(std),msdY(mean),msdY(std),msdZ(mean),msdZ(std),DmsdX(mean),DmsdX(std),DmsdY(mean),DmsdY(std),DmsdZ(mean),DmsdZ(std)
3479.1457439999999,0,4106.0993410000001,0,3359.5999462499999,0,0.411081331852447,0,0.48515955065340172,0,0.39695629962544604,0