msdX(mean),msdX(std),msdY(mean),msdY(std),msdZ(mean),msdZ(std),DmsdX(mean),DmsdX(std),DmsdY(mean),DmsdY(std),DmsdZ(mean),DmsdZ(std)
1054.01369475,0,1196.97823225,0,999.76304400000004,0,0.60759407483378813,0,0.69000705137196883,0,0.57632088159563433,0