msdX(mean),msdX(std),msdY(mean),msdY(std),msdZ(mean),msdZ(std),DmsdX(mean),DmsdX(std),DmsdY(mean),DmsdY(std),DmsdZ(mean),DmsdZ(std)
91.031135000000006,0,95.914163000000002,0,85.220259499999997,0,1.3016844852240228,0,1.3715085271687322,0,1.2185928431839848,0