msdX(mean),msdX(std),msdY(mean),msdY(std),msdZ(mean),msdZ(std),DmsdX(mean),DmsdX(std),DmsdY(mean),DmsdY(std),DmsdZ(mean),DmsdZ(std)
1119.5296049999999,0,1276.0243005,0,1063.52592725,0,0.59372592543487479,0,0.67672056666313107,0,0.56402520537229528,0