msdX(mean),msdX(std),msdY(mean),msdY(std),msdZ(mean),msdZ(std),DmsdX(mean),DmsdX(std),DmsdY(mean),DmsdY(std),DmsdZ(mean),DmsdZ(std)
244.00887925000001,0,264.75292300000001,0,228.20004900000001,0,0.9989446475846071,0,1.0838684074781662,0,0.9342250914301311,0