msdX(mean),msdX(std),msdY(mean),msdY(std),msdZ(mean),msdZ(std),DmsdX(mean),DmsdX(std),DmsdY(mean),DmsdY(std),DmsdZ(mean),DmsdZ(std)
214.49521175000001,0,231.58664150000001,0,200.7649845,0,1.037545364801677,0,1.1202191623669786,0,0.97113020557884555,0