msdX(mean),msdX(std),msdY(mean),msdY(std),msdZ(mean),msdZ(std),DmsdX(mean),DmsdX(std),DmsdY(mean),DmsdY(std),DmsdZ(mean),DmsdZ(std)
74.247586249999998,0,77.865195499999999,0,69.698462500000005,0,1.3631747781517747,0,1.4295935526315788,0,1.2796535342717259,0