msdX(mean),msdX(std),msdY(mean),msdY(std),msdZ(mean),msdZ(std),DmsdX(mean),DmsdX(std),DmsdY(mean),DmsdY(std),DmsdZ(mean),DmsdZ(std)
1228.3069195,0,1404.9908310000001,0,1168.90247075,0,0.57479889537967177,0,0.65747995460784925,0,0.5469999707134835,0