msdX(mean),msdX(std),msdY(mean),msdY(std),msdZ(mean),msdZ(std),DmsdX(mean),DmsdX(std),DmsdY(mean),DmsdY(std),DmsdZ(mean),DmsdZ(std)
345.38143824999997,0,379.20843374999998,0,324.45900825000001,0,0.89353597339599866,0,0.98104975961538465,0,0.83940757567264579,0