msdX(mean),msdX(std),msdY(mean),msdY(std),msdZ(mean),msdZ(std),DmsdX(mean),DmsdX(std),DmsdY(mean),DmsdY(std),DmsdZ(mean),DmsdZ(std)
3832.8386337500001,0,4540.1261217499996,0,3712.2825045,0,0.39960645504194675,0,0.47334727034433144,0,0.3870374397385194,0