msdX(mean),msdX(std),msdY(mean),msdY(std),msdZ(mean),msdZ(std),DmsdX(mean),DmsdX(std),DmsdY(mean),DmsdY(std),DmsdZ(mean),DmsdZ(std)
903.38024925000002,0,1021.1811279999999,0,854.29768975000002,0,0.64151416648913506,0,0.72516768072716942,0,0.60665934508592534,0