msdX(mean),msdX(std),msdY(mean),msdY(std),msdZ(mean),msdZ(std),DmsdX(mean),DmsdX(std),DmsdY(mean),DmsdY(std),DmsdZ(mean),DmsdZ(std)
56.520277499999999,0,58.734213250000003,0,52.951897000000002,0,1.4492378846153846,0,1.506005467948718,0,1.3577409487179488,0