msdX(mean),msdX(std),msdY(mean),msdY(std),msdZ(mean),msdZ(std),DmsdX(mean),DmsdX(std),DmsdY(mean),DmsdY(std),DmsdZ(mean),DmsdZ(std)
416.77914249999998,0,460.29502024999999,0,392.23364475,0,0.83960342969379531,0,0.92726635827961323,0,0.79015641569298956,0