msdX(mean),msdX(std),msdY(mean),msdY(std),msdZ(mean),msdZ(std),DmsdX(mean),DmsdX(std),DmsdY(mean),DmsdY(std),DmsdZ(mean),DmsdZ(std)
403.99697350000002,0,445.50860075000003,0,380.07677000000001,0,0.84849546380565677,0,0.93568034321618598,0,0.798257007840941,0