msdX(mean),msdX(std),msdY(mean),msdY(std),msdZ(mean),msdZ(std),DmsdX(mean),DmsdX(std),DmsdY(mean),DmsdY(std),DmsdZ(mean),DmsdZ(std)
88.064011249999993,0,92.647457750000001,0,82.422309749999997,0,1.3130816786779325,0,1.3814233262922466,0,1.2289608809642147,0