msdX(mean),msdX(std),msdY(mean),msdY(std),msdZ(mean),msdZ(std),DmsdX(mean),DmsdX(std),DmsdY(mean),DmsdY(std),DmsdZ(mean),DmsdZ(std)
268.60235225000002,0,292.40411449999999,0,251.67155825,0,0.97015056194317362,0,1.0561188821333976,0,0.90899912683602213,0