msdX(mean),msdX(std),msdY(mean),msdY(std),msdZ(mean),msdZ(std),DmsdX(mean),DmsdX(std),DmsdY(mean),DmsdY(std),DmsdZ(mean),DmsdZ(std)
707.38606625,0,791.12678300000005,0,666.23614550000002,0,0.70130806303701254,0,0.7843292627230668,0,0.66051171067415737,0