msdX(mean),msdX(std),msdY(mean),msdY(std),msdZ(mean),msdZ(std),DmsdX(mean),DmsdX(std),DmsdY(mean),DmsdY(std),DmsdZ(mean),DmsdZ(std)
2369.5405282500001,0,2758.2904675,0,2268.4039535000002,0,0.46183271947804733,0,0.53760160357193898,0,0.4421208053754499,0