msdX(mean),msdX(std),msdY(mean),msdY(std),msdZ(mean),msdZ(std),DmsdX(mean),DmsdX(std),DmsdY(mean),DmsdY(std),DmsdZ(mean),DmsdZ(std)
324.69166150000001,0,355.57844925000001,0,304.84940325000002,0,0.91308116282339702,0,0.9999393960911136,0,0.85728178641732289,0