msdX(mean),msdX(std),msdY(mean),msdY(std),msdZ(mean),msdZ(std),DmsdX(mean),DmsdX(std),DmsdY(mean),DmsdY(std),DmsdZ(mean),DmsdZ(std)
60.541916999999998,0,63.046452500000001,0,56.741904249999997,0,1.4278754009433963,0,1.4869446344339623,0,1.3382524587264151,0