msdX(mean),msdX(std),msdY(mean),msdY(std),msdZ(mean),msdZ(std),DmsdX(mean),DmsdX(std),DmsdY(mean),DmsdY(std),DmsdZ(mean),DmsdZ(std)
586.7962655,0,653.95139774999996,0,552.91538724999998,0,0.74719388646010187,0,0.83270551496179956,0,0.70405185133701187,0