msdX(mean),msdX(std),msdY(mean),msdY(std),msdZ(mean),msdZ(std),DmsdX(mean),DmsdX(std),DmsdY(mean),DmsdY(std),DmsdZ(mean),DmsdZ(std)
1676.8216272499999,0,1936.0767464999999,0,1598.46442275,0,0.51708004047344935,0,0.59702631822667185,0,0.49291709683304896,0