msdX(mean),msdX(std),msdY(mean),msdY(std),msdZ(mean),msdZ(std),DmsdX(mean),DmsdX(std),DmsdY(mean),DmsdY(std),DmsdZ(mean),DmsdZ(std)
849.88879274999999,0,958.00850475000004,0,803.22091724999996,0,0.6560483682199465,0,0.73950841762299302,0,0.62002438033913132,0