msdX(mean),msdX(std),msdY(mean),msdY(std),msdZ(mean),msdZ(std),DmsdX(mean),DmsdX(std),DmsdY(mean),DmsdY(std),DmsdZ(mean),DmsdZ(std)
1191.39402225,0,1361.1938355,0,1133.2637769999999,0,0.58126232993169624,0,0.66410497747601238,0,0.55290150121971049,0