msdX(mean),msdX(std),msdY(mean),msdY(std),msdZ(mean),msdZ(std),DmsdX(mean),DmsdX(std),DmsdY(mean),DmsdY(std),DmsdZ(mean),DmsdZ(std)
252.03363150000001,0,273.71268025000001,0,235.70665775000001,0,0.98940185095524746,0,1.0745067269693798,0,0.92530747611881714,0