msdX(mean),msdX(std),msdY(mean),msdY(std),msdZ(mean),msdZ(std),DmsdX(mean),DmsdX(std),DmsdY(mean),DmsdY(std),DmsdZ(mean),DmsdZ(std)
131.54603574999999,0,139.98956525,0,123.16575450000001,0,1.1893854950271248,0,1.2657284380650995,0,1.1136144168173601,0