msdX(mean),msdX(std),msdY(mean),msdY(std),msdZ(mean),msdZ(std),DmsdX(mean),DmsdX(std),DmsdY(mean),DmsdY(std),DmsdZ(mean),DmsdZ(std)
502.66329000000002,0,557.43840275000002,0,473.52924224999998,0,0.78845020913939146,0,0.87436746222419748,0,0.74275213152253483,0