msdX(mean),msdX(std),msdY(mean),msdY(std),msdZ(mean),msdZ(std),DmsdX(mean),DmsdX(std),DmsdY(mean),DmsdY(std),DmsdZ(mean),DmsdZ(std)
1961.350962,0,2274.4290397499999,0,1872.3562952499999,0,0.49097600931210578,0,0.56934741157254432,0,0.46869838170872136,0