msdX(mean),msdX(std),msdY(mean),msdY(std),msdZ(mean),msdZ(std),DmsdX(mean),DmsdX(std),DmsdY(mean),DmsdY(std),DmsdZ(mean),DmsdZ(std)
45.868288249999999,0,47.4814735,0,43.160225500000003,0,1.5088252713815791,0,1.5618905756578949,0,1.4197442598684211,0