msdX(mean),msdX(std),msdY(mean),msdY(std),msdZ(mean),msdZ(std),DmsdX(mean),DmsdX(std),DmsdY(mean),DmsdY(std),DmsdZ(mean),DmsdZ(std)
534.82057099999997,0,594.32156250000003,0,503.89506825000001,0,0.77174685569985568,0,0.85760687229437238,0,0.72712131060606067,0