msdX(mean),msdX(std),msdY(mean),msdY(std),msdZ(mean),msdZ(std),DmsdX(mean),DmsdX(std),DmsdY(mean),DmsdY(std),DmsdZ(mean),DmsdZ(std)
104.40787075,0,110.02015400000001,0,97.422258749999997,0,1.2640178056900728,0,1.3319631234866829,0,1.1794462318401937,0