msdX(mean),msdX(std),msdY(mean),msdY(std),msdZ(mean),msdZ(std),DmsdX(mean),DmsdX(std),DmsdY(mean),DmsdY(std),DmsdZ(mean),DmsdZ(std)
221.44587025000001,0,239.57062550000001,0,207.56490625000001,0,1.0271144260204081,0,1.1111810088126159,0,0.96273147611317256,0