msdX(mean),msdX(std),msdY(mean),msdY(std),msdZ(mean),msdZ(std),DmsdX(mean),DmsdX(std),DmsdY(mean),DmsdY(std),DmsdZ(mean),DmsdZ(std)
1155.18387925,0,1317.1218712499999,0,1096.74338625,0,0.58760073887720843,0,0.6699728057496015,0,0.55787414947098912,0