msdX(mean),msdX(std),msdY(mean),msdY(std),msdZ(mean),msdZ(std),DmsdX(mean),DmsdX(std),DmsdY(mean),DmsdY(std),DmsdZ(mean),DmsdZ(std)
201.24611175000001,0,216.72135750000001,0,188.08466225000001,0,1.0580762973186122,0,1.1394393138801262,0,0.98887835042061001,0