msdX(mean),msdX(std),msdY(mean),msdY(std),msdZ(mean),msdZ(std),DmsdX(mean),DmsdX(std),DmsdY(mean),DmsdY(std),DmsdZ(mean),DmsdZ(std)
188.55290425000001,0,202.80909124999999,0,176.19331675000001,0,1.0774451671428573,0,1.1589090928571428,0,1.006818952857143,0