msdX(mean),msdX(std),msdY(mean),msdY(std),msdZ(mean),msdZ(std),DmsdX(mean),DmsdX(std),DmsdY(mean),DmsdY(std),DmsdZ(mean),DmsdZ(std)
799.64252399999998,0,899.52347625000004,0,754.35954425,0,0.6709536197348549,0,0.75476042645578123,0,0.63295816768753144,0