msdX(mean),msdX(std),msdY(mean),msdY(std),msdZ(mean),msdZ(std),DmsdX(mean),DmsdX(std),DmsdY(mean),DmsdY(std),DmsdZ(mean),DmsdZ(std)
3155.0522442500001,0,3719.1428765000001,0,3037.2813055000001,0,0.42247619767675415,0,0.4980105619309052,0,0.40670612017943225,0