msdX(mean),msdX(std),msdY(mean),msdY(std),msdZ(mean),msdZ(std),DmsdX(mean),DmsdX(std),DmsdY(mean),DmsdY(std),DmsdZ(mean),DmsdZ(std)
295.08489550000002,0,322.59504575,0,277.08488075000002,0,0.94055959041648962,0,1.0282460021780704,0,0.88318597774118146,0