msdX(mean),msdX(std),msdY(mean),msdY(std),msdZ(mean),msdZ(std),DmsdX(mean),DmsdX(std),DmsdY(mean),DmsdY(std),DmsdZ(mean),DmsdZ(std)
990.65636925000001,0,1123.2366655000001,0,938.77956325000002,0,0.620763870780767,0,0.70384117229927323,0,0.58825689066546916,0