msdX(mean),msdX(std),msdY(mean),msdY(std),msdZ(mean),msdZ(std),DmsdX(mean),DmsdX(std),DmsdY(mean),DmsdY(std),DmsdZ(mean),DmsdZ(std)
314.32379100000003,0,344.56157274999998,0,295.24128474999998,0,0.92159047400312755,0,1.0102469881254885,0,0.86564098343432361,0