msdX(mean),msdX(std),msdY(mean),msdY(std),msdZ(mean),msdZ(std),DmsdX(mean),DmsdX(std),DmsdY(mean),DmsdY(std),DmsdZ(mean),DmsdZ(std)
2870.8972442499999,0,3365.4963092500002,0,2750.6419702500002,0,0.43566653511811415,0,0.51072330050837167,0,0.41741746728463758,0