msdX(mean),msdX(std),msdY(mean),msdY(std),msdZ(mean),msdZ(std),DmsdX(mean),DmsdX(std),DmsdY(mean),DmsdY(std),DmsdZ(mean),DmsdZ(std)
79.623761250000001,0,83.464245750000003,0,74.560689749999995,0,1.3449959670608109,0,1.4098690160472975,0,1.2594711106418919,0