msdX(mean),msdX(std),msdY(mean),msdY(std),msdZ(mean),msdZ(std),DmsdX(mean),DmsdX(std),DmsdY(mean),DmsdY(std),DmsdZ(mean),DmsdZ(std)
335.08983725000002,0,367.28936275000001,0,314.72625925,0,0.90385678092968891,0,0.99071038324941552,0,0.84892894960438769,0