msdX(mean),msdX(std),msdY(mean),msdY(std),msdZ(mean),msdZ(std),DmsdX(mean),DmsdX(std),DmsdY(mean),DmsdY(std),DmsdZ(mean),DmsdZ(std)
38.494080750000002,0,39.788423999999999,0,36.270164000000001,0,1.5605708412162163,0,1.6130442162162162,0,1.470412054054054,0