msdX(mean),msdX(std),msdY(mean),msdY(std),msdZ(mean),msdZ(std),DmsdX(mean),DmsdX(std),DmsdY(mean),DmsdY(std),DmsdZ(mean),DmsdZ(std)
42.756111249999996,0,44.2436595,0,40.269641749999998,0,1.5306483741050119,0,1.5839018914081144,0,1.4416339528639617,0