msdX(mean),msdX(std),msdY(mean),msdY(std),msdZ(mean),msdZ(std),DmsdX(mean),DmsdX(std),DmsdY(mean),DmsdY(std),DmsdZ(mean),DmsdZ(std)
3715.0274587499998,0,4389.5143385000001,0,3585.80418925,0,0.40381903737246005,0,0.47713495374865939,0,0.38977262267565727,0