msdX(mean),msdX(std),msdY(mean),msdY(std),msdZ(mean),msdZ(std),DmsdX(mean),DmsdX(std),DmsdY(mean),DmsdY(std),DmsdZ(mean),DmsdZ(std)
49.148326249999997,0,50.952939749999999,0,46.1879475,0,1.4893432196969696,0,1.5440284772727273,0,1.3996347727272727,0