msdX(mean),msdX(std),msdY(mean),msdY(std),msdZ(mean),msdZ(std),DmsdX(mean),DmsdX(std),DmsdY(mean),DmsdY(std),DmsdZ(mean),DmsdZ(std)
6011.0157133749999,0,5073.6049006249996,0,4927.2997153750002,0,1.5047100514105838,0,1.2700522931373286,0,1.2334283857452188,0