msdX(mean),msdX(std),msdY(mean),msdY(std),msdZ(mean),msdZ(std),DmsdX(mean),DmsdX(std),DmsdY(mean),DmsdY(std),DmsdZ(mean),DmsdZ(std)
3368.5965743749998,0,2941.2236885624998,0,2850.1416111875001,0,1.6435251670027726,0,1.4350115982155198,0,1.3905730069138944,0