msdX(mean),msdX(std),msdY(mean),msdY(std),msdZ(mean),msdZ(std),DmsdX(mean),DmsdX(std),DmsdY(mean),DmsdY(std),DmsdZ(mean),DmsdZ(std)
9616.3553284374993,0,7915.3905156250003,0,7658.5902916875002,0,1.3996994786890673,0,1.152117158730332,0,1.114738845710886,0