msdX(mean),msdX(std),msdY(mean),msdY(std),msdZ(mean),msdZ(std),DmsdX(mean),DmsdX(std),DmsdY(mean),DmsdY(std),DmsdZ(mean),DmsdZ(std)
102.3416516875,0,100.1145744375,0,96.164695499999993,0,2.2215988065303911,0,2.173254148426194,0,2.0875114797395078,0