msdX(mean),msdX(std),msdY(mean),msdY(std),msdZ(mean),msdZ(std),DmsdX(mean),DmsdX(std),DmsdY(mean),DmsdY(std),DmsdZ(mean),DmsdZ(std)
110.81898918749999,0,108.2264711875,0,104.009915875,0,2.2134285456890814,0,2.1616472274467378,0,2.0774284129494012,0