msdX(mean),msdX(std),msdY(mean),msdY(std),msdZ(mean),msdZ(std),DmsdX(mean),DmsdX(std),DmsdY(mean),DmsdY(std),DmsdZ(mean),DmsdZ(std)
286.675708375,0,275.28573362499998,0,264.87060174999999,0,2.1042993029728407,0,2.0206929309395645,0,1.9442422443112308,0