msdX(mean),msdX(std),msdY(mean),msdY(std),msdZ(mean),msdZ(std),DmsdX(mean),DmsdX(std),DmsdY(mean),DmsdY(std),DmsdZ(mean),DmsdZ(std)
310.00454087499998,0,297.00194687499999,0,285.88668931249998,0,2.0934465337647716,0,2.005640609172763,0,1.9305797815137871,0