msdX(mean),msdX(std),msdY(mean),msdY(std),msdZ(mean),msdZ(std),DmsdX(mean),DmsdX(std),DmsdY(mean),DmsdY(std),DmsdZ(mean),DmsdZ(std)
601.30852824999999,0,563.00151981249996,0,544.26902900000005,0,1.9982559786762668,0,1.8709549259900302,0,1.8087035026308502,0