msdX(mean),msdX(std),msdY(mean),msdY(std),msdZ(mean),msdZ(std),DmsdX(mean),DmsdX(std),DmsdY(mean),DmsdY(std),DmsdZ(mean),DmsdZ(std)
495.31424906249998,0,467.08217412499999,0,451.8476026875,0,2.0277602991095796,0,1.9121813897038757,0,1.8498127839280842,0