msdX(mean),msdX(std),msdY(mean),msdY(std),msdZ(mean),msdZ(std),DmsdX(mean),DmsdX(std),DmsdY(mean),DmsdY(std),DmsdZ(mean),DmsdZ(std)
275.66676856250001,0,264.977395,0,254.90750693749999,0,2.1096946573660715,0,2.0278882270408163,0,1.950822757174745,0