msdX(mean),msdX(std),msdY(mean),msdY(std),msdZ(mean),msdZ(std),DmsdX(mean),DmsdX(std),DmsdY(mean),DmsdY(std),DmsdZ(mean),DmsdZ(std)
8317.4199298125004,0,6904.8929635625,0,6693.4500933749996,0,1.4304371633151893,0,1.1875095386720496,0,1.1511454086910533,0