msdX(mean),msdX(std),msdY(mean),msdY(std),msdZ(mean),msdZ(std),DmsdX(mean),DmsdX(std),DmsdY(mean),DmsdY(std),DmsdZ(mean),DmsdZ(std)
7460.3648888124999,0,6237.8359966874996,0,6038.8814110624999,0,1.4540590279095189,0,1.2157825898306929,0,1.1770054367445419,0