msdX(mean),msdX(std),msdY(mean),msdY(std),msdZ(mean),msdZ(std),DmsdX(mean),DmsdX(std),DmsdY(mean),DmsdY(std),DmsdZ(mean),DmsdZ(std)
1106.7943673750001,0,1016.2036481875,0,982.36260325000001,0,1.887171048978374,0,1.7327067802793485,0,1.6750051491943505,0