msdX(mean),msdX(std),msdY(mean),msdY(std),msdZ(mean),msdZ(std),DmsdX(mean),DmsdX(std),DmsdY(mean),DmsdY(std),DmsdZ(mean),DmsdZ(std)
2248.7651110000002,0,2000.3743940625,0,1939.2759394375,0,1.7358949484735036,0,1.5441540731502565,0,1.4969901883032923,0