msdX(mean),msdX(std),msdY(mean),msdY(std),msdZ(mean),msdZ(std),DmsdX(mean),DmsdX(std),DmsdY(mean),DmsdY(std),DmsdZ(mean),DmsdZ(std)
2702.509869,0,2384.4328100624998,0,2313.0853422499999,0,1.6934610828085348,0,1.4941459473399756,0,1.4494378182473291,0