msdX(mean),msdX(std),msdY(mean),msdY(std),msdZ(mean),msdZ(std),DmsdX(mean),DmsdX(std),DmsdY(mean),DmsdY(std),DmsdZ(mean),DmsdZ(std)
1940.2589685,0,1737.1509415625001,0,1683.6134778124999,0,1.7696634152681503,0,1.5844134819066946,0,1.5355832522915904,0