msdX(mean),msdX(std),msdY(mean),msdY(std),msdZ(mean),msdZ(std),DmsdX(mean),DmsdX(std),DmsdY(mean),DmsdY(std),DmsdZ(mean),DmsdZ(std)
392.399142375,0,372.40105481249998,0,359.97553881250002,0,2.0630869735804418,0,1.957944557373817,0,1.8926158717797057,0