msdX(mean),msdX(std),msdY(mean),msdY(std),msdZ(mean),msdZ(std),DmsdX(mean),DmsdX(std),DmsdY(mean),DmsdY(std),DmsdZ(mean),DmsdZ(std)
1552.48634775,0,1404.7643633125001,0,1357.7721491249999,0,1.8186095444162438,0,1.6455654392571264,0,1.590517941185084,0