msdX(mean),msdX(std),msdY(mean),msdY(std),msdZ(mean),msdZ(std),DmsdX(mean),DmsdX(std),DmsdY(mean),DmsdY(std),DmsdZ(mean),DmsdZ(std)
7732.8765628125002,0,6451.4297415000001,0,6248.0608306249997,0,1.4456001426017666,0,1.2060437895966725,0,1.1680255794036547,0