msdX(mean),msdX(std),msdY(mean),msdY(std),msdZ(mean),msdZ(std),DmsdX(mean),DmsdX(std),DmsdY(mean),DmsdY(std),DmsdZ(mean),DmsdZ(std)
1737.0573493125,0,1562.7231515000001,0,1511.570955875,0,1.7955009037288749,0,1.6153012057470673,0,1.5624279868468656,0