msdX(mean),msdX(std),msdY(mean),msdY(std),msdZ(mean),msdZ(std),DmsdX(mean),DmsdX(std),DmsdY(mean),DmsdY(std),DmsdZ(mean),DmsdZ(std)
10333.9339229375,0,8474.4798223750004,0,8187.8345494374998,0,1.3837649954053861,0,1.1347748708207706,0,1.0963916473797031,0