msdX(mean),msdX(std),msdY(mean),msdY(std),msdZ(mean),msdZ(std),DmsdX(mean),DmsdX(std),DmsdY(mean),DmsdY(std),DmsdZ(mean),DmsdZ(std)
8621.5970020625009,0,7145.5072600000003,0,6922.22023575,0,1.4221777396284385,0,1.178688978514578,0,1.141856610293208,0