msdX(mean),msdX(std),msdY(mean),msdY(std),msdZ(mean),msdZ(std),DmsdX(mean),DmsdX(std),DmsdY(mean),DmsdY(std),DmsdZ(mean),DmsdZ(std)
218.04980512500001,0,210.54442574999999,0,202.28745075,0,2.1429956277641278,0,2.0692326855036853,0,1.9880830540540542,0