msdX(mean),msdX(std),msdY(mean),msdY(std),msdZ(mean),msdZ(std),DmsdX(mean),DmsdX(std),DmsdY(mean),DmsdY(std),DmsdZ(mean),DmsdZ(std)
201.40642481250001,0,194.92787756249999,0,187.09767056250001,0,2.1517780428685898,0,2.082562794471154,0,1.9989067367788464,0