msdX(mean),msdX(std),msdY(mean),msdY(std),msdZ(mean),msdZ(std),DmsdX(mean),DmsdX(std),DmsdY(mean),DmsdY(std),DmsdZ(mean),DmsdZ(std)
74.296464874999998,0,73.053766499999995,0,70.031070312500006,0,2.2514080265151515,0,2.2137504999999997,0,2.1221536458333334,0