msdX(mean),msdX(std),msdY(mean),msdY(std),msdZ(mean),msdZ(std),DmsdX(mean),DmsdX(std),DmsdY(mean),DmsdY(std),DmsdZ(mean),DmsdZ(std)
3249.0914194375,0,2840.98178525,0,2750.2881024375001,0,1.652724665261458,0,1.4451303653542908,0,1.3989969492026555,0