msdX(mean),msdX(std),msdY(mean),msdY(std),msdZ(mean),msdZ(std),DmsdX(mean),DmsdX(std),DmsdY(mean),DmsdY(std),DmsdZ(mean),DmsdZ(std)
178.94040356249999,0,173.42492350000001,0,166.59831199999999,0,2.1663487114104116,0,2.0995753450363197,0,2.0169287167070218,0