msdX(mean),msdX(std),msdY(mean),msdY(std),msdZ(mean),msdZ(std),DmsdX(mean),DmsdX(std),DmsdY(mean),DmsdY(std),DmsdZ(mean),DmsdZ(std)
1441.1151681875001,0,1307.67546025,0,1264.4631936875001,0,1.8350362922591257,0,1.6651215537988115,0,1.6100974452727079,0