msdX(mean),msdX(std),msdY(mean),msdY(std),msdZ(mean),msdZ(std),DmsdX(mean),DmsdX(std),DmsdY(mean),DmsdY(std),DmsdZ(mean),DmsdZ(std)
5201.3153665624995,0,4429.62558025,0,4299.5306529999998,0,1.5384107207689615,0,1.3101654103609421,0,1.2716867916473591,0