msdX(mean),msdX(std),msdY(mean),msdY(std),msdZ(mean),msdZ(std),DmsdX(mean),DmsdX(std),DmsdY(mean),DmsdY(std),DmsdZ(mean),DmsdZ(std)
424.29978393750002,0,401.77379543749998,0,388.63304568749999,0,2.0524014056957434,0,1.9434398360407934,0,1.8798760674983876,0