msdX(mean),msdX(std),msdY(mean),msdY(std),msdZ(mean),msdZ(std),DmsdX(mean),DmsdX(std),DmsdY(mean),DmsdY(std),DmsdZ(mean),DmsdZ(std)
80.540945375000007,0,79.075111500000006,0,75.831616312500003,0,2.2455653914962825,0,2.2046964172862453,0,2.1142643953299256,0