msdX(mean),msdX(std),msdY(mean),msdY(std),msdZ(mean),msdZ(std),DmsdX(mean),DmsdX(std),DmsdY(mean),DmsdY(std),DmsdZ(mean),DmsdZ(std)
71.346672687500003,0,70.207927624999996,0,67.280298312499994,0,2.2542392634281203,0,2.2182599565560821,0,2.125759820300158,0