msdX(mean),msdX(std),msdY(mean),msdY(std),msdZ(mean),msdZ(std),DmsdX(mean),DmsdX(std),DmsdY(mean),DmsdY(std),DmsdZ(mean),DmsdZ(std)
12825.378284562499,0,10386.57464875,0,10045.735842562501,0,1.337160849143773,0,1.0828936713496324,0,1.047358165309128,0