msdX(mean),msdX(std),msdY(mean),msdY(std),msdZ(mean),msdZ(std),DmsdX(mean),DmsdX(std),DmsdY(mean),DmsdY(std),DmsdZ(mean),DmsdZ(std)
4841.1826073749999,0,4134.6277683124999,0,4020.3562441250001,0,1.556466849795308,0,1.3293055807929932,0,1.2925666569187984,0