msdX(mean),msdX(std),msdY(mean),msdY(std),msdZ(mean),msdZ(std),DmsdX(mean),DmsdX(std),DmsdY(mean),DmsdY(std),DmsdZ(mean),DmsdZ(std)
51.743443499999998,0,51.014053875000002,0,48.982589437500003,0,2.2827989779411761,0,2.2506200238970586,0,2.1609965928308825,0