msdX(mean),msdX(std),msdY(mean),msdY(std),msdZ(mean),msdZ(std),DmsdX(mean),DmsdX(std),DmsdY(mean),DmsdY(std),DmsdZ(mean),DmsdZ(std)
673.87199712500001,0,629.2855971875,0,608.35139218749998,0,1.9760676324470945,0,1.8453221167709302,0,1.7839344866453253,0