msdX(mean),msdX(std),msdY(mean),msdY(std),msdZ(mean),msdZ(std),DmsdX(mean),DmsdX(std),DmsdY(mean),DmsdY(std),DmsdZ(mean),DmsdZ(std)
2804.3403033750001,0,2470.0116870625002,0,2394.8978299374999,0,1.6854863637069391,0,1.4845455851881719,0,1.4394000720857667,0