msdX(mean),msdX(std),msdY(mean),msdY(std),msdZ(mean),msdZ(std),DmsdX(mean),DmsdX(std),DmsdY(mean),DmsdY(std),DmsdZ(mean),DmsdZ(std)
880.41634675,0,814.90490981250002,0,787.72589193750002,0,1.9279893720573744,0,1.7845284349337569,0,1.7250101651976351,0