msdX(mean),msdX(std),msdY(mean),msdY(std),msdZ(mean),msdZ(std),DmsdX(mean),DmsdX(std),DmsdY(mean),DmsdY(std),DmsdZ(mean),DmsdZ(std)
4043.8064148125,0,3491.6526423750001,0,3389.0858205,0,1.6015709195661214,0,1.3828874974751475,0,1.3422653651629768,0