msdX(mean),msdX(std),msdY(mean),msdY(std),msdZ(mean),msdZ(std),DmsdX(mean),DmsdX(std),DmsdY(mean),DmsdY(std),DmsdZ(mean),DmsdZ(std)
5798.5119916875001,0,4903.4168006250002,0,4763.1452896250003,0,1.5133330121804547,0,1.279725303233622,0,1.2431163406982257,0