msdX(mean),msdX(std),msdY(mean),msdY(std),msdZ(mean),msdZ(std),DmsdX(mean),DmsdX(std),DmsdY(mean),DmsdY(std),DmsdZ(mean),DmsdZ(std)
94.437106687500005,0,92.551817,0,88.899300312500003,0,2.2281661035194653,0,2.1836842390876918,0,2.0975061025363746,0