msdX(mean),msdX(std),msdY(mean),msdY(std),msdZ(mean),msdZ(std),DmsdX(mean),DmsdX(std),DmsdY(mean),DmsdY(std),DmsdZ(mean),DmsdZ(std)
4347.5010811874999,0,3736.7492455000001,0,3630.0754942499998,0,1.5840487807427446,0,1.3615161849847881,0,1.3226487016997321,0