msdX(mean),msdX(std),msdY(mean),msdY(std),msdZ(mean),msdZ(std),DmsdX(mean),DmsdX(std),DmsdY(mean),DmsdY(std),DmsdZ(mean),DmsdZ(std)
49.690851250000001,0,49.040936562500001,0,47.092304437499998,0,2.2846368390804597,0,2.2547557040229886,0,2.165163422413793,0