msdX(mean),msdX(std),msdY(mean),msdY(std),msdZ(mean),msdZ(std),DmsdX(mean),DmsdX(std),DmsdY(mean),DmsdY(std),DmsdZ(mean),DmsdZ(std)
171.96321218750001,0,166.6638954375,0,160.187065875,0,2.1707958618241112,0,2.1038993743425203,0,2.0221384288870188,0