msdX(mean),msdX(std),msdY(mean),msdY(std),msdZ(mean),msdZ(std),DmsdX(mean),DmsdX(std),DmsdY(mean),DmsdY(std),DmsdZ(mean),DmsdZ(std)
11922.615959375,0,9711.3299211875001,0,9385.4664022500001,0,1.3511781636971321,0,1.1005753246332863,0,1.0636455373589053,0