msdX(mean),msdX(std),msdY(mean),msdY(std),msdZ(mean),msdZ(std),DmsdX(mean),DmsdX(std),DmsdY(mean),DmsdY(std),DmsdZ(mean),DmsdZ(std)
245.07197768750001,0,236.2731770625,0,227.0411489375,0,2.1255158515828274,0,2.049203617194276,0,1.9691339890503037,0