msdX(mean),msdX(std),msdY(mean),msdY(std),msdZ(mean),msdZ(std),DmsdX(mean),DmsdX(std),DmsdY(mean),DmsdY(std),DmsdZ(mean),DmsdZ(std)
158.86721431250001,0,154.26146356250001,0,148.15607224999999,0,2.1797468234049857,0,2.1165533532471992,0,2.0327839778184313,0