msdX(mean),msdX(std),msdY(mean),msdY(std),msdZ(mean),msdZ(std),DmsdX(mean),DmsdX(std),DmsdY(mean),DmsdY(std),DmsdZ(mean),DmsdZ(std)
624.42597918750005,0,584.47993337499997,0,564.92912531249999,0,1.9903080509588824,0,1.8629832130524859,0,1.800666570269337,0