msdX(mean),msdX(std),msdY(mean),msdY(std),msdZ(mean),msdZ(std),DmsdX(mean),DmsdX(std),DmsdY(mean),DmsdY(std),DmsdZ(mean),DmsdZ(std)
3491.8143539375001,0,3043.04962875,0,2951.7968195624999,0,1.6340432963089344,0,1.4240375753616972,0,1.3813345487949928,0