msdX(mean),msdX(std),msdY(mean),msdY(std),msdZ(mean),msdZ(std),DmsdX(mean),DmsdX(std),DmsdY(mean),DmsdY(std),DmsdZ(mean),DmsdZ(std)
2514.3716468124999,0,2222.2020248125,0,2158.4848086249999,0,1.7126316729719144,0,1.5136241200702707,0,1.4702239637351286,0