msdX(mean),msdX(std),msdY(mean),msdY(std),msdZ(mean),msdZ(std),DmsdX(mean),DmsdX(std),DmsdY(mean),DmsdY(std),DmsdZ(mean),DmsdZ(std)
335.27513225000001,0,320.43124362499998,0,309.02413799999999,0,2.0828854768067924,0,1.9906683182335885,0,1.9198020583971835,0