msdX(mean),msdX(std),msdY(mean),msdY(std),msdZ(mean),msdZ(std),DmsdX(mean),DmsdX(std),DmsdY(mean),DmsdY(std),DmsdZ(mean),DmsdZ(std)
63.213955187499998,0,62.3427930625,0,59.772155687500003,0,2.2630294219868734,0,2.23184223374105,0,2.1398146427505966,0