msdX(mean),msdX(std),msdY(mean),msdY(std),msdZ(mean),msdZ(std),DmsdX(mean),DmsdX(std),DmsdY(mean),DmsdY(std),DmsdZ(mean),DmsdZ(std)
578.54885562499999,0,542.37926574999995,0,524.46033543750002,0,2.0045580260726452,0,1.8792375090951086,0,1.8171519389184039,0