msdX(mean),msdX(std),msdY(mean),msdY(std),msdZ(mean),msdZ(std),DmsdX(mean),DmsdX(std),DmsdY(mean),DmsdY(std),DmsdZ(mean),DmsdZ(std)
4668.917342875,0,3997.4087411874998,0,3884.4546889375001,0,1.5650089697288811,0,1.3399210301244699,0,1.3020591251138276,0