msdX(mean),msdX(std),msdY(mean),msdY(std),msdZ(mean),msdZ(std),DmsdX(mean),DmsdX(std),DmsdY(mean),DmsdY(std),DmsdZ(mean),DmsdZ(std)
6935.2424361875001,0,5826.8554603749999,0,5640.0357139375001,0,1.469299895380924,0,1.2344771213268786,0,1.1948975051243618,0