msdX(mean),msdX(std),msdY(mean),msdY(std),msdZ(mean),msdZ(std),DmsdX(mean),DmsdX(std),DmsdY(mean),DmsdY(std),DmsdZ(mean),DmsdZ(std)
322.53414568749997,0,308.30667949999997,0,297.38250637499999,0,2.0889517207739634,0,1.9968049190414505,0,1.9260525024287563,0