msdX(mean),msdX(std),msdY(mean),msdY(std),msdZ(mean),msdZ(std),DmsdX(mean),DmsdX(std),DmsdY(mean),DmsdY(std),DmsdZ(mean),DmsdZ(std)
476.66523893750002,0,450.04947606249999,0,435.13129956249998,0,2.0344227013977809,0,1.9208257621105422,0,1.857154500906957,0