msdX(mean),msdX(std),msdY(mean),msdY(std),msdZ(mean),msdZ(std),DmsdX(mean),DmsdX(std),DmsdY(mean),DmsdY(std),DmsdZ(mean),DmsdZ(std)
98.291191999999995,0,96.244680750000001,0,92.435405687499994,0,2.224621471142965,0,2.1783028460958129,0,2.0920876428706148,0