msdX(mean),msdX(std),msdY(mean),msdY(std),msdZ(mean),msdZ(std),DmsdX(mean),DmsdX(std),DmsdY(mean),DmsdY(std),DmsdZ(mean),DmsdZ(std)
1149.1292113750001,0,1053.5622832500001,0,1018.3894435,0,1.8792998441588531,0,1.7230085312636285,0,1.6654864427060618,0