msdX(mean),msdX(std),msdY(mean),msdY(std),msdZ(mean),msdZ(std),DmsdX(mean),DmsdX(std),DmsdY(mean),DmsdY(std),DmsdZ(mean),DmsdZ(std)
1870.4502521249999,0,1676.75628525,0,1624.7071733749999,0,1.7786708369389503,0,1.5944810624286803,0,1.5449859008891214,0