msdX(mean),msdX(std),msdY(mean),msdY(std),msdZ(mean),msdZ(std),DmsdX(mean),DmsdX(std),DmsdY(mean),DmsdY(std),DmsdZ(mean),DmsdZ(std)
700.39159700000005,0,653.01600350000001,0,631.193685125,0,1.969882145971031,0,1.8366362072844888,0,1.7752599778512164,0