msdX(mean),msdX(std),msdY(mean),msdY(std),msdZ(mean),msdZ(std),DmsdX(mean),DmsdX(std),DmsdY(mean),DmsdY(std),DmsdZ(mean),DmsdZ(std)
535.30966581250004,0,503.57929118750002,0,486.70867856249998,0,2.0161057026395079,0,1.8966014356443415,0,1.8330626271891282,0