msdX(mean),msdX(std),msdY(mean),msdY(std),msdZ(mean),msdZ(std),DmsdX(mean),DmsdX(std),DmsdY(mean),DmsdY(std),DmsdZ(mean),DmsdZ(std)
186.08647437499999,0,180.327304,0,173.20108931249999,0,2.1608648079156185,0,2.0939884342945616,0,2.0112377315173213,0