msdX(mean),msdX(std),msdY(mean),msdY(std),msdZ(mean),msdZ(std),DmsdX(mean),DmsdX(std),DmsdY(mean),DmsdY(std),DmsdZ(mean),DmsdZ(std)
261.72195475000001,0,256.92133274999998,0,246.73100550000001,0,1.9206601375978476,0,1.8854305240949121,0,1.8106482791095893,0