msdX(mean),msdX(std),msdY(mean),msdY(std),msdZ(mean),msdZ(std),DmsdX(mean),DmsdX(std),DmsdY(mean),DmsdY(std),DmsdZ(mean),DmsdZ(std)
1782.6093794999999,0,1619.3310935,0,1644.2419287499999,0,1.4957286285450579,0,1.3587272138781674,0,1.3796290726212452,0