msdX(mean),msdX(std),msdY(mean),msdY(std),msdZ(mean),msdZ(std),DmsdX(mean),DmsdX(std),DmsdY(mean),DmsdY(std),DmsdZ(mean),DmsdZ(std)
719.74358325000003,0,686.14395449999995,0,670.91400099999998,0,1.7131313469930183,0,1.6331576194065376,0,1.5969073333862265,0