msdX(mean),msdX(std),msdY(mean),msdY(std),msdZ(mean),msdZ(std),DmsdX(mean),DmsdX(std),DmsdY(mean),DmsdY(std),DmsdZ(mean),DmsdZ(std)
178.771368,0,176.35838949999999,0,169.22274024999999,0,1.9907724721603564,0,1.9639018875278396,0,1.8844403145879731,0