msdX(mean),msdX(std),msdY(mean),msdY(std),msdZ(mean),msdZ(std),DmsdX(mean),DmsdX(std),DmsdY(mean),DmsdY(std),DmsdZ(mean),DmsdZ(std)
10092.286759750001,0,7539.2480329999999,0,9121.3652934999991,0,1.0522078596835405,0,0.78603157294975434,0,0.9509809304212743,0