msdX(mean),msdX(std),msdY(mean),msdY(std),msdZ(mean),msdZ(std),DmsdX(mean),DmsdX(std),DmsdY(mean),DmsdY(std),DmsdZ(mean),DmsdZ(std)
427.40721400000001,0,414.55721775000001,0,400.960283,0,1.8239283669985775,0,1.7690919676386914,0,1.7110680640113798,0