msdX(mean),msdX(std),msdY(mean),msdY(std),msdZ(mean),msdZ(std),DmsdX(mean),DmsdX(std),DmsdY(mean),DmsdY(std),DmsdZ(mean),DmsdZ(std)
9758.4977510000008,0,7338.6554787499999,0,8824.1334817499992,0,1.0607370232832836,0,0.79770306517036726,0,0.95917274577705136,0