msdX(mean),msdX(std),msdY(mean),msdY(std),msdZ(mean),msdZ(std),DmsdX(mean),DmsdX(std),DmsdY(mean),DmsdY(std),DmsdZ(mean),DmsdZ(std)
5111.4809605,0,4231.5256622500001,0,4640.3611010000004,0,1.2272463290516207,0,1.0159725479591837,0,1.1141323171668669,0