msdX(mean),msdX(std),msdY(mean),msdY(std),msdZ(mean),msdZ(std),DmsdX(mean),DmsdX(std),DmsdY(mean),DmsdY(std),DmsdZ(mean),DmsdZ(std)
833.09920124999996,0,789.42908324999996,0,775.90737224999998,0,1.6782820331385979,0,1.5903083868855761,0,1.5630688401490733,0