msdX(mean),msdX(std),msdY(mean),msdY(std),msdZ(mean),msdZ(std),DmsdX(mean),DmsdX(std),DmsdY(mean),DmsdY(std),DmsdZ(mean),DmsdZ(std)
153.04017250000001,0,151.46127075000001,0,145.37891325000001,0,2.013686480263158,0,1.9929114572368423,0,1.9128804375000001,0