msdX(mean),msdX(std),msdY(mean),msdY(std),msdZ(mean),msdZ(std),DmsdX(mean),DmsdX(std),DmsdY(mean),DmsdY(std),DmsdZ(mean),DmsdZ(std)
293.20578124999997,0,286.68504124999998,0,276.03149124999999,0,1.8990011738989634,0,1.8567684018782382,0,1.7877687257124351,0