msdX(mean),msdX(std),msdY(mean),msdY(std),msdZ(mean),msdZ(std),DmsdX(mean),DmsdX(std),DmsdY(mean),DmsdY(std),DmsdZ(mean),DmsdZ(std)
242.392054,0,238.47865225000001,0,228.69487549999999,0,1.9339791542553193,0,1.9027552041223406,0,1.8246931555851065,0