msdX(mean),msdX(std),msdY(mean),msdY(std),msdZ(mean),msdZ(std),DmsdX(mean),DmsdX(std),DmsdY(mean),DmsdY(std),DmsdZ(mean),DmsdZ(std)
2127.5291942499998,0,1912.6118827499999,0,1956.8960924999999,0,1.4491389480405958,0,1.3027508056148398,0,1.3329144213740804,0