msdX(mean),msdX(std),msdY(mean),msdY(std),msdZ(mean),msdZ(std),DmsdX(mean),DmsdX(std),DmsdY(mean),DmsdY(std),DmsdZ(mean),DmsdZ(std)
5670.352175,0,4633.3757864999998,0,5139.5093864999999,0,1.2013118644247338,0,0.98161968302449076,0,1.0888483488813876,0