msdX(mean),msdX(std),msdY(mean),msdY(std),msdZ(mean),msdZ(std),DmsdX(mean),DmsdX(std),DmsdY(mean),DmsdY(std),DmsdZ(mean),DmsdZ(std)
5473.1326305000002,0,4493.3582569999999,0,4965.7172565000001,0,1.2089264965983892,0,0.99251018060934493,0,1.0968466454740904,0