msdX(mean),msdX(std),msdY(mean),msdY(std),msdZ(mean),msdZ(std),DmsdX(mean),DmsdX(std),DmsdY(mean),DmsdY(std),DmsdZ(mean),DmsdZ(std)
1155.0965795,0,1076.9882454999999,0,1072.2728427500001,0,1.5986758343329028,0,1.4905724010426278,0,1.4840461931398785,0