msdX(mean),msdX(std),msdY(mean),msdY(std),msdZ(mean),msdZ(std),DmsdX(mean),DmsdX(std),DmsdY(mean),DmsdY(std),DmsdZ(mean),DmsdZ(std)
3025.8743410000002,0,2649.047243,0,2772.4055720000001,0,1.3581530002393849,0,1.1890154895418774,0,1.2443844393907657,0