msdX(mean),msdX(std),msdY(mean),msdY(std),msdZ(mean),msdZ(std),DmsdX(mean),DmsdX(std),DmsdY(mean),DmsdY(std),DmsdZ(mean),DmsdZ(std)
5290.2501662499999,0,4360.2002627499996,0,4800.04402175,0,1.218296653009135,0,1.0041145918668919,0,1.1054066220350043,0