msdX(mean),msdX(std),msdY(mean),msdY(std),msdZ(mean),msdZ(std),DmsdX(mean),DmsdX(std),DmsdY(mean),DmsdY(std),DmsdZ(mean),DmsdZ(std)
208.08941175000001,0,205.35067799999999,0,196.67743775,0,1.9606414423680907,0,1.9348367902010051,0,1.8531165617148242,0