msdX(mean),msdX(std),msdY(mean),msdY(std),msdZ(mean),msdZ(std),DmsdX(mean),DmsdX(std),DmsdY(mean),DmsdY(std),DmsdZ(mean),DmsdZ(std)
159.16036174999999,0,157.49227475000001,0,151.03100674999999,0,2.0079103669049623,0,1.986866376156434,0,1.9053533231707316,0