msdX(mean),msdX(std),msdY(mean),msdY(std),msdZ(mean),msdZ(std),DmsdX(mean),DmsdX(std),DmsdY(mean),DmsdY(std),DmsdZ(mean),DmsdZ(std)
100.25382775,0,99.495795749999999,0,95.468760250000003,0,2.0857245717753123,0,2.0699541418169209,0,1.986173930305132,0