msdX(mean),msdX(std),msdY(mean),msdY(std),msdZ(mean),msdZ(std),DmsdX(mean),DmsdX(std),DmsdY(mean),DmsdY(std),DmsdZ(mean),DmsdZ(std)
315.95545199999998,0,309.02214824999999,0,297.56226375,0,1.8821810087370927,0,1.8408785638403493,0,1.7726107848490864,0