msdX(mean),msdX(std),msdY(mean),msdY(std),msdZ(mean),msdZ(std),DmsdX(mean),DmsdX(std),DmsdY(mean),DmsdY(std),DmsdZ(mean),DmsdZ(std)
70.44744575,0,70.170393000000004,0,67.472174249999995,0,2.1347710833333333,0,2.1263755454545454,0,2.0446113409090909,0