msdX(mean),msdX(std),msdY(mean),msdY(std),msdZ(mean),msdZ(std),DmsdX(mean),DmsdX(std),DmsdY(mean),DmsdY(std),DmsdZ(mean),DmsdZ(std)
4012.7949104999998,0,3407.8802582500002,0,3650.3977574999999,0,1.290121820505401,0,1.0956405151266719,0,1.1736103901427468,0