msdX(mean),msdX(std),msdY(mean),msdY(std),msdZ(mean),msdZ(std),DmsdX(mean),DmsdX(std),DmsdY(mean),DmsdY(std),DmsdZ(mean),DmsdZ(std)
803.26900924999995,0,762.54289525000002,0,747.93730925,0,1.687067367509101,0,1.6015322638966676,0,1.5708568522472697,0