msdX(mean),msdX(std),msdY(mean),msdY(std),msdZ(mean),msdZ(std),DmsdX(mean),DmsdX(std),DmsdY(mean),DmsdY(std),DmsdZ(mean),DmsdZ(std)
2537.6622315,0,2250.4872632500001,0,2328.8999155000001,0,1.4031086096981091,0,1.2443255906502269,0,1.2876810325666264,0