msdX(mean),msdX(std),msdY(mean),msdY(std),msdZ(mean),msdZ(std),DmsdX(mean),DmsdX(std),DmsdY(mean),DmsdY(std),DmsdZ(mean),DmsdZ(std)
534.99329750000004,0,515.60741474999998,0,500.34415074999998,0,1.7777801201816572,0,1.7133609262848915,0,1.6626411744018608,0