msdX(mean),msdX(std),msdY(mean),msdY(std),msdZ(mean),msdZ(std),DmsdX(mean),DmsdX(std),DmsdY(mean),DmsdY(std),DmsdZ(mean),DmsdZ(std)
112.57695674999999,0,111.66931624999999,0,107.1893275,0,2.0668963907588735,0,2.0502322444920438,0,1.9679803090575276,0