msdX(mean),msdX(std),msdY(mean),msdY(std),msdZ(mean),msdZ(std),DmsdX(mean),DmsdX(std),DmsdY(mean),DmsdY(std),DmsdZ(mean),DmsdZ(std)
896.27264975000003,0,846.61615825000001,0,833.33972349999999,0,1.6609945325240918,0,1.5689699003891771,0,1.5443656847664937,0