msdX(mean),msdX(std),msdY(mean),msdY(std),msdZ(mean),msdZ(std),DmsdX(mean),DmsdX(std),DmsdY(mean),DmsdY(std),DmsdZ(mean),DmsdZ(std)
411.493358,0,399.67073749999997,0,386.34097824999998,0,1.8310294778997331,0,1.7784221484722633,0,1.7191084763423317,0