msdX(mean),msdX(std),msdY(mean),msdY(std),msdZ(mean),msdZ(std),DmsdX(mean),DmsdX(std),DmsdY(mean),DmsdY(std),DmsdZ(mean),DmsdZ(std)
171.98245524999999,0,169.83865875000001,0,162.91751300000001,0,1.9967003318498453,0,1.9718110535990714,0,1.8914571942724461,0