msdX(mean),msdX(std),msdY(mean),msdY(std),msdZ(mean),msdZ(std),DmsdX(mean),DmsdX(std),DmsdY(mean),DmsdY(std),DmsdZ(mean),DmsdZ(std)
1035.8371325000001,0,970.78653125000005,0,962.79155624999999,0,1.6247576061382414,0,1.5227227824688907,0,1.5101823009254418,0