msdX(mean),msdX(std),msdY(mean),msdY(std),msdZ(mean),msdZ(std),DmsdX(mean),DmsdX(std),DmsdY(mean),DmsdY(std),DmsdZ(mean),DmsdZ(std)
668.47348599999998,0,639.36505450000004,0,623.46885474999999,0,1.7294070869265266,0,1.6541006929113489,0,1.612975650439807,0