msdX(mean),msdX(std),msdY(mean),msdY(std),msdZ(mean),msdZ(std),DmsdX(mean),DmsdX(std),DmsdY(mean),DmsdY(std),DmsdZ(mean),DmsdZ(std)
1434.621236,0,1322.8244367499999,0,1329.8130289999999,0,1.5460391220633667,0,1.4255597780910985,0,1.4330911297507005,0