msdX(mean),msdX(std),msdY(mean),msdY(std),msdZ(mean),msdZ(std),DmsdX(mean),DmsdX(std),DmsdY(mean),DmsdY(std),DmsdZ(mean),DmsdZ(std)
60.275033499999999,0,60.118650500000001,0,57.788948249999997,0,2.1578174284009548,0,2.152218991646778,0,2.0688167631264913,0