msdX(mean),msdX(std),msdY(mean),msdY(std),msdZ(mean),msdZ(std),DmsdX(mean),DmsdX(std),DmsdY(mean),DmsdY(std),DmsdZ(mean),DmsdZ(std)
773.73001424999995,0,736.4225725,0,721.22374675000003,0,1.6942993012773722,0,1.6126041733576642,0,1.5793220731751825,0