msdX(mean),msdX(std),msdY(mean),msdY(std),msdZ(mean),msdZ(std),DmsdX(mean),DmsdX(std),DmsdY(mean),DmsdY(std),DmsdZ(mean),DmsdZ(std)
7710.0983867499999,0,6019.5212067499997,0,6970.0363522500002,0,1.1222306127917132,0,0.87616144875309299,0,1.0145121079399351,0