msdX(mean),msdX(std),msdY(mean),msdY(std),msdZ(mean),msdZ(std),DmsdX(mean),DmsdX(std),DmsdY(mean),DmsdY(std),DmsdZ(mean),DmsdZ(std)
621.15977550000002,0,595.18213324999999,0,579.85846675000005,0,1.7467935194038244,0,1.6737405321990999,0,1.630648106721035,0