msdX(mean),msdX(std),msdY(mean),msdY(std),msdZ(mean),msdZ(std),DmsdX(mean),DmsdX(std),DmsdY(mean),DmsdY(std),DmsdZ(mean),DmsdZ(std)
554.94882374999997,0,534.12336374999995,0,518.76656475000004,0,1.7688551543242668,0,1.7024756600616233,0,1.6535270869634511,0