msdX(mean),msdX(std),msdY(mean),msdY(std),msdZ(mean),msdZ(std),DmsdX(mean),DmsdX(std),DmsdY(mean),DmsdY(std),DmsdZ(mean),DmsdZ(std)
1198.4877114999999,0,1114.1792785,0,1111.2034444999999,0,1.5910536925834144,0,1.4791299387113905,0,1.4751793669793787,0