msdX(mean),msdX(std),msdY(mean),msdY(std),msdZ(mean),msdZ(std),DmsdX(mean),DmsdX(std),DmsdY(mean),DmsdY(std),DmsdZ(mean),DmsdZ(std)
57.965379499999997,0,57.839774749999997,0,55.588085999999997,0,2.1628872947761191,0,2.1582005503731341,0,2.0741823134328357,0