msdX(mean),msdX(std),msdY(mean),msdY(std),msdZ(mean),msdZ(std),DmsdX(mean),DmsdX(std),DmsdY(mean),DmsdY(std),DmsdZ(mean),DmsdZ(std)
963.82403750000003,0,906.69499350000001,0,895.79453999999998,0,1.6432553492270972,0,1.5458541603205276,0,1.5272696180950216,0