msdX(mean),msdX(std),msdY(mean),msdY(std),msdZ(mean),msdZ(std),DmsdX(mean),DmsdX(std),DmsdY(mean),DmsdY(std),DmsdZ(mean),DmsdZ(std)
3736.9021419999999,0,3205.0706467499999,0,3410.8083615,0,1.3059394280322445,0,1.1200796724581799,0,1.1919790648734914,0