msdX(mean),msdX(std),msdY(mean),msdY(std),msdZ(mean),msdZ(std),DmsdX(mean),DmsdX(std),DmsdY(mean),DmsdY(std),DmsdZ(mean),DmsdZ(std)
2712.8686050000001,0,2878.9409824999998,0,2341.550835,0,0.95433933102720458,0,1.0127606645755158,0,0.82371628810975617,0