msdX(mean),msdX(std),msdY(mean),msdY(std),msdZ(mean),msdZ(std),DmsdX(mean),DmsdX(std),DmsdY(mean),DmsdY(std),DmsdZ(mean),DmsdZ(std)
548.53431,0,569.77028250000001,0,478.27226000000002,0,1.2959544258938416,0,1.3461260415025988,0,1.1299549377854781,0