msdX(mean),msdX(std),msdY(mean),msdY(std),msdZ(mean),msdZ(std),DmsdX(mean),DmsdX(std),DmsdY(mean),DmsdY(std),DmsdZ(mean),DmsdZ(std)
7159.0397075000001,0,7579.1180224999998,0,6015.5241075000004,0,0.83353847763736988,0,0.8824488697402022,0,0.7003971219077707,0