msdX(mean),msdX(std),msdY(mean),msdY(std),msdZ(mean),msdZ(std),DmsdX(mean),DmsdX(std),DmsdY(mean),DmsdY(std),DmsdZ(mean),DmsdZ(std)
6640.7005799999997,0,7041.0609400000003,0,5604.8610925000003,0,0.84240066217884746,0,0.89318804949004627,0,0.71100008784652335,0