msdX(mean),msdX(std),msdY(mean),msdY(std),msdZ(mean),msdZ(std),DmsdX(mean),DmsdX(std),DmsdY(mean),DmsdY(std),DmsdZ(mean),DmsdZ(std)
659.28569749999997,0,682.56337499999995,0,567.694975,0,1.2580187587457068,0,1.3024361563414324,0,1.0832495388627403,0