msdX(mean),msdX(std),msdY(mean),msdY(std),msdZ(mean),msdZ(std),DmsdX(mean),DmsdX(std),DmsdY(mean),DmsdY(std),DmsdZ(mean),DmsdZ(std)
7988.778765,0,8446.6055350000006,0,6705.3250500000004,0,0.82378926383847551,0,0.87099958082412143,0,0.69144170207061539,0