msdX(mean),msdX(std),msdY(mean),msdY(std),msdZ(mean),msdZ(std),DmsdX(mean),DmsdX(std),DmsdY(mean),DmsdY(std),DmsdZ(mean),DmsdZ(std)
6116.3641674999999,0,6472.1293224999999,0,5147.2354475000002,0,0.85216988986262443,0,0.90173730355003212,0,0.71714485015465212,0