msdX(mean),msdX(std),msdY(mean),msdY(std),msdZ(mean),msdZ(std),DmsdX(mean),DmsdX(std),DmsdY(mean),DmsdY(std),DmsdZ(mean),DmsdZ(std)
6418.6960275000001,0,6800.2204824999999,0,5411.2072399999997,0,0.84671920158737135,0,0.89704781670477529,0,0.71381680239204992,0