msdX(mean),msdX(std),msdY(mean),msdY(std),msdZ(mean),msdZ(std),DmsdX(mean),DmsdX(std),DmsdY(mean),DmsdY(std),DmsdZ(mean),DmsdZ(std)
7535.0026500000004,0,7973.9834600000004,0,6344.4505875000004,0,0.82868400224354977,0,0.87696220351782739,0,0.69774954954872392,0