msdX(mean),msdX(std),msdY(mean),msdY(std),msdZ(mean),msdZ(std),DmsdX(mean),DmsdX(std),DmsdY(mean),DmsdY(std),DmsdZ(mean),DmsdZ(std)
2136.2913524999999,0,2256.1588624999999,0,1845.5898500000001,0,0.99966839143659336,0,1.0557598795039775,0,0.86363586803930747,0