msdX(mean),msdX(std),msdY(mean),msdY(std),msdZ(mean),msdZ(std),DmsdX(mean),DmsdX(std),DmsdY(mean),DmsdY(std),DmsdZ(mean),DmsdZ(std)
2301.231495,0,2432.9065175000001,0,1989.8829450000001,0,0.98402099332934234,0,1.0403260572564783,0,0.85088640425895845,0