msdX(mean),msdX(std),msdY(mean),msdY(std),msdZ(mean),msdZ(std),DmsdX(mean),DmsdX(std),DmsdY(mean),DmsdY(std),DmsdZ(mean),DmsdZ(std)
765.93516,0,789.22824749999995,0,660.88495499999999,0,1.2257577509868771,0,1.2630346433905899,0,1.0576415581990823,0