msdX(mean),msdX(std),msdY(mean),msdY(std),msdZ(mean),msdZ(std),DmsdX(mean),DmsdX(std),DmsdY(mean),DmsdY(std),DmsdZ(mean),DmsdZ(std)
7909.4198175000001,0,8371.0791324999991,0,6648.8984025,0,0.8241726218635379,0,0.8722781690250917,0,0.69282452510211745,0