msdX(mean),msdX(std),msdY(mean),msdY(std),msdZ(mean),msdZ(std),DmsdX(mean),DmsdX(std),DmsdY(mean),DmsdY(std),DmsdZ(mean),DmsdZ(std)
2804.8377475000002,0,2967.8082650000001,0,2413.9551674999998,0,0.95290284047155283,0,1.0082697040904149,0,0.820106167614151,0