msdX(mean),msdX(std),msdY(mean),msdY(std),msdZ(mean),msdZ(std),DmsdX(mean),DmsdX(std),DmsdY(mean),DmsdY(std),DmsdZ(mean),DmsdZ(std)
5164.3885049999999,0,5519.0068574999996,0,4398.24514,0,0.86538526715894359,0,0.92480788755641441,0,0.73700430202421907,0