msdX(mean),msdX(std),msdY(mean),msdY(std),msdZ(mean),msdZ(std),DmsdX(mean),DmsdX(std),DmsdY(mean),DmsdY(std),DmsdZ(mean),DmsdZ(std)
4339.8878249999998,0,4579.6170849999999,0,3688.9172225000002,0,0.89320157755001228,0,0.94254076829669875,0,0.75922392823330864,0