msdX(mean),msdX(std),msdY(mean),msdY(std),msdZ(mean),msdZ(std),DmsdX(mean),DmsdX(std),DmsdY(mean),DmsdY(std),DmsdZ(mean),DmsdZ(std)
2383.0863749999999,0,2520.6623049999998,0,2058.3088925000002,0,0.97691496884479778,0,1.0333124149380994,0,0.84377670431253593,0