msdX(mean),msdX(std),msdY(mean),msdY(std),msdZ(mean),msdZ(std),DmsdX(mean),DmsdX(std),DmsdY(mean),DmsdY(std),DmsdZ(mean),DmsdZ(std)
4551.267895,0,4839.4926400000004,0,3874.4571125000002,0,0.88181219629548302,0,0.93765599658998444,0,0.75067950616127832,0