msdX(mean),msdX(std),msdY(mean),msdY(std),msdZ(mean),msdZ(std),DmsdX(mean),DmsdX(std),DmsdY(mean),DmsdY(std),DmsdZ(mean),DmsdZ(std)
7459.70705,0,7891.1736774999999,0,6282.5279149999997,0,0.82959990621223478,0,0.87758365025318996,0,0.69868488589773059,0