msdX(mean),msdX(std),msdY(mean),msdY(std),msdZ(mean),msdZ(std),DmsdX(mean),DmsdX(std),DmsdY(mean),DmsdY(std),DmsdZ(mean),DmsdZ(std)
5792.2250025000003,0,6156.2069350000002,0,4896.0325375000002,0,0.85504192413864377,0,0.90877253919281986,0,0.72274697196716964,0