msdX(mean),msdX(std),msdY(mean),msdY(std),msdZ(mean),msdZ(std),DmsdX(mean),DmsdX(std),DmsdY(mean),DmsdY(std),DmsdZ(mean),DmsdZ(std)
3950.2181624999998,0,4164.9158674999999,0,3366.4175175,0,0.90709519667952598,0,0.95639658939560934,0,0.77303607915403694,0