msdX(mean),msdX(std),msdY(mean),msdY(std),msdZ(mean),msdZ(std),DmsdX(mean),DmsdX(std),DmsdY(mean),DmsdY(std),DmsdZ(mean),DmsdZ(std)
1161.4780525000001,0,1203.2786775,0,995.97949500000004,0,1.129695940053171,0,1.1703527533718066,0,0.96872600343664905,0