msdX(mean),msdX(std),msdY(mean),msdY(std),msdZ(mean),msdZ(std),DmsdX(mean),DmsdX(std),DmsdY(mean),DmsdY(std),DmsdZ(mean),DmsdZ(std)
6334.3998899999997,0,6721.4125999999997,0,5347.950965,0,0.84686754859755597,0,0.89860859916040525,0,0.7149858238188187,0