msdX(mean),msdX(std),msdY(mean),msdY(std),msdZ(mean),msdZ(std),DmsdX(mean),DmsdX(std),DmsdY(mean),DmsdY(std),DmsdZ(mean),DmsdZ(std)
6196.8141425000003,0,6560.462775,0,5210.8130000000001,0,0.85142125010304748,0,0.90138533909483121,0,0.71594803660245665,0