msdX(mean),msdX(std),msdY(mean),msdY(std),msdZ(mean),msdZ(std),DmsdX(mean),DmsdX(std),DmsdY(mean),DmsdY(std),DmsdZ(mean),DmsdZ(std)
1964.1466025,0,2068.1822775000001,0,1700.5489849999999,0,1.0148530549240469,0,1.0686071496848197,0,0.87865505063552751,0