msdX(mean),msdX(std),msdY(mean),msdY(std),msdZ(mean),msdZ(std),DmsdX(mean),DmsdX(std),DmsdY(mean),DmsdY(std),DmsdZ(mean),DmsdZ(std)
3303.6111799999999,0,3471.5077700000002,0,2830.6407374999999,0,0.93103180272428365,0,0.97834883137623296,0,0.79773811296383268,0