msdX(mean),msdX(std),msdY(mean),msdY(std),msdZ(mean),msdZ(std),DmsdX(mean),DmsdX(std),DmsdY(mean),DmsdY(std),DmsdZ(mean),DmsdZ(std)
1608.4035174999999,0,1694.2771275,0,1392.5155999999999,0,1.0497803830171439,0,1.1058287752371423,0,0.90887364024018802,0