msdX(mean),msdX(std),msdY(mean),msdY(std),msdZ(mean),msdZ(std),DmsdX(mean),DmsdX(std),DmsdY(mean),DmsdY(std),DmsdZ(mean),DmsdZ(std)
2220.4971325000001,0,2349.5820975000001,0,1920.0903975000001,0,0.99226791156492977,0,1.0499517818839932,0,0.85802591719545984,0