msdX(mean),msdX(std),msdY(mean),msdY(std),msdZ(mean),msdZ(std),DmsdX(mean),DmsdX(std),DmsdY(mean),DmsdY(std),DmsdZ(mean),DmsdZ(std)
6494.9803025000001,0,6885.1326600000002,0,5466.8529150000004,0,0.84553908574317416,0,0.89633047421499379,0,0.71169389287636053,0