msdX(mean),msdX(std),msdY(mean),msdY(std),msdZ(mean),msdZ(std),DmsdX(mean),DmsdX(std),DmsdY(mean),DmsdY(std),DmsdZ(mean),DmsdZ(std)
5872.2681474999999,0,6229.9936850000004,0,4962.3842000000004,0,0.85414809418181814,0,0.90618089963636372,0,0.72180133818181824,0