msdX(mean),msdX(std),msdY(mean),msdY(std),msdZ(mean),msdZ(std),DmsdX(mean),DmsdX(std),DmsdY(mean),DmsdY(std),DmsdZ(mean),DmsdZ(std)
1432.6731924999999,0,1503.4271524999999,0,1238.3343150000001,0,1.0767661031917026,0,1.1299432451898987,0,0.93070521720613297,0