msdX(mean),msdX(std),msdY(mean),msdY(std),msdZ(mean),msdZ(std),DmsdX(mean),DmsdX(std),DmsdY(mean),DmsdY(std),DmsdZ(mean),DmsdZ(std)
8196.4389599999995,0,8705.3372574999994,0,6885.0114000000003,0,0.81964389599999998,0,0.87053372574999999,0,0.68850114000000007,0