msdX(mean),msdX(std),msdY(mean),msdY(std),msdZ(mean),msdZ(std),DmsdX(mean),DmsdX(std),DmsdY(mean),DmsdY(std),DmsdZ(mean),DmsdZ(std)
3470.9044825000001,0,3642.3659275,0,2967.5707925000002,0,0.9255909836174866,0,0.97131484848619531,0,0.79136628006720122,0