msdX(mean),msdX(std),msdY(mean),msdY(std),msdZ(mean),msdZ(std),DmsdX(mean),DmsdX(std),DmsdY(mean),DmsdY(std),DmsdZ(mean),DmsdZ(std)
3629.8775099999998,0,3807.8692799999999,0,3110.1961200000001,0,0.9185997444030165,0,0.96364346667116563,0,0.78708588733487428,0