msdX(mean),msdX(std),msdY(mean),msdY(std),msdZ(mean),msdZ(std),DmsdX(mean),DmsdX(std),DmsdY(mean),DmsdY(std),DmsdZ(mean),DmsdZ(std)
188.907445,0,192.84760750000001,0,164.02833999999999,0,1.5629408025372311,0,1.5955400510204083,0,1.3571015444015444,0