msdX(mean),msdX(std),msdY(mean),msdY(std),msdZ(mean),msdZ(std),DmsdX(mean),DmsdX(std),DmsdY(mean),DmsdY(std),DmsdZ(mean),DmsdZ(std)
5713.1552750000001,0,6074.9569650000003,0,4835.4752449999996,0,0.85611717407592414,0,0.91033321153846158,0,0.72459669005993999,0