msdX(mean),msdX(std),msdY(mean),msdY(std),msdZ(mean),msdZ(std),DmsdX(mean),DmsdX(std),DmsdY(mean),DmsdY(std),DmsdZ(mean),DmsdZ(std)
3876.3774625000001,0,4070.8625725000002,0,3303.8877025000002,0,0.91123118535496006,0,0.95694935883873999,0,0.77665437294311235,0