msdX(mean),msdX(std),msdY(mean),msdY(std),msdZ(mean),msdZ(std),DmsdX(mean),DmsdX(std),DmsdY(mean),DmsdY(std),DmsdZ(mean),DmsdZ(std)
39.373917499999997,0,39.678780000000003,0,34.750552499999998,0,1.9686958749999999,0,1.9839390000000001,0,1.7375276249999998,0