msdX(mean),msdX(std),msdY(mean),msdY(std),msdZ(mean),msdZ(std),DmsdX(mean),DmsdX(std),DmsdY(mean),DmsdY(std),DmsdZ(mean),DmsdZ(std)
5412.6652700000004,0,4426.52628,0,4918.2677999999996,0,1.214800536403627,0,0.99347479127390248,0,1.1038396175599243,0