msdX(mean),msdX(std),msdY(mean),msdY(std),msdZ(mean),msdZ(std),DmsdX(mean),DmsdX(std),DmsdY(mean),DmsdY(std),DmsdZ(mean),DmsdZ(std)
7765.1032500000001,0,6020.2336724999996,0,7005.2382500000003,0,1.1294695636363636,0,0.87567035236363633,0,1.0189437454545456,0