msdX(mean),msdX(std),msdY(mean),msdY(std),msdZ(mean),msdZ(std),DmsdX(mean),DmsdX(std),DmsdY(mean),DmsdY(std),DmsdZ(mean),DmsdZ(std)
7479.9884224999996,0,5834.2528924999997,0,6750.3811075000003,0,1.1380677804347386,0,0.8876718605459083,0,1.0270592426309491,0