msdX(mean),msdX(std),msdY(mean),msdY(std),msdZ(mean),msdZ(std),DmsdX(mean),DmsdX(std),DmsdY(mean),DmsdY(std),DmsdZ(mean),DmsdZ(std)
4081.8285099999998,0,3432.4732549999999,0,3664.8337175000001,0,1.2978511881041208,0,1.0913833056003053,0,1.165264239496778,0