msdX(mean),msdX(std),msdY(mean),msdY(std),msdZ(mean),msdZ(std),DmsdX(mean),DmsdX(std),DmsdY(mean),DmsdY(std),DmsdZ(mean),DmsdZ(std)
7565.1211974999997,0,5903.0389674999997,0,6832.5762999999997,0,1.1336345450799201,0,0.88457127385114886,0,1.0238625824175824,0