msdX(mean),msdX(std),msdY(mean),msdY(std),msdZ(mean),msdZ(std),DmsdX(mean),DmsdX(std),DmsdY(mean),DmsdY(std),DmsdZ(mean),DmsdZ(std)
3399.8161749999999,0,2930.0378824999998,0,3067.3303550000001,0,1.3383697938536638,0,1.153437125695465,0,1.2074836060518581,0