msdX(mean),msdX(std),msdY(mean),msdY(std),msdZ(mean),msdZ(std),DmsdX(mean),DmsdX(std),DmsdY(mean),DmsdY(std),DmsdZ(mean),DmsdZ(std)
9056.0662049999992,0,6848.5070674999997,0,8108.5178525000001,0,1.0929006474568361,0,0.82648885716526943,0,0.97854898697845438,0