msdX(mean),msdX(std),msdY(mean),msdY(std),msdZ(mean),msdZ(std),DmsdX(mean),DmsdX(std),DmsdY(mean),DmsdY(std),DmsdZ(mean),DmsdZ(std)
9943.1682249999994,0,7397.9548624999998,0,8915.5555600000007,0,1.069802055538819,0,0.79595830419392322,0,0.95923949474952674,0