msdX(mean),msdX(std),msdY(mean),msdY(std),msdZ(mean),msdZ(std),DmsdX(mean),DmsdX(std),DmsdY(mean),DmsdY(std),DmsdZ(mean),DmsdZ(std)
10366.684335,0,7654.2583974999998,0,9284.7671800000007,0,1.057997666455748,0,0.78117431391859893,0,0.94757992937622482,0