msdX(mean),msdX(std),msdY(mean),msdY(std),msdZ(mean),msdZ(std),DmsdX(mean),DmsdX(std),DmsdY(mean),DmsdY(std),DmsdZ(mean),DmsdZ(std)
5522.722135,0,4497.9647050000003,0,5002.4543549999999,0,1.212080180625055,0,0.98717511741725938,0,1.0978962239926258,0