msdX(mean),msdX(std),msdY(mean),msdY(std),msdZ(mean),msdZ(std),DmsdX(mean),DmsdX(std),DmsdY(mean),DmsdY(std),DmsdZ(mean),DmsdZ(std)
9320.3118274999997,0,6997.1652174999999,0,8332.1680625000008,0,1.085178857670126,0,0.81469117108848021,0,0.9701276939362421,0