msdX(mean),msdX(std),msdY(mean),msdY(std),msdZ(mean),msdZ(std),DmsdX(mean),DmsdX(std),DmsdY(mean),DmsdY(std),DmsdZ(mean),DmsdZ(std)
883.29791499999999,0,830.99389250000002,0,815.28827750000005,0,1.685468607683501,0,1.5856644685790613,0,1.5556957336852821,0