msdX(mean),msdX(std),msdY(mean),msdY(std),msdZ(mean),msdZ(std),DmsdX(mean),DmsdX(std),DmsdY(mean),DmsdY(std),DmsdZ(mean),DmsdZ(std)
5116.0923675000004,0,4210.5974100000003,0,4639.4258200000004,0,1.2318632600687032,0,1.0138363187633435,0,1.117090506765976,0