msdX(mean),msdX(std),msdY(mean),msdY(std),msdZ(mean),msdZ(std),DmsdX(mean),DmsdX(std),DmsdY(mean),DmsdY(std),DmsdZ(mean),DmsdZ(std)
8146.1595975,0,6280.8318849999996,0,7338.0379249999996,0,1.1192547054903685,0,0.86296500302272539,0,1.0082215279876892,0