msdX(mean),msdX(std),msdY(mean),msdY(std),msdZ(mean),msdZ(std),DmsdX(mean),DmsdX(std),DmsdY(mean),DmsdY(std),DmsdZ(mean),DmsdZ(std)
8617.6484225000004,0,6575.4294874999996,0,7734.0345724999997,0,1.1073442727697158,0,0.84492472041136257,0,0.99380230770383948,0