msdX(mean),msdX(std),msdY(mean),msdY(std),msdZ(mean),msdZ(std),DmsdX(mean),DmsdX(std),DmsdY(mean),DmsdY(std),DmsdZ(mean),DmsdZ(std)
1855.0749949999999,0,1661.5219474999999,0,1692.4570125,0,1.5085181028407242,0,1.3511237781903935,0,1.3762796913965087,0