msdX(mean),msdX(std),msdY(mean),msdY(std),msdZ(mean),msdZ(std),DmsdX(mean),DmsdX(std),DmsdY(mean),DmsdY(std),DmsdZ(mean),DmsdZ(std)
6812.5058024999998,0,5404.5709674999998,0,6161.5504225000004,0,1.1611697995261578,0,0.92119181528680516,0,1.0502165394470706,0