msdX(mean),msdX(std),msdY(mean),msdY(std),msdZ(mean),msdZ(std),DmsdX(mean),DmsdX(std),DmsdY(mean),DmsdY(std),DmsdZ(mean),DmsdZ(std)
728.42507000000001,0,696.42513250000002,0,677.55543250000005,0,1.7209601590801702,0,1.6453578496613641,0,1.6007767345251223,0