msdX(mean),msdX(std),msdY(mean),msdY(std),msdZ(mean),msdZ(std),DmsdX(mean),DmsdX(std),DmsdY(mean),DmsdY(std),DmsdZ(mean),DmsdZ(std)
8972.8002350000006,0,6792.8141999999998,0,8037.5040900000004,0,1.0961867661790818,0,0.82986278933394153,0,0.98192374574449037,0