msdX(mean),msdX(std),msdY(mean),msdY(std),msdZ(mean),msdZ(std),DmsdX(mean),DmsdX(std),DmsdY(mean),DmsdY(std),DmsdZ(mean),DmsdZ(std)
3172.3169275,0,2757.3591124999998,0,2879.3095549999998,0,1.3565025773967332,0,1.1790640180022236,0,1.2312107906439751,0