msdX(mean),msdX(std),msdY(mean),msdY(std),msdZ(mean),msdZ(std),DmsdX(mean),DmsdX(std),DmsdY(mean),DmsdY(std),DmsdZ(mean),DmsdZ(std)
2951.53667,0,2573.9375500000001,0,2669.7311275000002,0,1.3811589471221337,0,1.2044630556855405,0,1.2492892501169865,0