msdX(mean),msdX(std),msdY(mean),msdY(std),msdZ(mean),msdZ(std),DmsdX(mean),DmsdX(std),DmsdY(mean),DmsdY(std),DmsdZ(mean),DmsdZ(std)
4375.1999235937501,0,3927.5573906250002,0,4441.6451629687499,0,0.72096744030662374,0,0.64720265314193559,0,0.73191662091307386,0