msdX(mean),msdX(std),msdY(mean),msdY(std),msdZ(mean),msdZ(std),DmsdX(mean),DmsdX(std),DmsdY(mean),DmsdY(std),DmsdZ(mean),DmsdZ(std)
1530.7082001562501,0,1444.6448578125,0,1433.7079115624999,0,1.1504434863025284,0,1.0857603470871735,0,1.0775404012006427,0