msdX(mean),msdX(std),msdY(mean),msdY(std),msdZ(mean),msdZ(std),DmsdX(mean),DmsdX(std),DmsdY(mean),DmsdY(std),DmsdZ(mean),DmsdZ(std)
5342.9450385937498,0,4852.4140012500002,0,5508.3416892187497,0,0.63704320189263863,0,0.57855683147333403,0,0.65676356419009541,0