msdX(mean),msdX(std),msdY(mean),msdY(std),msdZ(mean),msdZ(std),DmsdX(mean),DmsdX(std),DmsdY(mean),DmsdY(std),DmsdZ(mean),DmsdZ(std)
2699.0922206250002,0,2470.7457309375,0,2639.6635528124998,0,0.91698252751872811,0,0.83940468869438922,0,0.89679238744075829,0