msdX(mean),msdX(std),msdY(mean),msdY(std),msdZ(mean),msdZ(std),DmsdX(mean),DmsdX(std),DmsdY(mean),DmsdY(std),DmsdZ(mean),DmsdZ(std)
3296.4323962499998,0,2999.2381860937498,0,3284.1863704687498,0,0.83421777573215405,0,0.75900777195987623,0,0.83111871251447234,0