msdX(mean),msdX(std),msdY(mean),msdY(std),msdZ(mean),msdZ(std),DmsdX(mean),DmsdX(std),DmsdY(mean),DmsdY(std),DmsdZ(mean),DmsdZ(std)
5702.5148231249996,0,5189.0890429687497,0,5921.6063864062498,0,0.6069620654351835,0,0.55231425098188702,0,0.63028164844255163,0