msdX(mean),msdX(std),msdY(mean),msdY(std),msdZ(mean),msdZ(std),DmsdX(mean),DmsdX(std),DmsdY(mean),DmsdY(std),DmsdZ(mean),DmsdZ(std)
498.3663234375,0,479.34150468749999,0,446.80550906249999,0,1.5456813939288205,0,1.4866759856943474,0,1.3857657100488485,0