msdX(mean),msdX(std),msdY(mean),msdY(std),msdZ(mean),msdZ(std),DmsdX(mean),DmsdX(std),DmsdY(mean),DmsdY(std),DmsdZ(mean),DmsdZ(std)
3240.6538668749999,0,2949.37867125,0,3227.58686109375,0,0.84156979968057966,0,0.7659281489200086,0,0.83817641121964048,0