msdX(mean),msdX(std),msdY(mean),msdY(std),msdZ(mean),msdZ(std),DmsdX(mean),DmsdX(std),DmsdY(mean),DmsdY(std),DmsdZ(mean),DmsdZ(std)
3817.8526345312498,0,3451.7250281249999,0,3873.4756228125002,0,0.76979043360981736,0,0.69596843054379387,0,0.78100565021624746,0