msdX(mean),msdX(std),msdY(mean),msdY(std),msdZ(mean),msdZ(std),DmsdX(mean),DmsdX(std),DmsdY(mean),DmsdY(std),DmsdZ(mean),DmsdZ(std)
3491.95494375,0,3188.3195756250002,0,3521.01469078125,0,0.80187035314784683,0,0.73214545583714385,0,0.80854344887493867,0