msdX(mean),msdX(std),msdY(mean),msdY(std),msdZ(mean),msdZ(std),DmsdX(mean),DmsdX(std),DmsdY(mean),DmsdY(std),DmsdZ(mean),DmsdZ(std)
4684.6932820312504,0,4216.5601326562501,0,4774.8928050000004,0,0.69155440638770183,0,0.62244859246639805,0,0.70486965966209791,0