msdX(mean),msdX(std),msdY(mean),msdY(std),msdZ(mean),msdZ(std),DmsdX(mean),DmsdX(std),DmsdY(mean),DmsdY(std),DmsdZ(mean),DmsdZ(std)
2100.7202625,0,1950.01593328125,0,2001.76101140625,0,1.0316992706913699,0,0.95768582429371252,0,0.98309870782533426,0