msdX(mean),msdX(std),msdY(mean),msdY(std),msdZ(mean),msdZ(std),DmsdX(mean),DmsdX(std),DmsdY(mean),DmsdY(std),DmsdZ(mean),DmsdZ(std)
5851.2408792187498,0,5331.22261875,0,6065.1027942187502,0,0.59716213001021845,0,0.54409044513588301,0,0.61898831001641852,0