msdX(mean),msdX(std),msdY(mean),msdY(std),msdZ(mean),msdZ(std),DmsdX(mean),DmsdX(std),DmsdY(mean),DmsdY(std),DmsdZ(mean),DmsdZ(std)
5502.1771237499997,0,4977.9004739062502,0,5680.8032737499998,0,0.6259346838218669,0,0.56629230378313122,0,0.64625542236006295,0