msdX(mean),msdX(std),msdY(mean),msdY(std),msdZ(mean),msdZ(std),DmsdX(mean),DmsdX(std),DmsdY(mean),DmsdY(std),DmsdZ(mean),DmsdZ(std)
4458.0131353124998,0,4015.7611523437499,0,4546.76445984375,0,0.71099412256359029,0,0.64046078157987596,0,0.72514878478556011,0