msdX(mean),msdX(std),msdY(mean),msdY(std),msdZ(mean),msdZ(std),DmsdX(mean),DmsdX(std),DmsdY(mean),DmsdY(std),DmsdZ(mean),DmsdZ(std)
211.56856593750001,0,210.67947703125,0,187.95677765625001,0,1.7510330307262572,0,1.7436745460893857,0,1.5556116503724398,0