msdX(mean),msdX(std),msdY(mean),msdY(std),msdZ(mean),msdZ(std),DmsdX(mean),DmsdX(std),DmsdY(mean),DmsdY(std),DmsdZ(mean),DmsdZ(std)
4726.9607892187496,0,4260.1312518750001,0,4818.6382415625003,0,0.68756293343497044,0,0.61965996143608315,0,0.70089793257587329,0