msdX(mean),msdX(std),msdY(mean),msdY(std),msdZ(mean),msdZ(std),DmsdX(mean),DmsdX(std),DmsdY(mean),DmsdY(std),DmsdZ(mean),DmsdZ(std)
5627.6827762499997,0,5120.5717898437497,0,5844.2627123437496,0,0.61213464090944314,0,0.55697513496233086,0,0.63569248641708909,0