msdX(mean),msdX(std),msdY(mean),msdY(std),msdZ(mean),msdZ(std),DmsdX(mean),DmsdX(std),DmsdY(mean),DmsdY(std),DmsdZ(mean),DmsdZ(std)
5414.93892984375,0,4916.3640974999998,0,5595.3531632812501,0,0.63047247311511068,0,0.57242238027873837,0,0.65147847325919528,0