msdX(mean),msdX(std),msdY(mean),msdY(std),msdZ(mean),msdZ(std),DmsdX(mean),DmsdX(std),DmsdY(mean),DmsdY(std),DmsdZ(mean),DmsdZ(std)
3060.3783979687501,0,2804.9590237500001,0,3037.7013960937502,0,0.86249448444319976,0,0.79051064034410967,0,0.85610351362276882,0