msdX(mean),msdX(std),msdY(mean),msdY(std),msdZ(mean),msdZ(std),DmsdX(mean),DmsdX(std),DmsdY(mean),DmsdY(std),DmsdZ(mean),DmsdZ(std)
2812.94813671875,0,2585.50716375,0,2766.7560895312499,0,0.89439423759076653,0,0.82207797517557146,0,0.87970719082736171,0