msdX(mean),msdX(std),msdY(mean),msdY(std),msdZ(mean),msdZ(std),DmsdX(mean),DmsdX(std),DmsdY(mean),DmsdY(std),DmsdZ(mean),DmsdZ(std)
5738.2484737499999,0,5227.8409560937498,0,5966.9610553125003,0,0.60428217994992617,0,0.55053229985270069,0,0.62836739305995437,0