msdX(mean),msdX(std),msdY(mean),msdY(std),msdZ(mean),msdZ(std),DmsdX(mean),DmsdX(std),DmsdY(mean),DmsdY(std),DmsdZ(mean),DmsdZ(std)
3349.74048609375,0,3042.6686029687498,0,3350.35494703125,0,0.82662187413244248,0,0.75084515752530956,0,0.82677350583461351,0