msdX(mean),msdX(std),msdY(mean),msdY(std),msdZ(mean),msdZ(std),DmsdX(mean),DmsdX(std),DmsdY(mean),DmsdY(std),DmsdZ(mean),DmsdZ(std)
3442.2831435937501,0,3139.1043581250001,0,3471.0182929687498,0,0.80919452007246195,0,0.73792478380451176,0,0.8159494337264962,0