msdX(mean),msdX(std),msdY(mean),msdY(std),msdZ(mean),msdZ(std),DmsdX(mean),DmsdX(std),DmsdY(mean),DmsdY(std),DmsdZ(mean),DmsdZ(std)
3668.690840625,0,3327.7740159374998,0,3682.8489023437501,0,0.78774603637915486,0,0.71454393539841532,0,0.79078607368026932,0