msdX(mean),msdX(std),msdY(mean),msdY(std),msdZ(mean),msdZ(std),DmsdX(mean),DmsdX(std),DmsdY(mean),DmsdY(std),DmsdZ(mean),DmsdZ(std)
5773.2105979687503,0,5263.2288590625003,0,5996.099233125,0,0.60157819663050871,0,0.54843724678993733,0,0.62480356506482648,0