msdX(mean),msdX(std),msdY(mean),msdY(std),msdZ(mean),msdZ(std),DmsdX(mean),DmsdX(std),DmsdY(mean),DmsdY(std),DmsdZ(mean),DmsdZ(std)
3557.29558078125,0,3238.5453243749998,0,3577.5706232812499,0,0.79839427250347184,0,0.72685442620881202,0,0.80294477370281525,0