msdX(mean),msdX(std),msdY(mean),msdY(std),msdZ(mean),msdZ(std),DmsdX(mean),DmsdX(std),DmsdY(mean),DmsdY(std),DmsdZ(mean),DmsdZ(std)
4889.6408981249997,0,4405.6449928125003,0,5023.7175614062498,0,0.67182123270731897,0,0.6053217223123889,0,0.69024294323363478,0