msdX(mean),msdX(std),msdY(mean),msdY(std),msdZ(mean),msdZ(std),DmsdX(mean),DmsdX(std),DmsdY(mean),DmsdY(std),DmsdZ(mean),DmsdZ(std)
2880.6836357812499,0,2639.3543339062498,0,2833.9948293749999,0,0.88748720828471417,0,0.81313795807964695,0,0.87310322042122535,0