msdX(mean),msdX(std),msdY(mean),msdY(std),msdZ(mean),msdZ(std),DmsdX(mean),DmsdX(std),DmsdY(mean),DmsdY(std),DmsdZ(mean),DmsdZ(std)
5528.2339504687498,0,5005.8217364062502,0,5729.2821885937501,0,0.62176903129309946,0,0.56301252077208919,0,0.64438123790052182,0