msdX(mean),msdX(std),msdY(mean),msdY(std),msdZ(mean),msdZ(std),DmsdX(mean),DmsdX(std),DmsdY(mean),DmsdY(std),DmsdZ(mean),DmsdZ(std)
361.00304999999997,0,352.93073484374997,0,321.38890312500001,0,1.6288913705583754,0,1.592468064720812,0,1.4501473350253808,0