msdX(mean),msdX(std),msdY(mean),msdY(std),msdZ(mean),msdZ(std),DmsdX(mean),DmsdX(std),DmsdY(mean),DmsdY(std),DmsdZ(mean),DmsdZ(std)
5195.3418084374998,0,4680.1614796875001,0,5315.8325667187501,0,0.65073037122539379,0,0.58620266565055457,0,0.66582215897615349,0