msdX(mean),msdX(std),msdY(mean),msdY(std),msdZ(mean),msdZ(std),DmsdX(mean),DmsdX(std),DmsdY(mean),DmsdY(std),DmsdZ(mean),DmsdZ(std)
4284.4495429687504,0,3843.37311609375,0,4338.3569850000003,0,0.73027796620325991,0,0.65509715412272296,0,0.73946640843720046,0