msdX(mean),msdX(std),msdY(mean),msdY(std),msdZ(mean),msdZ(std),DmsdX(mean),DmsdX(std),DmsdY(mean),DmsdY(std),DmsdZ(mean),DmsdZ(std)
4075.7134556249998,0,3673.61831109375,0,4145.9983650000004,0,0.74597069363130331,0,0.6723759237492879,0,0.75883481746364034,0