msdX(mean),msdX(std),msdY(mean),msdY(std),msdZ(mean),msdZ(std),DmsdX(mean),DmsdX(std),DmsdY(mean),DmsdY(std),DmsdZ(mean),DmsdZ(std)
2252.7640490624999,0,2068.7530499999998,0,2157.5769285937499,0,1.006681323418517,0,0.92445325513196475,0,0.96414553435274397,0