msdX(mean),msdX(std),msdY(mean),msdY(std),msdZ(mean),msdZ(std),DmsdX(mean),DmsdX(std),DmsdY(mean),DmsdY(std),DmsdZ(mean),DmsdZ(std)
5232.6864042187499,0,4725.4574854687498,0,5364.9063168749999,0,0.64723622095773947,0,0.58449656809653461,0,0.66359063434930032,0