msdX(mean),msdX(std),msdY(mean),msdY(std),msdZ(mean),msdZ(std),DmsdX(mean),DmsdX(std),DmsdY(mean),DmsdY(std),DmsdZ(mean),DmsdZ(std)
4769.9666746875,0,4300.1666043750001,0,4865.8330125000002,0,0.68378898793684595,0,0.61644174286774078,0,0.69753171416130444,0