msdX(mean),msdX(std),msdY(mean),msdY(std),msdZ(mean),msdZ(std),DmsdX(mean),DmsdX(std),DmsdY(mean),DmsdY(std),DmsdZ(mean),DmsdZ(std)
3396.0079799999999,0,3090.4056660937499,0,3423.06269015625,0,0.81769205515074361,0,0.74410901718720379,0,0.82420629825012881,0