msdX(mean),msdX(std),msdY(mean),msdY(std),msdZ(mean),msdZ(std),DmsdX(mean),DmsdX(std),DmsdY(mean),DmsdY(std),DmsdZ(mean),DmsdZ(std)
2942.6421431250001,0,2693.24146546875,0,2905.7937665625,0,0.87927006723065715,0,0.80474841629783178,0,0.86825966468709725,0