msdX(mean),msdX(std),msdY(mean),msdY(std),msdZ(mean),msdZ(std),DmsdX(mean),DmsdX(std),DmsdY(mean),DmsdY(std),DmsdZ(mean),DmsdZ(std)
4555.2010935937496,0,4091.88582,0,4637.2217920312496,0,0.70385924882663109,0,0.63226883300498316,0,0.71653289945242782,0