msdX(mean),msdX(std),msdY(mean),msdY(std),msdZ(mean),msdZ(std),DmsdX(mean),DmsdX(std),DmsdY(mean),DmsdY(std),DmsdZ(mean),DmsdZ(std)
4978.7791720312498,0,4480.1775210937503,0,5119.0807148437498,0,0.6656277616162477,0,0.59896822734405553,0,0.68438509120784907,0