msdX(mean),msdX(std),msdY(mean),msdY(std),msdZ(mean),msdZ(std),DmsdX(mean),DmsdX(std),DmsdY(mean),DmsdY(std),DmsdZ(mean),DmsdZ(std)
4858.7314106249996,0,4380.3561895312496,0,4972.8677568749999,0,0.67694985266226737,0,0.61029952605056503,0,0.69285206586310133,0