msdX(mean),msdX(std),msdY(mean),msdY(std),msdZ(mean),msdZ(std),DmsdX(mean),DmsdX(std),DmsdY(mean),DmsdY(std),DmsdZ(mean),DmsdZ(std)
4178.1265157812504,0,3750.5464832812499,0,4236.5008054687496,0,0.73749756468684236,0,0.66202372934786924,0,0.74780144043647478,0