msdX(mean),msdX(std),msdY(mean),msdY(std),msdZ(mean),msdZ(std),DmsdX(mean),DmsdX(std),DmsdY(mean),DmsdY(std),DmsdZ(mean),DmsdZ(std)
4644.5540596874998,0,4180.0069687499999,0,4723.5123365625004,0,0.69598538360605999,0,0.62637310627346088,0,0.70781726367753839,0