msdX(mean),msdX(std),msdY(mean),msdY(std),msdZ(mean),msdZ(std),DmsdX(mean),DmsdX(std),DmsdY(mean),DmsdY(std),DmsdZ(mean),DmsdZ(std)
1057.0584712499999,0,1011.31896515625,0,985.89029765625003,0,1.2789576179673321,0,1.2236164127722322,0,1.1928497249319419,0