msdX(mean),msdX(std),msdY(mean),msdY(std),msdZ(mean),msdZ(std),DmsdX(mean),DmsdX(std),DmsdY(mean),DmsdY(std),DmsdZ(mean),DmsdZ(std)
5385.3115781249999,0,4884.0172087499996,0,5544.3108290624996,0,0.63446925365814866,0,0.57540937201781361,0,0.65320171409447569,0