msdX(mean),msdX(std),msdY(mean),msdY(std),msdZ(mean),msdZ(std),DmsdX(mean),DmsdX(std),DmsdY(mean),DmsdY(std),DmsdZ(mean),DmsdZ(std)
2441.9798817187502,0,2251.2400734375001,0,2367.8923106249999,0,0.96132897610682178,0,0.88624084537710923,0,0.93216308109065671,0