msdX(mean),msdX(std),msdY(mean),msdY(std),msdZ(mean),msdZ(std),DmsdX(mean),DmsdX(std),DmsdY(mean),DmsdY(std),DmsdZ(mean),DmsdZ(std)
2644.6088939062502,0,2422.6121967187501,0,2575.39633734375,0,0.93033222306870356,0,0.85223724226294129,0,0.90598432355152758,0