msdX(mean),msdX(std),msdY(mean),msdY(std),msdZ(mean),msdZ(std),DmsdX(mean),DmsdX(std),DmsdY(mean),DmsdY(std),DmsdZ(mean),DmsdZ(std)
2386.8415560937501,0,2192.0690812500002,0,2303.5391339062498,0,0.97844934224685254,0,0.89860533273892806,0,0.9443007830394613,0