msdX(mean),msdX(std),msdY(mean),msdY(std),msdZ(mean),msdZ(std),DmsdX(mean),DmsdX(std),DmsdY(mean),DmsdY(std),DmsdZ(mean),DmsdZ(std)
2023.69161234375,0,1877.0876592187501,0,1926.1993232812499,0,1.0456328165568689,0,0.96988317985855454,0,0.99525896701220684,0