msdX(mean),msdX(std),msdY(mean),msdY(std),msdZ(mean),msdZ(std),DmsdX(mean),DmsdX(std),DmsdY(mean),DmsdY(std),DmsdZ(mean),DmsdZ(std)
1343.2834819426837,0,1433.6951477267949,0,1216.2728288678425,0,0.95393057008860938,0,1.0181362668335485,0,0.86373416231339661,0