msdX(mean),msdX(std),msdY(mean),msdY(std),msdZ(mean),msdZ(std),DmsdX(mean),DmsdX(std),DmsdY(mean),DmsdY(std),DmsdZ(mean),DmsdZ(std)
3609.3525831083143,0,3901.4014791125828,0,3277.3192361881579,0,0.79724564241866902,0,0.86175436090803115,0,0.72390502720456462,0