msdX(mean),msdX(std),msdY(mean),msdY(std),msdZ(mean),msdZ(std),DmsdX(mean),DmsdX(std),DmsdY(mean),DmsdY(std),DmsdZ(mean),DmsdZ(std)
5181.2415443605869,0,5622.2183709566089,0,4719.1530190330195,0,0.75415176937122064,0,0.81833782423505297,0,0.68689281685988213,0