msdX(mean),msdX(std),msdY(mean),msdY(std),msdZ(mean),msdZ(std),DmsdX(mean),DmsdX(std),DmsdY(mean),DmsdY(std),DmsdZ(mean),DmsdZ(std)
718.85825863082096,0,756.39676268781977,0,645.4302810339185,0,1.0815417524871742,0,1.138019450247622,0,0.97106736811687833,0