msdX(mean),msdX(std),msdY(mean),msdY(std),msdZ(mean),msdZ(std),DmsdX(mean),DmsdX(std),DmsdY(mean),DmsdY(std),DmsdZ(mean),DmsdZ(std)
1773.3772716094759,0,1902.1085499847534,0,1607.9829709891208,0,0.90207093047714615,0,0.96755318624109132,0,0.81793914811770918,0