msdX(mean),msdX(std),msdY(mean),msdY(std),msdZ(mean),msdZ(std),DmsdX(mean),DmsdX(std),DmsdY(mean),DmsdY(std),DmsdZ(mean),DmsdZ(std)
120.2396785192352,0,122.41393575723549,0,106.78336064081924,0,1.4558770074370748,0,1.4822031849521942,0,1.2929462341248672,0