msdX(mean),msdX(std),msdY(mean),msdY(std),msdZ(mean),msdZ(std),DmsdX(mean),DmsdX(std),DmsdY(mean),DmsdY(std),DmsdZ(mean),DmsdZ(std)
192.78642413310087,0,197.30756847559206,0,171.43162469102452,0,1.3573358989648132,0,1.389167556966977,0,1.2069848769555449,0