msdX(mean),msdX(std),msdY(mean),msdY(std),msdZ(mean),msdZ(std),DmsdX(mean),DmsdX(std),DmsdY(mean),DmsdY(std),DmsdZ(mean),DmsdZ(std)
155.0853673067725,0,158.43828168521307,0,137.8154086241218,0,1.402310371115834,0,1.4326280386559958,0,1.2461522332463986,0