msdX(mean),msdX(std),msdY(mean),msdY(std),msdZ(mean),msdZ(std),DmsdX(mean),DmsdX(std),DmsdY(mean),DmsdY(std),DmsdZ(mean),DmsdZ(std)
1128.8713746431874,0,1198.3068225823376,0,1019.0473516015747,0,0.98755653883906236,0,1.0482998902781944,0,0.89148055134169346,0