msdX(mean),msdX(std),msdY(mean),msdY(std),msdZ(mean),msdZ(std),DmsdX(mean),DmsdX(std),DmsdY(mean),DmsdY(std),DmsdZ(mean),DmsdZ(std)
239.36302725838516,0,246.13789341836835,0,213.22109407911239,0,1.312078403029501,0,1.349215114048508,0,1.1687803075348362,0