msdX(mean),msdX(std),msdY(mean),msdY(std),msdZ(mean),msdZ(std),DmsdX(mean),DmsdX(std),DmsdY(mean),DmsdY(std),DmsdZ(mean),DmsdZ(std)
3361.3944658526966,0,3631.0282179916089,0,3046.3742865480608,0,0.80706858803943526,0,0.87180747359338773,0,0.73143245134137957,0