msdX(mean),msdX(std),msdY(mean),msdY(std),msdZ(mean),msdZ(std),DmsdX(mean),DmsdX(std),DmsdY(mean),DmsdY(std),DmsdZ(mean),DmsdZ(std)
1439.9466781841613,0,1540.0222692604482,0,1302.9548639715927,0,0.94073578753918563,0,1.0061164654565937,0,0.85123726361314866,0