msdX(mean),msdX(std),msdY(mean),msdY(std),msdZ(mean),msdZ(std),DmsdX(mean),DmsdX(std),DmsdY(mean),DmsdY(std),DmsdZ(mean),DmsdZ(std)
542.1326407397496,0,567.90964122134073,0,486.70384720310807,0,1.138722422887978,0,1.192865719633825,0,1.0222970219239698,0