msdX(mean),msdX(std),msdY(mean),msdY(std),msdZ(mean),msdZ(std),DmsdX(mean),DmsdX(std),DmsdY(mean),DmsdY(std),DmsdZ(mean),DmsdZ(std)
103.85883579724226,0,105.60340902480138,0,92.189164526587845,0,1.4857045935347513,0,1.5106607798625318,0,1.3187695024684585,0