msdX(mean),msdX(std),msdY(mean),msdY(std),msdZ(mean),msdZ(std),DmsdX(mean),DmsdX(std),DmsdY(mean),DmsdY(std),DmsdZ(mean),DmsdZ(std)
1016.2075307779487,0,1077.0218527901645,0,917.2274954544979,0,1.0075031052704821,0,1.0677965162288925,0,0.90937089317024611,0