msdX(mean),msdX(std),msdY(mean),msdY(std),msdZ(mean),msdZ(std),DmsdX(mean),DmsdX(std),DmsdY(mean),DmsdY(std),DmsdZ(mean),DmsdZ(std)
981.6513076060719,0,1039.9297847925268,0,885.27283579711502,0,1.0146878949052098,0,1.0749276815549265,0,0.91506589275813432,0