msdX(mean),msdX(std),msdY(mean),msdY(std),msdZ(mean),msdZ(std),DmsdX(mean),DmsdX(std),DmsdY(mean),DmsdY(std),DmsdZ(mean),DmsdZ(std)
44.406322371785684,0,44.837239630145717,0,39.661027662511692,0,1.6576305332306924,0,1.6737161166927332,0,1.4804948241887657,0