msdX(mean),msdX(std),msdY(mean),msdY(std),msdZ(mean),msdZ(std),DmsdX(mean),DmsdX(std),DmsdY(mean),DmsdY(std),DmsdZ(mean),DmsdZ(std)
5781.7457656214465,0,6281.5594340985617,0,5275.9000678927541,0,0.742578040632352,0,0.80677156792749616,0,0.67760979015769573,0