msdX(mean),msdX(std),msdY(mean),msdY(std),msdZ(mean),msdZ(std),DmsdX(mean),DmsdX(std),DmsdY(mean),DmsdY(std),DmsdZ(mean),DmsdZ(std)
173.01107824623898,0,176.75429566680396,0,153.59635577992819,0,1.3804119264121515,0,1.4102781177733048,0,1.2255067335647105,0