msdX(mean),msdX(std),msdY(mean),msdY(std),msdZ(mean),msdZ(std),DmsdX(mean),DmsdX(std),DmsdY(mean),DmsdY(std),DmsdZ(mean),DmsdZ(std)
1391.2879844192294,0,1486.3423328679555,0,1258.476790202584,0,0.9476633663852273,0,1.0124087856293076,0,0.857200209357729,0