msdX(mean),msdX(std),msdY(mean),msdY(std),msdZ(mean),msdZ(std),DmsdX(mean),DmsdX(std),DmsdY(mean),DmsdY(std),DmsdZ(mean),DmsdZ(std)
179.47687103878937,0,183.374873702461,0,159.38490370473451,0,1.3734685080005045,0,1.4032984458173834,0,1.2197122928549045,0