msdX(mean),msdX(std),msdY(mean),msdY(std),msdZ(mean),msdZ(std),DmsdX(mean),DmsdX(std),DmsdY(mean),DmsdY(std),DmsdZ(mean),DmsdZ(std)
5996.7358291678966,0,6517.7845823451107,0,5476.2154289959981,0,0.73872739708241697,0,0.80291448154850942,0,0.6746053994988348,0