msdX(mean),msdX(std),msdY(mean),msdY(std),msdZ(mean),msdZ(std),DmsdX(mean),DmsdX(std),DmsdY(mean),DmsdY(std),DmsdZ(mean),DmsdZ(std)
46.087012238892846,0,46.548330445673891,0,41.135141618598887,0,1.6498198017543677,0,1.6663340402672062,0,1.4725530663292352,0