msdX(mean),msdX(std),msdY(mean),msdY(std),msdZ(mean),msdZ(std),DmsdX(mean),DmsdX(std),DmsdY(mean),DmsdY(std),DmsdZ(mean),DmsdZ(std)
4997.7445591874784,0,5419.3709892450706,0,4551.1190793261621,0,0.75842528578003421,0,0.82240857702708281,0,0.69064830094439189,0