msdX(mean),msdX(std),msdY(mean),msdY(std),msdZ(mean),msdZ(std),DmsdX(mean),DmsdX(std),DmsdY(mean),DmsdY(std),DmsdZ(mean),DmsdZ(std)
1968.6177516156008,0,2116.58900726093,0,1785.874438470699,0,0.88360683700623499,0,0.95002319084704945,0,0.80158317305243332,0