msdX(mean),msdX(std),msdY(mean),msdY(std),msdZ(mean),msdZ(std),DmsdX(mean),DmsdX(std),DmsdY(mean),DmsdY(std),DmsdZ(mean),DmsdZ(std)
1712.3596356757275,0,1836.9668491962261,0,1553.5817546316762,0,0.90813239193557271,0,0.97421655119113837,0,0.82392616919189321,0