msdX(mean),msdX(std),msdY(mean),msdY(std),msdZ(mean),msdZ(std),DmsdX(mean),DmsdX(std),DmsdY(mean),DmsdY(std),DmsdZ(mean),DmsdZ(std)
186.01592806384031,0,190.24139583365834,0,165.3068062657363,0,1.3653922930804869,0,1.3964080302145105,0,1.2133834001114288,0