msdX(mean),msdX(std),msdY(mean),msdY(std),msdZ(mean),msdZ(std),DmsdX(mean),DmsdX(std),DmsdY(mean),DmsdY(std),DmsdZ(mean),DmsdZ(std)
1490.0731385187482,0,1595.4431600316143,0,1349.5739883239712,0,0.93372028455724676,0,0.99974800086693094,0,0.84567970244841906,0