msdX(mean),msdX(std),msdY(mean),msdY(std),msdZ(mean),msdZ(std),DmsdX(mean),DmsdX(std),DmsdY(mean),DmsdY(std),DmsdZ(mean),DmsdZ(std)
5572.0873579352046,0,6051.0457094079793,0,5083.4990521096397,0,0.74612993900537672,0,0.81026482107278963,0,0.68070555862390025,0