msdX(mean),msdX(std),msdY(mean),msdY(std),msdZ(mean),msdZ(std),DmsdX(mean),DmsdX(std),DmsdY(mean),DmsdY(std),DmsdZ(mean),DmsdZ(std)
124.7028779098862,0,127.03520536018343,0,110.82514610046655,0,1.4482047126949076,0,1.4752905960496523,0,1.2870392532863382,0