msdX(mean),msdX(std),msdY(mean),msdY(std),msdZ(mean),msdZ(std),DmsdX(mean),DmsdX(std),DmsdY(mean),DmsdY(std),DmsdZ(mean),DmsdZ(std)
602.33527690505503,0,632.2385207653233,0,541.07890760818157,0,1.1163689927870442,0,1.1717917042059789,0,1.0028363575326071,0