msdX(mean),msdX(std),msdY(mean),msdY(std),msdZ(mean),msdZ(std),DmsdX(mean),DmsdX(std),DmsdY(mean),DmsdY(std),DmsdZ(mean),DmsdZ(std)
454.55977835470225,0,473.8002912503091,0,406.87445144441557,0,1.1761708699383848,0,1.225955588842458,0,1.0527853547518586,0