msdX(mean),msdX(std),msdY(mean),msdY(std),msdZ(mean),msdZ(std),DmsdX(mean),DmsdX(std),DmsdY(mean),DmsdY(std),DmsdZ(mean),DmsdZ(std)
49.610382928367706,0,50.12124703098214,0,44.266650522989494,0,1.6338732562503773,0,1.6506981051140772,0,1.4578822448866351,0