msdX(mean),msdX(std),msdY(mean),msdY(std),msdZ(mean),msdZ(std),DmsdX(mean),DmsdX(std),DmsdY(mean),DmsdY(std),DmsdZ(mean),DmsdZ(std)
222.95256722936767,0,228.74002646147156,0,198.31744263633576,0,1.328456592310439,0,1.3629410051394095,0,1.1816688962785118,0