msdX(mean),msdX(std),msdY(mean),msdY(std),msdZ(mean),msdZ(std),DmsdX(mean),DmsdX(std),DmsdY(mean),DmsdY(std),DmsdZ(mean),DmsdZ(std)
885.22661601668938,0,935.62172249774198,0,796.56722303030949,0,1.0369771383912263,0,1.096011257296049,0,0.93311925390485884,0