msdX(mean),msdX(std),msdY(mean),msdY(std),msdZ(mean),msdZ(std),DmsdX(mean),DmsdX(std),DmsdY(mean),DmsdY(std),DmsdZ(mean),DmsdZ(std)
215.11973463884624,0,220.49146955625565,0,191.25646575258466,0,1.3364060824827322,0,1.369777354668257,0,1.1881583276170005,0