msdX(mean),msdX(std),msdY(mean),msdY(std),msdZ(mean),msdZ(std),DmsdX(mean),DmsdX(std),DmsdY(mean),DmsdY(std),DmsdZ(mean),DmsdZ(std)
623.56056963291962,0,655.93548113818622,0,560.1518484650062,0,1.1084962949917911,0,1.1660487946237059,0,0.99577535670960116,0