msdX(mean),msdX(std),msdY(mean),msdY(std),msdZ(mean),msdZ(std),DmsdX(mean),DmsdX(std),DmsdY(mean),DmsdY(std),DmsdZ(mean),DmsdZ(std)
57.476553116958129,0,58.255564073548456,0,51.304565391070916,0,1.6023334599851846,0,1.6240507560606772,0,1.4302705593501588,0