msdX(mean),msdX(std),msdY(mean),msdY(std),msdZ(mean),msdZ(std),DmsdX(mean),DmsdX(std),DmsdY(mean),DmsdY(std),DmsdZ(mean),DmsdZ(std)
129.29164665809051,0,131.77484228322797,0,114.95279569642068,0,1.4400966214456328,0,1.4677553428138106,0,1.2803853689474727,0