msdX(mean),msdX(std),msdY(mean),msdY(std),msdZ(mean),msdZ(std),DmsdX(mean),DmsdX(std),DmsdY(mean),DmsdY(std),DmsdZ(mean),DmsdZ(std)
297.05576737024916,0,306.19233203136986,0,264.68402024201185,0,1.2678593794914448,0,1.3068550175983256,0,1.1296939986594163,0