msdX(mean),msdX(std),msdY(mean),msdY(std),msdZ(mean),msdZ(std),DmsdX(mean),DmsdX(std),DmsdY(mean),DmsdY(std),DmsdZ(mean),DmsdZ(std)
1209.8960900010825,0,1287.4318973966158,0,1093.6124777228786,0,0.97373086580023627,0,1.0361320996662828,0,0.88014519063541019,0