msdX(mean),msdX(std),msdY(mean),msdY(std),msdZ(mean),msdZ(std),DmsdX(mean),DmsdX(std),DmsdY(mean),DmsdY(std),DmsdZ(mean),DmsdZ(std)
1297.5450936448653,0,1383.1888250351003,0,1173.6882916124214,0,0.96069540649912866,0,1.0241055644543504,0,0.8689924966279996,0