msdX(mean),msdX(std),msdY(mean),msdY(std),msdZ(mean),msdZ(std),DmsdX(mean),DmsdX(std),DmsdY(mean),DmsdY(std),DmsdZ(mean),DmsdZ(std)
55.371538909637074,0,56.116973257816582,0,49.478017095339155,0,1.6092843246094375,0,1.630949169675572,0,1.4379986341761033,0