msdX(mean),msdX(std),msdY(mean),msdY(std),msdZ(mean),msdZ(std),DmsdX(mean),DmsdX(std),DmsdY(mean),DmsdY(std),DmsdZ(mean),DmsdZ(std)
3124.1911576569078,0,3375.362236612968,0,2832.2640325670973,0,0.81537403791707863,0,0.88092648542159935,0,0.73918478228250306,0