msdX(mean),msdX(std),msdY(mean),msdY(std),msdZ(mean),msdZ(std),DmsdX(mean),DmsdX(std),DmsdY(mean),DmsdY(std),DmsdZ(mean),DmsdZ(std)
6455.6703914008849,0,7024.7545936174301,0,5900.2828687805541,0,0.7316151539925172,0,0.79610894022949052,0,0.66867359978481822,0