msdX(mean),msdX(std),msdY(mean),msdY(std),msdZ(mean),msdZ(std),DmsdX(mean),DmsdX(std),DmsdY(mean),DmsdY(std),DmsdZ(mean),DmsdZ(std)
1542.3317731360712,0,1652.9116146410543,0,1398.0352209192497,0,0.92698317430441346,0,0.99344465443325769,0,0.84025703772022542,0