msdX(mean),msdX(std),msdY(mean),msdY(std),msdZ(mean),msdZ(std),DmsdX(mean),DmsdX(std),DmsdY(mean),DmsdY(std),DmsdZ(mean),DmsdZ(std)
96.507810781242583,0,97.901836029197341,0,85.76477419797672,0,1.5008532131365284,0,1.5225325700263956,0,1.3337815445916268,0