msdX(mean),msdX(std),msdY(mean),msdY(std),msdZ(mean),msdZ(std),DmsdX(mean),DmsdX(std),DmsdY(mean),DmsdY(std),DmsdZ(mean),DmsdZ(std)
115.94075279325807,0,118.08778086110161,0,102.89679828216424,0,1.4634998734762636,0,1.4906014337985607,0,1.2988483138071942,0