msdX(mean),msdX(std),msdY(mean),msdY(std),msdZ(mean),msdZ(std),DmsdX(mean),DmsdX(std),DmsdY(mean),DmsdY(std),DmsdZ(mean),DmsdZ(std)
1596.9294906364366,0,1710.6957104343958,0,1447.9442806783265,0,0.92059222352719161,0,0.98617576861179435,0,0.83470576046654599,0