msdX(mean),msdX(std),msdY(mean),msdY(std),msdZ(mean),msdZ(std),DmsdX(mean),DmsdX(std),DmsdY(mean),DmsdY(std),DmsdZ(mean),DmsdZ(std)
2430.6648777915293,0,2623.2479515666919,0,2206.0730596989088,0,0.84945383734426105,0,0.91675658751790934,0,0.7709648677384463,0