msdX(mean),msdX(std),msdY(mean),msdY(std),msdZ(mean),msdZ(std),DmsdX(mean),DmsdX(std),DmsdY(mean),DmsdY(std),DmsdZ(mean),DmsdZ(std)
355.25749609358519,0,367.5300842014866,0,316.17571294288268,0,1.2308812213086349,0,1.2734027680880227,0,1.0954723038208427,0