msdX(mean),msdX(std),msdY(mean),msdY(std),msdZ(mean),msdZ(std),DmsdX(mean),DmsdX(std),DmsdY(mean),DmsdY(std),DmsdZ(mean),DmsdZ(std)
916.38412316850133,0,969.18153123927493,0,824.77171041758527,0,1.029628565735593,0,1.0889505445565548,0,0.92669492168886136,0