msdX(mean),msdX(std),msdY(mean),msdY(std),msdZ(mean),msdZ(std),DmsdX(mean),DmsdX(std),DmsdY(mean),DmsdY(std),DmsdZ(mean),DmsdZ(std)
2611.7233351053974,0,2819.6131281647472,0,2369.8660265506596,0,0.8396822000880334,0,0.90651981510856783,0,0.76192385783758321,0