msdX(mean),msdX(std),msdY(mean),msdY(std),msdZ(mean),msdZ(std),DmsdX(mean),DmsdX(std),DmsdY(mean),DmsdY(std),DmsdZ(mean),DmsdZ(std)
948.12206584700937,0,1004.2387150588521,0,854.60612198469153,0,1.0217631354026586,0,1.0822383901323969,0,0.9209837658965393,0