msdX(mean),msdX(std),msdY(mean),msdY(std),msdZ(mean),msdZ(std),DmsdX(mean),DmsdX(std),DmsdY(mean),DmsdY(std),DmsdZ(mean),DmsdZ(std)
1837.1039085965904,0,1971.1912365882752,0,1666.1439383013117,0,0.89631592111367708,0,0.96173661198268223,0,0.81290521008544836,0