msdX(mean),msdX(std),msdY(mean),msdY(std),msdZ(mean),msdZ(std),DmsdX(mean),DmsdX(std),DmsdY(mean),DmsdY(std),DmsdZ(mean),DmsdZ(std)
74.425576572536841,0,75.55151764333965,0,66.40936439412647,0,1.5495708200437404,0,1.5730133717679367,0,1.3826700172419304,0