msdX(mean),msdX(std),msdY(mean),msdY(std),msdZ(mean),msdZ(std),DmsdX(mean),DmsdX(std),DmsdY(mean),DmsdY(std),DmsdZ(mean),DmsdZ(std)
89.717139866943484,0,90.97687798635269,0,79.675311450428168,0,1.51631839048359,0,1.5376093509453959,0,1.3466004399935838,0