msdX(mean),msdX(std),msdY(mean),msdY(std),msdZ(mean),msdZ(std),DmsdX(mean),DmsdX(std),DmsdY(mean),DmsdY(std),DmsdZ(mean),DmsdZ(std)
438.79821841728705,0,456.28873672165577,0,392.29352138865272,0,1.1837490728559428,0,1.2309333684103905,0,1.058293021120698,0