msdX(mean),msdX(std),msdY(mean),msdY(std),msdZ(mean),msdZ(std),DmsdX(mean),DmsdX(std),DmsdY(mean),DmsdY(std),DmsdZ(mean),DmsdZ(std)
1089.3083024639723,0,1156.4175234102461,0,983.89666706274863,0,0.99354035333746271,0,1.0547495802756444,0,0.89739611827975241,0