msdX(mean),msdX(std),msdY(mean),msdY(std),msdZ(mean),msdZ(std),DmsdX(mean),DmsdX(std),DmsdY(mean),DmsdY(std),DmsdZ(mean),DmsdZ(std)
825.36288495208134,0,872.50393283783831,0,742.75197815151455,0,1.0509592330898083,0,1.1109853384991173,0,0.94576829606212998,0