msdX(mean),msdX(std),msdY(mean),msdY(std),msdZ(mean),msdZ(std),DmsdX(mean),DmsdX(std),DmsdY(mean),DmsdY(std),DmsdZ(mean),DmsdZ(std)
669.17541410582567,0,704.50486261017966,0,601.27221558925089,0,1.0943733375377853,0,1.1521513216927215,0,0.98332405445948801,0