msdX(mean),msdX(std),msdY(mean),msdY(std),msdZ(mean),msdZ(std),DmsdX(mean),DmsdX(std),DmsdY(mean),DmsdY(std),DmsdZ(mean),DmsdZ(std)
34.264693258251327,0,34.475649455975855,0,30.644708762849955,0,1.7121716896552388,0,1.7227129551724565,0,1.5312847655172392,0