msdX(mean),msdX(std),msdY(mean),msdY(std),msdZ(mean),msdZ(std),DmsdX(mean),DmsdX(std),DmsdY(mean),DmsdY(std),DmsdZ(mean),DmsdZ(std)
4648.4609973000252,0,5037.8017725589998,0,4231.522460491934,0,0.76678882377231428,0,0.83101269384045795,0,0.69801255343034085,0