msdX(mean),msdX(std),msdY(mean),msdY(std),msdZ(mean),msdZ(std),DmsdX(mean),DmsdX(std),DmsdY(mean),DmsdY(std),DmsdZ(mean),DmsdZ(std)
1052.19408242905,0,1115.7213145921855,0,950.03376844202762,0,1.0005609453011499,0,1.0609707770298875,0,0.90341382953412119,0