msdX(mean),msdX(std),msdY(mean),msdY(std),msdZ(mean),msdZ(std),DmsdX(mean),DmsdX(std),DmsdY(mean),DmsdY(std),DmsdZ(mean),DmsdZ(std)
326.53104623437503,0,321.77426371874998,0,290.31438403124997,0,1.6466517712273074,0,1.6226639622730712,0,1.4640160566376701,0