msdX(mean),msdX(std),msdY(mean),msdY(std),msdZ(mean),msdZ(std),DmsdX(mean),DmsdX(std),DmsdY(mean),DmsdY(std),DmsdZ(mean),DmsdZ(std)
3701.3127847031251,0,3383.7601343906249,0,3741.84560840625,0,0.7841619005374636,0,0.71688504384518825,0,0.79274920399383497,0