msdX(mean),msdX(std),msdY(mean),msdY(std),msdZ(mean),msdZ(std),DmsdX(mean),DmsdX(std),DmsdY(mean),DmsdY(std),DmsdZ(mean),DmsdZ(std)
4226.6076699374998,0,3858.6576370781249,0,4317.425518359375,0,0.72689568842869678,0,0.66361531955390318,0,0.74251462153189818,0