msdX(mean),msdX(std),msdY(mean),msdY(std),msdZ(mean),msdZ(std),DmsdX(mean),DmsdX(std),DmsdY(mean),DmsdY(std),DmsdZ(mean),DmsdZ(std)
219.48759520312501,0,216.62964843750001,0,193.68246346875,0,1.7508233738408616,0,1.728025912354173,0,1.5449792678731677,0