msdX(mean),msdX(std),msdY(mean),msdY(std),msdZ(mean),msdZ(std),DmsdX(mean),DmsdX(std),DmsdY(mean),DmsdY(std),DmsdZ(mean),DmsdZ(std)
3904.51093621875,0,3566.6109289687502,0,3963.1102443281252,0,0.76100198532743746,0,0.69514416585659999,0,0.77242318263959953,0