msdX(mean),msdX(std),msdY(mean),msdY(std),msdZ(mean),msdZ(std),DmsdX(mean),DmsdX(std),DmsdY(mean),DmsdY(std),DmsdZ(mean),DmsdZ(std)
4010.6755376718752,0,3657.7829008125,0,4078.056462890625,0,0.74976233409219972,0,0.68379199951628844,0,0.76235863595974684,0