msdX(mean),msdX(std),msdY(mean),msdY(std),msdZ(mean),msdZ(std),DmsdX(mean),DmsdX(std),DmsdY(mean),DmsdY(std),DmsdZ(mean),DmsdZ(std)
2568.4513216874998,0,2386.7220014999998,0,2525.8451352187499,0,0.93583695749303164,0,0.86962234300705032,0,0.92031303318166913,0