msdX(mean),msdX(std),msdY(mean),msdY(std),msdZ(mean),msdZ(std),DmsdX(mean),DmsdX(std),DmsdY(mean),DmsdY(std),DmsdZ(mean),DmsdZ(std)
4566.9002113124998,0,4178.1128440781249,0,4696.5969999843746,0,0.69304139238237239,0,0.6340416932732581,0,0.71272328575635657,0