msdX(mean),msdX(std),msdY(mean),msdY(std),msdZ(mean),msdZ(std),DmsdX(mean),DmsdX(std),DmsdY(mean),DmsdY(std),DmsdZ(mean),DmsdZ(std)
245.08253418749999,0,241.75827998437501,0,216.32244103125001,0,1.725325830253432,0,1.7019238295274555,0,1.5228612532998946,0