msdX(mean),msdX(std),msdY(mean),msdY(std),msdZ(mean),msdZ(std),DmsdX(mean),DmsdX(std),DmsdY(mean),DmsdY(std),DmsdZ(mean),DmsdZ(std)
63.654464953125,0,63.161194781250003,0,55.785366984375003,0,2.011199524585308,0,1.9956143690758297,0,1.7625708367890998,0