msdX(mean),msdX(std),msdY(mean),msdY(std),msdZ(mean),msdZ(std),DmsdX(mean),DmsdX(std),DmsdY(mean),DmsdY(std),DmsdZ(mean),DmsdZ(std)
1592.5300612031249,0,1508.2182219374999,0,1508.1883595156251,0,1.130927759547016,0,1.0710541020212512,0,1.0710328953623074,0