msdX(mean),msdX(std),msdY(mean),msdY(std),msdZ(mean),msdZ(std),DmsdX(mean),DmsdX(std),DmsdY(mean),DmsdY(std),DmsdZ(mean),DmsdZ(std)
54.633680156250001,0,54.242891296875001,0,47.831565093750001,0,2.0376197727272727,0,2.0230448968531469,0,1.7839278356643358,0