msdX(mean),msdX(std),msdY(mean),msdY(std),msdZ(mean),msdZ(std),DmsdX(mean),DmsdX(std),DmsdY(mean),DmsdY(std),DmsdZ(mean),DmsdZ(std)
163.470363609375,0,161.70842953125,0,143.59252176562501,0,1.8208895974310779,0,1.8012634868421056,0,1.5994711419172936,0