msdX(mean),msdX(std),msdY(mean),msdY(std),msdZ(mean),msdZ(std),DmsdX(mean),DmsdX(std),DmsdY(mean),DmsdY(std),DmsdZ(mean),DmsdZ(std)
56.774087718750003,0,56.325750468750002,0,49.687088906249997,0,2.0321821107382552,0,2.0161342449664432,0,1.778508775167785,0