msdX(mean),msdX(std),msdY(mean),msdY(std),msdZ(mean),msdZ(std),DmsdX(mean),DmsdX(std),DmsdY(mean),DmsdY(std),DmsdZ(mean),DmsdZ(std)
46.83017784375,0,46.517767874999997,0,41.038390124999999,0,2.0641400702479338,0,2.0503699338842973,0,1.8088546611570249,0