msdX(mean),msdX(std),msdY(mean),msdY(std),msdZ(mean),msdZ(std),DmsdX(mean),DmsdX(std),DmsdY(mean),DmsdY(std),DmsdZ(mean),DmsdZ(std)
5590.6723657968751,0,5135.2137482343751,0,5840.3864572031252,0,0.60770242095689397,0,0.55819436782329568,0,0.63484617898196272,0