msdX(mean),msdX(std),msdY(mean),msdY(std),msdZ(mean),msdZ(std),DmsdX(mean),DmsdX(std),DmsdY(mean),DmsdY(std),DmsdZ(mean),DmsdZ(std)
418.55970965624999,0,411.41651245312499,0,374.94061368749999,0,1.5762734440756958,0,1.5493725460740011,0,1.4120062653580003,0