msdX(mean),msdX(std),msdY(mean),msdY(std),msdZ(mean),msdZ(std),DmsdX(mean),DmsdX(std),DmsdY(mean),DmsdY(std),DmsdZ(mean),DmsdZ(std)
534.69861468750003,0,522.47368195312504,0,483.01216720312499,0,1.5037576170639106,0,1.4693768739453703,0,1.3583974328991775,0