msdX(mean),msdX(std),msdY(mean),msdY(std),msdZ(mean),msdZ(std),DmsdX(mean),DmsdX(std),DmsdY(mean),DmsdY(std),DmsdZ(mean),DmsdZ(std)
2355.6438479531248,0,2196.2268568125,0,2294.850454734375,0,0.97270314770439759,0,0.90687596028182105,0,0.94760006389362028,0