msdX(mean),msdX(std),msdY(mean),msdY(std),msdZ(mean),msdZ(std),DmsdX(mean),DmsdX(std),DmsdY(mean),DmsdY(std),DmsdZ(mean),DmsdZ(std)
806.27523060937494,0,779.95701689062503,0,738.87751364062501,0,1.3747233258471867,0,1.3298499861732738,0,1.2598082074008952,0