msdX(mean),msdX(std),msdY(mean),msdY(std),msdZ(mean),msdZ(std),DmsdX(mean),DmsdX(std),DmsdY(mean),DmsdY(std),DmsdZ(mean),DmsdZ(std)
48.687924234374997,0,48.353385796875003,0,42.646626281250001,0,2.0575984885103011,0,2.0434605725039621,0,1.8022874286846278,0