msdX(mean),msdX(std),msdY(mean),msdY(std),msdZ(mean),msdZ(std),DmsdX(mean),DmsdX(std),DmsdY(mean),DmsdY(std),DmsdZ(mean),DmsdZ(std)
108.38239593749999,0,107.579487796875,0,94.861375593749997,0,1.908980994055482,0,1.8948390629128138,0,1.6708300412813739,0