msdX(mean),msdX(std),msdY(mean),msdY(std),msdZ(mean),msdZ(std),DmsdX(mean),DmsdX(std),DmsdY(mean),DmsdY(std),DmsdZ(mean),DmsdZ(std)
74.262268406250001,0,73.586955937499994,0,64.952769515624993,0,1.9842957489979962,0,1.9662513276553106,0,1.7355449436372745,0