msdX(mean),msdX(std),msdY(mean),msdY(std),msdZ(mean),msdZ(std),DmsdX(mean),DmsdX(std),DmsdY(mean),DmsdY(std),DmsdZ(mean),DmsdZ(std)
1159.4533138593749,0,1109.9394582187499,0,1078.376089078125,0,1.2494950509698928,0,1.1961360093958375,0,1.1621214673166296,0