msdX(mean),msdX(std),msdY(mean),msdY(std),msdZ(mean),msdZ(std),DmsdX(mean),DmsdX(std),DmsdY(mean),DmsdY(std),DmsdZ(mean),DmsdZ(std)
1317.33802771875,0,1256.5259600625,0,1234.92259096875,0,1.2015259456339569,0,1.1460600928617846,0,1.1263559562369601,0