msdX(mean),msdX(std),msdY(mean),msdY(std),msdZ(mean),msdZ(std),DmsdX(mean),DmsdX(std),DmsdY(mean),DmsdY(std),DmsdZ(mean),DmsdZ(std)
227.61550518749999,0,224.71530145312499,0,200.94642871875001,0,1.7416777058823529,0,1.7194858073888091,0,1.5376101671449069,0