msdX(mean),msdX(std),msdY(mean),msdY(std),msdZ(mean),msdZ(std),DmsdX(mean),DmsdX(std),DmsdY(mean),DmsdY(std),DmsdZ(mean),DmsdZ(std)
5871.4688029218751,0,5417.8278652968747,0,6162.2469487968747,0,0.58714614635950457,0,0.54178210930205095,0,0.61622392459978181,0