msdX(mean),msdX(std),msdY(mean),msdY(std),msdZ(mean),msdZ(std),DmsdX(mean),DmsdX(std),DmsdY(mean),DmsdY(std),DmsdZ(mean),DmsdZ(std)
728.10956854687504,0,706.37989823437499,0,665.16471576562503,0,1.4068730643612781,0,1.3648864057858126,0,1.2852493119158033,0