msdX(mean),msdX(std),msdY(mean),msdY(std),msdZ(mean),msdZ(std),DmsdX(mean),DmsdX(std),DmsdY(mean),DmsdY(std),DmsdZ(mean),DmsdZ(std)
1449.0494679374999,0,1378.782809859375,0,1367.159103,0,1.166178335445903,0,1.1096285376867361,0,1.1002739121774558,0