msdX(mean),msdX(std),msdY(mean),msdY(std),msdZ(mean),msdZ(std),DmsdX(mean),DmsdX(std),DmsdY(mean),DmsdY(std),DmsdZ(mean),DmsdZ(std)
135.68920467187499,0,134.54559309375,0,118.933384359375,0,1.8613059625771606,0,1.8456185609567903,0,1.6314593190586422,0