msdX(mean),msdX(std),msdY(mean),msdY(std),msdZ(mean),msdZ(std),DmsdX(mean),DmsdX(std),DmsdY(mean),DmsdY(std),DmsdZ(mean),DmsdZ(std)
2157.414221953125,0,2019.531352359375,0,2082.9090663281249,0,1.00958227461174,0,0.94505868906291124,0,0.97471688635167142,0