msdX(mean),msdX(std),msdY(mean),msdY(std),msdZ(mean),msdZ(std),DmsdX(mean),DmsdX(std),DmsdY(mean),DmsdY(std),DmsdZ(mean),DmsdZ(std)
1914.5655378281249,0,1801.5247305,0,1832.4992508749999,0,1.0586190803838018,0,0.99611552376212997,0,1.0132422387409803,0