msdX(mean),msdX(std),msdY(mean),msdY(std),msdZ(mean),msdZ(std),DmsdX(mean),DmsdX(std),DmsdY(mean),DmsdY(std),DmsdZ(mean),DmsdZ(std)
130.59274921874999,0,129.59243339062499,0,114.449156296875,0,1.8682796740879828,0,1.8539690041577255,0,1.6373269856491419,0