msdX(mean),msdX(std),msdY(mean),msdY(std),msdZ(mean),msdZ(std),DmsdX(mean),DmsdX(std),DmsdY(mean),DmsdY(std),DmsdZ(mean),DmsdZ(std)
363.74633718749999,0,358.08312839062501,0,323.99815007812498,0,1.6185386826297348,0,1.5933394666694478,0,1.4416737308109462,0