msdX(mean),msdX(std),msdY(mean),msdY(std),msdZ(mean),msdZ(std),DmsdX(mean),DmsdX(std),DmsdY(mean),DmsdY(std),DmsdZ(mean),DmsdZ(std)
657.45101179687504,0,639.49120312499997,0,598.07641401562501,0,1.4396474775209394,0,1.4003201469863689,0,1.3096324826531449,0