msdX(mean),msdX(std),msdY(mean),msdY(std),msdZ(mean),msdZ(std),DmsdX(mean),DmsdX(std),DmsdY(mean),DmsdY(std),DmsdZ(mean),DmsdZ(std)
52.562364609375003,0,52.130716874999997,0,45.984588468749998,0,2.0462234397810222,0,2.0294196350364961,0,1.7901542956204379,0