msdX(mean),msdX(std),msdY(mean),msdY(std),msdZ(mean),msdZ(std),DmsdX(mean),DmsdX(std),DmsdY(mean),DmsdY(std),DmsdZ(mean),DmsdZ(std)
779.32353951562504,0,754.72820184374996,0,713.29087265625003,0,1.3853717121358575,0,1.3416495821945202,0,1.2679881299580027,0