msdX(mean),msdX(std),msdY(mean),msdY(std),msdZ(mean),msdZ(std),DmsdX(mean),DmsdX(std),DmsdY(mean),DmsdY(std),DmsdZ(mean),DmsdZ(std)
169.46092068749999,0,167.79412814062499,0,149.10760167187499,0,1.8104799218750001,0,1.7926723091947117,0,1.5930299323918269,0