msdX(mean),msdX(std),msdY(mean),msdY(std),msdZ(mean),msdZ(std),DmsdX(mean),DmsdX(std),DmsdY(mean),DmsdY(std),DmsdZ(mean),DmsdZ(std)
272.97004345312502,0,269.331345,0,241.65722868750001,0,1.6955977541928724,0,1.6729953878406709,0,1.5010931201956677,0