msdX(mean),msdX(std),msdY(mean),msdY(std),msdZ(mean),msdZ(std),DmsdX(mean),DmsdX(std),DmsdY(mean),DmsdY(std),DmsdZ(mean),DmsdZ(std)
465.11320753125,0,456.05274960937498,0,417.88788412500003,0,1.5455475224299065,0,1.5154400817757008,0,1.3886201757009347,0