msdX(mean),msdX(std),msdY(mean),msdY(std),msdZ(mean),msdZ(std),DmsdX(mean),DmsdX(std),DmsdY(mean),DmsdY(std),DmsdZ(mean),DmsdZ(std)
3503.3382607499998,0,3211.0483525312502,0,3526.1220916406251,0,0.80678394435040934,0,0.73947248667915999,0,0.81203083391265685,0