msdX(mean),msdX(std),msdY(mean),msdY(std),msdZ(mean),msdZ(std),DmsdX(mean),DmsdX(std),DmsdY(mean),DmsdY(std),DmsdZ(mean),DmsdZ(std)
862.70733857812502,0,832.38095095312497,0,792.288255515625,0,1.3531868142315158,0,1.3056188082318687,0,1.2427320048085406,0