msdX(mean),msdX(std),msdY(mean),msdY(std),msdZ(mean),msdZ(std),DmsdX(mean),DmsdX(std),DmsdY(mean),DmsdY(std),DmsdZ(mean),DmsdZ(std)
1800.664201828125,0,1700.680089515625,0,1717.2708450468749,0,1.0822356160551287,0,1.0221431416923978,0,1.0321145214282494,0