msdX(mean),msdX(std),msdY(mean),msdY(std),msdZ(mean),msdZ(std),DmsdX(mean),DmsdX(std),DmsdY(mean),DmsdY(std),DmsdZ(mean),DmsdZ(std)
350.90788176562501,0,345.727826859375,0,312.05358843750003,0,1.6279651206941546,0,1.6039333187630482,0,1.4477085986430065,0