msdX(mean),msdX(std),msdY(mean),msdY(std),msdZ(mean),msdZ(std),DmsdX(mean),DmsdX(std),DmsdY(mean),DmsdY(std),DmsdZ(mean),DmsdZ(std)
211.543392796875,0,208.81367549999999,0,186.61506665625001,0,1.7595624270898316,0,1.736857354959451,0,1.5522151520586402,0