msdX(mean),msdX(std),msdY(mean),msdY(std),msdZ(mean),msdZ(std),DmsdX(mean),DmsdX(std),DmsdY(mean),DmsdY(std),DmsdZ(mean),DmsdZ(std)
2804.5207866093751,0,2590.867569234375,0,2773.2252411562499,0,0.90167007434322377,0,0.83297929718300523,0,0.89160837077872757,0