msdX(mean),msdX(std),msdY(mean),msdY(std),msdZ(mean),msdZ(std),DmsdX(mean),DmsdX(std),DmsdY(mean),DmsdY(std),DmsdZ(mean),DmsdZ(std)
498.592167609375,0,488.22951571875001,0,449.15939648437501,0,1.5242223015304368,0,1.4925431333830104,0,1.3731037379628568,0