msdX(mean),msdX(std),msdY(mean),msdY(std),msdZ(mean),msdZ(std),DmsdX(mean),DmsdX(std),DmsdY(mean),DmsdY(std),DmsdZ(mean),DmsdZ(std)
86.369596734374994,0,85.743674859375005,0,75.633658031249993,0,1.9535108110687023,0,1.9393536863867686,0,1.7106849427480915,0