msdX(mean),msdX(std),msdY(mean),msdY(std),msdZ(mean),msdZ(std),DmsdX(mean),DmsdX(std),DmsdY(mean),DmsdY(std),DmsdZ(mean),DmsdZ(std)
182.467621828125,0,180.54867487499999,0,160.67486053125,0,1.7935139140250647,0,1.7746521673424254,0,1.5793081266126061,0