msdX(mean),msdX(std),msdY(mean),msdY(std),msdZ(mean),msdZ(std),DmsdX(mean),DmsdX(std),DmsdY(mean),DmsdY(std),DmsdZ(mean),DmsdZ(std)
59.002035890625002,0,58.539125109375,0,51.668904093750001,0,2.024951896718147,0,2.0090647828185331,0,1.7732785617760618,0