msdX(mean),msdX(std),msdY(mean),msdY(std),msdZ(mean),msdZ(std),DmsdX(mean),DmsdX(std),DmsdY(mean),DmsdY(std),DmsdZ(mean),DmsdZ(std)
3407.0050863281249,0,3125.9606499843749,0,3421.9242517500002,0,0.81802069930896315,0,0.75054203093908967,0,0.82160278557601407,0