msdX(mean),msdX(std),msdY(mean),msdY(std),msdZ(mean),msdZ(std),DmsdX(mean),DmsdX(std),DmsdY(mean),DmsdY(std),DmsdZ(mean),DmsdZ(std)
1017.258705,0,976.69531940624995,0,941.32249931249999,0,1.2952728262426587,0,1.2436235743446498,0,1.1985834558086235,0