msdX(mean),msdX(std),msdY(mean),msdY(std),msdZ(mean),msdZ(std),DmsdX(mean),DmsdX(std),DmsdY(mean),DmsdY(std),DmsdZ(mean),DmsdZ(std)
100.451705203125,0,99.721416375000004,0,87.931187015625,0,1.9243621686422416,0,1.9103719612068968,0,1.6845054983836207,0