msdX(mean),msdX(std),msdY(mean),msdY(std),msdZ(mean),msdZ(std),DmsdX(mean),DmsdX(std),DmsdY(mean),DmsdY(std),DmsdZ(mean),DmsdZ(std)
1275.9162225468749,0,1218.57965015625,0,1193.966787375,0,1.2132950326730378,0,1.1587725042791428,0,1.1353676257889669,0