msdX(mean),msdX(std),msdY(mean),msdY(std),msdZ(mean),msdZ(std),DmsdX(mean),DmsdX(std),DmsdY(mean),DmsdY(std),DmsdZ(mean),DmsdZ(std)
953.16537642187495,0,916.21670849999998,0,879.77484028125002,0,1.3192372123968443,0,1.2680980723516895,0,1.2176603730471793,0