msdX(mean),msdX(std),msdY(mean),msdY(std),msdZ(mean),msdZ(std),DmsdX(mean),DmsdX(std),DmsdY(mean),DmsdY(std),DmsdZ(mean),DmsdZ(std)
2032.723571625,0,1907.3891856093751,0,1951.277411390625,0,1.0339913381275752,0,0.97023713597302774,0,0.99256188584903871,0