msdX(mean),msdX(std),msdY(mean),msdY(std),msdZ(mean),msdZ(std),DmsdX(mean),DmsdX(std),DmsdY(mean),DmsdY(std),DmsdZ(mean),DmsdZ(std)
93.148335000000003,0,92.426881781250003,0,81.471870421874996,0,1.9390754098360656,0,1.9240568676814989,0,1.6960056293911006,0