msdX(mean),msdX(std),msdY(mean),msdY(std),msdZ(mean),msdZ(std),DmsdX(mean),DmsdX(std),DmsdY(mean),DmsdY(std),DmsdZ(mean),DmsdZ(std)
66.158407265625002,0,65.582680359375004,0,57.937865484375003,0,2.0048002201704547,0,1.9873539502840911,0,1.7556928934659091,0