msdX(mean),msdX(std),msdY(mean),msdY(std),msdZ(mean),msdZ(std),DmsdX(mean),DmsdX(std),DmsdY(mean),DmsdY(std),DmsdZ(mean),DmsdZ(std)
1235.719961296875,0,1180.6796280937499,0,1154.42132034375,0,1.2250922857182691,0,1.170525320934642,0,1.1444928449141201,0