msdX(mean),msdX(std),msdY(mean),msdY(std),msdZ(mean),msdZ(std),DmsdX(mean),DmsdX(std),DmsdY(mean),DmsdY(std),DmsdZ(mean),DmsdZ(std)
68.786839968750002,0,68.140251140624997,0,60.1989598125,0,1.9981652859477126,0,1.9793827491830067,0,1.7486989052287583,0