msdX(mean),msdX(std),msdY(mean),msdY(std),msdZ(mean),msdZ(std),DmsdX(mean),DmsdX(std),DmsdY(mean),DmsdY(std),DmsdZ(mean),DmsdZ(std)
1121.5698643124999,0,1076.268966609375,0,1042.2667250156251,0,1.2601554611527765,0,1.2092570058249767,0,1.1710533131267382,0