msdX(mean),msdX(std),msdY(mean),msdY(std),msdZ(mean),msdZ(std),DmsdX(mean),DmsdX(std),DmsdY(mean),DmsdY(std),DmsdZ(mean),DmsdZ(std)
2425.5146400468748,0,2258.6078161406249,0,2371.4288499375002,0,0.96063314671176714,0,0.89452914354086521,0,0.93921228951003266,0