msdX(mean),msdX(std),msdY(mean),msdY(std),msdZ(mean),msdZ(std),DmsdX(mean),DmsdX(std),DmsdY(mean),DmsdY(std),DmsdZ(mean),DmsdZ(std)
704.14410234374998,0,683.14152234375001,0,642.11963582812496,0,1.4185371354914256,0,1.3762262795573015,0,1.2935854263617133,0