msdX(mean),msdX(std),msdY(mean),msdY(std),msdZ(mean),msdZ(std),DmsdX(mean),DmsdX(std),DmsdY(mean),DmsdY(std),DmsdZ(mean),DmsdZ(std)
2221.9315319531252,0,2076.4819659374998,0,2151.7023460781252,0,0.99729865210311064,0,0.93201461699656629,0,0.96577676612048091,0