msdX(mean),msdX(std),msdY(mean),msdY(std),msdZ(mean),msdZ(std),DmsdX(mean),DmsdX(std),DmsdY(mean),DmsdY(std),DmsdZ(mean),DmsdZ(std)
553.32408782812502,0,540.40013156249995,0,500.38859826562498,0,1.4926969154021246,0,1.4578320864946888,0,1.3498933691198785,0