msdX(mean),msdX(std),msdY(mean),msdY(std),msdZ(mean),msdZ(std),DmsdX(mean),DmsdX(std),DmsdY(mean),DmsdY(std),DmsdZ(mean),DmsdZ(std)
376.87529432812499,0,370.63176609375,0,336.16069199999998,0,1.6085159809138925,0,1.5818683998879643,0,1.4347447375160052,0