msdX(mean),msdX(std),msdY(mean),msdY(std),msdZ(mean),msdZ(std),DmsdX(mean),DmsdX(std),DmsdY(mean),DmsdY(std),DmsdZ(mean),DmsdZ(std)
1359.6220312031251,0,1296.6142587187501,0,1277.6289038437501,0,1.1894035199537447,0,1.134284034789883,0,1.1176755602302924,0