msdX(mean),msdX(std),msdY(mean),msdY(std),msdZ(mean),msdZ(std),DmsdX(mean),DmsdX(std),DmsdY(mean),DmsdY(std),DmsdZ(mean),DmsdZ(std)
5458.1785737187502,0,5001.34491253125,0,5689.8750809531248,0,0.61857022066229506,0,0.56679769347394637,0,0.64482816691138667,0