msdX(mean),msdX(std),msdY(mean),msdY(std),msdZ(mean),msdZ(std),DmsdX(mean),DmsdX(std),DmsdY(mean),DmsdY(std),DmsdZ(mean),DmsdZ(std)
1003.34700725,0,1004.3453704999999,0,1002.5438785,0,0.23106171963997854,0,0.23129163364550548,0,0.23087676636984725,0