msdX(mean),msdX(std),msdY(mean),msdY(std),msdZ(mean),msdZ(std),DmsdX(mean),DmsdX(std),DmsdY(mean),DmsdY(std),DmsdZ(mean),DmsdZ(std)
585.52863475000004,0,585.58372325000005,0,585.63396450000005,0,1.4531650432246856,0,1.4533017618712774,0,1.4534264506121775,0