msdX(mean),msdX(std),msdY(mean),msdY(std),msdZ(mean),msdZ(std),DmsdX(mean),DmsdX(std),DmsdY(mean),DmsdY(std),DmsdZ(mean),DmsdZ(std)
251.98520250000001,0,252.41842124999999,0,251.83943024999999,0,1.9284581823979594,0,1.9317736320153063,0,1.9273425784438776,0