msdX(mean),msdX(std),msdY(mean),msdY(std),msdZ(mean),msdZ(std),DmsdX(mean),DmsdX(std),DmsdY(mean),DmsdY(std),DmsdZ(mean),DmsdZ(std)
243.198095,0,243.64561399999999,0,242.99958000000001,0,1.9404103324468085,0,1.9439809627659574,0,1.938826436170213,0