msdX(mean),msdX(std),msdY(mean),msdY(std),msdZ(mean),msdZ(std),DmsdX(mean),DmsdX(std),DmsdY(mean),DmsdY(std),DmsdZ(mean),DmsdZ(std)
831.69455425000001,0,830.92137524999998,0,832.71515699999998,0,1.0157481121763556,0,1.0148038290791404,0,1.0169945737664876,0