msdX(mean),msdX(std),msdY(mean),msdY(std),msdZ(mean),msdZ(std),DmsdX(mean),DmsdX(std),DmsdY(mean),DmsdY(std),DmsdZ(mean),DmsdZ(std)
1001.1501479999999,0,1005.4250832499999,0,1003.063667,0,0.18715652263861712,0,0.1879556854989469,0,0.18751423877416221,0