msdX(mean),msdX(std),msdY(mean),msdY(std),msdZ(mean),msdZ(std),DmsdX(mean),DmsdX(std),DmsdY(mean),DmsdY(std),DmsdZ(mean),DmsdZ(std)
994.50772574999996,0,996.36750649999999,0,993.78445350000004,0,0.44638127670636463,0,0.44721603272090726,0,0.446056638514019,0