msdX(mean),msdX(std),msdY(mean),msdY(std),msdZ(mean),msdZ(std),DmsdX(mean),DmsdX(std),DmsdY(mean),DmsdY(std),DmsdZ(mean),DmsdZ(std)
67.692253750000006,0,67.906499999999994,0,67.863450499999999,0,2.2267188733552636,0,2.2337664473684211,0,2.2323503453947371,0