msdX(mean),msdX(std),msdY(mean),msdY(std),msdZ(mean),msdZ(std),DmsdX(mean),DmsdX(std),DmsdY(mean),DmsdY(std),DmsdZ(mean),DmsdZ(std)
1003.7143595,0,1004.8436819999999,0,1005.1328635,0,0.11374994630094139,0,0.11387793129240392,0,0.11391070394309373,0