msdX(mean),msdX(std),msdY(mean),msdY(std),msdZ(mean),msdZ(std),DmsdX(mean),DmsdX(std),DmsdY(mean),DmsdY(std),DmsdZ(mean),DmsdZ(std)
47.479567000000003,0,47.586675999999997,0,47.4810515,0,2.2753786102236422,0,2.2805116293929713,0,2.2754497523961659,0