msdX(mean),msdX(std),msdY(mean),msdY(std),msdZ(mean),msdZ(std),DmsdX(mean),DmsdX(std),DmsdY(mean),DmsdY(std),DmsdZ(mean),DmsdZ(std)
600.95301125000003,0,600.53795075000005,0,600.84778425000002,0,1.4303864120517298,0,1.4293984863932085,0,1.4301359510869567,0