msdX(mean),msdX(std),msdY(mean),msdY(std),msdZ(mean),msdZ(std),DmsdX(mean),DmsdX(std),DmsdY(mean),DmsdY(std),DmsdZ(mean),DmsdZ(std)
996.82846825000001,0,998.53475649999996,0,996.56097824999995,0,0.42913718749103119,0,0.42987174891656854,0,0.4290220323666159,0