msdX(mean),msdX(std),msdY(mean),msdY(std),msdZ(mean),msdZ(std),DmsdX(mean),DmsdX(std),DmsdY(mean),DmsdY(std),DmsdZ(mean),DmsdZ(std)
299.64354025,0,299.75807250000003,0,299.60638399999999,0,1.861140001552795,0,1.8618513819875777,0,1.8609092173913042,0