msdX(mean),msdX(std),msdY(mean),msdY(std),msdZ(mean),msdZ(std),DmsdX(mean),DmsdX(std),DmsdY(mean),DmsdY(std),DmsdZ(mean),DmsdZ(std)
690.74828000000002,0,690.46905575000005,0,691.00973974999999,0,1.2801117123795405,0,1.2795942471275019,0,1.28059625602298,0