msdX(mean),msdX(std),msdY(mean),msdY(std),msdZ(mean),msdZ(std),DmsdX(mean),DmsdX(std),DmsdY(mean),DmsdY(std),DmsdZ(mean),DmsdZ(std)
878.06634874999997,0,877.78315199999997,0,879.86110550000001,0,0.90759338693839575,0,0.90730066703417855,0,0.90944849658902971,0