msdX(mean),msdX(std),msdY(mean),msdY(std),msdZ(mean),msdZ(std),DmsdX(mean),DmsdX(std),DmsdY(mean),DmsdY(std),DmsdZ(mean),DmsdZ(std)
1003.0812675,0,1004.9718685,0,1005.8106427500001,0,0.12356768375559478,0,0.12380058331622387,0,0.12390391032932288,0