msdX(mean),msdX(std),msdY(mean),msdY(std),msdZ(mean),msdZ(std),DmsdX(mean),DmsdX(std),DmsdY(mean),DmsdY(std),DmsdZ(mean),DmsdZ(std)
935.49276050000003,0,933.61460024999997,0,934.62566274999995,0,0.75289148017491148,0,0.75137992293969313,0,0.75219363350413126,0