msdX(mean),msdX(std),msdY(mean),msdY(std),msdZ(mean),msdZ(std),DmsdX(mean),DmsdX(std),DmsdY(mean),DmsdY(std),DmsdZ(mean),DmsdZ(std)
455.77282324999999,0,455.08350274999998,0,455.30839824999998,0,1.646181639477486,0,1.6436919193956174,0,1.6445042075006018,0