msdX(mean),msdX(std),msdY(mean),msdY(std),msdZ(mean),msdZ(std),DmsdX(mean),DmsdX(std),DmsdY(mean),DmsdY(std),DmsdZ(mean),DmsdZ(std)
705.25071675000004,0,705.39500199999998,0,705.94487300000003,0,1.2537047583846885,0,1.2539612502962787,0,1.2549387408153592,0