msdX(mean),msdX(std),msdY(mean),msdY(std),msdZ(mean),msdZ(std),DmsdX(mean),DmsdX(std),DmsdY(mean),DmsdY(std),DmsdZ(mean),DmsdZ(std)
441.99221599999998,0,441.31212599999998,0,441.85523224999997,0,1.6645451267888527,0,1.6619839040923927,0,1.6640292452297265,0