msdX(mean),msdX(std),msdY(mean),msdY(std),msdZ(mean),msdZ(std),DmsdX(mean),DmsdX(std),DmsdY(mean),DmsdY(std),DmsdZ(mean),DmsdZ(std)
279.80116500000003,0,280.06751150000002,0,279.5861615,0,1.8888467484248428,0,1.8906447671017104,0,1.887395329657966,0