msdX(mean),msdX(std),msdY(mean),msdY(std),msdZ(mean),msdZ(std),DmsdX(mean),DmsdX(std),DmsdY(mean),DmsdY(std),DmsdZ(mean),DmsdZ(std)
556.01051874999996,0,555.40943649999997,0,555.90359450000005,0,1.4997586371605824,0,1.4981373039920876,0,1.4994702243301565,0