msdX(mean),msdX(std),msdY(mean),msdY(std),msdZ(mean),msdZ(std),DmsdX(mean),DmsdX(std),DmsdY(mean),DmsdY(std),DmsdZ(mean),DmsdZ(std)
389.88196325000001,0,389.78601225,0,390.22703300000001,0,1.7348648616879265,0,1.7344379067784041,0,1.7364003248294275,0