msdX(mean),msdX(std),msdY(mean),msdY(std),msdZ(mean),msdZ(std),DmsdX(mean),DmsdX(std),DmsdY(mean),DmsdY(std),DmsdZ(mean),DmsdZ(std)
866.52912375000005,0,866.50731674999997,0,867.73440400000004,0,0.93382691689417352,0,0.93380341628349739,0,0.93512580357784336,0