msdX(mean),msdX(std),msdY(mean),msdY(std),msdZ(mean),msdZ(std),DmsdX(mean),DmsdX(std),DmsdY(mean),DmsdY(std),DmsdZ(mean),DmsdZ(std)
791.61597449999999,0,791.47009924999998,0,793.46713750000004,0,1.0956117011902566,0,1.0954098070446576,0,1.0981737463092822,0