msdX(mean),msdX(std),msdY(mean),msdY(std),msdZ(mean),msdZ(std),DmsdX(mean),DmsdX(std),DmsdY(mean),DmsdY(std),DmsdZ(mean),DmsdZ(std)
660.76523899999995,0,660.74894074999997,0,660.73219099999994,0,1.3311145024174054,0,1.3310816695205478,0,1.3310479270749396,0