msdX(mean),msdX(std),msdY(mean),msdY(std),msdZ(mean),msdZ(std),DmsdX(mean),DmsdX(std),DmsdY(mean),DmsdY(std),DmsdZ(mean),DmsdZ(std)
135.33366574999999,0,135.68259225,0,135.51129800000001,0,2.1036321101036268,0,2.1090558380829019,0,2.1063932331606221,0