msdX(mean),msdX(std),msdY(mean),msdY(std),msdZ(mean),msdZ(std),DmsdX(mean),DmsdX(std),DmsdY(mean),DmsdY(std),DmsdZ(mean),DmsdZ(std)
111.80001375000001,0,112.14612825,0,112.05937400000001,0,2.1417627155172418,0,2.1483932614942529,0,2.1467313026819927,0