msdX(mean),msdX(std),msdY(mean),msdY(std),msdZ(mean),msdZ(std),DmsdX(mean),DmsdX(std),DmsdY(mean),DmsdY(std),DmsdZ(mean),DmsdZ(std)
541.14442899999995,0,540.59897650000005,0,540.97480849999999,0,1.5217784842519682,0,1.520244590832396,0,1.5213014862204723,0