msdX(mean),msdX(std),msdY(mean),msdY(std),msdZ(mean),msdZ(std),DmsdX(mean),DmsdX(std),DmsdY(mean),DmsdY(std),DmsdZ(mean),DmsdZ(std)
1004.99874225,0,1002.5287195,0,1004.4623877499999,0,0.30991059625742651,0,0.30914891747013956,0,0.30974520108237563,0