msdX(mean),msdX(std),msdY(mean),msdY(std),msdZ(mean),msdZ(std),DmsdX(mean),DmsdX(std),DmsdY(mean),DmsdY(std),DmsdZ(mean),DmsdZ(std)
982.47247049999999,0,984.67862275000005,0,982.67356074999998,0,0.54322264209886106,0,0.54444245424637849,0,0.54333382768439675,0