msdX(mean),msdX(std),msdY(mean),msdY(std),msdZ(mean),msdZ(std),DmsdX(mean),DmsdX(std),DmsdY(mean),DmsdY(std),DmsdZ(mean),DmsdZ(std)
999.05656324999995,0,999.10052725000003,0,997.45865524999999,0,0.41252645274176225,0,0.41254460618135269,0,0.41186665094144848,0