msdX(mean),msdX(std),msdY(mean),msdY(std),msdZ(mean),msdZ(std),DmsdX(mean),DmsdX(std),DmsdY(mean),DmsdY(std),DmsdZ(mean),DmsdZ(std)
226.52110400000001,0,227.16143174999999,0,226.44405075,0,1.9640558150289018,0,1.9696077897398845,0,1.9633877232658961,0