msdX(mean),msdX(std),msdY(mean),msdY(std),msdZ(mean),msdZ(std),DmsdX(mean),DmsdX(std),DmsdY(mean),DmsdY(std),DmsdZ(mean),DmsdZ(std)
497.51029249999999,0,496.62531124999998,0,497.89129075,0,1.5857744129834253,0,1.5829536057692306,0,1.5869888145452613,0