msdX(mean),msdX(std),msdY(mean),msdY(std),msdZ(mean),msdZ(std),DmsdX(mean),DmsdX(std),DmsdY(mean),DmsdY(std),DmsdZ(mean),DmsdZ(std)
210.73951074999999,0,211.45644425,0,210.81106199999999,0,1.9856109681218594,0,1.9923659948178394,0,1.9862851319095478,0