msdX(mean),msdX(std),msdY(mean),msdY(std),msdZ(mean),msdZ(std),DmsdX(mean),DmsdX(std),DmsdY(mean),DmsdY(std),DmsdZ(mean),DmsdZ(std)
1002.20892325,0,1000.2739205,0,999.98585924999998,0,0.38071096433636387,0,0.37997591124927194,0,0.3798664848874313,0