msdX(mean),msdX(std),msdY(mean),msdY(std),msdZ(mean),msdZ(std),DmsdX(mean),DmsdX(std),DmsdY(mean),DmsdY(std),DmsdZ(mean),DmsdZ(std)
919.27553375000002,0,918.42620999999997,0,919.33211274999996,0,0.80417175052487322,0,0.80342877179681582,0,0.80422124518866278,0