msdX(mean),msdX(std),msdY(mean),msdY(std),msdZ(mean),msdZ(std),DmsdX(mean),DmsdX(std),DmsdY(mean),DmsdY(std),DmsdZ(mean),DmsdZ(std)
1002.2659405000001,0,1004.9273822500001,0,1003.0266825,0,0.25089264556423352,0,0.25155887209622513,0,0.25108307862721541,0