msdX(mean),msdX(std),msdY(mean),msdY(std),msdZ(mean),msdZ(std),DmsdX(mean),DmsdX(std),DmsdY(mean),DmsdY(std),DmsdZ(mean),DmsdZ(std)
526.52663600000005,0,525.78857374999995,0,526.45398424999996,0,1.5437645699765443,0,1.5416005876172789,0,1.5435515566360436,0