msdX(mean),msdX(std),msdY(mean),msdY(std),msdZ(mean),msdZ(std),DmsdX(mean),DmsdX(std),DmsdY(mean),DmsdY(std),DmsdZ(mean),DmsdZ(std)
976.09999949999997,0,977.12402150000003,0,976.52321825000001,0,0.58664556424793657,0,0.58726101139915066,0,0.5868999228203382,0