msdX(mean),msdX(std),msdY(mean),msdY(std),msdZ(mean),msdZ(std),DmsdX(mean),DmsdX(std),DmsdY(mean),DmsdY(std),DmsdZ(mean),DmsdZ(std)
79.022233749999998,0,79.265746250000007,0,79.230275500000005,0,2.2032221305762083,0,2.2100115125464685,0,2.2090225511152419,0