msdX(mean),msdX(std),msdY(mean),msdY(std),msdZ(mean),msdZ(std),DmsdX(mean),DmsdX(std),DmsdY(mean),DmsdY(std),DmsdZ(mean),DmsdZ(std)
966.59361224999998,0,967.09246525000003,0,965.57241524999995,0,0.63148537385670722,0,0.63181127956228222,0,0.63081821553789197,0