msdX(mean),msdX(std),msdY(mean),msdY(std),msdZ(mean),msdZ(std),DmsdX(mean),DmsdX(std),DmsdY(mean),DmsdY(std),DmsdZ(mean),DmsdZ(std)
103.69399799999999,0,103.98245799999999,0,103.83604200000001,0,2.157295381414702,0,2.1632966296809988,0,2.1602505270457701,0