msdX(mean),msdX(std),msdY(mean),msdY(std),msdZ(mean),msdZ(std),DmsdX(mean),DmsdX(std),DmsdY(mean),DmsdY(std),DmsdZ(mean),DmsdZ(std)
819.17471149999994,0,818.10839424999995,0,820.36499649999996,0,1.0430917379032256,0,1.0417339485356536,0,1.0446073809422749,0