msdX(mean),msdX(std),msdY(mean),msdY(std),msdZ(mean),msdZ(std),DmsdX(mean),DmsdX(std),DmsdY(mean),DmsdY(std),DmsdZ(mean),DmsdZ(std)
1000.77224775,0,999.30430775000002,0,998.75084074999995,0,0.39635590949596028,0,0.3957745317698157,0,0.39555533113085489,0