msdX(mean),msdX(std),msdY(mean),msdY(std),msdZ(mean),msdZ(std),DmsdX(mean),DmsdX(std),DmsdY(mean),DmsdY(std),DmsdZ(mean),DmsdZ(std)
1003.7533294999999,0,1003.45719525,0,1001.80141025,0,0.13440724819228708,0,0.13436759443626139,0,0.13414587710899839,0