msdX(mean),msdX(std),msdY(mean),msdY(std),msdZ(mean),msdZ(std),DmsdX(mean),DmsdX(std),DmsdY(mean),DmsdY(std),DmsdZ(mean),DmsdZ(std)
989.46650675000001,0,990.83164250000004,0,988.24316124999996,0,0.5033062362660653,0,0.50400063201532774,0,0.50268396414764827,0