msdX(mean),msdX(std),msdY(mean),msdY(std),msdZ(mean),msdZ(std),DmsdX(mean),DmsdX(std),DmsdY(mean),DmsdY(std),DmsdZ(mean),DmsdZ(std)
365.58206749999999,0,365.68229074999999,0,365.9799835,0,1.7683750443405355,0,1.7688598391647856,0,1.7702998234440503,0