msdX(mean),msdX(std),msdY(mean),msdY(std),msdZ(mean),msdZ(std),DmsdX(mean),DmsdX(std),DmsdY(mean),DmsdY(std),DmsdZ(mean),DmsdZ(std)
62.553667500000003,0,62.779906250000003,0,62.674498999999997,0,2.2393914379474942,0,2.2474906772076375,0,2.2437171479713602,0