msdX(mean),msdX(std),msdY(mean),msdY(std),msdZ(mean),msdZ(std),DmsdX(mean),DmsdX(std),DmsdY(mean),DmsdY(std),DmsdZ(mean),DmsdZ(std)
140.49735125000001,0,140.92616649999999,0,140.72730300000001,0,2.0948909232107358,0,2.1012847887673956,0,2.0983196272365809,0