msdX(mean),msdX(std),msdY(mean),msdY(std),msdZ(mean),msdZ(std),DmsdX(mean),DmsdX(std),DmsdY(mean),DmsdY(std),DmsdZ(mean),DmsdZ(std)
402.68984325000002,0,402.08977750000003,0,403.12911650000001,0,1.7184488332147938,0,1.7158880974395447,0,1.7203233990042675,0