msdX(mean),msdX(std),msdY(mean),msdY(std),msdZ(mean),msdZ(std),DmsdX(mean),DmsdX(std),DmsdY(mean),DmsdY(std),DmsdZ(mean),DmsdZ(std)
992.57158575000005,0,995.43525150000005,0,993.20439450000003,0,0.46448411387814315,0,0.4658241958101953,0,0.46478024326137146,0