msdX(mean),msdX(std),msdY(mean),msdY(std),msdZ(mean),msdZ(std),DmsdX(mean),DmsdX(std),DmsdY(mean),DmsdY(std),DmsdZ(mean),DmsdZ(std)
961.18372275000002,0,961.46478000000002,0,960.26803150000001,0,0.6546978403982382,0,0.65488927890291537,0,0.65407412916628827,0