msdX(mean),msdX(std),msdY(mean),msdY(std),msdZ(mean),msdZ(std),DmsdX(mean),DmsdX(std),DmsdY(mean),DmsdY(std),DmsdZ(mean),DmsdZ(std)
353.79910525000003,0,354.19547675000001,0,354.1502155,0,1.7838610348739496,0,1.7858595466386555,0,1.7856313386554621,0