msdX(mean),msdX(std),msdY(mean),msdY(std),msdZ(mean),msdZ(std),DmsdX(mean),DmsdX(std),DmsdY(mean),DmsdY(std),DmsdZ(mean),DmsdZ(std)
88.921466749999993,0,89.131407749999994,0,89.009606250000004,0,2.1865934446721309,0,2.1917559282786887,0,2.1887608094262299,0