msdX(mean),msdX(std),msdY(mean),msdY(std),msdZ(mean),msdZ(std),DmsdX(mean),DmsdX(std),DmsdY(mean),DmsdY(std),DmsdZ(mean),DmsdZ(std)
805.98738524999999,0,804.82965999999999,0,807.42153525000003,0,1.0699894485131427,0,1.0684525090715993,0,1.0718933559385786,0