msdX(mean),msdX(std),msdY(mean),msdY(std),msdZ(mean),msdZ(std),DmsdX(mean),DmsdX(std),DmsdY(mean),DmsdY(std),DmsdZ(mean),DmsdZ(std)
227.87781468750001,0,227.87554025,0,227.82390368750001,0,1.9763904135949697,0,1.9763706873373807,0,1.9759228420424979,0