msdX(mean),msdX(std),msdY(mean),msdY(std),msdZ(mean),msdZ(std),DmsdX(mean),DmsdX(std),DmsdY(mean),DmsdY(std),DmsdZ(mean),DmsdZ(std)
1000.6806105625,0,1002.9389266875,0,999.93121468749996,0,0.14565311712188694,0,0.14598182418344177,0,0.14554403951610553,0