msdX(mean),msdX(std),msdY(mean),msdY(std),msdZ(mean),msdZ(std),DmsdX(mean),DmsdX(std),DmsdY(mean),DmsdY(std),DmsdZ(mean),DmsdZ(std)
79.598986249999996,0,79.589613562500006,0,79.426635687499996,0,2.219302590613383,0,2.2190412703299258,0,2.2144972775325278,0