msdX(mean),msdX(std),msdY(mean),msdY(std),msdZ(mean),msdZ(std),DmsdX(mean),DmsdX(std),DmsdY(mean),DmsdY(std),DmsdZ(mean),DmsdZ(std)
906.60521412499997,0,908.61421143749999,0,905.95065924999994,0,0.82689275275902951,0,0.82872511076021516,0,0.82629574904232017,0