msdX(mean),msdX(std),msdY(mean),msdY(std),msdZ(mean),msdZ(std),DmsdX(mean),DmsdX(std),DmsdY(mean),DmsdY(std),DmsdZ(mean),DmsdZ(std)
946.72498562500004,0,947.5007784375,0,946.65304549999996,0,0.70094892689232224,0,0.70152331876712171,0,0.70089566289888694,0