msdX(mean),msdX(std),msdY(mean),msdY(std),msdZ(mean),msdZ(std),DmsdX(mean),DmsdX(std),DmsdY(mean),DmsdY(std),DmsdZ(mean),DmsdZ(std)
1001.2114642499999,0,1001.4255156875,0,999.69587687499995,0,0.15193735578357925,0,0.15196983884093199,0,0.15170736007693902,0