msdX(mean),msdX(std),msdY(mean),msdY(std),msdZ(mean),msdZ(std),DmsdX(mean),DmsdX(std),DmsdY(mean),DmsdY(std),DmsdZ(mean),DmsdZ(std)
108.32208812499999,0,108.25063925000001,0,108.24190106250001,0,2.1635570198069241,0,2.1621299450732359,0,2.1619554140312918,0