msdX(mean),msdX(std),msdY(mean),msdY(std),msdZ(mean),msdZ(std),DmsdX(mean),DmsdX(std),DmsdY(mean),DmsdY(std),DmsdZ(mean),DmsdZ(std)
645.95084031249996,0,646.53859824999995,0,646.52079906250003,0,1.356754548020374,0,1.3579890742491074,0,1.3579516888521321,0