msdX(mean),msdX(std),msdY(mean),msdY(std),msdZ(mean),msdZ(std),DmsdX(mean),DmsdX(std),DmsdY(mean),DmsdY(std),DmsdZ(mean),DmsdZ(std)
1000.326361625,0,1002.1861036875,0,1002.7108533750001,0,0.17203700368469024,0,0.17235684375322463,0,0.17244709066401817,0