msdX(mean),msdX(std),msdY(mean),msdY(std),msdZ(mean),msdZ(std),DmsdX(mean),DmsdX(std),DmsdY(mean),DmsdY(std),DmsdZ(mean),DmsdZ(std)
932.69247118750002,0,934.00140587500005,0,932.23120331250004,0,0.75063778666232972,0,0.75169122696238877,0,0.75026655487109672,0