msdX(mean),msdX(std),msdY(mean),msdY(std),msdZ(mean),msdZ(std),DmsdX(mean),DmsdX(std),DmsdY(mean),DmsdY(std),DmsdZ(mean),DmsdZ(std)
855.01305237500003,0,855.20072068750005,0,854.32819906249995,0,0.96067083280275656,0,0.96088169212655206,0,0.9599013491086309,0