msdX(mean),msdX(std),msdY(mean),msdY(std),msdZ(mean),msdZ(std),DmsdX(mean),DmsdX(std),DmsdY(mean),DmsdY(std),DmsdZ(mean),DmsdZ(std)
999.05211893750004,0,997.26924431249995,0,999.03597512500005,0,0.32120075412464766,0,0.32062755012136829,0,0.3211955638000879,0