msdX(mean),msdX(std),msdY(mean),msdY(std),msdZ(mean),msdZ(std),DmsdX(mean),DmsdX(std),DmsdY(mean),DmsdY(std),DmsdZ(mean),DmsdZ(std)
866.46605418750005,0,866.87619093750004,0,866.37584231250003,0,0.93377572072294579,0,0.93421771811854526,0,0.93367850092052096,0