msdX(mean),msdX(std),msdY(mean),msdY(std),msdZ(mean),msdZ(std),DmsdX(mean),DmsdX(std),DmsdY(mean),DmsdY(std),DmsdZ(mean),DmsdZ(std)
89.401784562499998,0,89.369258625000001,0,89.300981375000006,0,2.1993058932964331,0,2.1985057472324723,0,2.1968261100861013,0