msdX(mean),msdX(std),msdY(mean),msdY(std),msdZ(mean),msdZ(std),DmsdX(mean),DmsdX(std),DmsdY(mean),DmsdY(std),DmsdZ(mean),DmsdZ(std)
720.52967450000006,0,722.50598031250001,0,722.09442449999995,0,1.2285595063798347,0,1.2319292625181164,0,1.2312275276364772,0