msdX(mean),msdX(std),msdY(mean),msdY(std),msdZ(mean),msdZ(std),DmsdX(mean),DmsdX(std),DmsdY(mean),DmsdY(std),DmsdZ(mean),DmsdZ(std)
332.53947443750002,0,332.0479795,0,333.05567056249998,0,1.8227999695094099,0,1.8201058624154942,0,1.8256294750365429,0