msdX(mean),msdX(std),msdY(mean),msdY(std),msdZ(mean),msdZ(std),DmsdX(mean),DmsdX(std),DmsdY(mean),DmsdY(std),DmsdZ(mean),DmsdZ(std)
997.76714268750004,0,996.80070599999999,0,996.3136475,0,0.34869487646779584,0,0.34835713080856912,0,0.34818691593956408,0