msdX(mean),msdX(std),msdY(mean),msdY(std),msdZ(mean),msdZ(std),DmsdX(mean),DmsdX(std),DmsdY(mean),DmsdY(std),DmsdZ(mean),DmsdZ(std)
982.16538131250002,0,984.21190806250002,0,983.39685999999995,0,0.52088145029168698,0,0.52196680500066295,0,0.52153455252574354,0