msdX(mean),msdX(std),msdY(mean),msdY(std),msdZ(mean),msdZ(std),DmsdX(mean),DmsdX(std),DmsdY(mean),DmsdY(std),DmsdZ(mean),DmsdZ(std)
1001.660691875,0,1001.6459751249999,0,999.16761918750001,0,0.10887990983838212,0,0.10887831013658079,0,0.10860891434895405,0