msdX(mean),msdX(std),msdY(mean),msdY(std),msdZ(mean),msdZ(std),DmsdX(mean),DmsdX(std),DmsdY(mean),DmsdY(std),DmsdZ(mean),DmsdZ(std)
994.70337287500001,0,994.57522362500004,0,994.70258206250003,0,0.41073743073190877,0,0.41068451476205226,0,0.41073710418602249,0