msdX(mean),msdX(std),msdY(mean),msdY(std),msdZ(mean),msdZ(std),DmsdX(mean),DmsdX(std),DmsdY(mean),DmsdY(std),DmsdZ(mean),DmsdZ(std)
630.82311312499996,0,630.68271868750003,0,631.55974318749998,0,1.3814148978977334,0,1.3811074536023213,0,1.3830280153016534,0