msdX(mean),msdX(std),msdY(mean),msdY(std),msdZ(mean),msdZ(std),DmsdX(mean),DmsdX(std),DmsdY(mean),DmsdY(std),DmsdZ(mean),DmsdZ(std)
988.48990275000006,0,989.87686187500003,0,989.77884662500003,0,0.46257765600748746,0,0.46322670290137663,0,0.46318083529618226,0