msdX(mean),msdX(std),msdY(mean),msdY(std),msdZ(mean),msdZ(std),DmsdX(mean),DmsdX(std),DmsdY(mean),DmsdY(std),DmsdZ(mean),DmsdZ(std)
126.32528318750001,0,126.2241131875,0,126.2353056875,0,2.1350752088028169,0,2.133365293309859,0,2.1335544623239437,0