msdX(mean),msdX(std),msdY(mean),msdY(std),msdZ(mean),msdZ(std),DmsdX(mean),DmsdX(std),DmsdY(mean),DmsdY(std),DmsdZ(mean),DmsdZ(std)
616.25839974999997,0,614.89733262499999,0,616.03226918749999,0,1.4069826478310501,0,1.4038751886415526,0,1.4064663680079907,0