msdX(mean),msdX(std),msdY(mean),msdY(std),msdZ(mean),msdZ(std),DmsdX(mean),DmsdX(std),DmsdY(mean),DmsdY(std),DmsdZ(mean),DmsdZ(std)
290.77192237499997,0,290.54374737500001,0,291.10489250000001,0,1.8832378392163209,0,1.8817600218588082,0,1.8853943814766838,0