msdX(mean),msdX(std),msdY(mean),msdY(std),msdZ(mean),msdZ(std),DmsdX(mean),DmsdX(std),DmsdY(mean),DmsdY(std),DmsdZ(mean),DmsdZ(std)
556.22904818749998,0,555.02970981249996,0,556.18917212500003,0,1.5005504649633559,0,1.4973149853311452,0,1.5004428904950318,0