msdX(mean),msdX(std),msdY(mean),msdY(std),msdZ(mean),msdZ(std),DmsdX(mean),DmsdX(std),DmsdY(mean),DmsdY(std),DmsdZ(mean),DmsdZ(std)
997.40932356250005,0,997.80474562500001,0,997.48775624999996,0,0.33432901532271131,0,0.33446155977128367,0,0.33435530575589806,0