msdX(mean),msdX(std),msdY(mean),msdY(std),msdZ(mean),msdZ(std),DmsdX(mean),DmsdX(std),DmsdY(mean),DmsdY(std),DmsdZ(mean),DmsdZ(std)
253.4185009375,0,253.42856462500001,0,253.38038143750001,0,1.9394273030931124,0,1.9395043211096941,0,1.9391355722257655,0