msdX(mean),msdX(std),msdY(mean),msdY(std),msdZ(mean),msdZ(std),DmsdX(mean),DmsdX(std),DmsdY(mean),DmsdY(std),DmsdZ(mean),DmsdZ(std)
60.405659562499999,0,60.558445249999998,0,60.287032625000002,0,2.2553450987865591,0,2.2610496048537647,0,2.2509159660858744,0