msdX(mean),msdX(std),msdY(mean),msdY(std),msdZ(mean),msdZ(std),DmsdX(mean),DmsdX(std),DmsdY(mean),DmsdY(std),DmsdZ(mean),DmsdZ(std)
378.85589693750001,0,378.406817875,0,379.69215543749999,0,1.7576242029111577,0,1.7555407927395037,0,1.7615038526443982,0