msdX(mean),msdX(std),msdY(mean),msdY(std),msdZ(mean),msdZ(std),DmsdX(mean),DmsdX(std),DmsdY(mean),DmsdY(std),DmsdZ(mean),DmsdZ(std)
986.54808881250005,0,986.48428556249996,0,985.63894474999995,0,0.50183025017167715,0,0.50179779518922629,0,0.50136779324991099,0