msdX(mean),msdX(std),msdY(mean),msdY(std),msdZ(mean),msdZ(std),DmsdX(mean),DmsdX(std),DmsdY(mean),DmsdY(std),DmsdZ(mean),DmsdZ(std)
280.94406018749999,0,281.12041737499999,0,281.07601837499999,0,1.8972024323297692,0,1.8983933643781652,0,1.8980935399549801,0