msdX(mean),msdX(std),msdY(mean),msdY(std),msdZ(mean),msdZ(std),DmsdX(mean),DmsdX(std),DmsdY(mean),DmsdY(std),DmsdZ(mean),DmsdZ(std)
147.07801531250001,0,146.81924849999999,0,146.71358237499999,0,2.1041203907367669,0,2.1004184334763947,0,2.0989067578683831,0