msdX(mean),msdX(std),msdY(mean),msdY(std),msdZ(mean),msdZ(std),DmsdX(mean),DmsdX(std),DmsdY(mean),DmsdY(std),DmsdZ(mean),DmsdZ(std)
676.02300943750004,0,677.13376581249997,0,676.76141174999998,0,1.3062825856252618,0,1.3084289056310585,0,1.3077094040449584,0