msdX(mean),msdX(std),msdY(mean),msdY(std),msdZ(mean),msdZ(std),DmsdX(mean),DmsdX(std),DmsdY(mean),DmsdY(std),DmsdZ(mean),DmsdZ(std)
585.52468631249997,0,584.91501231250004,0,586.04035281250003,0,1.4531552439919755,0,1.4516421549780776,0,1.4544350251799305,0