msdX(mean),msdX(std),msdY(mean),msdY(std),msdZ(mean),msdZ(std),DmsdX(mean),DmsdX(std),DmsdY(mean),DmsdY(std),DmsdZ(mean),DmsdZ(std)
980.03088100000002,0,980.82961256249996,0,980.35237725000002,0,0.5418876342926654,0,0.54232927625031102,0,0.54206539893837602,0