msdX(mean),msdX(std),msdY(mean),msdY(std),msdZ(mean),msdZ(std),DmsdX(mean),DmsdX(std),DmsdY(mean),DmsdY(std),DmsdZ(mean),DmsdZ(std)
367.12133187500001,0,366.36174925,0,367.78276037500001,0,1.7758206959448566,0,1.7721464813769754,0,1.779020124355047,0