msdX(mean),msdX(std),msdY(mean),msdY(std),msdZ(mean),msdZ(std),DmsdX(mean),DmsdX(std),DmsdY(mean),DmsdY(std),DmsdZ(mean),DmsdZ(std)
390.94076406250002,0,390.40644162500001,0,391.99644412499998,0,1.7395762269170871,0,1.737198642650549,0,1.7442737056882232,0