msdX(mean),msdX(std),msdY(mean),msdY(std),msdZ(mean),msdZ(std),DmsdX(mean),DmsdX(std),DmsdY(mean),DmsdY(std),DmsdZ(mean),DmsdZ(std)
197.41417787500001,0,197.26545687500001,0,197.1123144375,0,2.0230317117847996,0,2.0215076707941932,0,2.0199383204526047,0