msdX(mean),msdX(std),msdY(mean),msdY(std),msdZ(mean),msdZ(std),DmsdX(mean),DmsdX(std),DmsdY(mean),DmsdY(std),DmsdZ(mean),DmsdZ(std)
999.4969803125,0,999.00100081250002,0,1001.9700504375,0,0.27196580040702023,0,0.27183084305911431,0,0.27263872939956008,0