msdX(mean),msdX(std),msdY(mean),msdY(std),msdZ(mean),msdZ(std),DmsdX(mean),DmsdX(std),DmsdY(mean),DmsdY(std),DmsdZ(mean),DmsdZ(std)
136.3679655,0,136.12424587500001,0,136.05615643749999,0,2.1202585980824047,0,2.1164692284270541,0,2.1154105691241254,0