msdX(mean),msdX(std),msdY(mean),msdY(std),msdZ(mean),msdZ(std),DmsdX(mean),DmsdX(std),DmsdY(mean),DmsdY(std),DmsdZ(mean),DmsdZ(std)
47.663223500000001,0,47.755499874999998,0,47.589802874999997,0,2.2841800399361021,0,2.2886022304313096,0,2.2806614796325877,0