msdX(mean),msdX(std),msdY(mean),msdY(std),msdZ(mean),msdZ(std),DmsdX(mean),DmsdX(std),DmsdY(mean),DmsdY(std),DmsdZ(mean),DmsdZ(std)
442.87017412500001,0,442.13750631250002,0,443.76401225000001,0,1.6679562141422386,0,1.6651968099146319,0,1.6713226247567636,0