msdX(mean),msdX(std),msdY(mean),msdY(std),msdZ(mean),msdZ(std),DmsdX(mean),DmsdX(std),DmsdY(mean),DmsdY(std),DmsdZ(mean),DmsdZ(std)
49.608986000000002,0,49.674292999999999,0,49.513676937500001,0,2.2808729195402297,0,2.2838755402298849,0,2.2764908936781612,0