msdX(mean),msdX(std),msdY(mean),msdY(std),msdZ(mean),msdZ(std),DmsdX(mean),DmsdX(std),DmsdY(mean),DmsdY(std),DmsdZ(mean),DmsdZ(std)
541.47429956250005,0,540.18897293750001,0,541.66745181249996,0,1.5229202631486431,0,1.5193052255308677,0,1.5234635123400364,0