msdX(mean),msdX(std),msdY(mean),msdY(std),msdZ(mean),msdZ(std),DmsdX(mean),DmsdX(std),DmsdY(mean),DmsdY(std),DmsdZ(mean),DmsdZ(std)
999.91861262500004,0,999.13917425,0,1001.2920550625,0,0.28366887831742299,0,0.28344775791145976,0,0.2840585129044384,0