msdX(mean),msdX(std),msdY(mean),msdY(std),msdZ(mean),msdZ(std),DmsdX(mean),DmsdX(std),DmsdY(mean),DmsdY(std),DmsdZ(mean),DmsdZ(std)
764.71784087499998,0,765.81337025000005,0,764.27028174999998,0,1.1505283463515548,0,1.1521765851303913,0,1.1498549875877633,0