msdX(mean),msdX(std),msdY(mean),msdY(std),msdZ(mean),msdZ(std),DmsdX(mean),DmsdX(std),DmsdY(mean),DmsdY(std),DmsdZ(mean),DmsdZ(std)
959.38586406249999,0,958.99926906250005,0,958.12252881250004,0,0.65347325224491426,0,0.65320992806909006,0,0.65261274780617118,0