msdX(mean),msdX(std),msdY(mean),msdY(std),msdZ(mean),msdZ(std),DmsdX(mean),DmsdX(std),DmsdY(mean),DmsdY(std),DmsdZ(mean),DmsdZ(std)
219.96999893750001,0,219.98725387499999,0,219.81038918749999,0,1.9888788330696205,0,1.9890348451627486,0,1.9874357069394213,0