msdX(mean),msdX(std),msdY(mean),msdY(std),msdZ(mean),msdZ(std),DmsdX(mean),DmsdX(std),DmsdY(mean),DmsdY(std),DmsdZ(mean),DmsdZ(std)
204.77676743750001,0,204.61375468750001,0,204.55250943749999,0,2.0125480829238329,0,2.0109459920147419,0,2.0103440730958231,0