msdX(mean),msdX(std),msdY(mean),msdY(std),msdZ(mean),msdZ(std),DmsdX(mean),DmsdX(std),DmsdY(mean),DmsdY(std),DmsdZ(mean),DmsdZ(std)
991.71634749999998,0,992.09606268749997,0,992.63887743750001,0,0.42694559658173625,0,0.42710906845317109,0,0.42734275661194387,0