msdX(mean),msdX(std),msdY(mean),msdY(std),msdZ(mean),msdZ(std),DmsdX(mean),DmsdX(std),DmsdY(mean),DmsdY(std),DmsdZ(mean),DmsdZ(std)
86.015884249999999,0,85.965946125000002,0,85.901789812499999,0,2.2064784330910645,0,2.2051974209063703,0,2.2035516839461309,0