msdX(mean),msdX(std),msdY(mean),msdY(std),msdZ(mean),msdZ(std),DmsdX(mean),DmsdX(std),DmsdY(mean),DmsdY(std),DmsdZ(mean),DmsdZ(std)
735.27687943750004,0,737.05479212499995,0,736.56551931249999,0,1.2024807230225141,0,1.2053883429868075,0,1.2045881802973724,0