msdX(mean),msdX(std),msdY(mean),msdY(std),msdZ(mean),msdZ(std),DmsdX(mean),DmsdX(std),DmsdY(mean),DmsdY(std),DmsdZ(mean),DmsdZ(std)
300.81708600000002,0,300.67598199999998,0,301.13950831250003,0,1.8688160240215366,0,1.8679394201698072,0,1.870819061788155,0