msdX(mean),msdX(std),msdY(mean),msdY(std),msdZ(mean),msdZ(std),DmsdX(mean),DmsdX(std),DmsdY(mean),DmsdY(std),DmsdZ(mean),DmsdZ(std)
999.90354206250004,0,1000.5018868124999,0,999.09097899999995,0,0.099990354206250007,0,0.10005018868125,0,0.099909097899999993,0