msdX(mean),msdX(std),msdY(mean),msdY(std),msdZ(mean),msdZ(std),DmsdX(mean),DmsdX(std),DmsdY(mean),DmsdY(std),DmsdZ(mean),DmsdZ(std)
53.740906437500001,0,53.766870625000003,0,53.557914312500003,0,2.2739452653385048,0,2.2750438910437238,0,2.2662022981311707,0