msdX(mean),msdX(std),msdY(mean),msdY(std),msdZ(mean),msdZ(std),DmsdX(mean),DmsdX(std),DmsdY(mean),DmsdY(std),DmsdZ(mean),DmsdZ(std)
58.137806437499997,0,58.22142625,0,57.997791249999999,0,2.2621714567120623,0,2.265425145914397,0,2.2567233949416341,0