msdX(mean),msdX(std),msdY(mean),msdY(std),msdZ(mean),msdZ(std),DmsdX(mean),DmsdX(std),DmsdY(mean),DmsdY(std),DmsdZ(mean),DmsdZ(std)
1002.1116210625,0,1002.2865970625001,0,999.79939518749995,0,0.18733684555077815,0,0.18736955593073795,0,0.18690459320231809,0