msdX(mean),msdX(std),msdY(mean),msdY(std),msdZ(mean),msdZ(std),DmsdX(mean),DmsdX(std),DmsdY(mean),DmsdY(std),DmsdZ(mean),DmsdZ(std)
843.48191075,0,843.65837262499997,0,842.83143562500004,0,0.98806939955095674,0,0.98827611006442795,0,0.98730742166146046,0