msdX(mean),msdX(std),msdY(mean),msdY(std),msdZ(mean),msdZ(std),DmsdX(mean),DmsdX(std),DmsdY(mean),DmsdY(std),DmsdZ(mean),DmsdZ(std)
96.514503500000004,0,96.572029999999998,0,96.4504146875,0,2.1844097359486989,0,2.1857117314221051,0,2.1829592158619389,0