msdX(mean),msdX(std),msdY(mean),msdY(std),msdZ(mean),msdZ(std),DmsdX(mean),DmsdX(std),DmsdY(mean),DmsdY(std),DmsdZ(mean),DmsdZ(std)
403.5258051875,0,402.87413318749998,0,404.41083512500001,0,1.7222612257255656,0,1.7194798684912507,0,1.7260385622065728,0