msdX(mean),msdX(std),msdY(mean),msdY(std),msdZ(mean),msdZ(std),DmsdX(mean),DmsdX(std),DmsdY(mean),DmsdY(std),DmsdZ(mean),DmsdZ(std)
999.55475799999999,0,1001.013320625,0,1000.8881978125,0,0.22078548307293586,0,0.22110765597159435,0,0.22108001836557012,0