msdX(mean),msdX(std),msdY(mean),msdY(std),msdZ(mean),msdZ(std),DmsdX(mean),DmsdX(std),DmsdY(mean),DmsdY(std),DmsdZ(mean),DmsdZ(std)
990.10877337500006,0,991.46904068749996,0,991.02325474999998,0,0.44440682248496366,0,0.44501737365907118,0,0.44481728421706213,0