msdX(mean),msdX(std),msdY(mean),msdY(std),msdZ(mean),msdZ(std),DmsdX(mean),DmsdX(std),DmsdY(mean),DmsdY(std),DmsdZ(mean),DmsdZ(std)
997.38462906250004,0,998.44511656249995,0,1000.1388445,0,0.30756421945587986,0,0.307891242753288,0,0.3084135388624204,0