msdX(mean),msdX(std),msdY(mean),msdY(std),msdZ(mean),msdZ(std),DmsdX(mean),DmsdX(std),DmsdY(mean),DmsdY(std),DmsdZ(mean),DmsdZ(std)
164.41976137500001,0,164.1252171875,0,164.1108086875,0,2.0755703098043341,0,2.0718520999894801,0,2.0716702127603619,0