msdX(mean),msdX(std),msdY(mean),msdY(std),msdZ(mean),msdZ(std),DmsdX(mean),DmsdX(std),DmsdY(mean),DmsdY(std),DmsdZ(mean),DmsdZ(std)
1002.05162975,0,1003.383067,0,999.09255831250005,0,0.11356151079836503,0,0.11371240125266323,0,0.11322616218655088,0