msdX(mean),msdX(std),msdY(mean),msdY(std),msdZ(mean),msdZ(std),DmsdX(mean),DmsdX(std),DmsdY(mean),DmsdY(std),DmsdZ(mean),DmsdZ(std)
1730.8212588281251,0,1902.7763198437499,0,1573.8558755624999,0,0.88042182147012826,0,0.9678906962936823,0,0.80057778908515187,0