msdX(mean),msdX(std),msdY(mean),msdY(std),msdZ(mean),msdZ(std),DmsdX(mean),DmsdX(std),DmsdY(mean),DmsdY(std),DmsdZ(mean),DmsdZ(std)
2947.9601541093748,0,3385.5115338281248,0,2730.9928255312502,0,0.73794937271186922,0,0.84747960694606117,0,0.68363693439752937,0