msdX(mean),msdX(std),msdY(mean),msdY(std),msdZ(mean),msdZ(std),DmsdX(mean),DmsdX(std),DmsdY(mean),DmsdY(std),DmsdZ(mean),DmsdZ(std)
414.00232748437497,0,427.06489092187502,0,366.72153482812502,0,1.2139940693039366,0,1.2522978987519244,0,1.0753508828623268,0