msdX(mean),msdX(std),msdY(mean),msdY(std),msdZ(mean),msdZ(std),DmsdX(mean),DmsdX(std),DmsdY(mean),DmsdY(std),DmsdZ(mean),DmsdZ(std)
3966.3479480625001,0,4669.8203095312501,0,3710.544539484375,0,0.65426994070889521,0,0.770311404104293,0,0.61207382399016452,0