msdX(mean),msdX(std),msdY(mean),msdY(std),msdZ(mean),msdZ(std),DmsdX(mean),DmsdX(std),DmsdY(mean),DmsdY(std),DmsdZ(mean),DmsdZ(std)
36.316385437500003,0,36.482511375000001,0,32.508711281250001,0,1.7386659694793538,0,1.7466193357271096,0,1.5563715754039498,0