msdX(mean),msdX(std),msdY(mean),msdY(std),msdZ(mean),msdZ(std),DmsdX(mean),DmsdX(std),DmsdY(mean),DmsdY(std),DmsdZ(mean),DmsdZ(std)
4695.9977626874997,0,5605.5374677968748,0,4429.85017696875,0,0.60312966943283186,0,0.71994624588807876,0,0.56894704978374788,0