msdX(mean),msdX(std),msdY(mean),msdY(std),msdZ(mean),msdZ(std),DmsdX(mean),DmsdX(std),DmsdY(mean),DmsdY(std),DmsdZ(mean),DmsdZ(std)
48.799770187500002,0,49.086101953125002,0,43.485316312499997,0,1.6748097876447878,0,1.6846367036679537,0,1.4924175482625481,0