msdX(mean),msdX(std),msdY(mean),msdY(std),msdZ(mean),msdZ(std),DmsdX(mean),DmsdX(std),DmsdY(mean),DmsdY(std),DmsdZ(mean),DmsdZ(std)
182.16093121874999,0,184.49329598437501,0,160.760545734375,0,1.3938665229555236,0,1.4117134078192253,0,1.2301141710903873,0