msdX(mean),msdX(std),msdY(mean),msdY(std),msdZ(mean),msdZ(std),DmsdX(mean),DmsdX(std),DmsdY(mean),DmsdY(std),DmsdZ(mean),DmsdZ(std)
323.18424492187501,0,331.87770576562502,0,285.26132882812499,0,1.2688819981227917,0,1.3030141569125444,0,1.1199895124779151,0