msdX(mean),msdX(std),msdY(mean),msdY(std),msdZ(mean),msdZ(std),DmsdX(mean),DmsdX(std),DmsdY(mean),DmsdY(std),DmsdZ(mean),DmsdZ(std)
359.33578439062501,0,369.95992565624999,0,317.43102262500003,0,1.2449379737235287,0,1.2817458772898531,0,1.0997566935169547,0