msdX(mean),msdX(std),msdY(mean),msdY(std),msdZ(mean),msdZ(std),DmsdX(mean),DmsdX(std),DmsdY(mean),DmsdY(std),DmsdZ(mean),DmsdZ(std)
2608.052535140625,0,2961.2723702343751,0,2406.3528074062501,0,0.77139351150467506,0,0.87586667117259509,0,0.71173602410741021,0