msdX(mean),msdX(std),msdY(mean),msdY(std),msdZ(mean),msdZ(std),DmsdX(mean),DmsdX(std),DmsdY(mean),DmsdY(std),DmsdZ(mean),DmsdZ(std)
169.56397321874999,0,171.412315734375,0,149.581862578125,0,1.4103886314722396,0,1.4257626594666251,0,1.2441826789613226,0