msdX(mean),msdX(std),msdY(mean),msdY(std),msdZ(mean),msdZ(std),DmsdX(mean),DmsdX(std),DmsdY(mean),DmsdY(std),DmsdZ(mean),DmsdZ(std)
163.45578178125001,0,165.34448043750001,0,144.15469987500001,0,1.4175027146341463,0,1.4338816731707318,0,1.2501220585365853,0