msdX(mean),msdX(std),msdY(mean),msdY(std),msdZ(mean),msdZ(std),DmsdX(mean),DmsdX(std),DmsdY(mean),DmsdY(std),DmsdZ(mean),DmsdZ(std)
2374.0579911093751,0,2674.5481957500001,0,2184.0107821874999,0,0.79577918542203507,0,0.89650286242222366,0,0.73207576550813902,0