msdX(mean),msdX(std),msdY(mean),msdY(std),msdZ(mean),msdZ(std),DmsdX(mean),DmsdX(std),DmsdY(mean),DmsdY(std),DmsdZ(mean),DmsdZ(std)
1375.47141384375,0,1491.8469547499999,0,1245.702654421875,0,0.93688985191570884,0,1.0161579938697318,0,0.84849904090038308,0