msdX(mean),msdX(std),msdY(mean),msdY(std),msdZ(mean),msdZ(std),DmsdX(mean),DmsdX(std),DmsdY(mean),DmsdY(std),DmsdZ(mean),DmsdZ(std)
588.42516051562495,0,611.74366762499994,0,523.84747907812505,0,1.1369710610644155,0,1.1820277132091876,0,1.0121923127853054,0