msdX(mean),msdX(std),msdY(mean),msdY(std),msdZ(mean),msdZ(std),DmsdX(mean),DmsdX(std),DmsdY(mean),DmsdY(std),DmsdZ(mean),DmsdZ(std)
831.50758631250005,0,873.86192845312496,0,742.70539814062499,0,1.0587564167024783,0,1.1126860888483026,0,0.94568482470276471,0