msdX(mean),msdX(std),msdY(mean),msdY(std),msdZ(mean),msdZ(std),DmsdX(mean),DmsdX(std),DmsdY(mean),DmsdY(std),DmsdZ(mean),DmsdZ(std)
34.971833390625001,0,35.140821750000001,0,31.339775812500001,0,1.7464086587078653,0,1.7548475280898879,0,1.5650325000000003,0