msdX(mean),msdX(std),msdY(mean),msdY(std),msdZ(mean),msdZ(std),DmsdX(mean),DmsdX(std),DmsdY(mean),DmsdY(std),DmsdZ(mean),DmsdZ(std)
3744.1101294843752,0,4382.0842422656251,0,3495.6258253593751,0,0.67133939017932798,0,0.78573163213075403,0,0.62678479765098649,0