msdX(mean),msdX(std),msdY(mean),msdY(std),msdZ(mean),msdZ(std),DmsdX(mean),DmsdX(std),DmsdY(mean),DmsdY(std),DmsdZ(mean),DmsdZ(std)
5539.9593249843747,0,6699.7847712656248,0,5260.839649171875,0,0.55399524000438749,0,0.66997763965451296,0,0.52608330731305342,0