msdX(mean),msdX(std),msdY(mean),msdY(std),msdZ(mean),msdZ(std),DmsdX(mean),DmsdX(std),DmsdY(mean),DmsdY(std),DmsdZ(mean),DmsdZ(std)
459.59089949999998,0,474.96718237499999,0,408.28634676562501,0,1.1891866213856006,0,1.2289725916941587,0,1.0564366304822435,0