msdX(mean),msdX(std),msdY(mean),msdY(std),msdZ(mean),msdZ(std),DmsdX(mean),DmsdX(std),DmsdY(mean),DmsdY(std),DmsdZ(mean),DmsdZ(std)
2689.2063368437498,0,3064.2863789531252,0,2485.5758658281252,0,0.7629035307024542,0,0.86931034839466381,0,0.70513540663996432,0