msdX(mean),msdX(std),msdY(mean),msdY(std),msdZ(mean),msdZ(std),DmsdX(mean),DmsdX(std),DmsdY(mean),DmsdY(std),DmsdZ(mean),DmsdZ(std)
50.618748937500001,0,50.981419265625,0,45.11183878125,0,1.6664608703703705,0,1.6784006342592592,0,1.4851634166666667,0