msdX(mean),msdX(std),msdY(mean),msdY(std),msdZ(mean),msdZ(std),DmsdX(mean),DmsdX(std),DmsdY(mean),DmsdY(std),DmsdZ(mean),DmsdZ(std)
47.031623296874997,0,47.286285609375,0,41.941251421875002,0,1.6834585520134226,0,1.692573981543624,0,1.5012528473154363,0