msdX(mean),msdX(std),msdY(mean),msdY(std),msdZ(mean),msdZ(std),DmsdX(mean),DmsdX(std),DmsdY(mean),DmsdY(std),DmsdZ(mean),DmsdZ(std)
3855.0296767499999,0,4522.858834640625,0,3601.89465075,0,0.66299137975957079,0,0.7778452231693711,0,0.61945699631101026,0