msdX(mean),msdX(std),msdY(mean),msdY(std),msdZ(mean),msdZ(std),DmsdX(mean),DmsdX(std),DmsdY(mean),DmsdY(std),DmsdZ(mean),DmsdZ(std)
98.192703374999994,0,98.963365781250005,0,86.740091718749994,0,1.526805883381924,0,1.5387889723032071,0,1.3487283454810495,0