msdX(mean),msdX(std),msdY(mean),msdY(std),msdZ(mean),msdZ(std),DmsdX(mean),DmsdX(std),DmsdY(mean),DmsdY(std),DmsdZ(mean),DmsdZ(std)
950.82469790624998,0,1008.2182830468749,0,852.90252904687497,0,1.0246645899171549,0,1.0865152912204485,0,0.91913790427359054,0