msdX(mean),msdX(std),msdY(mean),msdY(std),msdZ(mean),msdZ(std),DmsdX(mean),DmsdX(std),DmsdY(mean),DmsdY(std),DmsdZ(mean),DmsdZ(std)
131.45034529687501,0,132.53599223437499,0,116.0491359375,0,1.4642199420426067,0,1.4763129182330827,0,1.2926665100250627,0