msdX(mean),msdX(std),msdY(mean),msdY(std),msdZ(mean),msdZ(std),DmsdX(mean),DmsdX(std),DmsdY(mean),DmsdY(std),DmsdZ(mean),DmsdZ(std)
1571.3540528906251,0,1715.1850579218751,0,1424.6413147968749,0,0.90584925296705443,0,0.98876449935686805,0,0.82127275414522893,0