msdX(mean),msdX(std),msdY(mean),msdY(std),msdZ(mean),msdZ(std),DmsdX(mean),DmsdX(std),DmsdY(mean),DmsdY(std),DmsdZ(mean),DmsdZ(std)
1520.1689055468751,0,1657.0430105625001,0,1377.1183455,0,0.91365226805314537,0,0.99591637438301528,0,0.82767598728842218,0