msdX(mean),msdX(std),msdY(mean),msdY(std),msdZ(mean),msdZ(std),DmsdX(mean),DmsdX(std),DmsdY(mean),DmsdY(std),DmsdZ(mean),DmsdZ(std)
2525.0302493437498,0,2863.4569973437501,0,2331.1664645625001,0,0.77864540430292795,0,0.8830063053621815,0,0.71886348877145112,0