msdX(mean),msdX(std),msdY(mean),msdY(std),msdZ(mean),msdZ(std),DmsdX(mean),DmsdX(std),DmsdY(mean),DmsdY(std),DmsdZ(mean),DmsdZ(std)
1016.94641596875,0,1082.6357904843751,0,914.69428537500005,0,1.0082002785523088,0,1.0733246987229534,0,0.90682755632389034,0