msdX(mean),msdX(std),msdY(mean),msdY(std),msdZ(mean),msdZ(std),DmsdX(mean),DmsdX(std),DmsdY(mean),DmsdY(std),DmsdZ(mean),DmsdZ(std)
301.30956379687501,0,308.73119118749997,0,265.81406034374999,0,1.2859989918774009,0,1.3176747383162613,0,1.1345030317701665,0