msdX(mean),msdX(std),msdY(mean),msdY(std),msdZ(mean),msdZ(std),DmsdX(mean),DmsdX(std),DmsdY(mean),DmsdY(std),DmsdZ(mean),DmsdZ(std)
2162.9256654374999,0,2417.4577510312502,0,1982.1909232968751,0,0.82164759316504743,0,0.91833869949998592,0,0.75299046441850204,0