msdX(mean),msdX(std),msdY(mean),msdY(std),msdZ(mean),msdZ(std),DmsdX(mean),DmsdX(std),DmsdY(mean),DmsdY(std),DmsdZ(mean),DmsdZ(std)
58.729287937499997,0,59.104011374999999,0,52.2096485625,0,1.6364831191222571,0,1.6469247335423198,0,1.4548143103448277,0