msdX(mean),msdX(std),msdY(mean),msdY(std),msdZ(mean),msdZ(std),DmsdX(mean),DmsdX(std),DmsdY(mean),DmsdY(std),DmsdZ(mean),DmsdZ(std)
141.25586329687499,0,142.683594328125,0,124.78463353124999,0,1.4471083446984248,0,1.4617348631386862,0,1.2783673559354591,0