msdX(mean),msdX(std),msdY(mean),msdY(std),msdZ(mean),msdZ(std),DmsdX(mean),DmsdX(std),DmsdY(mean),DmsdY(std),DmsdZ(mean),DmsdZ(std)
4831.51949015625,0,5779.833799359375,0,4563.6732988593749,0,0.5951860514225924,0,0.7120071571538451,0,0.56219056888105101,0