msdX(mean),msdX(std),msdY(mean),msdY(std),msdZ(mean),msdZ(std),DmsdX(mean),DmsdX(std),DmsdY(mean),DmsdY(std),DmsdZ(mean),DmsdZ(std)
3038.2667578125001,0,3498.3871132499999,0,2818.218296953125,0,0.72948675887993519,0,0.83996149119884744,0,0.6766532023477243,0