msdX(mean),msdX(std),msdY(mean),msdY(std),msdZ(mean),msdZ(std),DmsdX(mean),DmsdX(std),DmsdY(mean),DmsdY(std),DmsdZ(mean),DmsdZ(std)
54.520394765624999,0,54.854206312499997,0,48.519717609375,0,1.6521331747159091,0,1.6622486761363635,0,1.4702944730113636,0