msdX(mean),msdX(std),msdY(mean),msdY(std),msdZ(mean),msdZ(std),DmsdX(mean),DmsdX(std),DmsdY(mean),DmsdY(std),DmsdZ(mean),DmsdZ(std)
157.59455090624999,0,159.30546806250001,0,139.12660828124999,0,1.4250665844354018,0,1.4405377466937948,0,1.2580681205493387,0