msdX(mean),msdX(std),msdY(mean),msdY(std),msdZ(mean),msdZ(std),DmsdX(mean),DmsdX(std),DmsdY(mean),DmsdY(std),DmsdZ(mean),DmsdZ(std)
859.75479942187496,0,906.35525873437496,0,769.02162075000001,0,1.0500020449393175,0,1.106914292019693,0,0.93919135424776734,0