msdX(mean),msdX(std),msdY(mean),msdY(std),msdZ(mean),msdZ(std),DmsdX(mean),DmsdX(std),DmsdY(mean),DmsdY(std),DmsdZ(mean),DmsdZ(std)
751.28103435937498,0,786.52301821875005,0,669.44904060937495,0,1.0840996166801948,0,1.1349538502435066,0,0.96601593161525967,0