msdX(mean),msdX(std),msdY(mean),msdY(std),msdZ(mean),msdZ(std),DmsdX(mean),DmsdX(std),DmsdY(mean),DmsdY(std),DmsdZ(mean),DmsdZ(std)
2094.21726496875,0,2335.5708840000002,0,1917.482981765625,0,0.8294217185620294,0,0.92501062274435264,0,0.75942551742510878,0