msdX(mean),msdX(std),msdY(mean),msdY(std),msdZ(mean),msdZ(std),DmsdX(mean),DmsdX(std),DmsdY(mean),DmsdY(std),DmsdZ(mean),DmsdZ(std)
270.65555296874999,0,276.48100532812498,0,238.67984882812499,0,1.3091749342463268,0,1.3373529491656087,0,1.1545067964356974,0