msdX(mean),msdX(std),msdY(mean),msdY(std),msdZ(mean),msdZ(std),DmsdX(mean),DmsdX(std),DmsdY(mean),DmsdY(std),DmsdZ(mean),DmsdZ(std)
312.19423129687499,0,320.13220120312502,0,275.20609190624998,0,1.2780441358996009,0,1.3105401748157817,0,1.1266240585661651,0