msdX(mean),msdX(std),msdY(mean),msdY(std),msdZ(mean),msdZ(std),DmsdX(mean),DmsdX(std),DmsdY(mean),DmsdY(std),DmsdZ(mean),DmsdZ(std)
280.53867107812499,0,287.03930765625,0,247.25176720312501,0,1.3015016055584552,0,1.3316599752087683,0,1.1470738445981212,0