msdX(mean),msdX(std),msdY(mean),msdY(std),msdZ(mean),msdZ(std),DmsdX(mean),DmsdX(std),DmsdY(mean),DmsdY(std),DmsdZ(mean),DmsdZ(std)
63.202758890624999,0,63.639240046875003,0,56.100237749999998,0,1.6205835612980768,0,1.6317753858173079,0,1.4384676346153846,0