msdX(mean),msdX(std),msdY(mean),msdY(std),msdZ(mean),msdZ(std),DmsdX(mean),DmsdX(std),DmsdY(mean),DmsdY(std),DmsdZ(mean),DmsdZ(std)
1846.7027346093751,0,2039.6464939687501,0,1682.8405333593751,0,0.86418191201632011,0,0.95447175875230328,0,0.78750105389576208,0