msdX(mean),msdX(std),msdY(mean),msdY(std),msdZ(mean),msdZ(std),DmsdX(mean),DmsdX(std),DmsdY(mean),DmsdY(std),DmsdZ(mean),DmsdZ(std)
984.094522734375,0,1044.8860383281251,0,883.04439403125002,0,1.0171913875053298,0,1.0800274308597233,0,0.91274276163804802,0