msdX(mean),msdX(std),msdY(mean),msdY(std),msdZ(mean),msdZ(std),DmsdX(mean),DmsdX(std),DmsdY(mean),DmsdY(std),DmsdZ(mean),DmsdZ(std)
218.38629825000001,0,221.90143724999999,0,192.31431834374999,0,1.356541956673655,0,1.3783768134171908,0,1.1945916194968553,0