msdX(mean),msdX(std),msdY(mean),msdY(std),msdZ(mean),msdZ(std),DmsdX(mean),DmsdX(std),DmsdY(mean),DmsdY(std),DmsdZ(mean),DmsdZ(std)
1057.7251085,0,1062.2033047499999,0,755.49340199999995,0,0.69102250119773523,0,0.6939481520579267,0,0.49357147343205571,0