msdX(mean),msdX(std),msdY(mean),msdY(std),msdZ(mean),msdZ(std),DmsdX(mean),DmsdX(std),DmsdY(mean),DmsdY(std),DmsdZ(mean),DmsdZ(std)
589.32910125000001,0,591.48316850000003,0,433.81062424999999,0,0.85040274350649347,0,0.85351106565656576,0,0.62598935678210677,0