msdX(mean),msdX(std),msdY(mean),msdY(std),msdZ(mean),msdZ(std),DmsdX(mean),DmsdX(std),DmsdY(mean),DmsdY(std),DmsdZ(mean),DmsdZ(std)
3214.4525785000001,0,3235.2314179999998,0,2192.1657270000001,0,0.4678743261122702,0,0.4708987557129688,0,0.31907705501916456,0