msdX(mean),msdX(std),msdY(mean),msdY(std),msdZ(mean),msdZ(std),DmsdX(mean),DmsdX(std),DmsdY(mean),DmsdY(std),DmsdZ(mean),DmsdZ(std)
505.50241899999997,0,506.60123850000002,0,374.12553700000001,0,0.89861771569092197,0,0.90057105682626226,0,0.66507265406494431,0