msdX(mean),msdX(std),msdY(mean),msdY(std),msdZ(mean),msdZ(std),DmsdX(mean),DmsdX(std),DmsdY(mean),DmsdY(std),DmsdZ(mean),DmsdZ(std)
1956.8696155,0,1969.3434420000001,0,1358.3562975,0,0.55514031645390072,0,0.55867899063829785,0,0.38534930425531916,0