msdX(mean),msdX(std),msdY(mean),msdY(std),msdZ(mean),msdZ(std),DmsdX(mean),DmsdX(std),DmsdY(mean),DmsdY(std),DmsdZ(mean),DmsdZ(std)
2080.92300725,0,2095.1890859999999,0,1442.2911697500001,0,0.54308560432796871,0,0.5468088088734232,0,0.37641352842540238,0