msdX(mean),msdX(std),msdY(mean),msdY(std),msdZ(mean),msdZ(std),DmsdX(mean),DmsdX(std),DmsdY(mean),DmsdY(std),DmsdZ(mean),DmsdZ(std)
325.61519500000003,0,325.39267949999999,0,246.09262075000001,0,1.0378724872503189,0,1.0371632368253292,0,0.78440061862515931,0