msdX(mean),msdX(std),msdY(mean),msdY(std),msdZ(mean),msdZ(std),DmsdX(mean),DmsdX(std),DmsdY(mean),DmsdY(std),DmsdZ(mean),DmsdZ(std)
1231.5635709999999,0,1238.6758935,0,875.40034125,0,0.65314147804412392,0,0.65691339281926187,0,0.46425559039563008,0