msdX(mean),msdX(std),msdY(mean),msdY(std),msdZ(mean),msdZ(std),DmsdX(mean),DmsdX(std),DmsdY(mean),DmsdY(std),DmsdZ(mean),DmsdZ(std)
1392.3004912500001,0,1400.51906775,0,983.83762575000003,0,0.62492915313893294,0,0.62861803214488765,0,0.44159204004458541,0