msdX(mean),msdX(std),msdY(mean),msdY(std),msdZ(mean),msdZ(std),DmsdX(mean),DmsdX(std),DmsdY(mean),DmsdY(std),DmsdZ(mean),DmsdZ(std)
2665.8663004999999,0,2680.2179277499999,0,1827.85923725,0,0.49836107762434728,0,0.50104399252545517,0,0.34170276995912213,0