msdX(mean),msdX(std),msdY(mean),msdY(std),msdZ(mean),msdZ(std),DmsdX(mean),DmsdX(std),DmsdY(mean),DmsdY(std),DmsdZ(mean),DmsdZ(std)
3890.2525515000002,0,3912.3395527500002,0,2630.9258077499999,0,0.44087843781637681,0,0.44338153561741639,0,0.29816019519976122,0