msdX(mean),msdX(std),msdY(mean),msdY(std),msdZ(mean),msdZ(std),DmsdX(mean),DmsdX(std),DmsdY(mean),DmsdY(std),DmsdZ(mean),DmsdZ(std)
72.501227749999998,0,72.501321500000003,0,59.661256999999999,0,1.5083473179611651,0,1.5083492683772539,0,1.2412189389736479,0