msdX(mean),msdX(std),msdY(mean),msdY(std),msdZ(mean),msdZ(std),DmsdX(mean),DmsdX(std),DmsdY(mean),DmsdY(std),DmsdZ(mean),DmsdZ(std)
3421.91298125,0,3447.9649792499999,0,2327.3638310000001,0,0.45821009390064277,0,0.46169857783208357,0,0.31164486221210502,0