msdX(mean),msdX(std),msdY(mean),msdY(std),msdZ(mean),msdZ(std),DmsdX(mean),DmsdX(std),DmsdY(mean),DmsdY(std),DmsdZ(mean),DmsdZ(std)
134.54913325000001,0,134.53330975,0,106.46449775000001,0,1.3217007195481338,0,1.321545282416503,0,1.0458202136542241,0