msdX(mean),msdX(std),msdY(mean),msdY(std),msdZ(mean),msdZ(std),DmsdX(mean),DmsdX(std),DmsdY(mean),DmsdY(std),DmsdZ(mean),DmsdZ(std)
41.182654999999997,0,41.146407000000004,0,34.948600999999996,0,1.6695670945945944,0,1.6680975810810812,0,1.4168351756756754,0