msdX(mean),msdX(std),msdY(mean),msdY(std),msdZ(mean),msdZ(std),DmsdX(mean),DmsdX(std),DmsdY(mean),DmsdY(std),DmsdZ(mean),DmsdZ(std)
102.53191099999999,0,102.50370225,0,82.404861249999996,0,1.4058305895795244,0,1.4054438151279707,0,1.1298655564442412,0