msdX(mean),msdX(std),msdY(mean),msdY(std),msdZ(mean),msdZ(std),DmsdX(mean),DmsdX(std),DmsdY(mean),DmsdY(std),DmsdZ(mean),DmsdZ(std)
711.13126875,0,713.00896024999997,0,517.19190675000004,0,0.79896404997752979,0,0.80107365768481764,0,0.58107097605048319,0