msdX(mean),msdX(std),msdY(mean),msdY(std),msdZ(mean),msdZ(std),DmsdX(mean),DmsdX(std),DmsdY(mean),DmsdY(std),DmsdZ(mean),DmsdZ(std)
419.20243950000003,0,420.61291775000001,0,312.93039125000001,0,0.95708319520547946,0,0.96030346518264842,0,0.71445294805936077,0