msdX(mean),msdX(std),msdY(mean),msdY(std),msdZ(mean),msdZ(std),DmsdX(mean),DmsdX(std),DmsdY(mean),DmsdY(std),DmsdZ(mean),DmsdZ(std)
45.80953925,0,45.752803499999999,0,38.647995000000002,0,1.6399596390214797,0,1.6379285262529832,0,1.3835797732696897,0