msdX(mean),msdX(std),msdY(mean),msdY(std),msdZ(mean),msdZ(std),DmsdX(mean),DmsdX(std),DmsdY(mean),DmsdY(std),DmsdZ(mean),DmsdZ(std)
3533.6300915000002,0,3556.0836955,0,2396.9369714999998,0,0.45384020491733096,0,0.45672402353349145,0,0.30784953097841439,0