msdX(mean),msdX(std),msdY(mean),msdY(std),msdZ(mean),msdZ(std),DmsdX(mean),DmsdX(std),DmsdY(mean),DmsdY(std),DmsdZ(mean),DmsdZ(std)
394.20872050000003,0,394.83997900000003,0,294.464698,0,0.97834725471542028,0,0.97991391214427537,0,0.73080252647253474,0