msdX(mean),msdX(std),msdY(mean),msdY(std),msdZ(mean),msdZ(std),DmsdX(mean),DmsdX(std),DmsdY(mean),DmsdY(std),DmsdZ(mean),DmsdZ(std)
117.52367700000001,0,117.39445625,0,93.742302749999993,0,1.3644389744582046,0,1.3629387335526317,0,1.0883394282120744,0