msdX(mean),msdX(std),msdY(mean),msdY(std),msdZ(mean),msdZ(std),DmsdX(mean),DmsdX(std),DmsdY(mean),DmsdY(std),DmsdZ(mean),DmsdZ(std)
689.34750325000005,0,691.42909725000004,0,502.40042375000002,0,0.80751367034361587,0,0.80995208580632572,0,0.58852060572042175,0