msdX(mean),msdX(std),msdY(mean),msdY(std),msdZ(mean),msdZ(std),DmsdX(mean),DmsdX(std),DmsdY(mean),DmsdY(std),DmsdZ(mean),DmsdZ(std)
49.217357999999997,0,49.162751249999999,0,41.352474999999998,0,1.6189920394736841,0,1.6171957648026316,0,1.3602787828947369,0