msdX(mean),msdX(std),msdY(mean),msdY(std),msdZ(mean),msdZ(std),DmsdX(mean),DmsdX(std),DmsdY(mean),DmsdY(std),DmsdZ(mean),DmsdZ(std)
268.38951250000002,0,268.34292699999997,0,205.29575449999999,0,1.0987561920032753,0,1.0985654762554584,0,0.84045751023471615,0