msdX(mean),msdX(std),msdY(mean),msdY(std),msdZ(mean),msdZ(std),DmsdX(mean),DmsdX(std),DmsdY(mean),DmsdY(std),DmsdZ(mean),DmsdZ(std)
169.9610845,0,169.87667049999999,0,133.07955949999999,0,1.2472682326320941,0,1.24664875611546,0,0.97661124877690808,0