msdX(mean),msdX(std),msdY(mean),msdY(std),msdZ(mean),msdZ(std),DmsdX(mean),DmsdX(std),DmsdY(mean),DmsdY(std),DmsdZ(mean),DmsdZ(std)
474.26616775000002,0,475.55079375000003,0,352.60518975000002,0,0.91639733559835124,0,0.91887954479582645,0,0.68131880023831004,0