msdX(mean),msdX(std),msdY(mean),msdY(std),msdZ(mean),msdZ(std),DmsdX(mean),DmsdX(std),DmsdY(mean),DmsdY(std),DmsdZ(mean),DmsdZ(std)
159.04897600000001,0,158.91603674999999,0,124.82594575,0,1.2690077872340426,0,1.2679471017287234,0,0.99595169481382984,0