msdX(mean),msdX(std),msdY(mean),msdY(std),msdZ(mean),msdZ(std),DmsdX(mean),DmsdX(std),DmsdY(mean),DmsdY(std),DmsdZ(mean),DmsdZ(std)
3017.0526675000001,0,3038.2031959999999,0,2062.0125037500002,0,0.4773465040819771,0,0.48069285959897479,0,0.32624371150073311,0