msdX(mean),msdX(std),msdY(mean),msdY(std),msdZ(mean),msdZ(std),DmsdX(mean),DmsdX(std),DmsdY(mean),DmsdY(std),DmsdZ(mean),DmsdZ(std)
50.959763500000001,0,50.912894250000001,0,42.749646249999998,0,1.6092556894736842,0,1.6077756078947367,0,1.3499888289473683,0