msdX(mean),msdX(std),msdY(mean),msdY(std),msdZ(mean),msdZ(std),DmsdX(mean),DmsdX(std),DmsdY(mean),DmsdY(std),DmsdZ(mean),DmsdZ(std)
1625.3812885,0,1637.5116399999999,0,1138.2888022499999,0,0.59221062759600673,0,0.59663034321941266,0,0.41473759464038473,0