msdX(mean),msdX(std),msdY(mean),msdY(std),msdZ(mean),msdZ(std),DmsdX(mean),DmsdX(std),DmsdY(mean),DmsdY(std),DmsdZ(mean),DmsdZ(std)
1269.26943925,0,1278.3500912500001,0,900.92093824999995,0,0.64563198442639624,0,0.65025098744447085,0,0.45826627127912101,0