msdX(mean),msdX(std),msdY(mean),msdY(std),msdZ(mean),msdZ(std),DmsdX(mean),DmsdX(std),DmsdY(mean),DmsdY(std),DmsdZ(mean),DmsdZ(std)
3113.9418262499998,0,3133.6639217500001,0,2126.4949649999999,0,0.47254921739845207,0,0.47554209951186199,0,0.32270144645657339,0