msdX(mean),msdX(std),msdY(mean),msdY(std),msdZ(mean),msdZ(std),DmsdX(mean),DmsdX(std),DmsdY(mean),DmsdY(std),DmsdZ(mean),DmsdZ(std)
381.90909549999998,0,382.40473150000003,0,285.8772505,0,0.98803663892721627,0,0.98931889832700948,0,0.73959274879268722,0