msdX(mean),msdX(std),msdY(mean),msdY(std),msdZ(mean),msdZ(std),DmsdX(mean),DmsdX(std),DmsdY(mean),DmsdY(std),DmsdZ(mean),DmsdZ(std)
3316.0689885000002,0,3339.8040612499999,0,2260.4922430000001,0,0.46294846457224231,0,0.46626206134125681,0,0.31558191844123451,0