msdX(mean),msdX(std),msdY(mean),msdY(std),msdZ(mean),msdZ(std),DmsdX(mean),DmsdX(std),DmsdY(mean),DmsdY(std),DmsdZ(mean),DmsdZ(std)
181.37527274999999,0,181.47544775,0,141.60321149999999,0,1.2244055316156617,0,1.2250817804905492,0,0.95591726935193511,0