msdX(mean),msdX(std),msdY(mean),msdY(std),msdZ(mean),msdZ(std),DmsdX(mean),DmsdX(std),DmsdY(mean),DmsdY(std),DmsdZ(mean),DmsdZ(std)
647.86984325000003,0,649.52783424999996,0,473.66218700000002,0,0.82496160006366726,0,0.82707279403650247,0,0.60313521264855685,0