msdX(mean),msdX(std),msdY(mean),msdY(std),msdZ(mean),msdZ(std),DmsdX(mean),DmsdX(std),DmsdY(mean),DmsdY(std),DmsdZ(mean),DmsdZ(std)
628.06014325000001,0,629.36210600000004,0,460.04913825,0,0.83378194076909462,0,0.83551036286397029,0,0.61073874446853704,0