msdX(mean),msdX(std),msdY(mean),msdY(std),msdZ(mean),msdZ(std),DmsdX(mean),DmsdX(std),DmsdY(mean),DmsdY(std),DmsdZ(mean),DmsdZ(std)
995.20255625000004,0,998.33601050000004,0,713.162013,0,0.70671961102826308,0,0.70894475962221282,0,0.506435174691095,0