msdX(mean),msdX(std),msdY(mean),msdY(std),msdZ(mean),msdZ(std),DmsdX(mean),DmsdX(std),DmsdY(mean),DmsdY(std),DmsdZ(mean),DmsdZ(std)
4285.2412652499997,0,4306.5785142499999,0,2881.7582842500001,0,0.42852412652499999,0,0.43065785142500002,0,0.288175828425,0