msdX(mean),msdX(std),msdY(mean),msdY(std),msdZ(mean),msdZ(std),DmsdX(mean),DmsdX(std),DmsdY(mean),DmsdY(std),DmsdZ(mean),DmsdZ(std)
37.046871750000001,0,37.004236499999998,0,31.638902999999999,0,1.6993977866972476,0,1.6974420412844036,0,1.4513258256880732,0