msdX(mean),msdX(std),msdY(mean),msdY(std),msdZ(mean),msdZ(std),DmsdX(mean),DmsdX(std),DmsdY(mean),DmsdY(std),DmsdZ(mean),DmsdZ(std)
347.48357750000002,0,346.912981,0,261.10334725000001,0,1.0188142420836592,0,1.0171412656372165,0,0.7655492980355747,0