msdX(mean),msdX(std),msdY(mean),msdY(std),msdZ(mean),msdZ(std),DmsdX(mean),DmsdX(std),DmsdY(mean),DmsdY(std),DmsdZ(mean),DmsdZ(std)
432.29310400000003,0,433.38912675,0,322.03753399999999,0,0.94662723503649637,0,0.94902728485401455,0,0.70519168029197077,0