msdX(mean),msdX(std),msdY(mean),msdY(std),msdZ(mean),msdZ(std),DmsdX(mean),DmsdX(std),DmsdY(mean),DmsdY(std),DmsdZ(mean),DmsdZ(std)
277.37984449999999,0,277.24350449999997,0,211.72948650000001,0,1.0889028179795865,0,1.0883675915990578,0,0.83118092057053139,0