msdX(mean),msdX(std),msdY(mean),msdY(std),msdZ(mean),msdZ(std),DmsdX(mean),DmsdX(std),DmsdY(mean),DmsdY(std),DmsdZ(mean),DmsdZ(std)
251.44257924999999,0,251.36041850000001,0,193.10559925000001,0,1.1188486172500742,0,1.1184830250667459,0,0.85926549651438755,0