msdX(mean),msdX(std),msdY(mean),msdY(std),msdZ(mean),msdZ(std),DmsdX(mean),DmsdX(std),DmsdY(mean),DmsdY(std),DmsdZ(mean),DmsdZ(std)
1480.86540575,0,1490.3187909999999,0,1043.4213442499999,0,0.61147303895862581,0,0.61537649310430254,0,0.43084538122470883,0