msdX(mean),msdX(std),msdY(mean),msdY(std),msdZ(mean),msdZ(std),DmsdX(mean),DmsdX(std),DmsdY(mean),DmsdY(std),DmsdZ(mean),DmsdZ(std)
406.66493474999999,0,407.63208974999998,0,303.84904349999999,0,0.96794256129006662,0,0.97024458049032047,0,0.7232205097588067,0