msdX(mean),msdX(std),msdY(mean),msdY(std),msdZ(mean),msdZ(std),DmsdX(mean),DmsdX(std),DmsdY(mean),DmsdY(std),DmsdZ(mean),DmsdZ(std)
86.36203725,0,86.313798750000004,0,70.168139249999996,0,1.4588181967905407,0,1.4580033572635136,0,1.1852726224662162,0