msdX(mean),msdX(std),msdY(mean),msdY(std),msdZ(mean),msdZ(std),DmsdX(mean),DmsdX(std),DmsdY(mean),DmsdY(std),DmsdZ(mean),DmsdZ(std)
1527.2527132499999,0,1536.6577235,0,1074.5850997499999,0,0.60486852982917039,0,0.60859338470982727,0,0.42558949401304319,0