msdX(mean),msdX(std),msdY(mean),msdY(std),msdZ(mean),msdZ(std),DmsdX(mean),DmsdX(std),DmsdY(mean),DmsdY(std),DmsdZ(mean),DmsdZ(std)
1194.32398825,0,1200.6213997499999,0,848.69187824999995,0,0.66035828168196398,0,0.6638402077573814,0,0.46925349897710938,0