msdX(mean),msdX(std),msdY(mean),msdY(std),msdZ(mean),msdZ(std),DmsdX(mean),DmsdX(std),DmsdY(mean),DmsdY(std),DmsdZ(mean),DmsdZ(std)
1026.47415325,0,1029.8743735,0,734.17422724999994,0,0.69916957128099178,0,0.70148558725365551,0,0.50007326349786574,0