msdX(mean),msdX(std),msdY(mean),msdY(std),msdZ(mean),msdZ(std),DmsdX(mean),DmsdX(std),DmsdY(mean),DmsdY(std),DmsdZ(mean),DmsdZ(std)
243.54198700000001,0,243.30414049999999,0,187.49124549999999,0,1.1296010528756959,0,1.1284978687384044,0,0.86962544294990718,0