msdX(mean),msdX(std),msdY(mean),msdY(std),msdZ(mean),msdZ(std),DmsdX(mean),DmsdX(std),DmsdY(mean),DmsdY(std),DmsdZ(mean),DmsdZ(std)
6613.7383789062496,0,5797.0060937500002,0,5988.4701015624996,0,1.1674092786419548,0,1.0232456009708202,0,1.0570414432676927,0