msdX(mean),msdX(std),msdY(mean),msdY(std),msdZ(mean),msdZ(std),DmsdX(mean),DmsdX(std),DmsdY(mean),DmsdY(std),DmsdZ(mean),DmsdZ(std)
7863.9935624999998,0,6806.2547343750002,0,7111.2084648437503,0,1.1273195884601599,0,0.97569056041691549,0,1.0194063024504241,0