msdX(mean),msdX(std),msdY(mean),msdY(std),msdZ(mean),msdZ(std),DmsdX(mean),DmsdX(std),DmsdY(mean),DmsdY(std),DmsdZ(mean),DmsdZ(std)
10353.65084765625,0,8976.2962070312497,0,9345.6799609374993,0,1.0566634575825227,0,0.91609465356402486,0,0.95379288391006212,0