msdX(mean),msdX(std),msdY(mean),msdY(std),msdZ(mean),msdZ(std),DmsdX(mean),DmsdX(std),DmsdY(mean),DmsdY(std),DmsdZ(mean),DmsdZ(std)
9910.2438593749994,0,8589.3484648437498,0,8948.5451914062505,0,1.0662625361441731,0,0.92414481499226675,0,0.96279149393114116,0