msdX(mean),msdX(std),msdY(mean),msdY(std),msdZ(mean),msdZ(std),DmsdX(mean),DmsdX(std),DmsdY(mean),DmsdY(std),DmsdZ(mean),DmsdZ(std)
2963.2754296875,0,2666.8277851562498,0,2727.1870820312502,0,1.3866655678771629,0,1.2479428095296121,0,1.2761879594199366,0