msdX(mean),msdX(std),msdY(mean),msdY(std),msdZ(mean),msdZ(std),DmsdX(mean),DmsdX(std),DmsdY(mean),DmsdY(std),DmsdZ(mean),DmsdZ(std)
1047.6555546874999,0,981.69905078124998,0,988.91639453125003,0,1.676528308884814,0,1.5709803113018834,0,1.582529986247708,0