msdX(mean),msdX(std),msdY(mean),msdY(std),msdZ(mean),msdZ(std),DmsdX(mean),DmsdX(std),DmsdY(mean),DmsdY(std),DmsdZ(mean),DmsdZ(std)
10080.692519531251,0,8727.0233164062502,0,9112.9960507812502,0,1.0615678483085056,0,0.91901695703802011,0,0.9596626016048353,0