msdX(mean),msdX(std),msdY(mean),msdY(std),msdZ(mean),msdZ(std),DmsdX(mean),DmsdX(std),DmsdY(mean),DmsdY(std),DmsdZ(mean),DmsdZ(std)
9288.9192968749994,0,8066.6740507812501,0,8406.1769335937497,0,1.0815216762479987,0,0.9392139776779217,0,0.97874276624581569,0