msdX(mean),msdX(std),msdY(mean),msdY(std),msdZ(mean),msdZ(std),DmsdX(mean),DmsdX(std),DmsdY(mean),DmsdY(std),DmsdZ(mean),DmsdZ(std)
9996.6227773437495,0,8662.1664414062507,0,9041.4357500000006,0,1.064012890685633,0,0.92197704766946809,0,0.96234542430760361,0