msdX(mean),msdX(std),msdY(mean),msdY(std),msdZ(mean),msdZ(std),DmsdX(mean),DmsdX(std),DmsdY(mean),DmsdY(std),DmsdZ(mean),DmsdZ(std)
3745.5312773437499,0,3346.22293359375,0,3425.9333867187502,0,1.3175925343532429,0,1.177124960150238,0,1.2051652807805058,0