msdX(mean),msdX(std),msdY(mean),msdY(std),msdZ(mean),msdZ(std),DmsdX(mean),DmsdX(std),DmsdY(mean),DmsdY(std),DmsdZ(mean),DmsdZ(std)
7685.4187460937501,0,6655.7298320312502,0,6937.277515625,0,1.1345186979102595,0,0.98251639788873169,0,1.0240783637286259,0