msdX(mean),msdX(std),msdY(mean),msdY(std),msdZ(mean),msdZ(std),DmsdX(mean),DmsdX(std),DmsdY(mean),DmsdY(std),DmsdZ(mean),DmsdZ(std)
3850.11128125,0,3441.06612890625,0,3523.20730859375,0,1.3080322858052873,0,1.1690637660579679,0,1.1969703139929928,0