msdX(mean),msdX(std),msdY(mean),msdY(std),msdZ(mean),msdZ(std),DmsdX(mean),DmsdX(std),DmsdY(mean),DmsdY(std),DmsdZ(mean),DmsdZ(std)
9104.05559765625,0,7903.7190195312496,0,8250.8776562500007,0,1.0854852915880073,0,0.94236800868771409,0,0.98376006632222168,0