msdX(mean),msdX(std),msdY(mean),msdY(std),msdZ(mean),msdZ(std),DmsdX(mean),DmsdX(std),DmsdY(mean),DmsdY(std),DmsdZ(mean),DmsdZ(std)
4397.5709023437503,0,3904.2270078124998,0,3992.0841054687498,0,1.2755825677574331,0,1.1324806404097172,0,1.1579649326957939,0