msdX(mean),msdX(std),msdY(mean),msdY(std),msdZ(mean),msdZ(std),DmsdX(mean),DmsdX(std),DmsdY(mean),DmsdY(std),DmsdZ(mean),DmsdZ(std)
9194.4339648437508,0,7985.4865703124997,0,8323.3841523437495,0,1.0832380106830788,0,0.94080642917627988,0,0.98061567746428724,0