msdX(mean),msdX(std),msdY(mean),msdY(std),msdZ(mean),msdZ(std),DmsdX(mean),DmsdX(std),DmsdY(mean),DmsdY(std),DmsdZ(mean),DmsdZ(std)
4186.1910078125002,0,3722.7413320312498,0,3802.4335195312501,0,1.2896708602098779,0,1.1468924870029844,0,1.1714438492827572,0