msdX(mean),msdX(std),msdY(mean),msdY(std),msdZ(mean),msdZ(std),DmsdX(mean),DmsdX(std),DmsdY(mean),DmsdY(std),DmsdZ(mean),DmsdZ(std)
2140.3615234375002,0,1931.5279062499999,0,1966.94469921875,0,1.4953402681755332,0,1.3494409358853066,0,1.3741844925769593,0