msdX(mean),msdX(std),msdY(mean),msdY(std),msdZ(mean),msdZ(std),DmsdX(mean),DmsdX(std),DmsdY(mean),DmsdY(std),DmsdZ(mean),DmsdZ(std)
5926.2620234374999,0,5224.5865585937499,0,5327.1104335937498,0,1.1948861744691575,0,1.0534104333375338,0,1.0740818718102199,0