msdX(mean),msdX(std),msdY(mean),msdY(std),msdZ(mean),msdZ(std),DmsdX(mean),DmsdX(std),DmsdY(mean),DmsdY(std),DmsdZ(mean),DmsdZ(std)
6331.7171484375003,0,5538.9343789062495,0,5704.4883398437496,0,1.180648058134566,0,1.0328212655873668,0,1.0636914004836453,0