msdX(mean),msdX(std),msdY(mean),msdY(std),msdZ(mean),msdZ(std),DmsdX(mean),DmsdX(std),DmsdY(mean),DmsdY(std),DmsdZ(mean),DmsdZ(std)
7308.2034726562497,0,6360.4247890625002,0,6605.6702851562504,0,1.1471158636631187,0,0.99834989576691036,0,1.0368443082601659,0