msdX(mean),msdX(std),msdY(mean),msdY(std),msdZ(mean),msdZ(std),DmsdX(mean),DmsdX(std),DmsdY(mean),DmsdY(std),DmsdZ(mean),DmsdZ(std)
10432.52909765625,0,9047.1419414062493,0,9427.2067343750005,0,1.0538684387265476,0,0.91392003448801984,0,0.95231324539896667,0