msdX(mean),msdX(std),msdY(mean),msdY(std),msdZ(mean),msdZ(std),DmsdX(mean),DmsdX(std),DmsdY(mean),DmsdY(std),DmsdZ(mean),DmsdZ(std)
6029.5497812499998,0,5306.6144335937497,0,5416.8837148437497,0,1.1915125133799918,0,1.0486516789316589,0,1.0704422326574721,0