msdX(mean),msdX(std),msdY(mean),msdY(std),msdZ(mean),msdZ(std),DmsdX(mean),DmsdX(std),DmsdY(mean),DmsdY(std),DmsdZ(mean),DmsdZ(std)
8915.1770468750001,0,7745.53369140625,0,8081.3844023437496,0,1.0891398639620264,0,0.94624811897914252,0,0.98727797129713279,0