msdX(mean),msdX(std),msdY(mean),msdY(std),msdZ(mean),msdZ(std),DmsdX(mean),DmsdX(std),DmsdY(mean),DmsdY(std),DmsdZ(mean),DmsdZ(std)
10251.645835937499,0,8880.7477421874992,0,9274.6389570312494,0,1.0571318090271435,0,0.91576719255185435,0,0.9563845665005315,0