msdX(mean),msdX(std),msdY(mean),msdY(std),msdZ(mean),msdZ(std),DmsdX(mean),DmsdX(std),DmsdY(mean),DmsdY(std),DmsdZ(mean),DmsdZ(std)
6712.1042656250002,0,5882.9384179687504,0,6074.3991992187503,0,1.1640538515039291,0,1.0202548787372414,0,1.0534591692259054,0