msdX(mean),msdX(std),msdY(mean),msdY(std),msdZ(mean),msdZ(std),DmsdX(mean),DmsdX(std),DmsdY(mean),DmsdY(std),DmsdZ(mean),DmsdZ(std)
7202.6770078125001,0,6279.4413945312499,0,6508.8409804687499,0,1.1487332293622181,0,1.0014891663067134,0,1.0380754142923596,0