msdX(mean),msdX(std),msdY(mean),msdY(std),msdZ(mean),msdZ(std),DmsdX(mean),DmsdX(std),DmsdY(mean),DmsdY(std),DmsdZ(mean),DmsdZ(std)
8486.3981484374999,0,7330.8802382812501,0,7674.2315546874997,0,1.1047899734886495,0,0.95436047689918901,0,0.99905919184453895,0