msdX(mean),msdX(std),msdY(mean),msdY(std),msdZ(mean),msdZ(std),DmsdX(mean),DmsdX(std),DmsdY(mean),DmsdY(std),DmsdZ(mean),DmsdZ(std)
2261.8226367187499,0,2038.05816796875,0,2081.7214453124998,0,1.4762048618192942,0,1.3301623776259432,0,1.3586597236385884,0