msdX(mean),msdX(std),msdY(mean),msdY(std),msdZ(mean),msdZ(std),DmsdX(mean),DmsdX(std),DmsdY(mean),DmsdY(std),DmsdZ(mean),DmsdZ(std)
8569.05978125,0,7424.4016367187496,0,7765.5218632812503,0,1.1010972279480657,0,0.95401225689332081,0,0.99784513301432209,0