msdX(mean),msdX(std),msdY(mean),msdY(std),msdZ(mean),msdZ(std),DmsdX(mean),DmsdX(std),DmsdY(mean),DmsdY(std),DmsdZ(mean),DmsdZ(std)
9006.9145898437491,0,7824.3400234375003,0,8159.2558437500002,0,1.0869574735383221,0,0.94424397823982698,0,0.98466173176281269,0