msdX(mean),msdX(std),msdY(mean),msdY(std),msdZ(mean),msdZ(std),DmsdX(mean),DmsdX(std),DmsdY(mean),DmsdY(std),DmsdZ(mean),DmsdZ(std)
6526.1197773437498,0,5697.3928789062502,0,5893.0303437499997,0,1.172817721456785,0,1.0238861011531477,0,1.0590443718527114,0