msdX(mean),msdX(std),msdY(mean),msdY(std),msdZ(mean),msdZ(std),DmsdX(mean),DmsdX(std),DmsdY(mean),DmsdY(std),DmsdZ(mean),DmsdZ(std)
5828.3515625,0,5142.59322265625,0,5238.7011601562499,0,1.1995321041912315,0,1.0583962897952619,0,1.0781762490620646,0