msdX(mean),msdX(std),msdY(mean),msdY(std),msdZ(mean),msdZ(std),DmsdX(mean),DmsdX(std),DmsdY(mean),DmsdY(std),DmsdZ(mean),DmsdZ(std)
9812.0142421875007,0,8513.6256523437496,0,8870.292203125,0,1.0672725047587754,0,0.92604416894219199,0,0.9648395063337033,0