msdX(mean),msdX(std),msdY(mean),msdY(std),msdZ(mean),msdZ(std),DmsdX(mean),DmsdX(std),DmsdY(mean),DmsdY(std),DmsdZ(mean),DmsdZ(std)
7505.6576328125002,0,6517.5969492187496,0,6768.4506015625002,0,1.1419610009192196,0,0.99163083367671989,0,1.0297973877521911,0