msdX(mean),msdX(std),msdY(mean),msdY(std),msdZ(mean),msdZ(std),DmsdX(mean),DmsdX(std),DmsdY(mean),DmsdY(std),DmsdZ(mean),DmsdZ(std)
2499.4426523437501,0,2256.62960546875,0,2318.1514999999999,0,1.4416395976027399,0,1.3015888135364095,0,1.3370736842105262,0