msdX(mean),msdX(std),msdY(mean),msdY(std),msdZ(mean),msdZ(std),DmsdX(mean),DmsdX(std),DmsdY(mean),DmsdY(std),DmsdZ(mean),DmsdZ(std)
242.39295703125001,0,236.05279687500001,0,234.76739843749999,0,2.0060106788793104,0,1.9535403879310345,0,1.9429026077586204,0