msdX(mean),msdX(std),msdY(mean),msdY(std),msdZ(mean),msdZ(std),DmsdX(mean),DmsdX(std),DmsdY(mean),DmsdY(std),DmsdZ(mean),DmsdZ(std)
584.91592187499998,0,561.22283203125005,0,564.44839453124996,0,1.8136927810077519,0,1.740225835755814,0,1.7502275799418603,0