msdX(mean),msdX(std),msdY(mean),msdY(std),msdZ(mean),msdZ(std),DmsdX(mean),DmsdX(std),DmsdY(mean),DmsdY(std),DmsdZ(mean),DmsdZ(std)
8405.8824257812503,0,7259.6128710937501,0,7586.2573593750003,0,1.1088640350605985,0,0.95765360654217169,0,1.000742994063814,0