msdX(mean),msdX(std),msdY(mean),msdY(std),msdZ(mean),msdZ(std),DmsdX(mean),DmsdX(std),DmsdY(mean),DmsdY(std),DmsdZ(mean),DmsdZ(std)
8746.3175585937497,0,7579.3457421875,0,7924.2243476562498,0,1.0955006662208884,0,0.94933419172809708,0,0.99253119887142016,0