msdX(mean),msdX(std),msdY(mean),msdY(std),msdZ(mean),msdZ(std),DmsdX(mean),DmsdX(std),DmsdY(mean),DmsdY(std),DmsdZ(mean),DmsdZ(std)
419.49615234375,0,404.23946093749998,0,405.03594531250002,0,1.8924638451597742,0,1.8236366658834584,0,1.8272298284774435,0