msdX(mean),msdX(std),msdY(mean),msdY(std),msdZ(mean),msdZ(std),DmsdX(mean),DmsdX(std),DmsdY(mean),DmsdY(std),DmsdZ(mean),DmsdZ(std)
1747.3163984375001,0,1584.3064999999999,0,1619.3508945312501,0,1.5477244348588299,0,1.4033347850156852,0,1.4343761383557851,0