msdX(mean),msdX(std),msdY(mean),msdY(std),msdZ(mean),msdZ(std),DmsdX(mean),DmsdX(std),DmsdY(mean),DmsdY(std),DmsdZ(mean),DmsdZ(std)
4693.6498945312496,0,4168.4847929687503,0,4269.7550585937497,0,1.251639971875,0,1.1115959447916668,0,1.1386013489583333,0