msdX(mean),msdX(std),msdY(mean),msdY(std),msdZ(mean),msdZ(std),DmsdX(mean),DmsdX(std),DmsdY(mean),DmsdY(std),DmsdZ(mean),DmsdZ(std)
2738.9639570312502,0,2469.11533984375,0,2537.2709648437499,0,1.4151805160118407,0,1.2757538892626479,0,1.3109688515877287,0