msdX(mean),msdX(std),msdY(mean),msdY(std),msdZ(mean),msdZ(std),DmsdX(mean),DmsdX(std),DmsdY(mean),DmsdY(std),DmsdZ(mean),DmsdZ(std)
6427.71282421875,0,5620.0472499999996,0,5802.0912148437501,0,1.1764512232845894,0,1.0286258336352021,0,1.0619449707822539,0