msdX(mean),msdX(std),msdY(mean),msdY(std),msdZ(mean),msdZ(std),DmsdX(mean),DmsdX(std),DmsdY(mean),DmsdY(std),DmsdZ(mean),DmsdZ(std)
4905.5225,0,4351.5231874999999,0,4446.9103906250002,0,1.2414133649663899,0,1.1012158323448002,0,1.1253549426650851,0