msdX(mean),msdX(std),msdY(mean),msdY(std),msdZ(mean),msdZ(std),DmsdX(mean),DmsdX(std),DmsdY(mean),DmsdY(std),DmsdZ(mean),DmsdZ(std)
10509.762710937501,0,9120.6755820312501,0,9505.1563750000005,0,1.05097627109375,0,0.91206755820312502,0,0.95051563750000001,0