msdX(mean),msdX(std),msdY(mean),msdY(std),msdZ(mean),msdZ(std),DmsdX(mean),DmsdX(std),DmsdY(mean),DmsdY(std),DmsdZ(mean),DmsdZ(std)
7408.7753984375004,0,6434.3546445312504,0,6688.1904257812503,0,1.1447833350770171,0,0.99421855474094223,0,1.0334405525197572,0