msdX(mean),msdX(std),msdY(mean),msdY(std),msdZ(mean),msdZ(std),DmsdX(mean),DmsdX(std),DmsdY(mean),DmsdY(std),DmsdZ(mean),DmsdZ(std)
2856.1682812499998,0,2566.1572890624998,0,2633.4362773437501,0,1.40266091160221,0,1.2602368515960711,0,1.2932774842694905,0