msdX(mean),msdX(std),msdY(mean),msdY(std),msdZ(mean),msdZ(std),DmsdX(mean),DmsdX(std),DmsdY(mean),DmsdY(std),DmsdZ(mean),DmsdZ(std)
2728.8408199999999,0,2026.48153275,0,2018.19236675,0,0.77413923971631204,0,0.5748883780851064,0,0.57253684163120566,0