msdX(mean),msdX(std),msdY(mean),msdY(std),msdZ(mean),msdZ(std),DmsdX(mean),DmsdX(std),DmsdY(mean),DmsdY(std),DmsdZ(mean),DmsdZ(std)
3992.0879407500001,0,2814.6023504999998,0,2960.9485227499999,0,0.68656278002786086,0,0.48405777706119074,0,0.50922651992398438,0