msdX(mean),msdX(std),msdY(mean),msdY(std),msdZ(mean),msdZ(std),DmsdX(mean),DmsdX(std),DmsdY(mean),DmsdY(std),DmsdZ(mean),DmsdZ(std)
841.6077755,0,704.65320350000002,0,614.65494575000002,0,1.071656759974533,0,0.89726638815789472,0,0.78266758796689306,0