msdX(mean),msdX(std),msdY(mean),msdY(std),msdZ(mean),msdZ(std),DmsdX(mean),DmsdX(std),DmsdY(mean),DmsdY(std),DmsdZ(mean),DmsdZ(std)
2250.2424757499998,0,1709.9103674999999,0,1659.8455875,0,0.81987993724039931,0,0.62300895121329158,0,0.6047677575967354,0