msdX(mean),msdX(std),msdY(mean),msdY(std),msdZ(mean),msdZ(std),DmsdX(mean),DmsdX(std),DmsdY(mean),DmsdY(std),DmsdZ(mean),DmsdZ(std)
1680.74545025,0,1314.4013977499999,0,1233.9522132500001,0,0.89135842715846414,0,0.6970732911274925,0,0.65440825904221478,0