msdX(mean),msdX(std),msdY(mean),msdY(std),msdZ(mean),msdZ(std),DmsdX(mean),DmsdX(std),DmsdY(mean),DmsdY(std),DmsdZ(mean),DmsdZ(std)
187.55721825000001,0,174.19002325,0,138.49567225000001,0,1.4964671668882981,0,1.3898140152925531,0,1.1050186615691491,0