msdX(mean),msdX(std),msdY(mean),msdY(std),msdZ(mean),msdZ(std),DmsdX(mean),DmsdX(std),DmsdY(mean),DmsdY(std),DmsdZ(mean),DmsdZ(std)
507.48099450000001,0,444.10768000000002,0,370.10492575000001,0,1.2079046203586163,0,1.0570636623294194,0,0.88092254621548716,0