msdX(mean),msdX(std),msdY(mean),msdY(std),msdZ(mean),msdZ(std),DmsdX(mean),DmsdX(std),DmsdY(mean),DmsdY(std),DmsdZ(mean),DmsdZ(std)
1027.6323190000001,0,844.79091474999996,0,751.14475800000002,0,1.0188026956378058,0,0.83753230147058821,0,0.74469077131526773,0