msdX(mean),msdX(std),msdY(mean),msdY(std),msdZ(mean),msdZ(std),DmsdX(mean),DmsdX(std),DmsdY(mean),DmsdY(std),DmsdZ(mean),DmsdZ(std)
74.225308249999998,0,71.434977000000003,0,56.594648999999997,0,1.7505968926886792,0,1.6847871933962266,0,1.3347794575471699,0