msdX(mean),msdX(std),msdY(mean),msdY(std),msdZ(mean),msdZ(std),DmsdX(mean),DmsdX(std),DmsdY(mean),DmsdY(std),DmsdZ(mean),DmsdZ(std)
600.88692500000002,0,518.69320600000003,0,438.86560650000001,0,1.1610593681566406,0,1.0022411554811286,0,0.84799485991240509,0