msdX(mean),msdX(std),msdY(mean),msdY(std),msdZ(mean),msdZ(std),DmsdX(mean),DmsdX(std),DmsdY(mean),DmsdY(std),DmsdZ(mean),DmsdZ(std)
688.03865800000005,0,586.56174799999997,0,502.18802125000002,0,1.1252267629742696,0,0.95927019406890524,0,0.82128437840710855,0