msdX(mean),msdX(std),msdY(mean),msdY(std),msdZ(mean),msdZ(std),DmsdX(mean),DmsdX(std),DmsdY(mean),DmsdY(std),DmsdZ(mean),DmsdZ(std)
898.97736150000003,0,748.73333400000001,0,658.06176200000004,0,1.0530777370167903,0,0.8770792666926982,0,0.77086500819992199,0