msdX(mean),msdX(std),msdY(mean),msdY(std),msdZ(mean),msdZ(std),DmsdX(mean),DmsdX(std),DmsdY(mean),DmsdY(std),DmsdZ(mean),DmsdZ(std)
4516.2448017500001,0,3136.7160195000001,0,3364.23560675,0,0.65735453909320274,0,0.4565595098976275,0,0.48967574694337979,0