msdX(mean),msdX(std),msdY(mean),msdY(std),msdZ(mean),msdZ(std),DmsdX(mean),DmsdX(std),DmsdY(mean),DmsdY(std),DmsdZ(mean),DmsdZ(std)
131.85660275000001,0,124.60274149999999,0,98.224479250000002,0,1.5963269098062955,0,1.5085077663438258,0,1.1891583444309928,0