msdX(mean),msdX(std),msdY(mean),msdY(std),msdZ(mean),msdZ(std),DmsdX(mean),DmsdX(std),DmsdY(mean),DmsdY(std),DmsdZ(mean),DmsdZ(std)
5424.0577004999996,0,3671.7299475,0,4080.86832525,0,0.61470304407364873,0,0.41611348926774355,0,0.46248073315364391,0