msdX(mean),msdX(std),msdY(mean),msdY(std),msdZ(mean),msdZ(std),DmsdX(mean),DmsdX(std),DmsdY(mean),DmsdY(std),DmsdZ(mean),DmsdZ(std)
735.44366149999996,0,623.99735874999999,0,537.48636375000001,0,1.1064849470912739,0,0.93881247555165503,0,0.80865551216148457,0