msdX(mean),msdX(std),msdY(mean),msdY(std),msdZ(mean),msdZ(std),DmsdX(mean),DmsdX(std),DmsdY(mean),DmsdY(std),DmsdZ(mean),DmsdZ(std)
5774.4776855,0,3870.5847522499998,0,4344.7656587499996,0,0.60203905724145601,0,0.40354181315291959,0,0.45297925866041577,0