msdX(mean),msdX(std),msdY(mean),msdY(std),msdZ(mean),msdZ(std),DmsdX(mean),DmsdX(std),DmsdY(mean),DmsdY(std),DmsdZ(mean),DmsdZ(std)
157.33352575000001,0,147.57435100000001,0,116.7357195,0,1.5455159700392929,0,1.4496498133595286,0,1.1467163015717092,0