msdX(mean),msdX(std),msdY(mean),msdY(std),msdZ(mean),msdZ(std),DmsdX(mean),DmsdX(std),DmsdY(mean),DmsdY(std),DmsdZ(mean),DmsdZ(std)
326.774091,0,294.07336824999999,0,238.60678874999999,0,1.3377760275655022,0,1.2039029813728166,0,0.976829102415393,0