msdX(mean),msdX(std),msdY(mean),msdY(std),msdZ(mean),msdZ(std),DmsdX(mean),DmsdX(std),DmsdY(mean),DmsdY(std),DmsdZ(mean),DmsdZ(std)
1337.3925207499999,0,1069.7231012499999,0,979.27795049999997,0,0.94971773949012916,0,0.75963861756142581,0,0.6954111280357903,0