msdX(mean),msdX(std),msdY(mean),msdY(std),msdZ(mean),msdZ(std),DmsdX(mean),DmsdX(std),DmsdY(mean),DmsdY(std),DmsdZ(mean),DmsdZ(std)
66.519310250000004,0,64.199280000000002,0,50.933670999999997,0,1.7785911831550805,0,1.7165582887700537,0,1.3618628609625667,0