msdX(mean),msdX(std),msdY(mean),msdY(std),msdZ(mean),msdZ(std),DmsdX(mean),DmsdX(std),DmsdY(mean),DmsdY(std),DmsdZ(mean),DmsdZ(std)
1097.0905055000001,0,896.62701525,0,802.73572200000001,0,1.0006297934148121,0,0.81779187819226551,0,0.73215589383436697,0