msdX(mean),msdX(std),msdY(mean),msdY(std),msdZ(mean),msdZ(std),DmsdX(mean),DmsdX(std),DmsdY(mean),DmsdY(std),DmsdZ(mean),DmsdZ(std)
525.16690874999995,0,457.99575249999998,0,383.15790199999998,0,1.1990112071917807,0,1.0456524029680365,0,0.87478973059360721,0