msdX(mean),msdX(std),msdY(mean),msdY(std),msdZ(mean),msdZ(std),DmsdX(mean),DmsdX(std),DmsdY(mean),DmsdY(std),DmsdZ(mean),DmsdZ(std)
1972.8909315000001,0,1523.8846349999999,0,1458.2274425000001,0,0.84933455708463679,0,0.65603620598111523,0,0.62777061784289523,0