msdX(mean),msdX(std),msdY(mean),msdY(std),msdZ(mean),msdZ(std),DmsdX(mean),DmsdX(std),DmsdY(mean),DmsdY(std),DmsdZ(mean),DmsdZ(std)
929.85332249999999,0,771.24133525000002,0,679.61209925000003,0,1.044700759306419,0,0.86649839178713217,0,0.76355190538161943,0