msdX(mean),msdX(std),msdY(mean),msdY(std),msdZ(mean),msdZ(std),DmsdX(mean),DmsdX(std),DmsdY(mean),DmsdY(std),DmsdZ(mean),DmsdZ(std)
44.45086525,0,43.264376749999997,0,34.664418750000003,0,1.8782055739436618,0,1.8280722570422534,0,1.4646937500000001,0