msdX(mean),msdX(std),msdY(mean),msdY(std),msdZ(mean),msdZ(std),DmsdX(mean),DmsdX(std),DmsdY(mean),DmsdY(std),DmsdZ(mean),DmsdZ(std)
64.094772750000004,0,61.93488825,0,49.190400250000003,0,1.7870289800185875,0,1.7268091519516728,0,1.3714795608736061,0