msdX(mean),msdX(std),msdY(mean),msdY(std),msdZ(mean),msdZ(std),DmsdX(mean),DmsdX(std),DmsdY(mean),DmsdY(std),DmsdZ(mean),DmsdZ(std)
643.18292125000005,0,551.37125225,0,469.14554349999997,0,1.1433685492711545,0,0.9801574761495615,0,0.83398710031998102,0