msdX(mean),msdX(std),msdY(mean),msdY(std),msdZ(mean),msdZ(std),DmsdX(mean),DmsdX(std),DmsdY(mean),DmsdY(std),DmsdZ(mean),DmsdZ(std)
362.33661499999999,0,324.24776350000002,0,264.24978900000002,0,1.308704364314953,0,1.1711332657115339,0,0.95442977004575014,0