msdX(mean),msdX(std),msdY(mean),msdY(std),msdZ(mean),msdZ(std),DmsdX(mean),DmsdX(std),DmsdY(mean),DmsdY(std),DmsdZ(mean),DmsdZ(std)
4796.0128317500003,0,3306.9868612499999,0,3587.676794,0,0.64220846702597756,0,0.44282095089046597,0,0.48040664086770218,0