msdX(mean),msdX(std),msdY(mean),msdY(std),msdZ(mean),msdZ(std),DmsdX(mean),DmsdX(std),DmsdY(mean),DmsdY(std),DmsdZ(mean),DmsdZ(std)
2479.3048637500001,0,1861.53269125,0,1831.448095,0,0.79710161514596189,0,0.59848659055105446,0,0.58881433095421809,0