msdX(mean),msdX(std),msdY(mean),msdY(std),msdZ(mean),msdZ(std),DmsdX(mean),DmsdX(std),DmsdY(mean),DmsdY(std),DmsdZ(mean),DmsdZ(std)
786.09395600000005,0,663.07074575000001,0,575.15069225000002,0,1.0879691216091532,0,0.91770263759457471,0,0.79601959621240093,0