msdX(mean),msdX(std),msdY(mean),msdY(std),msdZ(mean),msdZ(std),DmsdX(mean),DmsdX(std),DmsdY(mean),DmsdY(std),DmsdZ(mean),DmsdZ(std)
3105.6721427500001,0,2262.3686465000001,0,2299.2757502499999,0,0.74565957809123651,0,0.54318574945978393,0,0.55204699885954378,0