msdX(mean),msdX(std),msdY(mean),msdY(std),msdZ(mean),msdZ(std),DmsdX(mean),DmsdX(std),DmsdY(mean),DmsdY(std),DmsdZ(mean),DmsdZ(std)
265.31063074999997,0,242.00011925000001,0,194.8151685,0,1.3949034213985279,0,1.2723455270767614,0,1.0242648186119874,0