msdX(mean),msdX(std),msdY(mean),msdY(std),msdZ(mean),msdZ(std),DmsdX(mean),DmsdX(std),DmsdY(mean),DmsdY(std),DmsdZ(mean),DmsdZ(std)
1735.46249025,0,1354.0669700000001,0,1274.9713415000001,0,0.88276772198955533,0,0.68876545661093969,0,0.6485323382447693,0