msdX(mean),msdX(std),msdY(mean),msdY(std),msdZ(mean),msdZ(std),DmsdX(mean),DmsdX(std),DmsdY(mean),DmsdY(std),DmsdZ(mean),DmsdZ(std)
3204.7252235000001,0,2324.2523864999998,0,2375.7785945000001,0,0.73801916561756364,0,0.53525425343517308,0,0.54712027201197522,0