msdX(mean),msdX(std),msdY(mean),msdY(std),msdZ(mean),msdZ(std),DmsdX(mean),DmsdX(std),DmsdY(mean),DmsdY(std),DmsdZ(mean),DmsdZ(std)
2177.8933942499998,0,1660.2860567499999,0,1606.9956775000001,0,0.82732040706435017,0,0.63069594679894647,0,0.61045243149644191,0