msdX(mean),msdX(std),msdY(mean),msdY(std),msdZ(mean),msdZ(std),DmsdX(mean),DmsdX(std),DmsdY(mean),DmsdY(std),DmsdZ(mean),DmsdZ(std)
760.24770899999999,0,643.09305174999997,0,555.45339324999998,0,1.097038541125541,0,0.92798420165945161,0,0.80152004797979792,0