msdX(mean),msdX(std),msdY(mean),msdY(std),msdZ(mean),msdZ(std),DmsdX(mean),DmsdX(std),DmsdY(mean),DmsdY(std),DmsdZ(mean),DmsdZ(std)
114.46205424999999,0,108.62558475,0,85.740884750000006,0,1.6367309949952333,0,1.5532733758341277,0,1.2260374368446139,0