msdX(mean),msdX(std),msdY(mean),msdY(std),msdZ(mean),msdZ(std),DmsdX(mean),DmsdX(std),DmsdY(mean),DmsdY(std),DmsdZ(mean),DmsdZ(std)
55.464343999999997,0,53.707394999999998,0,42.820004750000003,0,1.8244849999999999,0,1.7666906250000001,0,1.4085527878289474,0