msdX(mean),msdX(std),msdY(mean),msdY(std),msdZ(mean),msdZ(std),DmsdX(mean),DmsdX(std),DmsdY(mean),DmsdY(std),DmsdZ(mean),DmsdZ(std)
256.26309350000002,0,234.28155774999999,0,188.36966000000001,0,1.404437852575813,0,1.2839690779137742,0,1.0323510778224334,0