msdX(mean),msdX(std),msdY(mean),msdY(std),msdZ(mean),msdZ(std),DmsdX(mean),DmsdX(std),DmsdY(mean),DmsdY(std),DmsdZ(mean),DmsdZ(std)
2108.4192145000002,0,1612.9710669999999,0,1555.03331325,0,0.83503955794212392,0,0.63881728903733426,0,0.61587103814622168,0