msdX(mean),msdX(std),msdY(mean),msdY(std),msdZ(mean),msdZ(std),DmsdX(mean),DmsdX(std),DmsdY(mean),DmsdY(std),DmsdZ(mean),DmsdZ(std)
61.774929999999998,0,59.778592000000003,0,47.519449999999999,0,1.7957828488372094,0,1.7377497674418607,0,1.3813793604651163,0