msdX(mean),msdX(std),msdY(mean),msdY(std),msdZ(mean),msdZ(std),DmsdX(mean),DmsdX(std),DmsdY(mean),DmsdY(std),DmsdZ(mean),DmsdZ(std)
71.616708500000001,0,68.932908249999997,0,54.634731000000002,0,1.7610666024590165,0,1.6950715143442623,0,1.3434769918032787,0