msdX(mean),msdX(std),msdY(mean),msdY(std),msdZ(mean),msdZ(std),DmsdX(mean),DmsdX(std),DmsdY(mean),DmsdY(std),DmsdZ(mean),DmsdZ(std)
3745.3680317499998,0,2666.5045347499999,0,2780.1096779999998,0,0.70016476372150693,0,0.49848039010020068,0,0.51971790737671208,0