msdX(mean),msdX(std),msdY(mean),msdY(std),msdZ(mean),msdZ(std),DmsdX(mean),DmsdX(std),DmsdY(mean),DmsdY(std),DmsdZ(mean),DmsdZ(std)
106.5102435,0,101.28892424999999,0,80.015041999999994,0,1.6555996398963733,0,1.5744392370466322,0,1.2437571295336787,0