msdX(mean),msdX(std),msdY(mean),msdY(std),msdZ(mean),msdZ(std),DmsdX(mean),DmsdX(std),DmsdY(mean),DmsdY(std),DmsdZ(mean),DmsdZ(std)
162.95563924999999,0,152.62028025000001,0,120.73161075,0,1.535386048209799,0,1.4380051531092966,0,1.1375465836997489,0