msdX(mean),msdX(std),msdY(mean),msdY(std),msdZ(mean),msdZ(std),DmsdX(mean),DmsdX(std),DmsdY(mean),DmsdY(std),DmsdZ(mean),DmsdZ(std)
3868.5960157499999,0,2740.6399567499998,0,2868.7590799999998,0,0.69366142579432433,0,0.49141244323479483,0,0.51438493592808643,0