msdX(mean),msdX(std),msdY(mean),msdY(std),msdZ(mean),msdZ(std),DmsdX(mean),DmsdX(std),DmsdY(mean),DmsdY(std),DmsdZ(mean),DmsdZ(std)
2909.1127124999998,0,2140.1005142499998,0,2150.5208665,0,0.75922906807307522,0,0.55852992977381466,0,0.56124946494127881,0