msdX(mean),msdX(std),msdY(mean),msdY(std),msdZ(mean),msdZ(std),DmsdX(mean),DmsdX(std),DmsdY(mean),DmsdY(std),DmsdZ(mean),DmsdZ(std)
561.969291,0,487.49168400000002,0,409.74179299999997,0,1.180277144357323,0,1.0238553990478858,0,0.86056103262391481,0