msdX(mean),msdX(std),msdY(mean),msdY(std),msdZ(mean),msdZ(std),DmsdX(mean),DmsdX(std),DmsdY(mean),DmsdY(std),DmsdZ(mean),DmsdZ(std)
1792.4124422499999,0,1395.9163257499999,0,1319.1768665,0,0.87448972625630184,0,0.68104553215970076,0,0.64360556179866646,0