msdX(mean),msdX(std),msdY(mean),msdY(std),msdZ(mean),msdZ(std),DmsdX(mean),DmsdX(std),DmsdY(mean),DmsdY(std),DmsdZ(mean),DmsdZ(std)
54.816278124999997,0,55.195476374999998,0,43.640099437499998,0,1.5934964571220931,0,1.6045196620639535,0,1.2686075417877907,0