msdX(mean),msdX(std),msdY(mean),msdY(std),msdZ(mean),msdZ(std),DmsdX(mean),DmsdX(std),DmsdY(mean),DmsdY(std),DmsdZ(mean),DmsdZ(std)
904.96820537500003,0,886.58732631249995,0,635.89638418749996,0,0.89720736169632687,0,0.8789841137287463,0,0.63044305178952065,0