msdX(mean),msdX(std),msdY(mean),msdY(std),msdZ(mean),msdZ(std),DmsdX(mean),DmsdX(std),DmsdY(mean),DmsdY(std),DmsdZ(mean),DmsdZ(std)
2502.2891648125001,0,2384.740707125,0,1647.6547838125,0,0.68087957138727018,0,0.64889432179542406,0,0.44833127153012403,0