msdX(mean),msdX(std),msdY(mean),msdY(std),msdZ(mean),msdZ(std),DmsdX(mean),DmsdX(std),DmsdY(mean),DmsdY(std),DmsdZ(mean),DmsdZ(std)
649.51591174999999,0,641.76214393750001,0,467.3655789375,0,0.97720548407723173,0,0.96553983541248756,0,0.70315784193204622,0