msdX(mean),msdX(std),msdY(mean),msdY(std),msdZ(mean),msdZ(std),DmsdX(mean),DmsdX(std),DmsdY(mean),DmsdY(std),DmsdZ(mean),DmsdZ(std)
251.27493999999999,0,250.94158756249999,0,190.18670875000001,0,1.2154544018058691,0,1.2138419262939375,0,0.91996150636891338,0