msdX(mean),msdX(std),msdY(mean),msdY(std),msdZ(mean),msdZ(std),DmsdX(mean),DmsdX(std),DmsdY(mean),DmsdY(std),DmsdZ(mean),DmsdZ(std)
65.613820812499995,0,66.046439937499997,0,52.0157263125,0,1.548104305446323,0,1.5583115989972474,0,1.2272684147660244,0