msdX(mean),msdX(std),msdY(mean),msdY(std),msdZ(mean),msdZ(std),DmsdX(mean),DmsdX(std),DmsdY(mean),DmsdY(std),DmsdZ(mean),DmsdZ(std)
3709.6317557500001,0,3521.8411871875001,0,2400.7676177500002,0,0.61192325551569138,0,0.58094621422532888,0,0.39601923671079226,0