msdX(mean),msdX(std),msdY(mean),msdY(std),msdZ(mean),msdZ(std),DmsdX(mean),DmsdX(std),DmsdY(mean),DmsdY(std),DmsdZ(mean),DmsdZ(std)
75.814480125000003,0,76.219509562499994,0,59.783064000000003,0,1.5142705750665781,0,1.5223603774134487,0,1.1940691877496672,0