msdX(mean),msdX(std),msdY(mean),msdY(std),msdZ(mean),msdZ(std),DmsdX(mean),DmsdX(std),DmsdY(mean),DmsdY(std),DmsdZ(mean),DmsdZ(std)
767.57420387499997,0,754.08241318750004,0,545.90191468750004,0,0.93745704464958168,0,0.92097919252651295,0,0.66672328620208854,0