msdX(mean),msdX(std),msdY(mean),msdY(std),msdZ(mean),msdZ(std),DmsdX(mean),DmsdX(std),DmsdY(mean),DmsdY(std),DmsdZ(mean),DmsdZ(std)
2056.2703339374998,0,1969.6363680625,0,1370.2086433750001,0,0.71861549594171914,0,0.6883390729806157,0,0.4788539461720816,0