msdX(mean),msdX(std),msdY(mean),msdY(std),msdZ(mean),msdZ(std),DmsdX(mean),DmsdX(std),DmsdY(mean),DmsdY(std),DmsdZ(mean),DmsdZ(std)
568.13890849999996,0,562.67272500000001,0,412.57935281250002,0,1.0099648764517657,0,1.0002477927233941,0,0.73343094242563411,0