msdX(mean),msdX(std),msdY(mean),msdY(std),msdZ(mean),msdZ(std),DmsdX(mean),DmsdX(std),DmsdY(mean),DmsdY(std),DmsdZ(mean),DmsdZ(std)
3830.8190469374999,0,3639.6258524999998,0,2480.9788495624998,0,0.60609909847202337,0,0.57584916461644342,0,0.39253199527921268,0