msdX(mean),msdX(std),msdY(mean),msdY(std),msdZ(mean),msdZ(std),DmsdX(mean),DmsdX(std),DmsdY(mean),DmsdY(std),DmsdZ(mean),DmsdZ(std)
2761.1588201875002,0,2630.0818121249999,0,1808.6385286875,0,0.66295125276113764,0,0.63147980458949093,0,0.43425215877441509,0