msdX(mean),msdX(std),msdY(mean),msdY(std),msdZ(mean),msdZ(std),DmsdX(mean),DmsdX(std),DmsdY(mean),DmsdY(std),DmsdZ(mean),DmsdZ(std)
1436.35797925,0,1385.9628059375,0,978.47325124999998,0,0.79420418525890912,0,0.76633922531171383,0,0.5410263754112411,0