msdX(mean),msdX(std),msdY(mean),msdY(std),msdZ(mean),msdZ(std),DmsdX(mean),DmsdX(std),DmsdY(mean),DmsdY(std),DmsdZ(mean),DmsdZ(std)
84.431138812499995,0,84.882208500000004,0,66.417834937500004,0,1.4877733711453744,0,1.4957217356828194,0,1.1703583248898679,0