msdX(mean),msdX(std),msdY(mean),msdY(std),msdZ(mean),msdZ(std),DmsdX(mean),DmsdX(std),DmsdY(mean),DmsdY(std),DmsdZ(mean),DmsdZ(std)
81.441387750000004,0,81.895104000000003,0,64.216773000000003,0,1.4961675642988366,0,1.5045028291488061,0,1.1797325107164729,0