msdX(mean),msdX(std),msdY(mean),msdY(std),msdZ(mean),msdZ(std),DmsdX(mean),DmsdX(std),DmsdY(mean),DmsdY(std),DmsdZ(mean),DmsdZ(std)
58.921972562500002,0,59.247739375000002,0,46.831118500000002,0,1.5754538118315509,0,1.5841641544117648,0,1.2521689438502674,0