msdX(mean),msdX(std),msdY(mean),msdY(std),msdZ(mean),msdZ(std),DmsdX(mean),DmsdX(std),DmsdY(mean),DmsdY(std),DmsdZ(mean),DmsdZ(std)
4838.9394792499997,0,4587.8248412499997,0,3102.7997101249998,0,0.57174888097573073,0,0.54207822402934991,0,0.36661385614823827,0