msdX(mean),msdX(std),msdY(mean),msdY(std),msdZ(mean),msdZ(std),DmsdX(mean),DmsdX(std),DmsdY(mean),DmsdY(std),DmsdZ(mean),DmsdZ(std)
269.18972762499999,0,268.59152281249999,0,203.12250912499999,0,1.1978184260975973,0,1.1951565832653515,0,0.90383792253782258,0