msdX(mean),msdX(std),msdY(mean),msdY(std),msdZ(mean),msdZ(std),DmsdX(mean),DmsdX(std),DmsdY(mean),DmsdY(std),DmsdZ(mean),DmsdZ(std)
1139.7383300624999,0,1108.545518375,0,789.29533268750004,0,0.84385473239406206,0,0.82075978062760691,0,0.58438905157148502,0