msdX(mean),msdX(std),msdY(mean),msdY(std),msdZ(mean),msdZ(std),DmsdX(mean),DmsdX(std),DmsdY(mean),DmsdY(std),DmsdZ(mean),DmsdZ(std)
1345.0680689374999,0,1299.9070951875001,0,921.65131493750005,0,0.80842324511164088,0,0.78128024633373072,0,0.55393802298179895,0