msdX(mean),msdX(std),msdY(mean),msdY(std),msdZ(mean),msdZ(std),DmsdX(mean),DmsdX(std),DmsdY(mean),DmsdY(std),DmsdZ(mean),DmsdZ(std)
1745.1865581249999,0,1678.9316321875001,0,1176.5483716875001,0,0.75132341831755989,0,0.72279989044371418,0,0.50651796526666626,0