msdX(mean),msdX(std),msdY(mean),msdY(std),msdZ(mean),msdZ(std),DmsdX(mean),DmsdX(std),DmsdY(mean),DmsdY(std),DmsdZ(mean),DmsdZ(std)
1178.1007874375,0,1144.1767595624999,0,814.82154031250002,0,0.83663017962397468,0,0.81253897636082795,0,0.57864683472108791,0