msdX(mean),msdX(std),msdY(mean),msdY(std),msdZ(mean),msdZ(std),DmsdX(mean),DmsdX(std),DmsdY(mean),DmsdY(std),DmsdZ(mean),DmsdZ(std)
90.786588312500001,0,91.160707625000001,0,71.185023999999999,0,1.4718171571872467,0,1.4778823176168603,0,1.1540398378816537,0