msdX(mean),msdX(std),msdY(mean),msdY(std),msdZ(mean),msdZ(std),DmsdX(mean),DmsdX(std),DmsdY(mean),DmsdY(std),DmsdZ(mean),DmsdZ(std)
242.75830056250001,0,242.615032125,0,183.92174812499999,0,1.2241971788325769,0,1.223474695537065,0,0.92749242624810879,0