msdX(mean),msdX(std),msdY(mean),msdY(std),msdZ(mean),msdZ(std),DmsdX(mean),DmsdX(std),DmsdY(mean),DmsdY(std),DmsdZ(mean),DmsdZ(std)
2194.2316322500001,0,2098.2666239999999,0,1458.3394858125,0,0.70545754485001766,0,0.67460426659236306,0,0.46886417008042997,0