msdX(mean),msdX(std),msdY(mean),msdY(std),msdZ(mean),msdZ(std),DmsdX(mean),DmsdX(std),DmsdY(mean),DmsdY(std),DmsdZ(mean),DmsdZ(std)
3588.4496178750001,0,3407.0903929999999,0,2327.018137,0,0.61714470778299446,0,0.58595438946789113,0,0.40020261703298593,0