msdX(mean),msdX(std),msdY(mean),msdY(std),msdZ(mean),msdZ(std),DmsdX(mean),DmsdX(std),DmsdY(mean),DmsdY(std),DmsdZ(mean),DmsdZ(std)
319.49569912499999,0,318.269075375,0,238.91190362500001,0,1.1541084857013848,0,1.1496775751053583,0,0.86301711122817593,0