msdX(mean),msdX(std),msdY(mean),msdY(std),msdZ(mean),msdZ(std),DmsdX(mean),DmsdX(std),DmsdY(mean),DmsdY(std),DmsdZ(mean),DmsdZ(std)
1301.4661555625,0,1259.0117051875,0,893.43512018750005,0,0.81553163239809512,0,0.78892859929661308,0,0.55984905861296497,0