msdX(mean),msdX(std),msdY(mean),msdY(std),msdZ(mean),msdZ(std),DmsdX(mean),DmsdX(std),DmsdY(mean),DmsdY(std),DmsdZ(mean),DmsdZ(std)
1803.1121726875001,0,1735.06819825,0,1212.613734625,0,0.74454926094250029,0,0.71645223423144422,0,0.50071796619180342,0