msdX(mean),msdX(std),msdY(mean),msdY(std),msdZ(mean),msdZ(std),DmsdX(mean),DmsdX(std),DmsdY(mean),DmsdY(std),DmsdZ(mean),DmsdZ(std)
2344.5488101249998,0,2237.2610614999999,0,1549.4803783750001,0,0.69345516867710411,0,0.66172230668743648,0,0.45829507686411186,0