msdX(mean),msdX(std),msdY(mean),msdY(std),msdZ(mean),msdZ(std),DmsdX(mean),DmsdX(std),DmsdY(mean),DmsdY(std),DmsdZ(mean),DmsdZ(std)
5172.3942631250002,0,4904.2721485000002,0,3311.8397333124999,0,0.56223612006119783,0,0.53309140878037475,0,0.35999497083912313,0