msdX(mean),msdX(std),msdY(mean),msdY(std),msdZ(mean),msdZ(std),DmsdX(mean),DmsdX(std),DmsdY(mean),DmsdY(std),DmsdZ(mean),DmsdZ(std)
2675.2158046250001,0,2543.6474463125001,0,1752.6856590625,0,0.66967452804270555,0,0.63673962308813958,0,0.43874177907842699,0