msdX(mean),msdX(std),msdY(mean),msdY(std),msdZ(mean),msdZ(std),DmsdX(mean),DmsdX(std),DmsdY(mean),DmsdY(std),DmsdZ(mean),DmsdZ(std)
419.49374093749998,0,417.26856881250001,0,309.57117956249999,0,1.0854122409871059,0,1.0796547556492302,0,0.80099490162361464,0