msdX(mean),msdX(std),msdY(mean),msdY(std),msdZ(mean),msdZ(std),DmsdX(mean),DmsdX(std),DmsdY(mean),DmsdY(std),DmsdZ(mean),DmsdZ(std)
480.47233675000001,0,476.62766006250001,0,351.79608137500003,0,1.0521676048395927,0,1.0437482975199825,0,0.77038449879557658,0