msdX(mean),msdX(std),msdY(mean),msdY(std),msdZ(mean),msdZ(std),DmsdX(mean),DmsdX(std),DmsdY(mean),DmsdY(std),DmsdZ(mean),DmsdZ(std)
847.42444037500002,0,831.76605412499998,0,598.77503006250004,0,0.91325489757521339,0,0.896380121194432,0,0.64528965969914687,0