msdX(mean),msdX(std),msdY(mean),msdY(std),msdZ(mean),msdZ(std),DmsdX(mean),DmsdX(std),DmsdY(mean),DmsdY(std),DmsdZ(mean),DmsdZ(std)
101.1300279375,0,101.53279156249999,0,78.838095687500001,0,1.4467815155579398,0,1.4525435130543631,0,1.1278697523247496,0