msdX(mean),msdX(std),msdY(mean),msdY(std),msdZ(mean),msdZ(std),DmsdX(mean),DmsdX(std),DmsdY(mean),DmsdY(std),DmsdZ(mean),DmsdZ(std)
531.32132337500002,0,526.85069262499997,0,386.59062612499997,0,1.026674806044894,0,1.0180361842613763,0,0.74701096800425104,0