msdX(mean),msdX(std),msdY(mean),msdY(std),msdZ(mean),msdZ(std),DmsdX(mean),DmsdX(std),DmsdY(mean),DmsdY(std),DmsdZ(mean),DmsdZ(std)
120.53025225,0,121.19662956249999,0,93.717444624999999,0,1.3996158573640411,0,1.407353933375266,0,1.0882614045868009,0