msdX(mean),msdX(std),msdY(mean),msdY(std),msdZ(mean),msdZ(std),DmsdX(mean),DmsdX(std),DmsdY(mean),DmsdY(std),DmsdZ(mean),DmsdZ(std)
2851.8111864375001,0,2718.2716716250002,0,1864.9255420625,0,0.65674626232536282,0,0.62599332270476715,0,0.42947544532029636,0