msdX(mean),msdX(std),msdY(mean),msdY(std),msdZ(mean),msdZ(std),DmsdX(mean),DmsdX(std),DmsdY(mean),DmsdY(std),DmsdZ(mean),DmsdZ(std)
628.83770912499995,0,620.66943631250001,0,452.84178087499998,0,0.98638630486784651,0,0.97357366287809477,0,0.71032147793521738,0