msdX(mean),msdX(std),msdY(mean),msdY(std),msdZ(mean),msdZ(std),DmsdX(mean),DmsdX(std),DmsdY(mean),DmsdY(std),DmsdZ(mean),DmsdZ(std)
1101.9076722499999,0,1074.0314689375,0,766.17924293750002,0,0.85059838067852855,0,0.82907983244239447,0,0.59143868380678533,0