msdX(mean),msdX(std),msdY(mean),msdY(std),msdZ(mean),msdZ(std),DmsdX(mean),DmsdX(std),DmsdY(mean),DmsdY(std),DmsdZ(mean),DmsdZ(std)
218.471785125,0,218.92329025000001,0,166.35886056250001,0,1.2486480384358924,0,1.2512285592493808,0,0.95080316572204238,0