msdX(mean),msdX(std),msdY(mean),msdY(std),msdZ(mean),msdZ(std),DmsdX(mean),DmsdX(std),DmsdY(mean),DmsdY(std),DmsdZ(mean),DmsdZ(std)
298.3704106875,0,297.16004500000003,0,223.968934625,0,1.1715348891597408,0,1.1667824553366928,0,0.87940161491394542,0