msdX(mean),msdX(std),msdY(mean),msdY(std),msdZ(mean),msdZ(std),DmsdX(mean),DmsdX(std),DmsdY(mean),DmsdY(std),DmsdZ(mean),DmsdZ(std)
1863.9986286875001,0,1791.0438659375,0,1249.3088514999999,0,0.73824651617390791,0,0.70935239650580217,0,0.49479537862885653,0