msdX(mean),msdX(std),msdY(mean),msdY(std),msdZ(mean),msdZ(std),DmsdX(mean),DmsdX(std),DmsdY(mean),DmsdY(std),DmsdZ(mean),DmsdZ(std)
718.40665643750003,0,707.11538406249997,0,513.02392050000003,0,0.95374265706936612,0,0.93875258421838692,0,0.68108054497178894,0