msdX(mean),msdX(std),msdY(mean),msdY(std),msdZ(mean),msdZ(std),DmsdX(mean),DmsdX(std),DmsdY(mean),DmsdY(std),DmsdZ(mean),DmsdZ(std)
513.6118473125,0,509.65059837500002,0,374.64757212500001,0,1.0347428258260023,0,1.0267623363944665,0,0.75477987803035396,0