msdX(mean),msdX(std),msdY(mean),msdY(std),msdZ(mean),msdZ(std),DmsdX(mean),DmsdX(std),DmsdY(mean),DmsdY(std),DmsdZ(mean),DmsdZ(std)
47.351881499999998,0,47.742202749999997,0,37.904811875,0,1.6262809902690325,0,1.6396864138523182,0,1.3018252504293073,0