msdX(mean),msdX(std),msdY(mean),msdY(std),msdZ(mean),msdZ(std),DmsdX(mean),DmsdX(std),DmsdY(mean),DmsdY(std),DmsdZ(mean),DmsdZ(std)
260.12593700000002,0,259.80250425000003,0,196.54634031250001,0,1.2068009139410811,0,1.2053004140570636,0,0.91183641991417319,0