msdX(mean),msdX(std),msdY(mean),msdY(std),msdZ(mean),msdZ(std),DmsdX(mean),DmsdX(std),DmsdY(mean),DmsdY(std),DmsdZ(mean),DmsdZ(std)
742.75728306250005,0,729.77552687499997,0,528.92153099999996,0,0.94578601408637519,0,0.92925576427207124,0,0.67349940280135812,0