msdX(mean),msdX(std),msdY(mean),msdY(std),msdZ(mean),msdZ(std),DmsdX(mean),DmsdX(std),DmsdY(mean),DmsdY(std),DmsdZ(mean),DmsdZ(std)
433.64924400000001,0,431.347059,0,319.63172962499999,0,1.0762307511581735,0,1.07051718812045,0,0.79326206889063533,0