msdX(mean),msdX(std),msdY(mean),msdY(std),msdZ(mean),msdZ(std),DmsdX(mean),DmsdX(std),DmsdY(mean),DmsdY(std),DmsdZ(mean),DmsdZ(std)
5348.3541956250001,0,5073.6295094375,0,3420.4330307499999,0,0.55761394939529796,0,0.52897143402361468,0,0.35661085656570923,0