msdX(mean),msdX(std),msdY(mean),msdY(std),msdZ(mean),msdZ(std),DmsdX(mean),DmsdX(std),DmsdY(mean),DmsdY(std),DmsdZ(mean),DmsdZ(std)
133.87185049999999,0,134.69245431249999,0,103.69305175,0,1.3718720802732707,0,1.3802813422288642,0,1.0626102655849701,0