msdX(mean),msdX(std),msdY(mean),msdY(std),msdZ(mean),msdZ(std),DmsdX(mean),DmsdX(std),DmsdY(mean),DmsdY(std),DmsdZ(mean),DmsdZ(std)
2422.1459078124999,0,2307.85253625,0,1597.5796036874999,0,0.68714333758280255,0,0.65471922615923628,0,0.4532205006276685,0