msdX(mean),msdX(std),msdY(mean),msdY(std),msdZ(mean),msdZ(std),DmsdX(mean),DmsdX(std),DmsdY(mean),DmsdY(std),DmsdZ(mean),DmsdZ(std)
3361.1219344374999,0,3191.2958671874999,0,2184.5686491249999,0,0.62833517491938118,0,0.59658753417535171,0,0.4083878392531663,0