msdX(mean),msdX(std),msdY(mean),msdY(std),msdZ(mean),msdZ(std),DmsdX(mean),DmsdX(std),DmsdY(mean),DmsdY(std),DmsdZ(mean),DmsdZ(std)
1259.7524615,0,1219.5914286249999,0,866.16906068749995,0,0.82301797373664776,0,0.79678007945970653,0,0.56588316119785709,0