msdX(mean),msdX(std),msdY(mean),msdY(std),msdZ(mean),msdZ(std),DmsdX(mean),DmsdX(std),DmsdY(mean),DmsdY(std),DmsdZ(mean),DmsdZ(std)
935.23490606250004,0,915.16315187500004,0,656.282765875,0,0.88934471858358699,0,0.87025784697128195,0,0.62408022620292891,0