msdX(mean),msdX(std),msdY(mean),msdY(std),msdZ(mean),msdZ(std),DmsdX(mean),DmsdX(std),DmsdY(mean),DmsdY(std),DmsdZ(mean),DmsdZ(std)
234.39137962500001,0,234.39473681250001,0,177.85841181250001,0,1.2323416384069401,0,1.2323592892350159,0,0.93511257524973723,0