msdX(mean),msdX(std),msdY(mean),msdY(std),msdZ(mean),msdZ(std),DmsdX(mean),DmsdX(std),DmsdY(mean),DmsdY(std),DmsdZ(mean),DmsdZ(std)
196.904487875,0,197.49897537499999,0,150.49433562499999,0,1.2752881339054403,0,1.2791384415479272,0,0.97470424627590668,0