msdX(mean),msdX(std),msdY(mean),msdY(std),msdZ(mean),msdZ(std),DmsdX(mean),DmsdX(std),DmsdY(mean),DmsdY(std),DmsdZ(mean),DmsdZ(std)
4376.8619623124996,0,4150.5845403125004,0,2817.5677686875001,0,0.5860835204032101,0,0.55578385155017307,0,0.37728629576759903,0