msdX(mean),msdX(std),msdY(mean),msdY(std),msdZ(mean),msdZ(std),DmsdX(mean),DmsdX(std),DmsdY(mean),DmsdY(std),DmsdZ(mean),DmsdZ(std)
966.19204675000003,0,944.93896531250005,0,676.84696499999995,0,0.88124046584275806,0,0.86185604278775996,0,0.6173357944180955,0