msdX(mean),msdX(std),msdY(mean),msdY(std),msdZ(mean),msdZ(std),DmsdX(mean),DmsdX(std),DmsdY(mean),DmsdY(std),DmsdZ(mean),DmsdZ(std)
97.530951000000002,0,97.961628500000003,0,76.258514000000005,0,1.4546003131991052,0,1.4610235421327369,0,1.1373380164056675,0