msdX(mean),msdX(std),msdY(mean),msdY(std),msdZ(mean),msdZ(std),DmsdX(mean),DmsdX(std),DmsdY(mean),DmsdY(std),DmsdZ(mean),DmsdZ(std)
2783.5885103125001,0,2788.6305671250002,0,2777.1279021874998,0,2.060950549356475,0,2.0646836549211485,0,2.0561671577685776,0