msdX(mean),msdX(std),msdY(mean),msdY(std),msdZ(mean),msdZ(std),DmsdX(mean),DmsdX(std),DmsdY(mean),DmsdY(std),DmsdZ(mean),DmsdZ(std)
484.34078737499999,0,482.73931599999997,0,484.80371237499998,0,2.3428287038455338,0,2.3350821476942922,0,2.3450679411883262,0