msdX(mean),msdX(std),msdY(mean),msdY(std),msdZ(mean),msdZ(std),DmsdX(mean),DmsdX(std),DmsdY(mean),DmsdY(std),DmsdZ(mean),DmsdZ(std)
9266.179711625,0,9252.9603393124999,0,9286.697915625,0,1.4660632884723399,0,1.4639717645598811,0,1.4693096085919515,0