msdX(mean),msdX(std),msdY(mean),msdY(std),msdZ(mean),msdZ(std),DmsdX(mean),DmsdX(std),DmsdY(mean),DmsdY(std),DmsdZ(mean),DmsdZ(std)
9034.8018855624996,0,9023.8804966874995,0,9045.3483624375003,0,1.490338056919873,0,1.4885365164233575,0,1.4920777537114933,0