msdX(mean),msdX(std),msdY(mean),msdY(std),msdZ(mean),msdZ(std),DmsdX(mean),DmsdX(std),DmsdY(mean),DmsdY(std),DmsdZ(mean),DmsdZ(std)
845.99082887500003,0,844.05490562499995,0,844.76637093750003,0,2.28224673946765,0,2.2770241597724921,0,2.2789434942785847,0