msdX(mean),msdX(std),msdY(mean),msdY(std),msdZ(mean),msdZ(std),DmsdX(mean),DmsdX(std),DmsdY(mean),DmsdY(std),DmsdZ(mean),DmsdZ(std)
667.38014731249996,0,665.15856218750002,0,666.99291481249998,0,2.3123409850869088,0,2.3046436294537158,0,2.3109993006150025,0