msdX(mean),msdX(std),msdY(mean),msdY(std),msdZ(mean),msdZ(std),DmsdX(mean),DmsdX(std),DmsdY(mean),DmsdY(std),DmsdZ(mean),DmsdZ(std)
11218.064932187501,0,11166.949043750001,0,11234.564948937499,0,1.2713320991765704,0,1.2655391865716468,0,1.2732020296020072,0