msdX(mean),msdX(std),msdY(mean),msdY(std),msdZ(mean),msdZ(std),DmsdX(mean),DmsdX(std),DmsdY(mean),DmsdY(std),DmsdZ(mean),DmsdZ(std)
5070.3098920000002,0,5076.7151398750002,0,5079.9571085625003,0,1.8474102829243408,0,1.8497440891494052,0,1.850925327854293,0