msdX(mean),msdX(std),msdY(mean),msdY(std),msdZ(mean),msdZ(std),DmsdX(mean),DmsdX(std),DmsdY(mean),DmsdY(std),DmsdZ(mean),DmsdZ(std)
3587.8785682500002,0,3599.5294771875001,0,3584.0235902499999,0,1.9838426188106495,0,1.9902847458945012,0,1.9817110891321776,0