msdX(mean),msdX(std),msdY(mean),msdY(std),msdZ(mean),msdZ(std),DmsdX(mean),DmsdX(std),DmsdY(mean),DmsdY(std),DmsdZ(mean),DmsdZ(std)
190.56768943750001,0,190.57628306250001,0,190.45642831250001,0,2.4056514551335999,0,2.4057599376709446,0,2.4042469385125185,0