msdX(mean),msdX(std),msdY(mean),msdY(std),msdZ(mean),msdZ(std),DmsdX(mean),DmsdX(std),DmsdY(mean),DmsdY(std),DmsdZ(mean),DmsdZ(std)
73.945770749999994,0,74.162873250000004,0,73.897042437500005,0,2.4350967316136112,0,2.4422461004390779,0,2.4334920670965974,0