msdX(mean),msdX(std),msdY(mean),msdY(std),msdZ(mean),msdZ(std),DmsdX(mean),DmsdX(std),DmsdY(mean),DmsdY(std),DmsdZ(mean),DmsdZ(std)
1519.8173660625,0,1523.6022961875001,0,1516.9971364375001,0,2.1932041455517339,0,2.1986660679024967,0,2.1891343543761126,0