msdX(mean),msdX(std),msdY(mean),msdY(std),msdZ(mean),msdZ(std),DmsdX(mean),DmsdX(std),DmsdY(mean),DmsdY(std),DmsdZ(mean),DmsdZ(std)
2314.4764355624998,0,2315.6148303125001,0,2307.9220061249998,0,2.1109781426144649,0,2.1120164450132251,0,2.1050000055864646,0