msdX(mean),msdX(std),msdY(mean),msdY(std),msdZ(mean),msdZ(std),DmsdX(mean),DmsdX(std),DmsdY(mean),DmsdY(std),DmsdZ(mean),DmsdZ(std)
206.73349949999999,0,207.05002225000001,0,206.73787837500001,0,2.4006212444358428,0,2.4042967553706216,0,2.4006720926069289,0