msdX(mean),msdX(std),msdY(mean),msdY(std),msdZ(mean),msdZ(std),DmsdX(mean),DmsdX(std),DmsdY(mean),DmsdY(std),DmsdZ(mean),DmsdZ(std)
11920.459712125001,0,11896.8976066875,0,11942.402647999999,0,1.1920459712125,0,1.18968976066875,0,1.1942402647999999,0