msdX(mean),msdX(std),msdY(mean),msdY(std),msdZ(mean),msdZ(std),DmsdX(mean),DmsdX(std),DmsdY(mean),DmsdY(std),DmsdZ(mean),DmsdZ(std)
5970.0767540625002,0,5977.8108274374999,0,5976.1097319999999,0,1.765789888709097,0,1.7680774218726891,0,1.7675742830945784,0