msdX(mean),msdX(std),msdY(mean),msdY(std),msdZ(mean),msdZ(std),DmsdX(mean),DmsdX(std),DmsdY(mean),DmsdY(std),DmsdZ(mean),DmsdZ(std)
5778.2696633750002,0,5791.7838476875004,0,5790.8573592499997,0,1.7818491954222366,0,1.7860165742132694,0,1.7857308723036835,0