msdX(mean),msdX(std),msdY(mean),msdY(std),msdZ(mean),msdZ(std),DmsdX(mean),DmsdX(std),DmsdY(mean),DmsdY(std),DmsdZ(mean),DmsdZ(std)
10737.7773384375,0,10688.766537375001,0,10756.015049125001,0,1.3227664770382499,0,1.3167289291719706,0,1.3250131461164949,0