msdX(mean),msdX(std),msdY(mean),msdY(std),msdZ(mean),msdZ(std),DmsdX(mean),DmsdX(std),DmsdY(mean),DmsdY(std),DmsdZ(mean),DmsdZ(std)
62.696623062500002,0,62.891550625000001,0,62.677350937500002,0,2.439557317607004,0,2.4471420476653698,0,2.4388074294747084,0