msdX(mean),msdX(std),msdY(mean),msdY(std),msdZ(mean),msdZ(std),DmsdX(mean),DmsdX(std),DmsdY(mean),DmsdY(std),DmsdZ(mean),DmsdZ(std)
336.33737574999998,0,336.51613512500001,0,336.16880387499998,0,2.3680171960807321,0,2.3692757694789957,0,2.3668303488030977,0