msdX(mean),msdX(std),msdY(mean),msdY(std),msdZ(mean),msdZ(std),DmsdX(mean),DmsdX(std),DmsdY(mean),DmsdY(std),DmsdZ(mean),DmsdZ(std)
11455.155588125001,0,11413.564349312501,0,11466.570613187499,0,1.2451684664644256,0,1.2406475240248307,0,1.2464092727670881,0