msdX(mean),msdX(std),msdY(mean),msdY(std),msdZ(mean),msdZ(std),DmsdX(mean),DmsdX(std),DmsdY(mean),DmsdY(std),DmsdZ(mean),DmsdZ(std)
263.89374368749998,0,264.34276812500002,0,263.69615099999999,0,2.386019382346293,0,2.3900792778028936,0,2.3842328300180831,0