msdX(mean),msdX(std),msdY(mean),msdY(std),msdZ(mean),msdZ(std),DmsdX(mean),DmsdX(std),DmsdY(mean),DmsdY(std),DmsdZ(mean),DmsdZ(std)
568.13267806249996,0,566.54730712499997,0,569.19673124999997,0,2.3258706798410209,0,2.3193803512213429,0,2.3302267927811138,0