msdX(mean),msdX(std),msdY(mean),msdY(std),msdZ(mean),msdZ(std),DmsdX(mean),DmsdX(std),DmsdY(mean),DmsdY(std),DmsdZ(mean),DmsdZ(std)
5592.7671626874999,0,5605.3452649375004,0,5608.4344383750004,0,1.7981054203751432,0,1.8021493494671046,0,1.803142535727299,0