msdX(mean),msdX(std),msdY(mean),msdY(std),msdZ(mean),msdZ(std),DmsdX(mean),DmsdX(std),DmsdY(mean),DmsdY(std),DmsdZ(mean),DmsdZ(std)
48.890797499999998,0,49.055750812500001,0,48.907342687499998,0,2.4445398749999998,0,2.4527875406250002,0,2.4453671343750001,0