msdX(mean),msdX(std),msdY(mean),msdY(std),msdZ(mean),msdZ(std),DmsdX(mean),DmsdX(std),DmsdY(mean),DmsdY(std),DmsdZ(mean),DmsdZ(std)
2684.1044584374999,0,2687.6589484374999,0,2675.9330399999999,0,2.0719475536975569,0,2.0746913801671232,0,2.0656397699641049,0