msdX(mean),msdX(std),msdY(mean),msdY(std),msdZ(mean),msdZ(std),DmsdX(mean),DmsdX(std),DmsdY(mean),DmsdY(std),DmsdZ(mean),DmsdZ(std)
8101.1810121250001,0,8097.4324955000002,0,8102.8279196875001,0,1.5789570031720717,0,1.5782264002429811,0,1.5792779929420193,0