msdX(mean),msdX(std),msdY(mean),msdY(std),msdZ(mean),msdZ(std),DmsdX(mean),DmsdX(std),DmsdY(mean),DmsdY(std),DmsdZ(mean),DmsdZ(std)
914.63444656249999,0,913.74441468750001,0,914.08594212499997,0,2.2699398905422732,0,2.2677310093170915,0,2.2685786121566842,0