msdX(mean),msdX(std),msdY(mean),msdY(std),msdZ(mean),msdZ(std),DmsdX(mean),DmsdX(std),DmsdY(mean),DmsdY(std),DmsdZ(mean),DmsdZ(std)
243.43243749999999,0,243.79128725000001,0,243.16537543749999,0,2.3924563882063881,0,2.3959831670761673,0,2.3898316996314497,0