msdX(mean),msdX(std),msdY(mean),msdY(std),msdZ(mean),msdZ(std),DmsdX(mean),DmsdX(std),DmsdY(mean),DmsdY(std),DmsdZ(mean),DmsdZ(std)
465.314689375,0,463.66344562500001,0,465.61471387500001,0,2.3465188571608673,0,2.3381918589258697,0,2.3480318400151283,0