msdX(mean),msdX(std),msdY(mean),msdY(std),msdZ(mean),msdZ(std),DmsdX(mean),DmsdX(std),DmsdY(mean),DmsdY(std),DmsdZ(mean),DmsdZ(std)
880.21613256249998,0,878.26660775000005,0,878.50280612500001,0,2.2775008820453664,0,2.2724566158523438,0,2.2730677634869982,0