msdX(mean),msdX(std),msdY(mean),msdY(std),msdZ(mean),msdZ(std),DmsdX(mean),DmsdX(std),DmsdY(mean),DmsdY(std),DmsdZ(mean),DmsdZ(std)
60.197951750000001,0,60.3421880625,0,60.130503562500003,0,2.4421075760649091,0,2.4479589477687629,0,2.4393713412778908,0