msdX(mean),msdX(std),msdY(mean),msdY(std),msdZ(mean),msdZ(std),DmsdX(mean),DmsdX(std),DmsdY(mean),DmsdY(std),DmsdZ(mean),DmsdZ(std)
224.31340650000001,0,224.71002949999999,0,224.07043625,0,2.3965107532051286,0,2.4007481784188034,0,2.3939149172008549,0