msdX(mean),msdX(std),msdY(mean),msdY(std),msdZ(mean),msdZ(std),DmsdX(mean),DmsdX(std),DmsdY(mean),DmsdY(std),DmsdZ(mean),DmsdZ(std)
310.18536525000002,0,310.5733043125,0,310.09793418750002,0,2.3738675911989797,0,2.3768365125956636,0,2.3731984759247453,0