msdX(mean),msdX(std),msdY(mean),msdY(std),msdZ(mean),msdZ(std),DmsdX(mean),DmsdX(std),DmsdY(mean),DmsdY(std),DmsdZ(mean),DmsdZ(std)
3851.3167705625001,0,3865.2845544375,0,3848.9217819374999,0,1.9590603644959053,0,1.9661653972417215,0,1.9578420987524798,0