msdX(mean),msdX(std),msdY(mean),msdY(std),msdZ(mean),msdZ(std),DmsdX(mean),DmsdX(std),DmsdY(mean),DmsdY(std),DmsdZ(mean),DmsdZ(std)
591.76195362500005,0,589.92673568750001,0,591.93323687500003,0,2.3235205299064199,0,2.316314648337805,0,2.3241930640992083,0