msdX(mean),msdX(std),msdY(mean),msdY(std),msdZ(mean),msdZ(std),DmsdX(mean),DmsdX(std),DmsdY(mean),DmsdY(std),DmsdZ(mean),DmsdZ(std)
90.883203312500001,0,91.027597624999999,0,90.830162375,0,2.430032174131016,0,2.4338929846256687,0,2.4286139672459894,0