msdX(mean),msdX(std),msdY(mean),msdY(std),msdZ(mean),msdZ(std),DmsdX(mean),DmsdX(std),DmsdY(mean),DmsdY(std),DmsdZ(mean),DmsdZ(std)
161.76189962500001,0,161.90057593750001,0,161.6165778125,0,2.4125562956748698,0,2.4146245479120063,0,2.4103889308351976,0