msdX(mean),msdX(std),msdY(mean),msdY(std),msdZ(mean),msdZ(std),DmsdX(mean),DmsdX(std),DmsdY(mean),DmsdY(std),DmsdZ(mean),DmsdZ(std)
8326.0885302499992,0,8323.8785791874998,0,8335.2009225000002,0,1.5564964303874373,0,1.5560832975066599,0,1.5581999200822545,0