msdX(mean),msdX(std),msdY(mean),msdY(std),msdZ(mean),msdZ(std),DmsdX(mean),DmsdX(std),DmsdY(mean),DmsdY(std),DmsdZ(mean),DmsdZ(std)
1407.4102565625001,0,1408.51368925,0,1405.5073664375,0,2.2076446470353717,0,2.2093754765888471,0,2.2046597993843298,0