msdX(mean),msdX(std),msdY(mean),msdY(std),msdZ(mean),msdZ(std),DmsdX(mean),DmsdX(std),DmsdY(mean),DmsdY(std),DmsdZ(mean),DmsdZ(std)
428.66526443750001,0,427.71602050000001,0,429.355508875,0,2.349709105266764,0,2.3445058678969488,0,2.3534926486844507,0