msdX(mean),msdX(std),msdY(mean),msdY(std),msdZ(mean),msdZ(std),DmsdX(mean),DmsdX(std),DmsdY(mean),DmsdY(std),DmsdZ(mean),DmsdZ(std)
131.55400868749999,0,131.6190721875,0,131.71278393750001,0,2.4167913414727495,0,2.417986629286589,0,2.4197082168554811,0