msdX(mean),msdX(std),msdY(mean),msdY(std),msdZ(mean),msdZ(std),DmsdX(mean),DmsdX(std),DmsdY(mean),DmsdY(std),DmsdZ(mean),DmsdZ(std)
3715.2200181875,0,3730.1291479375,0,3712.6589875625,0,1.9703292623083044,0,1.9782361680845892,0,1.9689710456865692,0