msdX(mean),msdX(std),msdY(mean),msdY(std),msdZ(mean),msdZ(std),DmsdX(mean),DmsdX(std),DmsdY(mean),DmsdY(std),DmsdZ(mean),DmsdZ(std)
77.046923437499998,0,77.277622249999993,0,76.997022375,0,2.4343419727488151,0,2.441631034755134,0,2.4327653199052133,0