msdX(mean),msdX(std),msdY(mean),msdY(std),msdZ(mean),msdZ(std),DmsdX(mean),DmsdX(std),DmsdY(mean),DmsdY(std),DmsdZ(mean),DmsdZ(std)
2585.3906636249999,0,2591.16136775,0,2578.7587288125001,0,2.0807414934206996,0,2.0853857987042601,0,2.0754040633215745,0