msdX(mean),msdX(std),msdY(mean),msdY(std),msdZ(mean),msdZ(std),DmsdX(mean),DmsdX(std),DmsdY(mean),DmsdY(std),DmsdZ(mean),DmsdZ(std)
9513.0500690000008,0,9491.3819495000007,0,9526.6915573125007,0,1.4436387561776327,0,1.4403505429487733,0,1.4457088999356313,0