msdX(mean),msdX(std),msdY(mean),msdY(std),msdZ(mean),msdZ(std),DmsdX(mean),DmsdX(std),DmsdY(mean),DmsdY(std),DmsdZ(mean),DmsdZ(std)
5413.9645046249998,0,5424.4642514375,0,5427.4058057499997,0,1.8147468437114174,0,1.818266331578668,0,1.819252332945994,0