msdX(mean),msdX(std),msdY(mean),msdY(std),msdZ(mean),msdZ(std),DmsdX(mean),DmsdX(std),DmsdY(mean),DmsdY(std),DmsdZ(mean),DmsdZ(std)
94.678370562500007,0,94.836316749999995,0,94.701957312499999,0,2.4286884282813168,0,2.4327400619923041,0,2.4292934753099615,0