msdX(mean),msdX(std),msdY(mean),msdY(std),msdZ(mean),msdZ(std),DmsdX(mean),DmsdX(std),DmsdY(mean),DmsdY(std),DmsdZ(mean),DmsdZ(std)
297.81070793750001,0,298.23883906250001,0,297.65936081249998,0,2.3761492654587766,0,2.3795652052859042,0,2.3749417086103723,0