msdX(mean),msdX(std),msdY(mean),msdY(std),msdZ(mean),msdZ(std),DmsdX(mean),DmsdX(std),DmsdY(mean),DmsdY(std),DmsdZ(mean),DmsdZ(std)
57.768614874999997,0,57.876174374999998,0,57.671899812500001,0,2.4443701639633284,0,2.4489213416784201,0,2.4402778482016925,0