msdX(mean),msdX(std),msdY(mean),msdY(std),msdZ(mean),msdZ(std),DmsdX(mean),DmsdX(std),DmsdY(mean),DmsdY(std),DmsdZ(mean),DmsdZ(std)
286.09554068749998,0,286.46177575000002,0,285.91337437499999,0,2.3798325857826144,0,2.3828790440870651,0,2.3783172691667822,0