msdX(mean),msdX(std),msdY(mean),msdY(std),msdZ(mean),msdZ(std),DmsdX(mean),DmsdX(std),DmsdY(mean),DmsdY(std),DmsdZ(mean),DmsdZ(std)
781.88808193750003,0,779.73661274999995,0,781.27197893749997,0,2.2928148632153857,0,2.2865058777674601,0,2.2910081978520109,0