msdX(mean),msdX(std),msdY(mean),msdY(std),msdZ(mean),msdZ(std),DmsdX(mean),DmsdX(std),DmsdY(mean),DmsdY(std),DmsdZ(mean),DmsdZ(std)
1070.58093725,0,1070.6347151875,0,1069.6804214374999,0,2.2486472111951272,0,2.248760166325352,0,2.2467557686147868,0