msdX(mean),msdX(std),msdY(mean),msdY(std),msdZ(mean),msdZ(std),DmsdX(mean),DmsdX(std),DmsdY(mean),DmsdY(std),DmsdZ(mean),DmsdZ(std)
615.80813350000005,0,614.08708249999995,0,616.2431791875,0,2.319282406000879,0,2.312800511581194,0,2.3209208933055052,0