msdX(mean),msdX(std),msdY(mean),msdY(std),msdZ(mean),msdZ(std),DmsdX(mean),DmsdX(std),DmsdY(mean),DmsdY(std),DmsdZ(mean),DmsdZ(std)
395.21983193749998,0,394.86142437500001,0,395.98512399999998,0,2.3548351456057595,0,2.3526996487090366,0,2.3593949791459781,0