msdX(mean),msdX(std),msdY(mean),msdY(std),msdZ(mean),msdZ(std),DmsdX(mean),DmsdX(std),DmsdY(mean),DmsdY(std),DmsdZ(mean),DmsdZ(std)
2229.5618598125002,0,2230.8629601875,0,2223.2056726249998,0,2.1201615251164894,0,2.1213987829854508,0,2.1141172238731456,0