msdX(mean),msdX(std),msdY(mean),msdY(std),msdZ(mean),msdZ(std),DmsdX(mean),DmsdX(std),DmsdY(mean),DmsdY(std),DmsdZ(mean),DmsdZ(std)
4275.4902375624997,0,4289.4873752499998,0,4282.0195773124997,0,1.9190386775019448,0,1.9253212432673028,0,1.9219693485648133,0