msdX(mean),msdX(std),msdY(mean),msdY(std),msdZ(mean),msdZ(std),DmsdX(mean),DmsdX(std),DmsdY(mean),DmsdY(std),DmsdZ(mean),DmsdZ(std)
1579.7059546875,0,1583.29153425,0,1576.5361814375001,0,2.1864946661110984,0,2.1914575204733673,0,2.1821073354921685,0