msdX(mean),msdX(std),msdY(mean),msdY(std),msdZ(mean),msdZ(std),DmsdX(mean),DmsdX(std),DmsdY(mean),DmsdY(std),DmsdZ(mean),DmsdZ(std)
4866.8811925,0,5172.7681202499998,0,4143.3468892499995,0,0.87265967638304487,0,0.92750695471633826,0,0.74292583124641376,0