msdX(mean),msdX(std),msdY(mean),msdY(std),msdZ(mean),msdZ(std),DmsdX(mean),DmsdX(std),DmsdY(mean),DmsdY(std),DmsdZ(mean),DmsdZ(std)
2131.609594,0,2247.4371442500001,0,1835.5372829999999,0,0.9975087012541336,0,1.0517113983824171,0,0.85895860875397756,0