msdX(mean),msdX(std),msdY(mean),msdY(std),msdZ(mean),msdZ(std),DmsdX(mean),DmsdX(std),DmsdY(mean),DmsdY(std),DmsdZ(mean),DmsdZ(std)
384.80593575,0,395.07077974999999,0,331.78456599999998,0,1.3898601098603418,0,1.426935154406453,0,1.1983550421382132,0