msdX(mean),msdX(std),msdY(mean),msdY(std),msdZ(mean),msdZ(std),DmsdX(mean),DmsdX(std),DmsdY(mean),DmsdY(std),DmsdZ(mean),DmsdZ(std)
7874.29891675,0,8373.3592912500008,0,6640.82053825,0,0.82096351470567797,0,0.87299485913792041,0,0.69236276489508108,0