msdX(mean),msdX(std),msdY(mean),msdY(std),msdZ(mean),msdZ(std),DmsdX(mean),DmsdX(std),DmsdY(mean),DmsdY(std),DmsdZ(mean),DmsdZ(std)
918.76848399999994,0,954.90648575,0,792.77770950000001,0,1.1699089354838708,0,1.2159250667444821,0,1.0094792565789474,0