msdX(mean),msdX(std),msdY(mean),msdY(std),msdZ(mean),msdZ(std),DmsdX(mean),DmsdX(std),DmsdY(mean),DmsdY(std),DmsdZ(mean),DmsdZ(std)
3270.2192074999998,0,3465.3654379999998,0,2796.8826047500002,0,0.92772176099290771,0,0.98308239375886519,0,0.79344187368794328,0