msdX(mean),msdX(std),msdY(mean),msdY(std),msdZ(mean),msdZ(std),DmsdX(mean),DmsdX(std),DmsdY(mean),DmsdY(std),DmsdZ(mean),DmsdZ(std)
3913.02426625,0,4152.4918127499996,0,3340.46572625,0,0.90113401387502889,0,0.95628121887234208,0,0.76927897280647894,0