msdX(mean),msdX(std),msdY(mean),msdY(std),msdZ(mean),msdZ(std),DmsdX(mean),DmsdX(std),DmsdY(mean),DmsdY(std),DmsdZ(mean),DmsdZ(std)
1984.7520157500001,0,2091.6103305000001,0,1708.8587745,0,1.0095723909339076,0,1.0639273952151651,0,0.8692353629319407,0