msdX(mean),msdX(std),msdY(mean),msdY(std),msdZ(mean),msdZ(std),DmsdX(mean),DmsdX(std),DmsdY(mean),DmsdY(std),DmsdZ(mean),DmsdZ(std)
8164.87054025,0,8688.1298439999991,0,6887.9994692500004,0,0.81648705402499999,0,0.86881298439999988,0,0.68879994692500002,0