msdX(mean),msdX(std),msdY(mean),msdY(std),msdZ(mean),msdZ(std),DmsdX(mean),DmsdX(std),DmsdY(mean),DmsdY(std),DmsdZ(mean),DmsdZ(std)
1092.891936,0,1141.4221822500001,0,944.62156849999997,0,1.1296429878721057,0,1.179805177353225,0,0.97638668188395805,0