msdX(mean),msdX(std),msdY(mean),msdY(std),msdZ(mean),msdZ(std),DmsdX(mean),DmsdX(std),DmsdY(mean),DmsdY(std),DmsdZ(mean),DmsdZ(std)
310.65609475000002,0,317.58936025000003,0,268.29731800000002,0,1.4408909775046383,0,1.4730489807513916,0,1.2444216975881264,0