msdX(mean),msdX(std),msdY(mean),msdY(std),msdZ(mean),msdZ(std),DmsdX(mean),DmsdX(std),DmsdY(mean),DmsdY(std),DmsdZ(mean),DmsdZ(std)
5055.34381175,0,5367.7540037500003,0,4293.76638275,0,0.86942245584391009,0,0.92315103424999134,0,0.73844570267086296,0