msdX(mean),msdX(std),msdY(mean),msdY(std),msdZ(mean),msdZ(std),DmsdX(mean),DmsdX(std),DmsdY(mean),DmsdY(std),DmsdZ(mean),DmsdZ(std)
3045.2805149999999,0,3224.8624277499998,0,2607.1776487500001,0,0.93907052864749285,0,0.99444804835742029,0,0.80397312524412556,0