msdX(mean),msdX(std),msdY(mean),msdY(std),msdZ(mean),msdZ(std),DmsdX(mean),DmsdX(std),DmsdY(mean),DmsdY(std),DmsdZ(mean),DmsdZ(std)
157.88770500000001,0,160.29892050000001,0,136.497513,0,1.6177018954918034,0,1.6424069723360657,0,1.3985400922131148,0