msdX(mean),msdX(std),msdY(mean),msdY(std),msdZ(mean),msdZ(std),DmsdX(mean),DmsdX(std),DmsdY(mean),DmsdY(std),DmsdZ(mean),DmsdZ(std)
225.73245549999999,0,229.98631700000001,0,194.91678974999999,0,1.5238464592709271,0,1.5525628960396041,0,1.3158199128037804,0