msdX(mean),msdX(std),msdY(mean),msdY(std),msdZ(mean),msdZ(std),DmsdX(mean),DmsdX(std),DmsdY(mean),DmsdY(std),DmsdZ(mean),DmsdZ(std)
91.536142499999997,0,92.590428000000003,0,79.853313,0,1.7535659482758621,0,1.7737629885057473,0,1.5297569540229887,0