msdX(mean),msdX(std),msdY(mean),msdY(std),msdZ(mean),msdZ(std),DmsdX(mean),DmsdX(std),DmsdY(mean),DmsdY(std),DmsdZ(mean),DmsdZ(std)
163.68099724999999,0,166.35489100000001,0,141.49890525000001,0,1.6078683423379174,0,1.6341344891944991,0,1.3899695997053045,0