msdX(mean),msdX(std),msdY(mean),msdY(std),msdZ(mean),msdZ(std),DmsdX(mean),DmsdX(std),DmsdY(mean),DmsdY(std),DmsdZ(mean),DmsdZ(std)
122.64253050000001,0,124.30335075000001,0,106.42115275,0,1.6815703450639854,0,1.7043421035191957,0,1.4591565733546619,0