msdX(mean),msdX(std),msdY(mean),msdY(std),msdZ(mean),msdZ(std),DmsdX(mean),DmsdX(std),DmsdY(mean),DmsdY(std),DmsdZ(mean),DmsdZ(std)
6297.9366394999997,0,6697.4581867500001,0,5328.7387162499999,0,0.84332306367166576,0,0.8968208605717729,0,0.71354294540037488,0