msdX(mean),msdX(std),msdY(mean),msdY(std),msdZ(mean),msdZ(std),DmsdX(mean),DmsdX(std),DmsdY(mean),DmsdY(std),DmsdZ(mean),DmsdZ(std)
45.613527499999996,0,45.831950499999998,0,40.224258249999998,0,1.9273321478873238,0,1.9365612887323942,0,1.6996165457746477,0