msdX(mean),msdX(std),msdY(mean),msdY(std),msdZ(mean),msdZ(std),DmsdX(mean),DmsdX(std),DmsdY(mean),DmsdY(std),DmsdZ(mean),DmsdZ(std)
52.877586999999998,0,53.183014499999999,0,46.492427749999997,0,1.8929923747016706,0,1.9039265334128879,0,1.6644067213603817,0