msdX(mean),msdX(std),msdY(mean),msdY(std),msdZ(mean),msdZ(std),DmsdX(mean),DmsdX(std),DmsdY(mean),DmsdY(std),DmsdZ(mean),DmsdZ(std)
73.571663749999999,0,74.170297250000004,0,64.351974749999997,0,1.8091392725409836,0,1.8238597684426232,0,1.5824256086065573,0