msdX(mean),msdX(std),msdY(mean),msdY(std),msdZ(mean),msdZ(std),DmsdX(mean),DmsdX(std),DmsdY(mean),DmsdY(std),DmsdZ(mean),DmsdZ(std)
398.39567775,0,409.01746674999998,0,343.48530199999999,0,1.3801235949769053,0,1.416919630773672,0,1.189902893764434,0