msdX(mean),msdX(std),msdY(mean),msdY(std),msdZ(mean),msdZ(std),DmsdX(mean),DmsdX(std),DmsdY(mean),DmsdY(std),DmsdZ(mean),DmsdZ(std)
984.82646475000001,0,1026.1993352500001,0,850.38077124999995,0,1.1536428716321749,0,1.2021077726474034,0,0.99615084488481065,0