msdX(mean),msdX(std),msdY(mean),msdY(std),msdZ(mean),msdZ(std),DmsdX(mean),DmsdX(std),DmsdY(mean),DmsdY(std),DmsdZ(mean),DmsdZ(std)
886.77932324999995,0,921.59812699999998,0,765.48114825000005,0,1.1772448755420832,0,1.2234686171342597,0,1.0162153485927958,0