msdX(mean),msdX(std),msdY(mean),msdY(std),msdZ(mean),msdZ(std),DmsdX(mean),DmsdX(std),DmsdY(mean),DmsdY(std),DmsdZ(mean),DmsdZ(std)
169.55619849999999,0,172.409426,0,146.56552375000001,0,1.5975772471733669,0,1.6244606721105528,0,1.3809565679962315,0