msdX(mean),msdX(std),msdY(mean),msdY(std),msdZ(mean),msdZ(std),DmsdX(mean),DmsdX(std),DmsdY(mean),DmsdY(std),DmsdZ(mean),DmsdZ(std)
855.73864824999998,0,889.34493474999999,0,738.98392524999997,0,1.1843587122854771,0,1.2308704577643477,0,1.022767934928031,0