msdX(mean),msdX(std),msdY(mean),msdY(std),msdZ(mean),msdZ(std),DmsdX(mean),DmsdX(std),DmsdY(mean),DmsdY(std),DmsdZ(mean),DmsdZ(std)
371.42788474999998,0,381.01369549999998,0,320.11750174999997,0,1.3987994655410496,0,1.4348996817725335,0,1.2055642797514436,0