msdX(mean),msdX(std),msdY(mean),msdY(std),msdZ(mean),msdZ(std),DmsdX(mean),DmsdX(std),DmsdY(mean),DmsdY(std),DmsdZ(mean),DmsdZ(std)
131.80938674999999,0,133.72157350000001,0,114.24283724999999,0,1.6628602197224558,0,1.6869836858704794,0,1.4412468955004205,0