msdX(mean),msdX(std),msdY(mean),msdY(std),msdZ(mean),msdZ(std),DmsdX(mean),DmsdX(std),DmsdY(mean),DmsdY(std),DmsdZ(mean),DmsdZ(std)
98.600026499999998,0,99.718777250000002,0,85.912706999999997,0,1.7359159595070424,0,1.7556122755281691,0,1.5125476584507043,0