msdX(mean),msdX(std),msdY(mean),msdY(std),msdZ(mean),msdZ(std),DmsdX(mean),DmsdX(std),DmsdY(mean),DmsdY(std),DmsdZ(mean),DmsdZ(std)
7304.6777547499996,0,7779.1777725000002,0,6163.0156589999997,0,0.82783183729921872,0,0.88160645059233289,0,0.69844841176959449,0