msdX(mean),msdX(std),msdY(mean),msdY(std),msdZ(mean),msdZ(std),DmsdX(mean),DmsdX(std),DmsdY(mean),DmsdY(std),DmsdZ(mean),DmsdZ(std)
412.31579599999998,0,423.75084974999999,0,355.78252874999998,0,1.3701233805937083,0,1.4081220084736374,0,1.1822636090496232,0