msdX(mean),msdX(std),msdY(mean),msdY(std),msdZ(mean),msdZ(std),DmsdX(mean),DmsdX(std),DmsdY(mean),DmsdY(std),DmsdZ(mean),DmsdZ(std)
5635.8876817500004,0,5994.0521165,0,4780.3526872499997,0,0.85526142168293795,0,0.90961385752946533,0,0.72543163851231718,0