msdX(mean),msdX(std),msdY(mean),msdY(std),msdZ(mean),msdZ(std),DmsdX(mean),DmsdX(std),DmsdY(mean),DmsdY(std),DmsdZ(mean),DmsdZ(std)
605.32507625000005,0,626.31452024999999,0,521.61013025,0,1.2713352203514423,0,1.3154183427261272,0,1.0955127350532063,0