msdX(mean),msdX(std),msdY(mean),msdY(std),msdZ(mean),msdZ(std),DmsdX(mean),DmsdX(std),DmsdY(mean),DmsdY(std),DmsdZ(mean),DmsdZ(std)
2547.0824925000002,0,2691.6246769999998,0,2186.16565025,0,0.967564955238433,0,1.0224724632157418,0,0.83046280430901309,0