msdX(mean),msdX(std),msdY(mean),msdY(std),msdZ(mean),msdZ(std),DmsdX(mean),DmsdX(std),DmsdY(mean),DmsdY(std),DmsdZ(mean),DmsdZ(std)
2460.2123044999998,0,2594.7994010000002,0,2110.1516422499999,0,0.97436723260020053,0,1.0276704603421873,0,0.83572568605771769,0