msdX(mean),msdX(std),msdY(mean),msdY(std),msdZ(mean),msdZ(std),DmsdX(mean),DmsdX(std),DmsdY(mean),DmsdY(std),DmsdZ(mean),DmsdZ(std)
825.98336099999995,0,858.05167500000005,0,713.35931825,0,1.1918951818181818,0,1.2381698051948054,0,1.0293785256132757,0