msdX(mean),msdX(std),msdY(mean),msdY(std),msdZ(mean),msdZ(std),DmsdX(mean),DmsdX(std),DmsdY(mean),DmsdY(std),DmsdZ(mean),DmsdZ(std)
474.37622175000001,0,489.41826175,0,409.03435024999999,0,1.3340163716254219,0,1.3763168215691788,0,1.1502653269122609,0