msdX(mean),msdX(std),msdY(mean),msdY(std),msdZ(mean),msdZ(std),DmsdX(mean),DmsdX(std),DmsdY(mean),DmsdY(std),DmsdZ(mean),DmsdZ(std)
648.27766825000003,0,671.84801200000004,0,558.88778175000004,0,1.2526297853600414,0,1.2981734097642665,0,1.0799068306389283,0