msdX(mean),msdX(std),msdY(mean),msdY(std),msdZ(mean),msdZ(std),DmsdX(mean),DmsdX(std),DmsdY(mean),DmsdY(std),DmsdZ(mean),DmsdZ(std)
584.69205375000001,0,604.71521025000004,0,504.17792624999998,0,1.2803475629562044,0,1.3241938910583941,0,1.1040392545620437,0