msdX(mean),msdX(std),msdY(mean),msdY(std),msdZ(mean),msdZ(std),DmsdX(mean),DmsdX(std),DmsdY(mean),DmsdY(std),DmsdZ(mean),DmsdZ(std)
333.39814999999999,0,341.69014299999998,0,288.30146074999999,0,1.4227517069701279,0,1.4581371678520625,0,1.2303049534139401,0