msdX(mean),msdX(std),msdY(mean),msdY(std),msdZ(mean),msdZ(std),DmsdX(mean),DmsdX(std),DmsdY(mean),DmsdY(std),DmsdZ(mean),DmsdZ(std)
47.31137725,0,47.588719750000003,0,41.709006000000002,0,1.9180288074324323,0,1.9292724222972972,0,1.6909056486486487,0