msdX(mean),msdX(std),msdY(mean),msdY(std),msdZ(mean),msdZ(std),DmsdX(mean),DmsdX(std),DmsdY(mean),DmsdY(std),DmsdZ(mean),DmsdZ(std)
102.29398125,0,103.43700174999999,0,89.063886749999995,0,1.7279388724662164,0,1.7472466511824325,0,1.5044575464527028,0