msdX(mean),msdX(std),msdY(mean),msdY(std),msdZ(mean),msdZ(std),DmsdX(mean),DmsdX(std),DmsdY(mean),DmsdY(std),DmsdZ(mean),DmsdZ(std)
457.82251224999999,0,472.35806700000001,0,395.05837674999998,0,1.3423255832193119,0,1.3849435115324473,0,1.1583025119722439,0