msdX(mean),msdX(std),msdY(mean),msdY(std),msdZ(mean),msdZ(std),DmsdX(mean),DmsdX(std),DmsdY(mean),DmsdY(std),DmsdZ(mean),DmsdZ(std)
718.89604850000001,0,745.86468275000004,0,620.51335549999999,0,1.2256695530234145,0,1.2716492658842919,0,1.0579336590702433,0