msdX(mean),msdX(std),msdY(mean),msdY(std),msdZ(mean),msdZ(std),DmsdX(mean),DmsdX(std),DmsdY(mean),DmsdY(std),DmsdZ(mean),DmsdZ(std)
217.95266925000001,0,221.87849174999999,0,188.145882,0,1.5341576906381982,0,1.5617913544110746,0,1.3243492397935241,0