msdX(mean),msdX(std),msdY(mean),msdY(std),msdZ(mean),msdZ(std),DmsdX(mean),DmsdX(std),DmsdY(mean),DmsdY(std),DmsdZ(mean),DmsdZ(std)
79.187576500000006,0,79.947281500000003,0,69.202979249999999,0,1.7915741289592759,0,1.8087620248868779,0,1.5656782635746604,0