msdX(mean),msdX(std),msdY(mean),msdY(std),msdZ(mean),msdZ(std),DmsdX(mean),DmsdX(std),DmsdY(mean),DmsdY(std),DmsdZ(mean),DmsdZ(std)
3392.7465697500002,0,3594.12769475,0,2898.6437344999999,0,0.92316285207339421,0,0.97795844905853757,0,0.78871797880349015,0