msdX(mean),msdX(std),msdY(mean),msdY(std),msdZ(mean),msdZ(std),DmsdX(mean),DmsdX(std),DmsdY(mean),DmsdY(std),DmsdZ(mean),DmsdZ(std)
76.289844500000001,0,77.005701500000001,0,66.759939250000002,0,1.7992887853773585,0,1.8161722051886793,0,1.5745268691037737,0