msdX(mean),msdX(std),msdY(mean),msdY(std),msdZ(mean),msdZ(std),DmsdX(mean),DmsdX(std),DmsdY(mean),DmsdY(std),DmsdZ(mean),DmsdZ(std)
2736.3896407500001,0,2892.3463809999998,0,2345.0523410000001,0,0.95628918995503476,0,1.010791568775919,0,0.81952810015842692,0