msdX(mean),msdX(std),msdY(mean),msdY(std),msdZ(mean),msdZ(std),DmsdX(mean),DmsdX(std),DmsdY(mean),DmsdY(std),DmsdZ(mean),DmsdZ(std)
1172.1063242499999,0,1225.31143675,0,1013.62532175,0,1.1145933094807912,0,1.1651877489064284,0,0.96388866655572469,0