msdX(mean),msdX(std),msdY(mean),msdY(std),msdZ(mean),msdZ(std),DmsdX(mean),DmsdX(std),DmsdY(mean),DmsdY(std),DmsdZ(mean),DmsdZ(std)
152.47440875000001,0,154.61610575,0,131.65611275000001,0,1.6290000934829061,0,1.6518814716880343,0,1.4065824011752137,0