msdX(mean),msdX(std),msdY(mean),msdY(std),msdZ(mean),msdZ(std),DmsdX(mean),DmsdX(std),DmsdY(mean),DmsdY(std),DmsdZ(mean),DmsdZ(std)
4523.2472955000003,0,4803.9525682499998,0,3855.2379664999999,0,0.8815985945154039,0,0.93630915039760387,0,0.75140096279284307,0