msdX(mean),msdX(std),msdY(mean),msdY(std),msdZ(mean),msdZ(std),DmsdX(mean),DmsdX(std),DmsdY(mean),DmsdY(std),DmsdZ(mean),DmsdZ(std)
442.15583774999999,0,455.29856625000002,0,381.43115875000001,0,1.3516074110963929,0,1.3917828599449766,0,1.16598071759731,0