msdX(mean),msdX(std),msdY(mean),msdY(std),msdZ(mean),msdZ(std),DmsdX(mean),DmsdX(std),DmsdY(mean),DmsdY(std),DmsdZ(mean),DmsdZ(std)
279.20419450000003,0,285.34748500000001,0,241.31478275000001,0,1.4679505494216616,0,1.5002496582544691,0,1.2687422857518402,0