msdX(mean),msdX(std),msdY(mean),msdY(std),msdZ(mean),msdZ(std),DmsdX(mean),DmsdX(std),DmsdY(mean),DmsdY(std),DmsdZ(mean),DmsdZ(std)
82.110930249999996,0,82.902733499999997,0,71.696895999999995,0,1.7824369808248914,0,1.7996251845151954,0,1.5563725615050652,0