msdX(mean),msdX(std),msdY(mean),msdY(std),msdZ(mean),msdZ(std),DmsdX(mean),DmsdX(std),DmsdY(mean),DmsdY(std),DmsdZ(mean),DmsdZ(std)
6062.901347,0,6452.7667367499998,0,5137.9506312499998,0,0.84642716396448381,0,0.90085533907198168,0,0.71729700559128473,0