msdX(mean),msdX(std),msdY(mean),msdY(std),msdZ(mean),msdZ(std),DmsdX(mean),DmsdX(std),DmsdY(mean),DmsdY(std),DmsdZ(mean),DmsdZ(std)
1132.3281919999999,0,1182.3700362500001,0,978.12118199999998,0,1.1225990006609385,0,1.1722108753304694,0,0.96971696827495046,0