msdX(mean),msdX(std),msdY(mean),msdY(std),msdZ(mean),msdZ(std),DmsdX(mean),DmsdX(std),DmsdY(mean),DmsdY(std),DmsdZ(mean),DmsdZ(std)
2334.8639705000001,0,2130.7637009999999,0,2192.8261505,0,1.5253902246297908,0,1.3920494562282228,0,1.4325954815984321,0