msdX(mean),msdX(std),msdY(mean),msdY(std),msdZ(mean),msdZ(std),DmsdX(mean),DmsdX(std),DmsdY(mean),DmsdY(std),DmsdZ(mean),DmsdZ(std)
5523.1239214999996,0,4851.2968342499998,0,5076.2541419999998,0,1.2719253676594764,0,1.1172096801067015,0,1.1690153086666155,0