msdX(mean),msdX(std),msdY(mean),msdY(std),msdZ(mean),msdZ(std),DmsdX(mean),DmsdX(std),DmsdY(mean),DmsdY(std),DmsdZ(mean),DmsdZ(std)
257.01000900000003,0,250.90471174999999,0,247.58705225,0,2.0506117739361707,0,2.0018992958776596,0,1.9754286083776595,0