msdX(mean),msdX(std),msdY(mean),msdY(std),msdZ(mean),msdZ(std),DmsdX(mean),DmsdX(std),DmsdY(mean),DmsdY(std),DmsdZ(mean),DmsdZ(std)
203.90972350000001,0,199.52675124999999,0,196.64919399999999,0,2.0892389702868854,0,2.0443314677254096,0,2.0148482991803278,0