msdX(mean),msdX(std),msdY(mean),msdY(std),msdZ(mean),msdZ(std),DmsdX(mean),DmsdX(std),DmsdY(mean),DmsdY(std),DmsdZ(mean),DmsdZ(std)
3303.8087455,0,2973.9375272500001,0,3077.8053089999999,0,1.4222980564962833,0,1.2802876591783141,0,1.3250030030422177,0