msdX(mean),msdX(std),msdY(mean),msdY(std),msdZ(mean),msdZ(std),DmsdX(mean),DmsdX(std),DmsdY(mean),DmsdY(std),DmsdZ(mean),DmsdZ(std)
149.22630150000001,0,146.54784925000001,0,144.29082775000001,0,2.1338365324118209,0,2.0955364525738798,0,2.0632625512392755,0