msdX(mean),msdX(std),msdY(mean),msdY(std),msdZ(mean),msdZ(std),DmsdX(mean),DmsdX(std),DmsdY(mean),DmsdY(std),DmsdZ(mean),DmsdZ(std)
65.01173575,0,64.326605749999999,0,63.417199250000003,0,2.2315241104118995,0,2.2080070623569794,0,2.1767917362700229,0