msdX(mean),msdX(std),msdY(mean),msdY(std),msdZ(mean),msdZ(std),DmsdX(mean),DmsdX(std),DmsdY(mean),DmsdY(std),DmsdZ(mean),DmsdZ(std)
288.67367825000002,0,281.15113400000001,0,277.73192799999998,0,2.0319592556311594,0,1.9790084514312531,0,1.9549408352885969,0