msdX(mean),msdX(std),msdY(mean),msdY(std),msdZ(mean),msdZ(std),DmsdX(mean),DmsdX(std),DmsdY(mean),DmsdY(std),DmsdZ(mean),DmsdZ(std)
741.61503574999995,0,707.78891874999999,0,708.10726275000002,0,1.8405402938864988,0,1.7565906322385836,0,1.7573806984199205,0