msdX(mean),msdX(std),msdY(mean),msdY(std),msdZ(mean),msdZ(std),DmsdX(mean),DmsdX(std),DmsdY(mean),DmsdY(std),DmsdZ(mean),DmsdZ(std)
2177.7738734999998,0,1991.86828775,0,2048.9271545000001,0,1.5464947262462716,0,1.4144782614330351,0,1.4549972692089193,0