msdX(mean),msdX(std),msdY(mean),msdY(std),msdZ(mean),msdZ(std),DmsdX(mean),DmsdX(std),DmsdY(mean),DmsdY(std),DmsdZ(mean),DmsdZ(std)
827.82219325000005,0,787.42628249999996,0,790.410211,0,1.8127493282846716,0,1.7242911295620436,0,1.7308252795620438,0