msdX(mean),msdX(std),msdY(mean),msdY(std),msdZ(mean),msdZ(std),DmsdX(mean),DmsdX(std),DmsdY(mean),DmsdY(std),DmsdZ(mean),DmsdZ(std)
1280.9125112500001,0,1196.6760979999999,0,1215.1074187500001,0,1.7004768270422164,0,1.5886486830692981,0,1.6131172034029562,0