msdX(mean),msdX(std),msdY(mean),msdY(std),msdZ(mean),msdZ(std),DmsdX(mean),DmsdX(std),DmsdY(mean),DmsdY(std),DmsdZ(mean),DmsdZ(std)
196.227935,0,191.98320125000001,0,189.10680149999999,0,2.0964522970085473,0,2.0511025774572653,0,2.0203718108974358,0