msdX(mean),msdX(std),msdY(mean),msdY(std),msdZ(mean),msdZ(std),DmsdX(mean),DmsdX(std),DmsdY(mean),DmsdY(std),DmsdZ(mean),DmsdZ(std)
76.183254750000003,0,75.337422750000002,0,74.239709250000004,0,2.214629498546512,0,2.1900413590116279,0,2.1581310828488376,0