msdX(mean),msdX(std),msdY(mean),msdY(std),msdZ(mean),msdZ(std),DmsdX(mean),DmsdX(std),DmsdY(mean),DmsdY(std),DmsdZ(mean),DmsdZ(std)
220.28079224999999,0,215.657804,0,212.48086774999999,0,2.0755099772298995,0,2.0319516708542715,0,2.0020182262876887,0