msdX(mean),msdX(std),msdY(mean),msdY(std),msdZ(mean),msdZ(std),DmsdX(mean),DmsdX(std),DmsdY(mean),DmsdY(std),DmsdZ(mean),DmsdZ(std)
769.86563075000004,0,733.53685174999998,0,734.66135974999997,0,1.8324316822040623,0,1.7459620400269755,0,1.7486385903284671,0