msdX(mean),msdX(std),msdY(mean),msdY(std),msdZ(mean),msdZ(std),DmsdX(mean),DmsdX(std),DmsdY(mean),DmsdY(std),DmsdZ(mean),DmsdZ(std)
1191.2036477500001,0,1117.10399775,0,1130.7884704999999,0,1.7189085826118327,0,1.6119826807359308,0,1.6317293946608946,0