msdX(mean),msdX(std),msdY(mean),msdY(std),msdZ(mean),msdZ(std),DmsdX(mean),DmsdX(std),DmsdY(mean),DmsdY(std),DmsdZ(mean),DmsdZ(std)
1585.542185,0,1470.2092687500001,0,1503.5071532500001,0,1.6388597557194047,0,1.5196484999483186,0,1.5540661038278667,0