msdX(mean),msdX(std),msdY(mean),msdY(std),msdZ(mean),msdZ(std),DmsdX(mean),DmsdX(std),DmsdY(mean),DmsdY(std),DmsdZ(mean),DmsdZ(std)
311.60579675000002,0,302.83682750000003,0,299.90041250000002,0,2.0181722587435234,0,1.9613784164507773,0,1.9423601845854923,0