msdX(mean),msdX(std),msdY(mean),msdY(std),msdZ(mean),msdZ(std),DmsdX(mean),DmsdX(std),DmsdY(mean),DmsdY(std),DmsdZ(mean),DmsdZ(std)
86.012119499999997,0,84.809132250000005,0,83.457102000000006,0,2.2054389615384613,0,2.1745931346153848,0,2.1399256923076924,0