msdX(mean),msdX(std),msdY(mean),msdY(std),msdZ(mean),msdZ(std),DmsdX(mean),DmsdX(std),DmsdY(mean),DmsdY(std),DmsdZ(mean),DmsdZ(std)
923.94566199999997,0,875.30141724999999,0,880.27570349999996,0,1.7852872510627336,0,1.6912947647494525,0,1.7009062929923999,0