msdX(mean),msdX(std),msdY(mean),msdY(std),msdZ(mean),msdZ(std),DmsdX(mean),DmsdX(std),DmsdY(mean),DmsdY(std),DmsdZ(mean),DmsdZ(std)
3919.9120802500001,0,3506.91148075,0,3638.3697754999998,0,1.3698961186279763,0,1.2255643309083919,0,1.2715052102068869,0