msdX(mean),msdX(std),msdY(mean),msdY(std),msdZ(mean),msdZ(std),DmsdX(mean),DmsdX(std),DmsdY(mean),DmsdY(std),DmsdZ(mean),DmsdZ(std)
8570.3616727499993,0,7388.9334847500004,0,7796.8312392500002,0,1.1476113648567219,0,0.98941262516738082,0,1.0440320352504018,0