msdX(mean),msdX(std),msdY(mean),msdY(std),msdZ(mean),msdZ(std),DmsdX(mean),DmsdX(std),DmsdY(mean),DmsdY(std),DmsdZ(mean),DmsdZ(std)
958.60075025000003,0,906.82463474999997,0,911.99641199999996,0,1.7765025023165308,0,1.6805497308191251,0,1.6901341957005187,0