msdX(mean),msdX(std),msdY(mean),msdY(std),msdZ(mean),msdZ(std),DmsdX(mean),DmsdX(std),DmsdY(mean),DmsdY(std),DmsdZ(mean),DmsdZ(std)
8867.5683697500008,0,7636.9203602500002,0,8060.8058124999998,0,1.1389021889208073,0,0.98084446064979325,0,1.0352859996703514,0