msdX(mean),msdX(std),msdY(mean),msdY(std),msdZ(mean),msdZ(std),DmsdX(mean),DmsdX(std),DmsdY(mean),DmsdY(std),DmsdZ(mean),DmsdZ(std)
5341.4228137500004,0,4697.1781727500002,0,4906.8116339999997,0,1.2824544570828331,0,1.1277738710084033,0,1.1781060345738295,0