msdX(mean),msdX(std),msdY(mean),msdY(std),msdZ(mean),msdZ(std),DmsdX(mean),DmsdX(std),DmsdY(mean),DmsdY(std),DmsdZ(mean),DmsdZ(std)
1476.9854875000001,0,1373.2339332500001,0,1400.9882055,0,1.6594099552467982,0,1.5428439067298332,0,1.5740261465433303,0