msdX(mean),msdX(std),msdY(mean),msdY(std),msdZ(mean),msdZ(std),DmsdX(mean),DmsdX(std),DmsdY(mean),DmsdY(std),DmsdZ(mean),DmsdZ(std)
3789.3348622499998,0,3394.7205092499998,0,3518.7127477499998,0,1.3806510465095096,0,1.2368725895394592,0,1.2820493870691541,0