msdX(mean),msdX(std),msdY(mean),msdY(std),msdZ(mean),msdZ(std),DmsdX(mean),DmsdX(std),DmsdY(mean),DmsdY(std),DmsdZ(mean),DmsdZ(std)
5909.0607647500001,0,5182.9061062500004,0,5423.4719457499996,0,1.2518842895857463,0,1.0980423094510043,0,1.1490082086134572,0