msdX(mean),msdX(std),msdY(mean),msdY(std),msdZ(mean),msdZ(std),DmsdX(mean),DmsdX(std),DmsdY(mean),DmsdY(std),DmsdZ(mean),DmsdZ(std)
4349.7247939999997,0,3865.5073792500002,0,4019.4079744999999,0,1.3413208870752213,0,1.1920031800824373,0,1.2394613740414859,0