msdX(mean),msdX(std),msdY(mean),msdY(std),msdZ(mean),msdZ(std),DmsdX(mean),DmsdX(std),DmsdY(mean),DmsdY(std),DmsdZ(mean),DmsdZ(std)
571.74929625000004,0,549.22532249999995,0,547.1436185,0,1.8999201248892337,0,1.8250730698936639,0,1.8181555776473195,0