msdX(mean),msdX(std),msdY(mean),msdY(std),msdZ(mean),msdZ(std),DmsdX(mean),DmsdX(std),DmsdY(mean),DmsdY(std),DmsdZ(mean),DmsdZ(std)
615.89408100000003,0,590.60047950000001,0,589.53571599999998,0,1.8827004717750153,0,1.8053815350519666,0,1.8021267047075606,0