msdX(mean),msdX(std),msdY(mean),msdY(std),msdZ(mean),msdZ(std),DmsdX(mean),DmsdX(std),DmsdY(mean),DmsdY(std),DmsdZ(mean),DmsdZ(std)
1962.5072082500001,0,1800.98296325,0,1849.6627960000001,0,1.5794402899318598,0,1.4494443850600924,0,1.4886222738491255,0