msdX(mean),msdX(std),msdY(mean),msdY(std),msdZ(mean),msdZ(std),DmsdX(mean),DmsdX(std),DmsdY(mean),DmsdY(std),DmsdZ(mean),DmsdZ(std)
62.548924749999998,0,61.86008975,0,60.932070500000002,0,2.2392216497613364,0,2.214561685560859,0,2.1813390393794752,0