msdX(mean),msdX(std),msdY(mean),msdY(std),msdZ(mean),msdZ(std),DmsdX(mean),DmsdX(std),DmsdY(mean),DmsdY(std),DmsdZ(mean),DmsdZ(std)
1763.9712480000001,0,1628.3773327500001,0,1667.07216475,0,1.6088756366289674,0,1.4852036964155417,0,1.5204963195457861,0