msdX(mean),msdX(std),msdY(mean),msdY(std),msdZ(mean),msdZ(std),DmsdX(mean),DmsdX(std),DmsdY(mean),DmsdY(std),DmsdZ(mean),DmsdZ(std)
7750.2711049999998,0,6700.4706614999996,0,7062.1527987500003,0,1.1761249084425109,0,1.0168148102837775,0,1.0717010671379432,0