msdX(mean),msdX(std),msdY(mean),msdY(std),msdZ(mean),msdZ(std),DmsdX(mean),DmsdX(std),DmsdY(mean),DmsdY(std),DmsdZ(mean),DmsdZ(std)
8289.6874035000001,0,7152.3716189999996,0,7542.1386579999999,0,1.1573034422815607,0,0.99852550430922149,0,1.0529399489036149,0