msdX(mean),msdX(std),msdY(mean),msdY(std),msdZ(mean),msdZ(std),DmsdX(mean),DmsdX(std),DmsdY(mean),DmsdY(std),DmsdZ(mean),DmsdZ(std)
8013.7969990000001,0,6918.8769359999997,0,7293.8936897499998,0,1.1664349617679881,0,1.0070656837610985,0,1.0616506268133521,0