msdX(mean),msdX(std),msdY(mean),msdY(std),msdZ(mean),msdZ(std),DmsdX(mean),DmsdX(std),DmsdY(mean),DmsdY(std),DmsdZ(mean),DmsdZ(std)
2502.1689900000001,0,2276.2351982499999,0,2347.6685695000001,0,1.5038278247455727,0,1.3680394251843098,0,1.4109715739442263,0