msdX(mean),msdX(std),msdY(mean),msdY(std),msdZ(mean),msdZ(std),DmsdX(mean),DmsdX(std),DmsdY(mean),DmsdY(std),DmsdZ(mean),DmsdZ(std)
891.06438149999997,0,844.67548624999995,0,849.39367749999997,0,1.7950531456486705,0,1.7016025105761483,0,1.7111073277598712,0