msdX(mean),msdX(std),msdY(mean),msdY(std),msdZ(mean),msdZ(std),DmsdX(mean),DmsdX(std),DmsdY(mean),DmsdY(std),DmsdZ(mean),DmsdZ(std)
138.05241599999999,0,135.490385,0,133.54810000000001,0,2.145892476683938,0,2.1060681606217617,0,2.0758772020725389,0