msdX(mean),msdX(std),msdY(mean),msdY(std),msdZ(mean),msdZ(std),DmsdX(mean),DmsdX(std),DmsdY(mean),DmsdY(std),DmsdZ(mean),DmsdZ(std)
593.01797950000002,0,569.49312999999995,0,567.77734550000002,0,1.8901975547173822,0,1.8152139715257116,0,1.8097450451551211,0