msdX(mean),msdX(std),msdY(mean),msdY(std),msdZ(mean),msdZ(std),DmsdX(mean),DmsdX(std),DmsdY(mean),DmsdY(std),DmsdZ(mean),DmsdZ(std)
1107.8678875000001,0,1042.5320272500001,0,1053.1628557500001,0,1.7377411181114715,0,1.6352588527397263,0,1.651933790259333,0