msdX(mean),msdX(std),msdY(mean),msdY(std),msdZ(mean),msdZ(std),DmsdX(mean),DmsdX(std),DmsdY(mean),DmsdY(std),DmsdZ(mean),DmsdZ(std)
55.554075750000003,0,54.967009500000003,0,54.09167575,0,2.2521922601351352,0,2.228392277027027,0,2.1929057736486484,0