msdX(mean),msdX(std),msdY(mean),msdY(std),msdZ(mean),msdZ(std),DmsdX(mean),DmsdX(std),DmsdY(mean),DmsdY(std),DmsdZ(mean),DmsdZ(std)
96.864128750000006,0,95.451564750000003,0,93.911641500000002,0,2.1914961255656107,0,2.1595376640271491,0,2.1246977714932127,0