msdX(mean),msdX(std),msdY(mean),msdY(std),msdZ(mean),msdZ(std),DmsdX(mean),DmsdX(std),DmsdY(mean),DmsdY(std),DmsdZ(mean),DmsdZ(std)
4056.3696009999999,0,3622.3821760000001,0,3761.4909929999999,0,1.3596769612290502,0,1.2142063159776535,0,1.2608349697206702,0