msdX(mean),msdX(std),msdY(mean),msdY(std),msdZ(mean),msdZ(std),DmsdX(mean),DmsdX(std),DmsdY(mean),DmsdY(std),DmsdZ(mean),DmsdZ(std)
798.32759250000004,0,760.22638074999998,0,762.02640825000003,0,1.8226657363013699,0,1.7356766683789955,0,1.7397863202054795,0