msdX(mean),msdX(std),msdY(mean),msdY(std),msdZ(mean),msdZ(std),DmsdX(mean),DmsdX(std),DmsdY(mean),DmsdY(std),DmsdZ(mean),DmsdZ(std)
6532.8436542500003,0,5704.2242427499996,0,5984.6505002499998,0,1.2212596719020676,0,1.0663563060512966,0,1.1187796146979649,0