msdX(mean),msdX(std),msdY(mean),msdY(std),msdZ(mean),msdZ(std),DmsdX(mean),DmsdX(std),DmsdY(mean),DmsdY(std),DmsdZ(mean),DmsdZ(std)
70.440606500000001,0,69.613158999999996,0,68.628954500000006,0,2.224440205263158,0,2.198310284210526,0,2.1672301421052631,0