msdX(mean),msdX(std),msdY(mean),msdY(std),msdZ(mean),msdZ(std),DmsdX(mean),DmsdX(std),DmsdY(mean),DmsdY(std),DmsdZ(mean),DmsdZ(std)
455.70124225000001,0,440.44517300000001,0,438.24482525000002,0,1.9446710195590327,0,1.8795668833570411,0,1.8701770636557611,0