msdX(mean),msdX(std),msdY(mean),msdY(std),msdZ(mean),msdZ(std),DmsdX(mean),DmsdX(std),DmsdY(mean),DmsdY(std),DmsdZ(mean),DmsdZ(std)
79.315455749999998,0,78.347094249999998,0,77.191989000000007,0,2.2113974651486989,0,2.184398538568773,0,2.1521930018587363,0