msdX(mean),msdX(std),msdY(mean),msdY(std),msdZ(mean),msdZ(std),DmsdX(mean),DmsdX(std),DmsdY(mean),DmsdY(std),DmsdZ(mean),DmsdZ(std)
5241.0068792499997,0,5569.8784027499996,0,4456.9683277499998,0,0.86452925406063741,0,0.91877819122935311,0,0.7351983297364022,0