msdX(mean),msdX(std),msdY(mean),msdY(std),msdZ(mean),msdZ(std),DmsdX(mean),DmsdX(std),DmsdY(mean),DmsdY(std),DmsdZ(mean),DmsdZ(std)
491.31146725000002,0,507.10161375000001,0,423.45034874999999,0,1.3252422241952886,0,1.3678338799226757,0,1.1421965889678114,0