msdX(mean),msdX(std),msdY(mean),msdY(std),msdZ(mean),msdZ(std),DmsdX(mean),DmsdX(std),DmsdY(mean),DmsdY(std),DmsdZ(mean),DmsdZ(std)
1848.9205919999999,0,1947.2509789999999,0,1593.3412504999999,0,1.0222938139997788,0,1.0766620474400088,0,0.88098045477164655,0