msdX(mean),msdX(std),msdY(mean),msdY(std),msdZ(mean),msdZ(std),DmsdX(mean),DmsdX(std),DmsdY(mean),DmsdY(std),DmsdZ(mean),DmsdZ(std)
1606.1711922500001,0,1689.2285414999999,0,1386.8470707500001,0,1.0493278695013066,0,1.1035900750217769,0,0.90604120475827521,0