msdX(mean),msdX(std),msdY(mean),msdY(std),msdZ(mean),msdZ(std),DmsdX(mean),DmsdX(std),DmsdY(mean),DmsdY(std),DmsdZ(mean),DmsdZ(std)
4057.0916575000001,0,4306.6852200000003,0,3462.4247205000001,0,0.89614594328439534,0,0.95127712527058284,0,0.76479363276590739,0