msdX(mean),msdX(std),msdY(mean),msdY(std),msdZ(mean),msdZ(std),DmsdX(mean),DmsdX(std),DmsdY(mean),DmsdY(std),DmsdZ(mean),DmsdZ(std)
2370.3105139999998,0,2503.7163365000001,0,2037.8038225,0,0.97873916673548589,0,1.0338245670575605,0,0.84144182942439505,0