msdX(mean),msdX(std),msdY(mean),msdY(std),msdZ(mean),msdZ(std),DmsdX(mean),DmsdX(std),DmsdY(mean),DmsdY(std),DmsdZ(mean),DmsdZ(std)
43.883840749999997,0,44.088393750000002,0,38.743840749999997,0,1.9360517977941174,0,1.9450761948529411,0,1.7092870919117644,0