msdX(mean),msdX(std),msdY(mean),msdY(std),msdZ(mean),msdZ(std),DmsdX(mean),DmsdX(std),DmsdY(mean),DmsdY(std),DmsdZ(mean),DmsdZ(std)
4690.0755314999997,0,4982.7757600000004,0,3997.075781,0,0.87676981234187856,0,0.93148763568838111,0,0.74721939100686707,0