msdX(mean),msdX(std),msdY(mean),msdY(std),msdZ(mean),msdZ(std),DmsdX(mean),DmsdX(std),DmsdY(mean),DmsdY(std),DmsdZ(mean),DmsdZ(std)
3154.5499209999998,0,3341.6368037500001,0,2701.0493432500002,0,0.93302275096125398,0,0.98835752846790892,0,0.79889066644483886,0