msdX(mean),msdX(std),msdY(mean),msdY(std),msdZ(mean),msdZ(std),DmsdX(mean),DmsdX(std),DmsdY(mean),DmsdY(std),DmsdZ(mean),DmsdZ(std)
1399.0650315,0,1464.2196435000001,0,1207.5202790000001,0,1.0799699193340881,0,1.130264236954508,0,0.93211219560518732,0