msdX(mean),msdX(std),msdY(mean),msdY(std),msdZ(mean),msdZ(std),DmsdX(mean),DmsdX(std),DmsdY(mean),DmsdY(std),DmsdZ(mean),DmsdZ(std)
694.238921,0,720.70050400000002,0,599.08668575000002,0,1.234129392628585,0,1.2811694192936716,0,1.0649798869696612,0