msdX(mean),msdX(std),msdY(mean),msdY(std),msdZ(mean),msdZ(std),DmsdX(mean),DmsdX(std),DmsdY(mean),DmsdY(std),DmsdZ(mean),DmsdZ(std)
769.77218925,0,800.02293874999998,0,665.78739525000003,0,1.2074226538481649,0,1.2548723288978354,0,1.0443177798546481,0