msdX(mean),msdX(std),msdY(mean),msdY(std),msdZ(mean),msdZ(std),DmsdX(mean),DmsdX(std),DmsdY(mean),DmsdY(std),DmsdZ(mean),DmsdZ(std)
564.82852475000004,0,583.74366750000002,0,486.61694999999997,0,1.2895628418949772,0,1.3327480993150684,0,1.1109976027397259,0