msdX(mean),msdX(std),msdY(mean),msdY(std),msdZ(mean),msdZ(std),DmsdX(mean),DmsdX(std),DmsdY(mean),DmsdY(std),DmsdZ(mean),DmsdZ(std)
50.956472499999997,0,51.237196750000003,0,44.850703250000002,0,1.9013609141791044,0,1.9118356996268657,0,1.6735337033582089,0