msdX(mean),msdX(std),msdY(mean),msdY(std),msdZ(mean),msdZ(std),DmsdX(mean),DmsdX(std),DmsdY(mean),DmsdY(std),DmsdZ(mean),DmsdZ(std)
526.87014224999996,0,544.41351199999997,0,453.91730250000001,0,1.3075863887739907,0,1.351125526141628,0,1.1265320214262078,0