msdX(mean),msdX(std),msdY(mean),msdY(std),msdZ(mean),msdZ(std),DmsdX(mean),DmsdX(std),DmsdY(mean),DmsdY(std),DmsdZ(mean),DmsdZ(std)
269.32566250000002,0,275.27073999999999,0,233.11687699999999,0,1.4760266487029596,0,1.5086083668249908,0,1.2775860997442454,0