msdX(mean),msdX(std),msdY(mean),msdY(std),msdZ(mean),msdZ(std),DmsdX(mean),DmsdX(std),DmsdY(mean),DmsdY(std),DmsdZ(mean),DmsdZ(std)
59.020263999999997,0,59.408224750000002,0,51.870564250000001,0,1.8637978105263155,0,1.8760492026315789,0,1.6380178184210525,0