msdX(mean),msdX(std),msdY(mean),msdY(std),msdZ(mean),msdZ(std),DmsdX(mean),DmsdX(std),DmsdY(mean),DmsdY(std),DmsdZ(mean),DmsdZ(std)
7039.0944204999996,0,7492.8854295000001,0,5945.6751384999998,0,0.83171000076801282,0,0.88532805131507442,0,0.70251614463454404,0