msdX(mean),msdX(std),msdY(mean),msdY(std),msdZ(mean),msdZ(std),DmsdX(mean),DmsdX(std),DmsdY(mean),DmsdY(std),DmsdZ(mean),DmsdZ(std)
670.72421199999997,0,696.14899324999999,0,578.55196724999996,0,1.2430026167531503,0,1.2901204470904373,0,1.0721867443476649,0