msdX(mean),msdX(std),msdY(mean),msdY(std),msdZ(mean),msdZ(std),DmsdX(mean),DmsdX(std),DmsdY(mean),DmsdY(std),DmsdZ(mean),DmsdZ(std)
744.03088025,0,772.32809399999996,0,642.91222449999998,0,1.216797122083515,0,1.2630747285215873,0,1.0514264465220236,0