msdX(mean),msdX(std),msdY(mean),msdY(std),msdZ(mean),msdZ(std),DmsdX(mean),DmsdX(std),DmsdY(mean),DmsdY(std),DmsdZ(mean),DmsdZ(std)
1498.3293945,0,1571.9770794999999,0,1294.1222849999999,0,1.0640032626757563,0,1.1163024282772334,0,0.91899040264167009,0