msdX(mean),msdX(std),msdY(mean),msdY(std),msdZ(mean),msdZ(std),DmsdX(mean),DmsdX(std),DmsdY(mean),DmsdY(std),DmsdZ(mean),DmsdZ(std)
289.444008,0,295.64104500000002,0,249.94633099999999,0,1.4593815529411764,0,1.4906271176470589,0,1.2602336016806721,0