msdX(mean),msdX(std),msdY(mean),msdY(std),msdZ(mean),msdZ(std),DmsdX(mean),DmsdX(std),DmsdY(mean),DmsdY(std),DmsdZ(mean),DmsdZ(std)
70.926709000000002,0,71.468420750000007,0,62.086185499999999,0,1.8186335641025642,0,1.8325236089743591,0,1.5919534743589743,0