msdX(mean),msdX(std),msdY(mean),msdY(std),msdZ(mean),msdZ(std),DmsdX(mean),DmsdX(std),DmsdY(mean),DmsdY(std),DmsdZ(mean),DmsdZ(std)
509.05318699999998,0,525.36002699999995,0,438.34465925000001,0,1.3169709908589169,0,1.3591584003104518,0,1.1340410294498104,0