msdX(mean),msdX(std),msdY(mean),msdY(std),msdZ(mean),msdZ(std),DmsdX(mean),DmsdX(std),DmsdY(mean),DmsdY(std),DmsdZ(mean),DmsdZ(std)
259.95388324999999,0,265.63136650000001,0,224.75653550000001,0,1.4854507614285715,0,1.5178935228571429,0,1.28432306,0