msdX(mean),msdX(std),msdY(mean),msdY(std),msdZ(mean),msdZ(std),DmsdX(mean),DmsdX(std),DmsdY(mean),DmsdY(std),DmsdZ(mean),DmsdZ(std)
5432.5687799999996,0,5777.1679497499999,0,4616.7305845000001,0,0.85952020104000759,0,0.91404136030303673,0,0.73044141010157482,0