msdX(mean),msdX(std),msdY(mean),msdY(std),msdZ(mean),msdZ(std),DmsdX(mean),DmsdX(std),DmsdY(mean),DmsdY(std),DmsdZ(mean),DmsdZ(std)
1916.25069925,0,2018.4502265000001,0,1650.4426355000001,0,1.0162551438534153,0,1.0704551476983455,0,0.87528777869113283,0