msdX(mean),msdX(std),msdY(mean),msdY(std),msdZ(mean),msdZ(std),DmsdX(mean),DmsdX(std),DmsdY(mean),DmsdY(std),DmsdZ(mean),DmsdZ(std)
7586.0057640000005,0,8069.3326117500001,0,6402.9135247499999,0,0.82458974506507443,0,0.87712679480745814,0,0.69598903498108633,0