msdX(mean),msdX(std),msdY(mean),msdY(std),msdZ(mean),msdZ(std),DmsdX(mean),DmsdX(std),DmsdY(mean),DmsdY(std),DmsdZ(mean),DmsdZ(std)
2639.3572752499999,0,2791.0802587500002,0,2264.4837112499999,0,0.96165462189390072,0,1.0169351667820448,0,0.82506875728703633,0