msdX(mean),msdX(std),msdY(mean),msdY(std),msdZ(mean),msdZ(std),DmsdX(mean),DmsdX(std),DmsdY(mean),DmsdY(std),DmsdZ(mean),DmsdZ(std)
56.926962250000003,0,57.269364500000002,0,50.055256499999999,0,1.8725974424342107,0,1.8838606743421054,0,1.646554490131579,0