msdX(mean),msdX(std),msdY(mean),msdY(std),msdZ(mean),msdZ(std),DmsdX(mean),DmsdX(std),DmsdY(mean),DmsdY(std),DmsdZ(mean),DmsdZ(std)
299.67720550000001,0,306.26099775,0,258.72362099999998,0,1.4495833868107064,0,1.4814301729280879,0,1.2514847839406642,0