msdX(mean),msdX(std),msdY(mean),msdY(std),msdZ(mean),msdZ(std),DmsdX(mean),DmsdX(std),DmsdY(mean),DmsdY(std),DmsdZ(mean),DmsdZ(std)
545.70539274999999,0,563.6112905,0,470.05507375000002,0,1.2988862093383053,0,1.3415057692002539,0,1.1188235649397018,0