msdX(mean),msdX(std),msdY(mean),msdY(std),msdZ(mean),msdZ(std),DmsdX(mean),DmsdX(std),DmsdY(mean),DmsdY(std),DmsdZ(mean),DmsdZ(std)
94.978607249999996,0,96.124888249999998,0,82.841095999999993,0,1.7437932787637698,0,1.7648388295593633,0,1.5209503549571601,0