msdX(mean),msdX(std),msdY(mean),msdY(std),msdZ(mean),msdZ(std),DmsdX(mean),DmsdX(std),DmsdY(mean),DmsdY(std),DmsdZ(mean),DmsdZ(std)
49.12433025,0,49.418744750000002,0,43.285167999999999,0,1.9089765641191709,0,1.9204175420984455,0,1.6820661139896371,0