msdX(mean),msdX(std),msdY(mean),msdY(std),msdZ(mean),msdZ(std),DmsdX(mean),DmsdX(std),DmsdY(mean),DmsdY(std),DmsdZ(mean),DmsdZ(std)
797.78880949999996,0,828.69540374999997,0,689.12890500000003,0,1.2002840664493482,0,1.2467834559929789,0,1.0368037688064193,0