msdX(mean),msdX(std),msdY(mean),msdY(std),msdZ(mean),msdZ(std),DmsdX(mean),DmsdX(std),DmsdY(mean),DmsdY(std),DmsdZ(mean),DmsdZ(std)
136.73764875000001,0,138.62400099999999,0,118.31868350000001,0,1.6554194763922521,0,1.6782566707021791,0,1.4324295823244553,0