msdX(mean),msdX(std),msdY(mean),msdY(std),msdZ(mean),msdZ(std),DmsdX(mean),DmsdX(std),DmsdY(mean),DmsdY(std),DmsdZ(mean),DmsdZ(std)
2834.4062412500002,0,2999.379101,0,2430.1887565000002,0,0.95008030432960899,0,1.0053784696089385,0,0.81458841000000004,0