msdX(mean),msdX(std),msdY(mean),msdY(std),msdZ(mean),msdZ(std),DmsdX(mean),DmsdX(std),DmsdY(mean),DmsdY(std),DmsdZ(mean),DmsdZ(std)
88.268307250000007,0,89.244443000000004,0,77.048992499999997,0,1.7630154577230361,0,1.7825121770972039,0,1.5389279460719041,0