msdX(mean),msdX(std),msdY(mean),msdY(std),msdZ(mean),msdZ(std),DmsdX(mean),DmsdX(std),DmsdY(mean),DmsdY(std),DmsdZ(mean),DmsdZ(std)
6778.6681372499997,0,7226.6558022500003,0,5733.1904979999999,0,0.83505130422329887,0,0.8902380571900792,0,0.70626089163552741,0