msdX(mean),msdX(std),msdY(mean),msdY(std),msdZ(mean),msdZ(std),DmsdX(mean),DmsdX(std),DmsdY(mean),DmsdY(std),DmsdZ(mean),DmsdZ(std)
2938.9777184999998,0,3109.52889125,0,2516.0018237499999,0,0.9448873837770061,0,0.99971993674447013,0,0.80889976329411006,0