msdX(mean),msdX(std),msdY(mean),msdY(std),msdZ(mean),msdZ(std),DmsdX(mean),DmsdX(std),DmsdY(mean),DmsdY(std),DmsdZ(mean),DmsdZ(std)
321.57713424999997,0,329.3291165,0,278.03501825000001,0,1.4309276219964402,0,1.4654217583803026,0,1.2371774766389796,0