msdX(mean),msdX(std),msdY(mean),msdY(std),msdZ(mean),msdZ(std),DmsdX(mean),DmsdX(std),DmsdY(mean),DmsdY(std),DmsdZ(mean),DmsdZ(std)
85.160939999999997,0,86.075234750000007,0,74.364995500000006,0,1.771725520110957,0,1.7907469088072125,0,1.547121959084605,0