msdX(mean),msdX(std),msdY(mean),msdY(std),msdZ(mean),msdZ(std),DmsdX(mean),DmsdX(std),DmsdY(mean),DmsdY(std),DmsdZ(mean),DmsdZ(std)
358.47433649999999,0,367.35311849999999,0,308.90151950000001,0,1.4072533492541219,0,1.4421085520806072,0,1.2126466350431826,0