msdX(mean),msdX(std),msdY(mean),msdY(std),msdZ(mean),msdZ(std),DmsdX(mean),DmsdX(std),DmsdY(mean),DmsdY(std),DmsdZ(mean),DmsdZ(std)
1303.8091314999999,0,1364.4245745000001,0,1125.69245675,0,1.0939831611847626,0,1.1448435765229066,0,0.94453134481456624,0