msdX(mean),msdX(std),msdY(mean),msdY(std),msdZ(mean),msdZ(std),DmsdX(mean),DmsdX(std),DmsdY(mean),DmsdY(std),DmsdZ(mean),DmsdZ(std)
3641.9069490000002,0,3861.48393025,0,3111.6413029999999,0,0.91166189771703221,0,0.96662759844047264,0,0.77892292555321918,0