msdX(mean),msdX(std),msdY(mean),msdY(std),msdZ(mean),msdZ(std),DmsdX(mean),DmsdX(std),DmsdY(mean),DmsdY(std),DmsdZ(mean),DmsdZ(std)
1055.2099397500001,0,1101.2402589999999,0,911.60750700000006,0,1.1371613690818307,0,1.1867665697966807,0,0.98240625080824784,0