msdX(mean),msdX(std),msdY(mean),msdY(std),msdZ(mean),msdZ(std),DmsdX(mean),DmsdX(std),DmsdY(mean),DmsdY(std),DmsdZ(mean),DmsdZ(std)
65.847016999999994,0,66.327924749999994,0,57.75047575,0,1.8358833736059477,0,1.8492915822490705,0,1.610143375929368,0