msdX(mean),msdX(std),msdY(mean),msdY(std),msdZ(mean),msdZ(std),DmsdX(mean),DmsdX(std),DmsdY(mean),DmsdY(std),DmsdZ(mean),DmsdZ(std)
6537.0818077499998,0,6955.6619872499996,0,5525.1252022500003,0,0.83958718665179677,0,0.89334734533268823,0,0.70961699132424594,0