msdX(mean),msdX(std),msdY(mean),msdY(std),msdZ(mean),msdZ(std),DmsdX(mean),DmsdX(std),DmsdY(mean),DmsdY(std),DmsdZ(mean),DmsdZ(std)
4205.7050017499996,0,4470.3369480000001,0,3588.8867915000001,0,0.89101402539829377,0,0.94707853196237402,0,0.76033589266546142,0