msdX(mean),msdX(std),msdY(mean),msdY(std),msdZ(mean),msdZ(std),DmsdX(mean),DmsdX(std),DmsdY(mean),DmsdY(std),DmsdZ(mean),DmsdZ(std)
42.361852499999998,0,42.565467750000003,0,37.430057750000003,0,1.943204243119266,0,1.9525443922018348,0,1.7169751261467892,0