msdX(mean),msdX(std),msdY(mean),msdY(std),msdZ(mean),msdZ(std),DmsdX(mean),DmsdX(std),DmsdY(mean),DmsdY(std),DmsdZ(mean),DmsdZ(std)
3776.9974862499998,0,4007.7081772500001,0,3219.5429507499998,0,0.90684213355342136,0,0.9622348564825931,0,0.77299950798319328,0