msdX(mean),msdX(std),msdY(mean),msdY(std),msdZ(mean),msdZ(std),DmsdX(mean),DmsdX(std),DmsdY(mean),DmsdY(std),DmsdZ(mean),DmsdZ(std)
951.37297624999997,0,990.00323449999996,0,821.11874950000004,0,1.1619113046531511,0,1.2090904182950659,0,1.0028318875183195,0