msdX(mean),msdX(std),msdY(mean),msdY(std),msdZ(mean),msdZ(std),DmsdX(mean),DmsdX(std),DmsdY(mean),DmsdY(std),DmsdZ(mean),DmsdZ(std)
426.78076449999998,0,439.02890300000001,0,368.60115150000001,0,1.3603296786017849,0,1.3993696440713983,0,1.174886798236294,0