msdX(mean),msdX(std),msdY(mean),msdY(std),msdZ(mean),msdZ(std),DmsdX(mean),DmsdX(std),DmsdY(mean),DmsdY(std),DmsdZ(mean),DmsdZ(std)
54.799665500000003,0,55.17664225,0,48.232281999999998,0,1.8809953832951947,0,1.8939350886727688,0,1.6555703203661327,0