msdX(mean),msdX(std),msdY(mean),msdY(std),msdZ(mean),msdZ(std),DmsdX(mean),DmsdX(std),DmsdY(mean),DmsdY(std),DmsdZ(mean),DmsdZ(std)
242.19825599999999,0,247.02743924999999,0,209.4244205,0,1.5043369937888198,0,1.5343319208074533,0,1.3007727981366459,0