msdX(mean),msdX(std),msdY(mean),msdY(std),msdZ(mean),msdZ(std),DmsdX(mean),DmsdX(std),DmsdY(mean),DmsdY(std),DmsdZ(mean),DmsdZ(std)
4359.033128,0,4637.0607182499998,0,3721.8787860000002,0,0.88577830201715058,0,0.94227496069672301,0,0.7563052114011678,0