msdX(mean),msdX(std),msdY(mean),msdY(std),msdZ(mean),msdZ(std),DmsdX(mean),DmsdX(std),DmsdY(mean),DmsdY(std),DmsdZ(mean),DmsdZ(std)
3570.2725525000001,0,4235.5264749999997,0,3499.2790224999999,0,0.40615894950893022,0,0.48183911967691778,0,0.39808263120473242,0