msdX(mean),msdX(std),msdY(mean),msdY(std),msdZ(mean),msdZ(std),DmsdX(mean),DmsdX(std),DmsdY(mean),DmsdY(std),DmsdZ(mean),DmsdZ(std)
3628.76998,0,4327.6142225000003,0,3572.6799900000001,0,0.4035583723188933,0,0.48127739186604296,0,0.39732056027995466,0