msdX(mean),msdX(std),msdY(mean),msdY(std),msdZ(mean),msdZ(std),DmsdX(mean),DmsdX(std),DmsdY(mean),DmsdY(std),DmsdZ(mean),DmsdZ(std)
3508.2619949999998,0,4160.5603174999997,0,3430.5361149999999,0,0.40847257201294718,0,0.48442071211509646,0,0.39942282311710686,0