msdX(mean),msdX(std),msdY(mean),msdY(std),msdZ(mean),msdZ(std),DmsdX(mean),DmsdX(std),DmsdY(mean),DmsdY(std),DmsdZ(mean),DmsdZ(std)
2848.4568024999999,0,3376.4283,0,2764.7830024999998,0,0.43338795834685762,0,0.51371794234592449,0,0.42065712903700248,0