msdX(mean),msdX(std),msdY(mean),msdY(std),msdZ(mean),msdZ(std),DmsdX(mean),DmsdX(std),DmsdY(mean),DmsdY(std),DmsdZ(mean),DmsdZ(std)
3349.8874999999998,0,3977.6552150000002,0,3271.2398699999999,0,0.4143507256535004,0,0.49199990290261403,0,0.4046227265605673,0