msdX(mean),msdX(std),msdY(mean),msdY(std),msdZ(mean),msdZ(std),DmsdX(mean),DmsdX(std),DmsdY(mean),DmsdY(std),DmsdZ(mean),DmsdZ(std)
2192.3482650000001,0,2564.2376250000002,0,2112.0427300000001,0,0.47074385145581038,0,0.55059641522803404,0,0.45350054324486821,0