msdX(mean),msdX(std),msdY(mean),msdY(std),msdZ(mean),msdZ(std),DmsdX(mean),DmsdX(std),DmsdY(mean),DmsdY(std),DmsdZ(mean),DmsdZ(std)
3409.6812825000002,0,4045.5549550000001,0,3338.7826525,0,0.41148582584436905,0,0.48822408422771818,0,0.40292966504819222,0