msdX(mean),msdX(std),msdY(mean),msdY(std),msdZ(mean),msdZ(std),DmsdX(mean),DmsdX(std),DmsdY(mean),DmsdY(std),DmsdZ(mean),DmsdZ(std)
2430.7207899999999,0,2872.9407700000002,0,2359.0900875000002,0,0.45325027472868984,0,0.53570990079932379,0,0.43989348125380706,0