msdX(mean),msdX(std),msdY(mean),msdY(std),msdZ(mean),msdZ(std),DmsdX(mean),DmsdX(std),DmsdY(mean),DmsdY(std),DmsdZ(mean),DmsdZ(std)
2084.9115925000001,0,2435.8674000000001,0,2010.0352075000001,0,0.47876173245614034,0,0.5593523009093414,0,0.46156774306512355,0