msdX(mean),msdX(std),msdY(mean),msdY(std),msdZ(mean),msdZ(std),DmsdX(mean),DmsdX(std),DmsdY(mean),DmsdY(std),DmsdZ(mean),DmsdZ(std)
3380.4737224999999,0,4014.7074349999998,0,3299.3574400000002,0,0.41298484987620337,0,0.49046775199133424,0,0.4030750566043883,0