msdX(mean),msdX(std),msdY(mean),msdY(std),msdZ(mean),msdZ(std),DmsdX(mean),DmsdX(std),DmsdY(mean),DmsdY(std),DmsdZ(mean),DmsdZ(std)
2593.4831250000002,0,3080.4121774999999,0,2531.1876975,0,0.44205089399345487,0,0.52504639178332801,0,0.43143283785396119,0