msdX(mean),msdX(std),msdY(mean),msdY(std),msdZ(mean),msdZ(std),DmsdX(mean),DmsdX(std),DmsdY(mean),DmsdY(std),DmsdZ(mean),DmsdZ(std)
1481.2729475000001,0,1695.5062375,0,1400.1110074999999,0,0.54024251635139076,0,0.6183766184229722,0,0.51064153648366073,0