msdX(mean),msdX(std),msdY(mean),msdY(std),msdZ(mean),msdZ(std),DmsdX(mean),DmsdX(std),DmsdY(mean),DmsdY(std),DmsdZ(mean),DmsdZ(std)
3789.351995,0,4520.3276125000002,0,3722.7209800000001,0,0.39904717723251898,0,0.47602439053285595,0,0.39203043176074137,0