msdX(mean),msdX(std),msdY(mean),msdY(std),msdZ(mean),msdZ(std),DmsdX(mean),DmsdX(std),DmsdY(mean),DmsdY(std),DmsdZ(mean),DmsdZ(std)
2947.0978125000001,0,3494.16221,0,2866.9865249999998,0,0.42866877272727277,0,0.50824177599999998,0,0.41701622181818176,0