msdX(mean),msdX(std),msdY(mean),msdY(std),msdZ(mean),msdZ(std),DmsdX(mean),DmsdX(std),DmsdY(mean),DmsdY(std),DmsdZ(mean),DmsdZ(std)
1057.7970350000001,0,1187.1595924999999,0,991.67112999999995,0,0.61010326162187112,0,0.68471541844503403,0,0.57196396931595339,0