msdX(mean),msdX(std),msdY(mean),msdY(std),msdZ(mean),msdZ(std),DmsdX(mean),DmsdX(std),DmsdY(mean),DmsdY(std),DmsdZ(mean),DmsdZ(std)
3693.9233300000001,0,4405.9276374999999,0,3627.0857824999998,0,0.40179291354855551,0,0.47923856133614684,0,0.39452290533632089,0