msdX(mean),msdX(std),msdY(mean),msdY(std),msdZ(mean),msdZ(std),DmsdX(mean),DmsdX(std),DmsdY(mean),DmsdY(std),DmsdZ(mean),DmsdZ(std)
609.43249000000003,0,673.72104000000002,0,570.89271250000002,0,0.73739512382027916,0,0.81518235056868593,0,0.69076314330079858,0