msdX(mean),msdX(std),msdY(mean),msdY(std),msdZ(mean),msdZ(std),DmsdX(mean),DmsdX(std),DmsdY(mean),DmsdY(std),DmsdZ(mean),DmsdZ(std)
3219.47615,0,3828.4901249999998,0,3145.2298500000002,0,0.4191225829268716,0,0.4984061366318932,0,0.40945694181666697,0