msdX(mean),msdX(std),msdY(mean),msdY(std),msdZ(mean),msdZ(std),DmsdX(mean),DmsdX(std),DmsdY(mean),DmsdY(std),DmsdZ(mean),DmsdZ(std)
2397.7607800000001,0,2831.57035,0,2322.6142125000001,0,0.45566902357755512,0,0.53810993462644585,0,0.441388214864882,0