msdX(mean),msdX(std),msdY(mean),msdY(std),msdZ(mean),msdZ(std),DmsdX(mean),DmsdX(std),DmsdY(mean),DmsdY(std),DmsdZ(mean),DmsdZ(std)
1515.45273,0,1744.3478950000001,0,1442.2547225000001,0,0.53310954385553477,0,0.6136308261022515,0,0.50735977573874302,0