msdX(mean),msdX(std),msdY(mean),msdY(std),msdZ(mean),msdZ(std),DmsdX(mean),DmsdX(std),DmsdY(mean),DmsdY(std),DmsdZ(mean),DmsdZ(std)
1638.9294574999999,0,1884.8174825000001,0,1558.4695174999999,0,0.52111119769586223,0,0.59929333214982194,0,0.49552829325292519,0