msdX(mean),msdX(std),msdY(mean),msdY(std),msdZ(mean),msdZ(std),DmsdX(mean),DmsdX(std),DmsdY(mean),DmsdY(std),DmsdZ(mean),DmsdZ(std)
2227.0351649999998,0,2604.2137825,0,2148.3352599999998,0,0.46806119482976033,0,0.54733370796553171,0,0.45152065153425808,0