msdX(mean),msdX(std),msdY(mean),msdY(std),msdZ(mean),msdZ(std),DmsdX(mean),DmsdX(std),DmsdY(mean),DmsdY(std),DmsdZ(mean),DmsdZ(std)
3147.0001925000001,0,3745.3182099999999,0,3074.3758874999999,0,0.42073320041979734,0,0.50072437899409072,0,0.41102380912591241,0