msdX(mean),msdX(std),msdY(mean),msdY(std),msdZ(mean),msdZ(std),DmsdX(mean),DmsdX(std),DmsdY(mean),DmsdY(std),DmsdZ(mean),DmsdZ(std)
3087.0684175000001,0,3669.075675,0,3009.1691150000001,0,0.42415273247506252,0,0.50411855609903544,0,0.41344963246407079,0