msdX(mean),msdX(std),msdY(mean),msdY(std),msdZ(mean),msdZ(std),DmsdX(mean),DmsdX(std),DmsdY(mean),DmsdY(std),DmsdZ(mean),DmsdZ(std)
224.55377999999999,0,243.96145250000001,0,211.4936275,0,1.0130245714285715,0,1.1005779812030076,0,0.95410659022556399,0