msdX(mean),msdX(std),msdY(mean),msdY(std),msdZ(mean),msdZ(std),DmsdX(mean),DmsdX(std),DmsdY(mean),DmsdY(std),DmsdZ(mean),DmsdZ(std)
4528.6183063732724,0,4501.0680577701414,0,4211.3695745718469,0,0.53508235315394226,0,0.53182713249827496,0,0.49759758705905854,0