msdX(mean),msdX(std),msdY(mean),msdY(std),msdZ(mean),msdZ(std),DmsdX(mean),DmsdX(std),DmsdY(mean),DmsdY(std),DmsdZ(mean),DmsdZ(std)
220.76958384375178,0,216.51004240999512,0,198.77886294437226,0,1.4903739084078105,0,1.4616185458976112,0,1.341918690597057,0