msdX(mean),msdX(std),msdY(mean),msdY(std),msdZ(mean),msdZ(std),DmsdX(mean),DmsdX(std),DmsdY(mean),DmsdY(std),DmsdZ(mean),DmsdZ(std)
156.25739381625223,0,153.61911127937836,0,141.05166791687702,0,1.601156471948235,0,1.5741222110049666,0,1.4453446678483561,0