msdX(mean),msdX(std),msdY(mean),msdY(std),msdZ(mean),msdZ(std),DmsdX(mean),DmsdX(std),DmsdY(mean),DmsdY(std),DmsdZ(mean),DmsdZ(std)
261.58600146250365,0,255.9220186343675,0,235.71449491437187,0,1.4339346223614977,0,1.402886397180038,0,1.2921149196075026,0