msdX(mean),msdX(std),msdY(mean),msdY(std),msdZ(mean),msdZ(std),DmsdX(mean),DmsdX(std),DmsdY(mean),DmsdY(std),DmsdZ(mean),DmsdZ(std)
3113.3381823412215,0,3057.4715781549926,0,2860.4667290012289,0,0.63264418216328644,0,0.62129183942194688,0,0.5812595768229124,0