msdX(mean),msdX(std),msdY(mean),msdY(std),msdZ(mean),msdZ(std),DmsdX(mean),DmsdX(std),DmsdY(mean),DmsdY(std),DmsdZ(mean),DmsdZ(std)
1196.271291289976,0,1159.7734203293401,0,1081.2031960537563,0,0.9234417974083694,0,0.89526787080253678,0,0.83461688832381709,0