msdX(mean),msdX(std),msdY(mean),msdY(std),msdZ(mean),msdZ(std),DmsdX(mean),DmsdX(std),DmsdY(mean),DmsdY(std),DmsdZ(mean),DmsdZ(std)
213.28437271187443,0,209.24844550812992,0,192.11293657437633,0,1.5014369425031724,0,1.4730256242058795,0,1.3523984736340626,0