msdX(mean),msdX(std),msdY(mean),msdY(std),msdZ(mean),msdZ(std),DmsdX(mean),DmsdX(std),DmsdY(mean),DmsdY(std),DmsdZ(mean),DmsdZ(std)
42.439721580625864,0,42.125225600626059,0,39.078281361875142,0,1.9485340711326362,0,1.934094623618833,0,1.7942003349447577,0