msdX(mean),msdX(std),msdY(mean),msdY(std),msdZ(mean),msdZ(std),DmsdX(mean),DmsdX(std),DmsdY(mean),DmsdY(std),DmsdZ(mean),DmsdZ(std)
299.64570034125143,0,292.76705539811837,0,269.67236919813155,0,1.3899695639129288,0,1.3580615235137845,0,1.2509319672760559,0