msdX(mean),msdX(std),msdY(mean),msdY(std),msdZ(mean),msdZ(std),DmsdX(mean),DmsdX(std),DmsdY(mean),DmsdY(std),DmsdZ(mean),DmsdZ(std)
418.53555953125209,0,407.83848040811506,0,375.77577332000976,0,1.2794316144013307,0,1.2467314509379868,0,1.1487181754644402,0