msdX(mean),msdX(std),msdY(mean),msdY(std),msdZ(mean),msdZ(std),DmsdX(mean),DmsdX(std),DmsdY(mean),DmsdY(std),DmsdZ(mean),DmsdZ(std)
3814.6009793406897,0,3768.5584445931099,0,3524.3699539061577,0,0.57887905091853831,0,0.57189193510723546,0,0.53483547690894573,0