msdX(mean),msdX(std),msdY(mean),msdY(std),msdZ(mean),msdZ(std),DmsdX(mean),DmsdX(std),DmsdY(mean),DmsdY(std),DmsdZ(mean),DmsdZ(std)
1945.9996706050106,0,1893.0966408662589,0,1765.7502136300204,0,0.77072524317884372,0,0.74977267002264147,0,0.69933632741571172,0