msdX(mean),msdX(std),msdY(mean),msdY(std),msdZ(mean),msdZ(std),DmsdX(mean),DmsdX(std),DmsdY(mean),DmsdY(std),DmsdZ(mean),DmsdZ(std)
54.919080491876279,0,54.476967627502084,0,50.457540379999074,0,1.8859142587810356,0,1.8707321590909805,0,1.7327055371900508,0