msdX(mean),msdX(std),msdY(mean),msdY(std),msdZ(mean),msdZ(std),DmsdX(mean),DmsdX(std),DmsdY(mean),DmsdY(std),DmsdZ(mean),DmsdZ(std)
366.12648654375676,0,357.45403891811969,0,329.07252080436871,0,1.3225830824820934,0,1.2912550225494266,0,1.1887305751466843,0