msdX(mean),msdX(std),msdY(mean),msdY(std),msdZ(mean),msdZ(std),DmsdX(mean),DmsdX(std),DmsdY(mean),DmsdY(std),DmsdZ(mean),DmsdZ(std)
43.991931105000297,0,43.690906742500104,0,40.521715945624948,0,1.9394372148541243,0,1.9261661936339567,0,1.7864486041114034,0