msdX(mean),msdX(std),msdY(mean),msdY(std),msdZ(mean),msdZ(std),DmsdX(mean),DmsdX(std),DmsdY(mean),DmsdY(std),DmsdZ(mean),DmsdZ(std)
102.16895401812438,0,100.66810306125011,0,92.843351123127064,0,1.7257103239329163,0,1.7003598246951237,0,1.5681938910061324,0