msdX(mean),msdX(std),msdY(mean),msdY(std),msdZ(mean),msdZ(std),DmsdX(mean),DmsdX(std),DmsdY(mean),DmsdY(std),DmsdZ(mean),DmsdZ(std)
1059.6651608062416,0,1025.6610069993776,0,955.72999240246975,0,0.96647990657410199,0,0.93546602350052377,0,0.87168463013771047,0