msdX(mean),msdX(std),msdY(mean),msdY(std),msdZ(mean),msdZ(std),DmsdX(mean),DmsdX(std),DmsdY(mean),DmsdY(std),DmsdZ(mean),DmsdZ(std)
161.77144409375188,0,158.98009169062817,0,145.98311022187534,0,1.5900189606741759,0,1.5625833197812258,0,1.4348386051153197,0