msdX(mean),msdX(std),msdY(mean),msdY(std),msdZ(mean),msdZ(std),DmsdX(mean),DmsdX(std),DmsdY(mean),DmsdY(std),DmsdZ(mean),DmsdZ(std)
4397.0071582555829,0,4371.9066464020116,0,4085.7357958644438,0,0.54165765923324416,0,0.53856558228025697,0,0.50331282342314809,0