msdX(mean),msdX(std),msdY(mean),msdY(std),msdZ(mean),msdZ(std),DmsdX(mean),DmsdX(std),DmsdY(mean),DmsdY(std),DmsdZ(mean),DmsdZ(std)
2326.5005618693162,0,2263.8256781831069,0,2115.1772853318898,0,0.71742178496881193,0,0.69809476323332409,0,0.65225613457364373,0