msdX(mean),msdX(std),msdY(mean),msdY(std),msdZ(mean),msdZ(std),DmsdX(mean),DmsdX(std),DmsdY(mean),DmsdY(std),DmsdZ(mean),DmsdZ(std)
877.68984653810162,0,850.81751554813616,0,790.72507130873055,0,1.0280952060574819,0,0.99661789687435232,0,0.92622770825989686,0