msdX(mean),msdX(std),msdY(mean),msdY(std),msdZ(mean),msdZ(std),DmsdX(mean),DmsdX(std),DmsdY(mean),DmsdY(std),DmsdZ(mean),DmsdZ(std)
5062.6793799536708,0,5062.180594376191,0,4728.8304315980677,0,0.50626789580637577,0,0.50621801725278437,0,0.47288300375288977,0