msdX(mean),msdX(std),msdY(mean),msdY(std),msdZ(mean),msdZ(std),DmsdX(mean),DmsdX(std),DmsdY(mean),DmsdY(std),DmsdZ(mean),DmsdZ(std)
2936.7506540881413,0,2876.5171624106674,0,2690.5648882581463,0,0.64867581238537952,0,0.63537130895663163,0,0.59429776996452099,0