msdX(mean),msdX(std),msdY(mean),msdY(std),msdZ(mean),msdZ(std),DmsdX(mean),DmsdX(std),DmsdY(mean),DmsdY(std),DmsdZ(mean),DmsdZ(std)
68.614284695624178,0,67.896907300626992,0,62.723614625000081,0,1.8334463404340615,0,1.8142772568328505,0,1.6760413987138285,0