msdX(mean),msdX(std),msdY(mean),msdY(std),msdZ(mean),msdZ(std),DmsdX(mean),DmsdX(std),DmsdY(mean),DmsdY(std),DmsdZ(mean),DmsdZ(std)
1725.5869492500242,0,1677.7220481463289,0,1562.7040486543842,0,0.80750388546331064,0,0.78510507580880462,0,0.73128137163189888,0