msdX(mean),msdX(std),msdY(mean),msdY(std),msdZ(mean),msdZ(std),DmsdX(mean),DmsdX(std),DmsdY(mean),DmsdY(std),DmsdZ(mean),DmsdZ(std)
280.13395267874927,0,273.60337716688031,0,252.27697320562262,0,1.4126110353458701,0,1.3796797788986916,0,1.2721386783221966,0