msdX(mean),msdX(std),msdY(mean),msdY(std),msdZ(mean),msdZ(std),DmsdX(mean),DmsdX(std),DmsdY(mean),DmsdY(std),DmsdZ(mean),DmsdZ(std)
4274.6508236406235,0,4244.1144083073568,0,3963.8239576162114,0,0.54901418840991267,0,0.5450922481221997,0,0.50909318278235782,0