msdX(mean),msdX(std),msdY(mean),msdY(std),msdZ(mean),msdZ(std),DmsdX(mean),DmsdX(std),DmsdY(mean),DmsdY(std),DmsdZ(mean),DmsdZ(std)
1394.9364969943667,0,1353.8075639318338,0,1262.2638619950019,0,0.87409667155217396,0,0.84832441340858522,0,0.79096119627507278,0