msdX(mean),msdX(std),msdY(mean),msdY(std),msdZ(mean),msdZ(std),DmsdX(mean),DmsdX(std),DmsdY(mean),DmsdY(std),DmsdZ(mean),DmsdZ(std)
461.69563427501504,0,449.12624376874089,0,414.29257355749854,0,1.245513983119664,0,1.2116056017691688,0,1.117634985391978,0