msdX(mean),msdX(std),msdY(mean),msdY(std),msdZ(mean),msdZ(std),DmsdX(mean),DmsdX(std),DmsdY(mean),DmsdY(std),DmsdZ(mean),DmsdZ(std)
964.73202287496338,0,934.60885800502672,0,868.84125663371719,0,0.99715965485070834,0,0.96602395708957989,0,0.89804570289175711,0