msdX(mean),msdX(std),msdY(mean),msdY(std),msdZ(mean),msdZ(std),DmsdX(mean),DmsdX(std),DmsdY(mean),DmsdY(std),DmsdZ(mean),DmsdZ(std)
2257.4717225980908,0,2199.3878882250215,0,2052.6185606156496,0,0.72578740403028141,0,0.70711318767410158,0,0.65992618275592707,0