msdX(mean),msdX(std),msdY(mean),msdY(std),msdZ(mean),msdZ(std),DmsdX(mean),DmsdX(std),DmsdY(mean),DmsdY(std),DmsdZ(mean),DmsdZ(std)
320.56096411000158,0,313.11436125125789,0,288.382294119996,0,1.3682288289676494,0,1.3364449942219137,0,1.2308827734976717,0