msdX(mean),msdX(std),msdY(mean),msdY(std),msdZ(mean),msdZ(std),DmsdX(mean),DmsdX(std),DmsdY(mean),DmsdY(std),DmsdZ(mean),DmsdZ(std)
4923.5179405267008,0,4916.267531015028,0,4592.0993813512014,0,0.51331938520127907,0,0.51256346721784807,0,0.47876613017199771,0