msdX(mean),msdX(std),msdY(mean),msdY(std),msdZ(mean),msdZ(std),DmsdX(mean),DmsdX(std),DmsdY(mean),DmsdY(std),DmsdZ(mean),DmsdZ(std)
252.9474490293768,0,247.66514495812731,0,227.89859627563294,0,1.4452089124269611,0,1.4150286004640902,0,1.3020929198178521,0