msdX(mean),msdX(std),msdY(mean),msdY(std),msdZ(mean),msdZ(std),DmsdX(mean),DmsdX(std),DmsdY(mean),DmsdY(std),DmsdZ(mean),DmsdZ(std)
140.8086682125039,0,138.25781964999905,0,127.21829344500047,0,1.6342948847765817,0,1.6046884776536203,0,1.4765582891061508,0