msdX(mean),msdX(std),msdY(mean),msdY(std),msdZ(mean),msdZ(std),DmsdX(mean),DmsdX(std),DmsdY(mean),DmsdY(std),DmsdZ(mean),DmsdZ(std)
126.54946107374775,0,124.46362766687137,0,114.55291349000099,0,1.6653326543942697,0,1.6378840469120663,0,1.5074636104513195,0