msdX(mean),msdX(std),msdY(mean),msdY(std),msdZ(mean),msdZ(std),DmsdX(mean),DmsdX(std),DmsdY(mean),DmsdY(std),DmsdZ(mean),DmsdZ(std)
1527.4287486418511,0,1485.4251035543407,0,1383.0743357218648,0,0.84455994548220514,0,0.82133490389731634,0,0.76474217642801934,0