msdX(mean),msdX(std),msdY(mean),msdY(std),msdZ(mean),msdZ(std),DmsdX(mean),DmsdX(std),DmsdY(mean),DmsdY(std),DmsdZ(mean),DmsdZ(std)
88.46656027375235,0,87.257354673749504,0,80.651135898751122,0,1.7651360654262174,0,1.7410092947178772,0,1.6091981902761328,0