msdX(mean),msdX(std),msdY(mean),msdY(std),msdZ(mean),msdZ(std),DmsdX(mean),DmsdX(std),DmsdY(mean),DmsdY(std),DmsdZ(mean),DmsdZ(std)
167.5668385931281,0,164.55357813625497,0,151.08109807188109,0,1.5797188932218102,0,1.5513116945547829,0,1.4243012939592179,0