msdX(mean),msdX(std),msdY(mean),msdY(std),msdZ(mean),msdZ(std),DmsdX(mean),DmsdX(std),DmsdY(mean),DmsdY(std),DmsdZ(mean),DmsdZ(std)
2193.1776153781016,0,2132.1664613361818,0,1993.2898547449884,0,0.73515056305964843,0,0.71469969581919301,0,0.66814842025653043,0