msdX(mean),msdX(std),msdY(mean),msdY(std),msdZ(mean),msdZ(std),DmsdX(mean),DmsdX(std),DmsdY(mean),DmsdY(std),DmsdZ(mean),DmsdZ(std)
109.64980810562888,0,108.12492222000017,0,99.473215172502861,0,1.7048030717961313,0,1.6810945930776453,0,1.5465803882133278,0