msdX(mean),msdX(std),msdY(mean),msdY(std),msdZ(mean),msdZ(std),DmsdX(mean),DmsdX(std),DmsdY(mean),DmsdY(std),DmsdZ(mean),DmsdZ(std)
492.51218854125733,0,478.77775424187172,0,442.08695856376124,0,1.2223082197252684,0,1.1882223385471025,0,1.0971637572794066,0