msdX(mean),msdX(std),msdY(mean),msdY(std),msdZ(mean),msdZ(std),DmsdX(mean),DmsdX(std),DmsdY(mean),DmsdY(std),DmsdZ(mean),DmsdZ(std)
73.799518123125566,0,72.933568244999179,0,67.407787949375432,0,1.81447453957102,0,1.7931838313609267,0,1.6573240329142118,0