msdX(mean),msdX(std),msdY(mean),msdY(std),msdZ(mean),msdZ(std),DmsdX(mean),DmsdX(std),DmsdY(mean),DmsdY(std),DmsdZ(mean),DmsdZ(std)
525.91564443998573,0,510.92669227189111,0,471.52790901813626,0,1.2006840989010663,0,1.1664637886332785,0,1.0765149668612894,0