msdX(mean),msdX(std),msdY(mean),msdY(std),msdZ(mean),msdZ(std),DmsdX(mean),DmsdX(std),DmsdY(mean),DmsdY(std),DmsdZ(mean),DmsdZ(std)
404.75657805751177,0,394.86754012561573,0,363.54318227626391,0,1.289982002876356,0,1.2584650822147356,0,1.1586325901246848,0