msdX(mean),msdX(std),msdY(mean),msdY(std),msdZ(mean),msdZ(std),DmsdX(mean),DmsdX(std),DmsdY(mean),DmsdY(std),DmsdZ(mean),DmsdZ(std)
2539.4755032056823,0,2477.3641985050394,0,2317.2109093850927,0,0.69099487711193075,0,0.67409430323173203,0,0.63051636668742905,0