msdX(mean),msdX(std),msdY(mean),msdY(std),msdZ(mean),msdZ(std),DmsdX(mean),DmsdX(std),DmsdY(mean),DmsdY(std),DmsdZ(mean),DmsdZ(std)
1778.7671949499561,0,1728.5355848405791,0,1611.7111763206258,0,0.79837963002968593,0,0.77583373734132421,0,0.72339841679044048,0