msdX(mean),msdX(std),msdY(mean),msdY(std),msdZ(mean),msdZ(std),DmsdX(mean),DmsdX(std),DmsdY(mean),DmsdY(std),DmsdZ(mean),DmsdZ(std)
39.39822528312633,0,39.109778837500642,0,36.272148490625703,0,1.9664208671171837,0,1.9520240990991313,0,1.8103939752252605,0