msdX(mean),msdX(std),msdY(mean),msdY(std),msdZ(mean),msdZ(std),DmsdX(mean),DmsdX(std),DmsdY(mean),DmsdY(std),DmsdZ(mean),DmsdZ(std)
91.754326710002715,0,90.365536696250899,0,83.547976563125729,0,1.7569155069124944,0,1.7303229003456395,0,1.5997799870391844,0