msdX(mean),msdX(std),msdY(mean),msdY(std),msdZ(mean),msdZ(std),DmsdX(mean),DmsdX(std),DmsdY(mean),DmsdY(std),DmsdZ(mean),DmsdZ(std)
95.127854788126598,0,93.674744727498549,0,86.521411500001719,0,1.747041302486217,0,1.7203546574585369,0,1.5889823204420204,0