msdX(mean),msdX(std),msdY(mean),msdY(std),msdZ(mean),msdZ(std),DmsdX(mean),DmsdX(std),DmsdY(mean),DmsdY(std),DmsdZ(mean),DmsdZ(std)
179.68567109124982,0,176.38926005875342,0,161.91396328375845,0,1.5578849491392786,0,1.5293048787167747,0,1.40380323552433,0