msdX(mean),msdX(std),msdY(mean),msdY(std),msdZ(mean),msdZ(std),DmsdX(mean),DmsdX(std),DmsdY(mean),DmsdY(std),DmsdZ(mean),DmsdZ(std)
135.89264557125193,0,133.46938929999848,0,122.8217173137523,0,1.6450134941733663,0,1.6156793882010012,0,1.4867867316096417,0