msdX(mean),msdX(std),msdY(mean),msdY(std),msdZ(mean),msdZ(std),DmsdX(mean),DmsdX(std),DmsdY(mean),DmsdY(std),DmsdZ(mean),DmsdZ(std)
47.453458573750744,0,47.063954464999526,0,43.626428532500313,0,1.9236588841463718,0,1.9078692439024199,0,1.7685195000000127,0