msdX(mean),msdX(std),msdY(mean),msdY(std),msdZ(mean),msdZ(std),DmsdX(mean),DmsdX(std),DmsdY(mean),DmsdY(std),DmsdZ(mean),DmsdZ(std)
524.00456999999994,0,593.05458750000003,0,495.0645275,0,0.28562333478687452,0,0.32326097650714053,0,0.26984875585958795,0