msdX(mean),msdX(std),msdY(mean),msdY(std),msdZ(mean),msdZ(std),DmsdX(mean),DmsdX(std),DmsdY(mean),DmsdY(std),DmsdZ(mean),DmsdZ(std)
191.0873775,0,209.57239000000001,0,174.13451749999999,0,0.45145860174830682,0,0.49513086312805171,0,0.41140616829421955,0