msdX(mean),msdX(std),msdY(mean),msdY(std),msdZ(mean),msdZ(std),DmsdX(mean),DmsdX(std),DmsdY(mean),DmsdY(std),DmsdZ(mean),DmsdZ(std)
1324.7729850000001,0,1570.7476799999999,0,1292.6344624999999,0,0.17246354667511415,0,0.2044853864713336,0,0.16827964223412195,0