msdX(mean),msdX(std),msdY(mean),msdY(std),msdZ(mean),msdZ(std),DmsdX(mean),DmsdX(std),DmsdY(mean),DmsdY(std),DmsdZ(mean),DmsdZ(std)
1521.11943,0,1818.3906300000001,0,1502.0969250000001,0,0.15850277488329445,0,0.18947885024174727,0,0.15652060322190731,0