msdX(mean),msdX(std),msdY(mean),msdY(std),msdZ(mean),msdZ(std),DmsdX(mean),DmsdX(std),DmsdY(mean),DmsdY(std),DmsdZ(mean),DmsdZ(std)
1402.1699450000001,0,1674.08618,0,1380.1618874999999,0,0.16519568308736327,0,0.19723130640360043,0,0.16260281900187717,0