msdX(mean),msdX(std),msdY(mean),msdY(std),msdZ(mean),msdZ(std),DmsdX(mean),DmsdX(std),DmsdY(mean),DmsdY(std),DmsdZ(mean),DmsdZ(std)
1073.3649800000001,0,1250.2631449999999,0,1029.348035,0,0.19645506314440853,0,0.22883225154047951,0,0.18839876182051124,0