msdX(mean),msdX(std),msdY(mean),msdY(std),msdZ(mean),msdZ(std),DmsdX(mean),DmsdX(std),DmsdY(mean),DmsdY(std),DmsdZ(mean),DmsdZ(std)
1445.5679700000001,0,1732.2525674999999,0,1419.7132274999999,0,0.16258534382568401,0,0.19482921946583487,0,0.15967741954531481,0