msdX(mean),msdX(std),msdY(mean),msdY(std),msdZ(mean),msdZ(std),DmsdX(mean),DmsdX(std),DmsdY(mean),DmsdY(std),DmsdZ(mean),DmsdZ(std)
1431.5108175,0,1716.8323150000001,0,1408.6698725000001,0,0.16285057269348904,0,0.19530912536498427,0,0.16025215644078722,0