msdX(mean),msdX(std),msdY(mean),msdY(std),msdZ(mean),msdZ(std),DmsdX(mean),DmsdX(std),DmsdY(mean),DmsdY(std),DmsdZ(mean),DmsdZ(std)
966.13241749999997,0,1120.0684450000001,0,929.50737500000002,0,0.20744920069999143,0,0.24050254337370097,0,0.19958502426350599,0