msdX(mean),msdX(std),msdY(mean),msdY(std),msdZ(mean),msdZ(std),DmsdX(mean),DmsdX(std),DmsdY(mean),DmsdY(std),DmsdZ(mean),DmsdZ(std)
1087.0007900000001,0,1267.0064850000001,0,1040.1989475,0,0.19534680592329906,0,0.22769594300741614,0,0.18693596526172021,0