msdX(mean),msdX(std),msdY(mean),msdY(std),msdZ(mean),msdZ(std),DmsdX(mean),DmsdX(std),DmsdY(mean),DmsdY(std),DmsdZ(mean),DmsdZ(std)
853.3995175,0,983.90272500000003,0,817.46767499999999,0,0.22161999900451862,0,0.25551048068766125,0,0.21228883026609652,0