msdX(mean),msdX(std),msdY(mean),msdY(std),msdZ(mean),msdZ(std),DmsdX(mean),DmsdX(std),DmsdY(mean),DmsdY(std),DmsdZ(mean),DmsdZ(std)
927.87831000000006,0,1073.0242350000001,0,888.77390500000001,0,0.21307024662441446,0,0.24640034789198129,0,0.20409063676862313,0