msdX(mean),msdX(std),msdY(mean),msdY(std),msdZ(mean),msdZ(std),DmsdX(mean),DmsdX(std),DmsdY(mean),DmsdY(std),DmsdZ(mean),DmsdZ(std)
766.45578250000005,0,874.33715749999999,0,727.55055500000003,0,0.2361328610232501,0,0.26936940031424578,0,0.22414677795349983,0