msdX(mean),msdX(std),msdY(mean),msdY(std),msdZ(mean),msdZ(std),DmsdX(mean),DmsdX(std),DmsdY(mean),DmsdY(std),DmsdZ(mean),DmsdZ(std)
306.62921999999998,0,338.307725,0,281.09626750000001,0,0.37101220456562067,0,0.40934225014116316,0,0.34011809409534566,0