msdX(mean),msdX(std),msdY(mean),msdY(std),msdZ(mean),msdZ(std),DmsdX(mean),DmsdX(std),DmsdY(mean),DmsdY(std),DmsdZ(mean),DmsdZ(std)
733.28508250000004,0,836.55496749999998,0,697.06287250000003,0,0.24087412923747376,0,0.27479687527373864,0,0.22897562823011566,0