msdX(mean),msdX(std),msdY(mean),msdY(std),msdZ(mean),msdZ(std),DmsdX(mean),DmsdX(std),DmsdY(mean),DmsdY(std),DmsdZ(mean),DmsdZ(std)
1122.4577575000001,0,1310.0734474999999,0,1082.0583375000001,0,0.19131933051338576,0,0.22329782410458615,0,0.18443337873846644,0