msdX(mean),msdX(std),msdY(mean),msdY(std),msdZ(mean),msdZ(std),DmsdX(mean),DmsdX(std),DmsdY(mean),DmsdY(std),DmsdZ(mean),DmsdZ(std)
939.61466250000001,0,1089.8216150000001,0,902.07362999999998,0,0.21088398027201721,0,0.24459592759673221,0,0.20245839617559921,0