msdX(mean),msdX(std),msdY(mean),msdY(std),msdZ(mean),msdZ(std),DmsdX(mean),DmsdX(std),DmsdY(mean),DmsdY(std),DmsdZ(mean),DmsdZ(std)
987.68248749999998,0,1156.4538924999999,0,951.97972249999998,0,0.20327704114184572,0,0.23801224427842263,0,0.19592897886309377,0