msdX(mean),msdX(std),msdY(mean),msdY(std),msdZ(mean),msdZ(std),DmsdX(mean),DmsdX(std),DmsdY(mean),DmsdY(std),DmsdZ(mean),DmsdZ(std)
1059.8660500000001,0,1235.5269925,0,1017.3352374999999,0,0.19763050545106475,0,0.23038555110450878,0,0.18969989386895067,0