msdX(mean),msdX(std),msdY(mean),msdY(std),msdZ(mean),msdZ(std),DmsdX(mean),DmsdX(std),DmsdY(mean),DmsdY(std),DmsdZ(mean),DmsdZ(std)
1002.49855,0,1167.7751699999999,0,964.57399999999996,0,0.20213294418904748,0,0.23545753084926199,0,0.19448624889103958,0