msdX(mean),msdX(std),msdY(mean),msdY(std),msdZ(mean),msdZ(std),DmsdX(mean),DmsdX(std),DmsdY(mean),DmsdY(std),DmsdZ(mean),DmsdZ(std)
1509.6897274999999,0,1811.2065500000001,0,1491.5353700000001,0,0.15898164779907328,0,0.19073362994945242,0,0.15706985783487784,0