msdX(mean),msdX(std),msdY(mean),msdY(std),msdZ(mean),msdZ(std),DmsdX(mean),DmsdX(std),DmsdY(mean),DmsdY(std),DmsdZ(mean),DmsdZ(std)
1180.8847000000001,0,1384.3032125,0,1145.7172049999999,0,0.18535505525093132,0,0.21728420940416893,0,0.17983506419781506,0