msdX(mean),msdX(std),msdY(mean),msdY(std),msdZ(mean),msdZ(std),DmsdX(mean),DmsdX(std),DmsdY(mean),DmsdY(std),DmsdZ(mean),DmsdZ(std)
976.70525250000003,0,1137.3527099999999,0,940.06287250000003,0,0.20527642969735183,0,0.2390400819672131,0,0.19757521490121902,0