msdX(mean),msdX(std),msdY(mean),msdY(std),msdZ(mean),msdZ(std),DmsdX(mean),DmsdX(std),DmsdY(mean),DmsdY(std),DmsdZ(mean),DmsdZ(std)
444.33588750000001,0,501.65952249999998,0,415.90018750000002,0,0.31043494701909646,0,0.35048406322775966,0,0.29056836574289707,0