msdX(mean),msdX(std),msdY(mean),msdY(std),msdZ(mean),msdZ(std),DmsdX(mean),DmsdX(std),DmsdY(mean),DmsdY(std),DmsdZ(mean),DmsdZ(std)
1477.3390300000001,0,1768.7083574999999,0,1451.6478924999999,0,0.16069211516707274,0,0.19238474128741731,0,0.15789765624999999,0