msdX(mean),msdX(std),msdY(mean),msdY(std),msdZ(mean),msdZ(std),DmsdX(mean),DmsdX(std),DmsdY(mean),DmsdY(std),DmsdZ(mean),DmsdZ(std)
562.83912999999995,0,637.50975500000004,0,531.81346499999995,0,0.27641642765936547,0,0.31308798497200668,0,0.26117938562027304,0