msdX(mean),msdX(std),msdY(mean),msdY(std),msdZ(mean),msdZ(std),DmsdX(mean),DmsdX(std),DmsdY(mean),DmsdY(std),DmsdZ(mean),DmsdZ(std)
911.09690000000001,0,1054.1624075,0,872.30519749999996,0,0.2141741654913023,0,0.24780498530794545,0,0.2050552885519511,0