msdX(mean),msdX(std),msdY(mean),msdY(std),msdZ(mean),msdZ(std),DmsdX(mean),DmsdX(std),DmsdY(mean),DmsdY(std),DmsdZ(mean),DmsdZ(std)
463.42064249999999,0,523.87345500000004,0,436.55609500000003,0,0.30246756755286747,0,0.3419241939343835,0,0.28493348816465064,0