msdX(mean),msdX(std),msdY(mean),msdY(std),msdZ(mean),msdZ(std),DmsdX(mean),DmsdX(std),DmsdY(mean),DmsdY(std),DmsdZ(mean),DmsdZ(std)
331.71124750000001,0,367.37921999999998,0,305.39908500000001,0,0.35770443655643425,0,0.39616738317757005,0,0.32933042954708841,0