msdX(mean),msdX(std),msdY(mean),msdY(std),msdZ(mean),msdZ(std),DmsdX(mean),DmsdX(std),DmsdY(mean),DmsdY(std),DmsdZ(mean),DmsdZ(std)
952.08959500000003,0,1105.8531224999999,0,915.87307999999996,0,0.20895654354314813,0,0.24270325750592572,0,0.20100805021508208,0