msdX(mean),msdX(std),msdY(mean),msdY(std),msdZ(mean),msdZ(std),DmsdX(mean),DmsdX(std),DmsdY(mean),DmsdY(std),DmsdZ(mean),DmsdZ(std)
1365.65299,0,1624.3416775000001,0,1334.8883975000001,0,0.16891889873835245,0,0.20091634503587036,0,0.16511359744784365,0