msdX(mean),msdX(std),msdY(mean),msdY(std),msdZ(mean),msdZ(std),DmsdX(mean),DmsdX(std),DmsdY(mean),DmsdY(std),DmsdZ(mean),DmsdZ(std)
1313.14972825,0,1312.93573825,0,1145.7706127500001,0,0.49882862521209509,0,0.49874733643350977,0,0.4352460098576747,0