msdX(mean),msdX(std),msdY(mean),msdY(std),msdZ(mean),msdZ(std),DmsdX(mean),DmsdX(std),DmsdY(mean),DmsdY(std),DmsdZ(mean),DmsdZ(std)
92.284343250000006,0,91.031972499999995,0,81.253715999999997,0,1.2142676743421053,0,1.1977891118421051,0,1.069127842105263,0