msdX(mean),msdX(std),msdY(mean),msdY(std),msdZ(mean),msdZ(std),DmsdX(mean),DmsdX(std),DmsdY(mean),DmsdY(std),DmsdZ(mean),DmsdZ(std)
290.91347000000002,0,284.43441200000001,0,250.70377400000001,0,0.88928103729366215,0,0.86947547992663543,0,0.76636572447523954,0