msdX(mean),msdX(std),msdY(mean),msdY(std),msdZ(mean),msdZ(std),DmsdX(mean),DmsdX(std),DmsdY(mean),DmsdY(std),DmsdZ(mean),DmsdZ(std)
248.04875275000001,0,242.05765775,0,213.61155124999999,0,0.93415297294752708,0,0.91159047608586508,0,0.8044622818855135,0