msdX(mean),msdX(std),msdY(mean),msdY(std),msdZ(mean),msdZ(std),DmsdX(mean),DmsdX(std),DmsdY(mean),DmsdY(std),DmsdZ(mean),DmsdZ(std)
2934.241055,0,3000.6041047499998,0,2597.2470392499999,0,0.34669766937637359,0,0.35453885019613868,0,0.30687986379587401,0