msdX(mean),msdX(std),msdY(mean),msdY(std),msdZ(mean),msdZ(std),DmsdX(mean),DmsdX(std),DmsdY(mean),DmsdY(std),DmsdZ(mean),DmsdZ(std)
211.27757249999999,0,205.88926425,0,182.12882525000001,0,0.97995163497217064,0,0.95495948167903522,0,0.8447533638682746,0