msdX(mean),msdX(std),msdY(mean),msdY(std),msdZ(mean),msdZ(std),DmsdX(mean),DmsdX(std),DmsdY(mean),DmsdY(std),DmsdZ(mean),DmsdZ(std)
3193.4696140000001,0,3278.5826124999999,0,2832.516165,0,0.33294672530634661,0,0.34182048881652571,0,0.2953142179213612,0