msdX(mean),msdX(std),msdY(mean),msdY(std),msdZ(mean),msdZ(std),DmsdX(mean),DmsdX(std),DmsdY(mean),DmsdY(std),DmsdZ(mean),DmsdZ(std)
2770.4073994999999,0,2826.4084404999999,0,2449.5566545000001,0,0.35581603884289026,0,0.36300850756907638,0,0.31460771649784658,0