msdX(mean),msdX(std),msdY(mean),msdY(std),msdZ(mean),msdZ(std),DmsdX(mean),DmsdX(std),DmsdY(mean),DmsdY(std),DmsdZ(mean),DmsdZ(std)
492.14390750000001,0,481.83716299999998,0,424.99654425,0,0.74043717276830501,0,0.72493053610832503,0,0.63941305554162486,0