msdX(mean),msdX(std),msdY(mean),msdY(std),msdZ(mean),msdZ(std),DmsdX(mean),DmsdX(std),DmsdY(mean),DmsdY(std),DmsdZ(mean),DmsdZ(std)
147.17456050000001,0,144.33218299999999,0,127.77586325,0,1.0800481445694718,0,1.0591892098825832,0,0.93768979880136993,0