msdX(mean),msdX(std),msdY(mean),msdY(std),msdZ(mean),msdZ(std),DmsdX(mean),DmsdX(std),DmsdY(mean),DmsdY(std),DmsdZ(mean),DmsdZ(std)
281.65075150000001,0,275.51008524999997,0,242.69103824999999,0,0.8977393269230769,0,0.87816644257331056,0,0.77355834546323832,0