msdX(mean),msdX(std),msdY(mean),msdY(std),msdZ(mean),msdZ(std),DmsdX(mean),DmsdX(std),DmsdY(mean),DmsdY(std),DmsdZ(mean),DmsdZ(std)
340.36070224999997,0,332.51786149999998,0,292.72914050000003,0,0.84470723589510255,0,0.82524287268365315,0,0.72649521963931174,0