msdX(mean),msdX(std),msdY(mean),msdY(std),msdZ(mean),msdZ(std),DmsdX(mean),DmsdX(std),DmsdY(mean),DmsdY(std),DmsdZ(mean),DmsdZ(std)
1040.599643,0,1034.2247970000001,0,904.94755250000003,0,0.55186659047518039,0,0.54848578542638959,0,0.47992551575095466,0