msdX(mean),msdX(std),msdY(mean),msdY(std),msdZ(mean),msdZ(std),DmsdX(mean),DmsdX(std),DmsdY(mean),DmsdY(std),DmsdZ(mean),DmsdZ(std)
1914.6449004999999,0,1927.2692352500001,0,1680.9390969999999,0,0.42291409838902061,0,0.42570260979767044,0,0.37129226545818672,0