msdX(mean),msdX(std),msdY(mean),msdY(std),msdZ(mean),msdZ(std),DmsdX(mean),DmsdX(std),DmsdY(mean),DmsdY(std),DmsdZ(mean),DmsdZ(std)
256.02057400000001,0,250.14680200000001,0,220.54236574999999,0,0.9247071057067181,0,0.90349194076571149,0,0.79656525072236928,0