msdX(mean),msdX(std),msdY(mean),msdY(std),msdZ(mean),msdZ(std),DmsdX(mean),DmsdX(std),DmsdY(mean),DmsdY(std),DmsdZ(mean),DmsdZ(std)
34.344145249999997,0,34.045329500000001,0,31.119860750000001,0,1.5151828786764703,0,1.501999830882353,0,1.3729350330882353,0