msdX(mean),msdX(std),msdY(mean),msdY(std),msdZ(mean),msdZ(std),DmsdX(mean),DmsdX(std),DmsdY(mean),DmsdY(std),DmsdZ(mean),DmsdZ(std)
53.725953750000002,0,52.97104375,0,48.026312750000002,0,1.3775885576923077,0,1.358231891025641,0,1.2314439166666666,0