msdX(mean),msdX(std),msdY(mean),msdY(std),msdZ(mean),msdZ(std),DmsdX(mean),DmsdX(std),DmsdY(mean),DmsdY(std),DmsdZ(mean),DmsdZ(std)
385.28110500000003,0,376.66944925000001,0,331.23230425000003,0,0.80918742299075896,0,0.79110077551806224,0,0.69567131948333805,0