msdX(mean),msdX(std),msdY(mean),msdY(std),msdZ(mean),msdZ(std),DmsdX(mean),DmsdX(std),DmsdY(mean),DmsdY(std),DmsdZ(mean),DmsdZ(std)
1610.49049425,0,1617.9977214999999,0,1409.19962975,0,0.45687673595744682,0,0.45900644581560279,0,0.39977294460992907,0