msdX(mean),msdX(std),msdY(mean),msdY(std),msdZ(mean),msdZ(std),DmsdX(mean),DmsdX(std),DmsdY(mean),DmsdY(std),DmsdZ(mean),DmsdZ(std)
57.530783999999997,0,56.752070500000002,0,51.324116750000002,0,1.3568581132075472,0,1.338492228773585,0,1.2104744516509436,0