msdX(mean),msdX(std),msdY(mean),msdY(std),msdZ(mean),msdZ(std),DmsdX(mean),DmsdX(std),DmsdY(mean),DmsdY(std),DmsdZ(mean),DmsdZ(std)
591.44638974999998,0,578.988202,0,511.36558524999998,0,0.69283060103475202,0,0.67823686294416252,0,0.59902255203045685,0