msdX(mean),msdX(std),msdY(mean),msdY(std),msdZ(mean),msdZ(std),DmsdX(mean),DmsdX(std),DmsdY(mean),DmsdY(std),DmsdZ(mean),DmsdZ(std)
708.27162075000001,0,696.21785624999995,0,612.53678324999998,0,0.64599746511309741,0,0.63500351719263037,0,0.55868002850237131,0