msdX(mean),msdX(std),msdY(mean),msdY(std),msdZ(mean),msdZ(std),DmsdX(mean),DmsdX(std),DmsdY(mean),DmsdY(std),DmsdZ(mean),DmsdZ(std)
48.395133749999999,0,47.833108250000002,0,43.512669250000002,0,1.4068352834302327,0,1.3904973328488373,0,1.2649031758720932,0