msdX(mean),msdX(std),msdY(mean),msdY(std),msdZ(mean),msdZ(std),DmsdX(mean),DmsdX(std),DmsdY(mean),DmsdY(std),DmsdZ(mean),DmsdZ(std)
628.17617925000002,0,615.89902849999999,0,542.86644224999998,0,0.67696261863280416,0,0.66373197984769028,0,0.58502741818736981,0