msdX(mean),msdX(std),msdY(mean),msdY(std),msdZ(mean),msdZ(std),DmsdX(mean),DmsdX(std),DmsdY(mean),DmsdY(std),DmsdZ(mean),DmsdZ(std)
39.446414249999997,0,39.101858749999998,0,35.633436000000003,0,1.4718811287313431,0,1.4590245802238806,0,1.3296058208955224,0