msdX(mean),msdX(std),msdY(mean),msdY(std),msdZ(mean),msdZ(std),DmsdX(mean),DmsdX(std),DmsdY(mean),DmsdY(std),DmsdZ(mean),DmsdZ(std)
218.08666575000001,0,212.77155375000001,0,187.98185549999999,0,0.97042420238801552,0,0.94677345186888173,0,0.83646628077721752,0