msdX(mean),msdX(std),msdY(mean),msdY(std),msdZ(mean),msdZ(std),DmsdX(mean),DmsdX(std),DmsdY(mean),DmsdY(std),DmsdZ(mean),DmsdZ(std)
448.82799475000002,0,439.66335299999997,0,386.91283275000001,0,0.76522163233121165,0,0.74959653273471238,0,0.65966043319504442,0