msdX(mean),msdX(std),msdY(mean),msdY(std),msdZ(mean),msdZ(std),DmsdX(mean),DmsdX(std),DmsdY(mean),DmsdY(std),DmsdZ(mean),DmsdZ(std)
373.27147524999998,0,364.95587575000002,0,321.07548850000001,0,0.81738279251824808,0,0.79917345054744526,0,0.70308501131386858,0