msdX(mean),msdX(std),msdY(mean),msdY(std),msdZ(mean),msdZ(std),DmsdX(mean),DmsdX(std),DmsdY(mean),DmsdY(std),DmsdZ(mean),DmsdZ(std)
42.214659500000003,0,41.791755250000001,0,38.109280499999997,0,1.4490157723112129,0,1.4344996081235699,0,1.3080988729977117,0