msdX(mean),msdX(std),msdY(mean),msdY(std),msdZ(mean),msdZ(std),DmsdX(mean),DmsdX(std),DmsdY(mean),DmsdY(std),DmsdZ(mean),DmsdZ(std)
309.69663774999998,0,302.86016949999998,0,266.59333175,0,0.87091292955568045,0,0.8516877657480314,0,0.74970003304274457,0