msdX(mean),msdX(std),msdY(mean),msdY(std),msdZ(mean),msdZ(std),DmsdX(mean),DmsdX(std),DmsdY(mean),DmsdY(std),DmsdZ(mean),DmsdZ(std)
204.39387124999999,0,199.35040724999999,0,176.36166800000001,0,0.98868367260561107,0,0.9642876842147694,0,0.85308772009029354,0