msdX(mean),msdX(std),msdY(mean),msdY(std),msdZ(mean),msdZ(std),DmsdX(mean),DmsdX(std),DmsdY(mean),DmsdY(std),DmsdZ(mean),DmsdZ(std)
847.52170224999998,0,834.63749325000003,0,734.28362049999998,0,0.60184753745916775,0,0.59269812047294423,0,0.5214341858400795,0