msdX(mean),msdX(std),msdY(mean),msdY(std),msdZ(mean),msdZ(std),DmsdX(mean),DmsdX(std),DmsdY(mean),DmsdY(std),DmsdZ(mean),DmsdZ(std)
1476.2763554999999,0,1479.72753425,0,1289.64626125,0,0.47462588589891969,0,0.47573544696823555,0,0.41462392658500513,0