msdX(mean),msdX(std),msdY(mean),msdY(std),msdZ(mean),msdZ(std),DmsdX(mean),DmsdX(std),DmsdY(mean),DmsdY(std),DmsdZ(mean),DmsdZ(std)
32.037984999999999,0,31.772665499999999,0,29.101333499999999,0,1.5353666932907348,0,1.5226517012779552,0,1.3946325958466452,0