msdX(mean),msdX(std),msdY(mean),msdY(std),msdZ(mean),msdZ(std),DmsdX(mean),DmsdX(std),DmsdY(mean),DmsdY(std),DmsdZ(mean),DmsdZ(std)
95.502126000000004,0,94.159103000000002,0,84.033026500000005,0,1.2048207653490328,0,1.1878776661059713,0,1.0601306959629941,0