msdX(mean),msdX(std),msdY(mean),msdY(std),msdZ(mean),msdZ(std),DmsdX(mean),DmsdX(std),DmsdY(mean),DmsdY(std),DmsdZ(mean),DmsdZ(std)
272.93720775000003,0,266.74742025,0,235.28016299999999,0,0.90696901113203376,0,0.88640037743686306,0,0.78183483495790873,0