msdX(mean),msdX(std),msdY(mean),msdY(std),msdZ(mean),msdZ(std),DmsdX(mean),DmsdX(std),DmsdY(mean),DmsdY(std),DmsdZ(mean),DmsdZ(std)
1519.1958872499999,0,1524.39878475,0,1328.48889375,0,0.46847312683736608,0,0.47007753985671114,0,0.40966497556174575,0