msdX(mean),msdX(std),msdY(mean),msdY(std),msdZ(mean),msdZ(std),DmsdX(mean),DmsdX(std),DmsdY(mean),DmsdY(std),DmsdZ(mean),DmsdZ(std)
68.143062499999999,0,67.229263250000002,0,60.561595750000002,0,1.305422653256705,0,1.2879169204980845,0,1.1601838266283526,0