msdX(mean),msdX(std),msdY(mean),msdY(std),msdZ(mean),msdZ(std),DmsdX(mean),DmsdX(std),DmsdY(mean),DmsdY(std),DmsdZ(mean),DmsdZ(std)
2339.4493737500002,0,2363.2299712499998,0,2058.79617925,0,0.38590340913464716,0,0.38982613289583651,0,0.3396083168974201,0