msdX(mean),msdX(std),msdY(mean),msdY(std),msdZ(mean),msdZ(std),DmsdX(mean),DmsdX(std),DmsdY(mean),DmsdY(std),DmsdZ(mean),DmsdZ(std)
897.64975149999998,0,886.76388574999999,0,779.67683899999997,0,0.58644365298344947,0,0.57933180689242159,0,0.50937075718641112,0