msdX(mean),msdX(std),msdY(mean),msdY(std),msdZ(mean),msdZ(std),DmsdX(mean),DmsdX(std),DmsdY(mean),DmsdY(std),DmsdZ(mean),DmsdZ(std)
2847.9865574999999,0,2912.7855262500002,0,2522.3308057499999,0,0.35083807631503305,0,0.35882053869133168,0,0.31072116031905717,0