msdX(mean),msdX(std),msdY(mean),msdY(std),msdZ(mean),msdZ(std),DmsdX(mean),DmsdX(std),DmsdY(mean),DmsdY(std),DmsdZ(mean),DmsdZ(std)
78.149120749999994,0,76.96548525,0,69.070409249999997,0,1.2659144829913607,0,1.2467411217602591,0,1.118851121760259,0