msdX(mean),msdX(std),msdY(mean),msdY(std),msdZ(mean),msdZ(std),DmsdX(mean),DmsdX(std),DmsdY(mean),DmsdY(std),DmsdZ(mean),DmsdZ(std)
2475.4613254999999,0,2503.953137,0,2180.9430432499998,0,0.37565804929434971,0,0.3799817598765744,0,0.33096409174717989,0