msdX(mean),msdX(std),msdY(mean),msdY(std),msdZ(mean),msdZ(std),DmsdX(mean),DmsdX(std),DmsdY(mean),DmsdY(std),DmsdZ(mean),DmsdZ(std)
137.60189575000001,0,135.22964024999999,0,119.7390915,0,1.0978874660904256,0,1.0789598956117021,0,0.95536509175531914,0