msdX(mean),msdX(std),msdY(mean),msdY(std),msdZ(mean),msdZ(std),DmsdX(mean),DmsdX(std),DmsdY(mean),DmsdY(std),DmsdZ(mean),DmsdZ(std)
1169.8482407500001,0,1167.1057282500001,0,1017.3155057500001,0,0.52508224696280559,0,0.52385127992309766,0,0.45661846812442025,0