msdX(mean),msdX(std),msdY(mean),msdY(std),msdZ(mean),msdZ(std),DmsdX(mean),DmsdX(std),DmsdY(mean),DmsdY(std),DmsdZ(mean),DmsdZ(std)
264.37295749999998,0,258.270533,0,227.86060599999999,0,0.91584165415704377,0,0.89470161547344107,0,0.78935544803695146,0