msdX(mean),msdX(std),msdY(mean),msdY(std),msdZ(mean),msdZ(std),DmsdX(mean),DmsdX(std),DmsdY(mean),DmsdY(std),DmsdZ(mean),DmsdZ(std)
102.22945824999999,0,100.59647025,0,89.638035250000001,0,1.1868745152863778,0,1.1679156762770899,0,1.0406892637383902,0