msdX(mean),msdX(std),msdY(mean),msdY(std),msdZ(mean),msdZ(std),DmsdX(mean),DmsdX(std),DmsdY(mean),DmsdY(std),DmsdZ(mean),DmsdZ(std)
70.149490999999998,0,68.993663249999997,0,65.084493749999993,0,2.0392293895348836,0,2.0056297456395349,0,1.8919910973837208,0