msdX(mean),msdX(std),msdY(mean),msdY(std),msdZ(mean),msdZ(std),DmsdX(mean),DmsdX(std),DmsdY(mean),DmsdY(std),DmsdZ(mean),DmsdZ(std)
2276.5480602500002,0,2151.8544972499999,0,1991.148563,0,1.2587349664104834,0,1.1897901676711269,0,1.1009336298794647,0