msdX(mean),msdX(std),msdY(mean),msdY(std),msdZ(mean),msdZ(std),DmsdX(mean),DmsdX(std),DmsdY(mean),DmsdY(std),DmsdZ(mean),DmsdZ(std)
882.90518850000001,0,840.06730149999999,0,785.45895900000005,0,1.5052941381563993,0,1.4322584135599001,0,1.3391548516708345,0