msdX(mean),msdX(std),msdY(mean),msdY(std),msdZ(mean),msdZ(std),DmsdX(mean),DmsdX(std),DmsdY(mean),DmsdY(std),DmsdZ(mean),DmsdZ(std)
3987.4598780000001,0,3753.5553985000001,0,3429.0994194999998,0,1.1311942916312057,0,1.0648384109219859,0,0.97279416156028364,0