msdX(mean),msdX(std),msdY(mean),msdY(std),msdZ(mean),msdZ(std),DmsdX(mean),DmsdX(std),DmsdY(mean),DmsdY(std),DmsdZ(mean),DmsdZ(std)
445.91245149999997,0,427.21731949999997,0,399.98955849999999,0,1.6793087553351747,0,1.6089027849610846,0,1.5063628866432339,0