msdX(mean),msdX(std),msdY(mean),msdY(std),msdZ(mean),msdZ(std),DmsdX(mean),DmsdX(std),DmsdY(mean),DmsdY(std),DmsdZ(mean),DmsdZ(std)
8051.6328905,0,7583.5273205000003,0,6821.9251002499996,0,0.99186542403399991,0,0.93420038440849174,0,0.84038004766353214,0