msdX(mean),msdX(std),msdY(mean),msdY(std),msdZ(mean),msdZ(std),DmsdX(mean),DmsdX(std),DmsdY(mean),DmsdY(std),DmsdZ(mean),DmsdZ(std)
3465.9710902500001,0,3263.44628775,0,2995.3871117499998,0,1.1617780190782123,0,1.0938926104189943,0,1.0040403726536311,0