msdX(mean),msdX(std),msdY(mean),msdY(std),msdZ(mean),msdZ(std),DmsdX(mean),DmsdX(std),DmsdY(mean),DmsdY(std),DmsdZ(mean),DmsdZ(std)
55.6505595,0,54.882854500000001,0,51.881286000000003,0,2.0765134141791046,0,2.0478677052238807,0,1.935868880597015,0