msdX(mean),msdX(std),msdY(mean),msdY(std),msdZ(mean),msdZ(std),DmsdX(mean),DmsdX(std),DmsdY(mean),DmsdY(std),DmsdZ(mean),DmsdZ(std)
53.561141999999997,0,52.848363999999997,0,49.97956525,0,2.0813915284974089,0,2.0536929015544039,0,1.9422110848445595,0