msdX(mean),msdX(std),msdY(mean),msdY(std),msdZ(mean),msdZ(std),DmsdX(mean),DmsdX(std),DmsdY(mean),DmsdY(std),DmsdZ(mean),DmsdZ(std)
399.53017075000002,0,383.32966249999998,0,359.1775025,0,1.7049651667852064,0,1.6358307076813654,0,1.5327631685633001,0