msdX(mean),msdX(std),msdY(mean),msdY(std),msdZ(mean),msdZ(std),DmsdX(mean),DmsdX(std),DmsdY(mean),DmsdY(std),DmsdZ(mean),DmsdZ(std)
462.65516324999999,0,443.05245100000002,0,414.5422595,0,1.6710395975800625,0,1.6002376029376355,0,1.4972631573561281,0