msdX(mean),msdX(std),msdY(mean),msdY(std),msdZ(mean),msdZ(std),DmsdX(mean),DmsdX(std),DmsdY(mean),DmsdY(std),DmsdZ(mean),DmsdZ(std)
7251.6777565000002,0,6820.1101962499997,0,6132.2280805,0,1.0123893967787871,0,0.95213928133492787,0,0.85610570350601245,0