msdX(mean),msdX(std),msdY(mean),msdY(std),msdZ(mean),msdZ(std),DmsdX(mean),DmsdX(std),DmsdY(mean),DmsdY(std),DmsdZ(mean),DmsdZ(std)
49.590644750000003,0,48.900401250000002,0,46.257637250000002,0,2.0953793556338027,0,2.0662141373239438,0,1.9545480528169015,0