msdX(mean),msdX(std),msdY(mean),msdY(std),msdZ(mean),msdZ(std),DmsdX(mean),DmsdX(std),DmsdY(mean),DmsdY(std),DmsdZ(mean),DmsdZ(std)
574.95921999999996,0,549.72462174999998,0,513.81401925,0,1.6168706974128231,0,1.5459072602643418,0,1.4449213139763779,0