msdX(mean),msdX(std),msdY(mean),msdY(std),msdZ(mean),msdZ(std),DmsdX(mean),DmsdX(std),DmsdY(mean),DmsdY(std),DmsdZ(mean),DmsdZ(std)
5279.8029847500002,0,4964.5229142500002,0,4506.1339367500004,0,1.0728835467609088,0,1.0088169894976768,0,0.91566995476990409,0