msdX(mean),msdX(std),msdY(mean),msdY(std),msdZ(mean),msdZ(std),DmsdX(mean),DmsdX(std),DmsdY(mean),DmsdY(std),DmsdZ(mean),DmsdZ(std)
2198.9107305000002,0,2077.6722412499998,0,1923.77003575,0,1.2675785310902734,0,1.1976896975039391,0,1.1089716204700051,0