msdX(mean),msdX(std),msdY(mean),msdY(std),msdZ(mean),msdZ(std),DmsdX(mean),DmsdX(std),DmsdY(mean),DmsdY(std),DmsdZ(mean),DmsdZ(std)
6524.1591815000002,0,6133.5276942500004,0,5539.58836075,0,1.0322274486324849,0,0.97042323260676966,0,0.87645242873680218,0