msdX(mean),msdX(std),msdY(mean),msdY(std),msdZ(mean),msdZ(std),DmsdX(mean),DmsdX(std),DmsdY(mean),DmsdY(std),DmsdZ(mean),DmsdZ(std)
82.063359000000005,0,80.433908000000002,0,75.718751249999997,0,2.0179514508196723,0,1.9778829836065575,0,1.861936506147541,0