msdX(mean),msdX(std),msdY(mean),msdY(std),msdZ(mean),msdZ(std),DmsdX(mean),DmsdX(std),DmsdY(mean),DmsdY(std),DmsdZ(mean),DmsdZ(std)
2530.7979475000002,0,2389.7719767499998,0,2207.1036184999998,0,1.2347363542852499,0,1.1659320101235973,0,1.076811002683363,0