msdX(mean),msdX(std),msdY(mean),msdY(std),msdZ(mean),msdZ(std),DmsdX(mean),DmsdX(std),DmsdY(mean),DmsdY(std),DmsdZ(mean),DmsdZ(std)
1217.2389277499999,0,1151.9182607499999,0,1074.6441405,0,1.425894878270207,0,1.3493771113822726,0,1.2588568611870363,0