msdX(mean),msdX(std),msdY(mean),msdY(std),msdZ(mean),msdZ(std),DmsdX(mean),DmsdX(std),DmsdY(mean),DmsdY(std),DmsdZ(mean),DmsdZ(std)
1499.49274025,0,1420.7525282500001,0,1320.1885837499999,0,1.3676511676851513,0,1.2958341191627143,0,1.2041121705125866,0