msdX(mean),msdX(std),msdY(mean),msdY(std),msdZ(mean),msdZ(std),DmsdX(mean),DmsdX(std),DmsdY(mean),DmsdY(std),DmsdZ(mean),DmsdZ(std)
3848.1211945,0,3623.5631787500001,0,3314.5852300000001,0,1.1381606608991424,0,1.0717430283200238,0,0.98035647145814853,0