msdX(mean),msdX(std),msdY(mean),msdY(std),msdZ(mean),msdZ(std),DmsdX(mean),DmsdX(std),DmsdY(mean),DmsdY(std),DmsdZ(mean),DmsdZ(std)
5662.4430235,0,5323.1131320000004,0,4825.7606777499996,0,1.0585456617417963,0,0.99511081867919604,0,0.9021349987693017,0