msdX(mean),msdX(std),msdY(mean),msdY(std),msdZ(mean),msdZ(std),DmsdX(mean),DmsdX(std),DmsdY(mean),DmsdY(std),DmsdZ(mean),DmsdZ(std)
6299.5171157499999,0,5918.4830890000003,0,5353.2089244999997,0,1.0391356009440913,0,0.97628220835990942,0,0.88303752026194826,0