msdX(mean),msdX(std),msdY(mean),msdY(std),msdZ(mean),msdZ(std),DmsdX(mean),DmsdX(std),DmsdY(mean),DmsdY(std),DmsdZ(mean),DmsdZ(std)
204.23154324999999,0,198.61020725,0,185.66349750000001,0,1.8465781487341772,0,1.7957523259493673,0,1.6786934674502714,0