msdX(mean),msdX(std),msdY(mean),msdY(std),msdZ(mean),msdZ(std),DmsdX(mean),DmsdX(std),DmsdY(mean),DmsdY(std),DmsdZ(mean),DmsdZ(std)
3015.4079065000001,0,2839.491442,0,2614.3265512500002,0,1.1942524844880393,0,1.1245807580398162,0,1.0354041893845383,0