msdX(mean),msdX(std),msdY(mean),msdY(std),msdZ(mean),msdZ(std),DmsdX(mean),DmsdX(std),DmsdY(mean),DmsdY(std),DmsdZ(mean),DmsdZ(std)
1981.6637089999999,0,1874.4561484999999,0,1733.2434577500001,0,1.2946409248693378,0,1.2246011423127177,0,1.1323454645579267,0