msdX(mean),msdX(std),msdY(mean),msdY(std),msdZ(mean),msdZ(std),DmsdX(mean),DmsdX(std),DmsdY(mean),DmsdY(std),DmsdZ(mean),DmsdZ(std)
169.51602675000001,0,164.62292149999999,0,154.40020774999999,0,1.8877063112472161,0,1.8332173886414254,0,1.7193787054565701,0