msdX(mean),msdX(std),msdY(mean),msdY(std),msdZ(mean),msdZ(std),DmsdX(mean),DmsdX(std),DmsdY(mean),DmsdY(std),DmsdZ(mean),DmsdZ(std)
228.77692675,0,221.92525975000001,0,207.38919325000001,0,1.8253478198138298,0,1.7706802639627661,0,1.6547010099734043,0