msdX(mean),msdX(std),msdY(mean),msdY(std),msdZ(mean),msdZ(std),DmsdX(mean),DmsdX(std),DmsdY(mean),DmsdY(std),DmsdZ(mean),DmsdZ(std)
92.006445749999997,0,90.099523500000004,0,84.728559750000002,0,1.9972455662083937,0,1.9558507272069467,0,1.839259618306802,0