msdX(mean),msdX(std),msdY(mean),msdY(std),msdZ(mean),msdZ(std),DmsdX(mean),DmsdX(std),DmsdY(mean),DmsdY(std),DmsdZ(mean),DmsdZ(std)
8954.2949245,0,8445.6790747499999,0,7558.6350832500002,0,0.97332113878300819,0,0.91803520479760281,0,0.82161458483398064,0