msdX(mean),msdX(std),msdY(mean),msdY(std),msdZ(mean),msdZ(std),DmsdX(mean),DmsdX(std),DmsdY(mean),DmsdY(std),DmsdZ(mean),DmsdZ(std)
145.41635049999999,0,141.72443125000001,0,133.11458275000001,0,1.9133730328947367,0,1.8647951480263159,0,1.751507667763158,0