msdX(mean),msdX(std),msdY(mean),msdY(std),msdZ(mean),msdZ(std),DmsdX(mean),DmsdX(std),DmsdY(mean),DmsdY(std),DmsdZ(mean),DmsdZ(std)
6084.3106664999996,0,5712.1476709999997,0,5169.1942662499996,0,1.04638507661748,0,0.98238015873834816,0,0.88900255671069361,0