msdX(mean),msdX(std),msdY(mean),msdY(std),msdZ(mean),msdZ(std),DmsdX(mean),DmsdX(std),DmsdY(mean),DmsdY(std),DmsdZ(mean),DmsdZ(std)
75.874174499999995,0,74.440163999999996,0,70.169284000000005,0,2.0287212433155082,0,1.9903787165775402,0,1.8761840641711232,0