msdX(mean),msdX(std),msdY(mean),msdY(std),msdZ(mean),msdZ(std),DmsdX(mean),DmsdX(std),DmsdY(mean),DmsdY(std),DmsdZ(mean),DmsdZ(std)
9618.8602102500008,0,9077.7396260000005,0,8103.95339375,0,0.96188602102500009,0,0.90777396260000009,0,0.81039533937499997,0