msdX(mean),msdX(std),msdY(mean),msdY(std),msdZ(mean),msdZ(std),DmsdX(mean),DmsdX(std),DmsdY(mean),DmsdY(std),DmsdZ(mean),DmsdZ(std)
51.507926249999997,0,50.825811999999999,0,48.046157749999999,0,2.088159172297297,0,2.0605058918918919,0,1.947817206081081,0