msdX(mean),msdX(std),msdY(mean),msdY(std),msdZ(mean),msdZ(std),DmsdX(mean),DmsdX(std),DmsdY(mean),DmsdY(std),DmsdZ(mean),DmsdZ(std)
981.99047150000001,0,933.82770200000004,0,872.03248350000001,0,1.4774179611334004,0,1.4049564222668005,0,1.3119846792878638,0