msdX(mean),msdX(std),msdY(mean),msdY(std),msdZ(mean),msdZ(std),DmsdX(mean),DmsdX(std),DmsdY(mean),DmsdY(std),DmsdZ(mean),DmsdZ(std)
5469.8358852499996,0,5136.8594245000004,0,4663.7399304999999,0,1.0660924140636165,0,1.001193999135926,0,0.90898115873624297,0