msdX(mean),msdX(std),msdY(mean),msdY(std),msdZ(mean),msdZ(std),DmsdX(mean),DmsdX(std),DmsdY(mean),DmsdY(std),DmsdZ(mean),DmsdZ(std)
5869.6066417499997,0,5514.7442362499996,0,4996.9291022500001,0,1.0524540932658746,0,0.98882523122967858,0,0.89597801154430046,0