msdX(mean),msdX(std),msdY(mean),msdY(std),msdZ(mean),msdZ(std),DmsdX(mean),DmsdX(std),DmsdY(mean),DmsdY(std),DmsdZ(mean),DmsdZ(std)
414.817407,0,397.41933575000002,0,372.13711775000002,0,1.698215367085153,0,1.6269896387145197,0,1.5234871086926858,0