msdX(mean),msdX(std),msdY(mean),msdY(std),msdZ(mean),msdZ(std),DmsdX(mean),DmsdX(std),DmsdY(mean),DmsdY(std),DmsdZ(mean),DmsdZ(std)
2620.27993775,0,2473.1290469999999,0,2283.5468500000002,0,1.2261870302068385,0,1.1573262527297685,0,1.0686093077307044,0