msdX(mean),msdX(std),msdY(mean),msdY(std),msdZ(mean),msdZ(std),DmsdX(mean),DmsdX(std),DmsdY(mean),DmsdY(std),DmsdZ(mean),DmsdZ(std)
78.937532000000004,0,77.40058775,0,72.896370500000003,0,2.024039282051282,0,1.984630455128205,0,1.8691377051282052,0