msdX(mean),msdX(std),msdY(mean),msdY(std),msdZ(mean),msdZ(std),DmsdX(mean),DmsdX(std),DmsdY(mean),DmsdY(std),DmsdZ(mean),DmsdZ(std)
3593.37464275,0,3378.7304497499999,0,3098.5180702500002,0,1.15527734141911,0,1.0862687917148919,0,0.9961799351369599,0