msdX(mean),msdX(std),msdY(mean),msdY(std),msdZ(mean),msdZ(std),DmsdX(mean),DmsdX(std),DmsdY(mean),DmsdY(std),DmsdZ(mean),DmsdZ(std)
822.13116175000005,0,783.74607500000002,0,731.72091999999998,0,1.5235937022794663,0,1.4524575148257968,0,1.3560432171979242,0