msdX(mean),msdX(std),msdY(mean),msdY(std),msdZ(mean),msdZ(std),DmsdX(mean),DmsdX(std),DmsdY(mean),DmsdY(std),DmsdZ(mean),DmsdZ(std)
60.067351500000001,0,59.219337750000001,0,55.981220999999998,0,2.0618084038901601,0,2.0327003804347825,0,1.9215522082379863,0