msdX(mean),msdX(std),msdY(mean),msdY(std),msdZ(mean),msdZ(std),DmsdX(mean),DmsdX(std),DmsdY(mean),DmsdY(std),DmsdZ(mean),DmsdZ(std)
45.905330249999999,0,45.319041249999998,0,42.883323249999997,0,2.105749094036697,0,2.078855103211009,0,1.9671249197247704,0