msdX(mean),msdX(std),msdY(mean),msdY(std),msdZ(mean),msdZ(std),DmsdX(mean),DmsdX(std),DmsdY(mean),DmsdY(std),DmsdZ(mean),DmsdZ(std)
95.618667250000001,0,93.668350750000002,0,88.077196749999999,0,1.9892926612343969,0,1.9487174219833567,0,1.8323966036754509,0