msdX(mean),msdX(std),msdY(mean),msdY(std),msdZ(mean),msdZ(std),DmsdX(mean),DmsdX(std),DmsdY(mean),DmsdY(std),DmsdZ(mean),DmsdZ(std)
5013.3171224999996,0,3417.4188574999998,0,3714.7609600000001,0,0.64419755030668013,0,0.43912898437901554,0,0.47733663200095949,0