msdX(mean),msdX(std),msdY(mean),msdY(std),msdZ(mean),msdZ(std),DmsdX(mean),DmsdX(std),DmsdY(mean),DmsdY(std),DmsdZ(mean),DmsdZ(std)
612.15878750000002,0,527.32155499999999,0,444.76605749999999,0,1.1680933484925584,0,1.0062108287749651,0,0.84868221123266763,0