msdX(mean),msdX(std),msdY(mean),msdY(std),msdZ(mean),msdZ(std),DmsdX(mean),DmsdX(std),DmsdY(mean),DmsdY(std),DmsdZ(mean),DmsdZ(std)
707.80948999999998,0,595.87450000000001,0,514.73585000000003,0,1.1327368345246986,0,0.95360263522884881,0,0.82375309399338525,0