msdX(mean),msdX(std),msdY(mean),msdY(std),msdZ(mean),msdZ(std),DmsdX(mean),DmsdX(std),DmsdY(mean),DmsdY(std),DmsdZ(mean),DmsdZ(std)
3591.546495,0,2539.1702325000001,0,2617.0294724999999,0,0.72416051596902975,0,0.51197077032421967,0,0.52766946376723922,0