msdX(mean),msdX(std),msdY(mean),msdY(std),msdZ(mean),msdZ(std),DmsdX(mean),DmsdX(std),DmsdY(mean),DmsdY(std),DmsdZ(mean),DmsdZ(std)
4910.0197175000003,0,3364.3686425000001,0,3645.8101725000001,0,0.64770289123647873,0,0.44380907253099988,0,0.48093529669773988,0