msdX(mean),msdX(std),msdY(mean),msdY(std),msdZ(mean),msdZ(std),DmsdX(mean),DmsdX(std),DmsdY(mean),DmsdY(std),DmsdZ(mean),DmsdZ(std)
514.78202750000003,0,451.50949000000003,0,374.13527749999997,0,1.2162120668609231,0,1.0667258387147582,0,0.88392332060166956,0