msdX(mean),msdX(std),msdY(mean),msdY(std),msdZ(mean),msdZ(std),DmsdX(mean),DmsdX(std),DmsdY(mean),DmsdY(std),DmsdZ(mean),DmsdZ(std)
4610.6789525000004,0,3176.4394600000001,0,3410.9346949999999,0,0.66095343222282754,0,0.45535128013991227,0,0.48896681312537627,0