msdX(mean),msdX(std),msdY(mean),msdY(std),msdZ(mean),msdZ(std),DmsdX(mean),DmsdX(std),DmsdY(mean),DmsdY(std),DmsdZ(mean),DmsdZ(std)
2533.1034,0,1854.1563200000001,0,1824.6180724999999,0,0.80542120993725619,0,0.58954436153976597,0,0.58015243105604541,0