msdX(mean),msdX(std),msdY(mean),msdY(std),msdZ(mean),msdZ(std),DmsdX(mean),DmsdX(std),DmsdY(mean),DmsdY(std),DmsdZ(mean),DmsdZ(std)
2336.9043875000002,0,1735.1272775,0,1695.2864575000001,0,0.82208174982410898,0,0.61038717548076926,0,0.59637187763836774,0