msdX(mean),msdX(std),msdY(mean),msdY(std),msdZ(mean),msdZ(std),DmsdX(mean),DmsdX(std),DmsdY(mean),DmsdY(std),DmsdZ(mean),DmsdZ(std)
2276.0891849999998,0,1697.3023375,0,1641.7424249999999,0,0.83012394901283781,0,0.61903168309910517,0,0.59876814761233221,0