msdX(mean),msdX(std),msdY(mean),msdY(std),msdZ(mean),msdZ(std),DmsdX(mean),DmsdX(std),DmsdY(mean),DmsdY(std),DmsdZ(mean),DmsdZ(std)
4068.6626449999999,0,2833.3896924999999,0,2966.2787499999999,0,0.69349051946502427,0,0.48294220021249035,0,0.50559271453570287,0