msdX(mean),msdX(std),msdY(mean),msdY(std),msdZ(mean),msdZ(std),DmsdX(mean),DmsdX(std),DmsdY(mean),DmsdY(std),DmsdZ(mean),DmsdZ(std)
5716.5269550000003,0,3815.0073025000002,0,4256.4720724999997,0,0.61505067083405063,0,0.41046299949431919,0,0.45796093050654157,0