msdX(mean),msdX(std),msdY(mean),msdY(std),msdZ(mean),msdZ(std),DmsdX(mean),DmsdX(std),DmsdY(mean),DmsdY(std),DmsdZ(mean),DmsdZ(std)
1288.7603624999999,0,1032.37781,0,931.92830249999997,0,0.96860434099108128,0,0.77591277432608474,0,0.70041710279086078,0