msdX(mean),msdX(std),msdY(mean),msdY(std),msdZ(mean),msdZ(std),DmsdX(mean),DmsdX(std),DmsdY(mean),DmsdY(std),DmsdZ(mean),DmsdZ(std)
4223.2809049999996,0,2935.5528024999999,0,3094.1797525000002,0,0.68456033688134854,0,0.47582982534579643,0,0.50154199575859093,0