msdX(mean),msdX(std),msdY(mean),msdY(std),msdZ(mean),msdZ(std),DmsdX(mean),DmsdX(std),DmsdY(mean),DmsdY(std),DmsdZ(mean),DmsdZ(std)
5090.3220224999995,0,3470.4198350000001,0,3786.1791324999999,0,0.63757603114196959,0,0.43467908219075135,0,0.47422875288080962,0