msdX(mean),msdX(std),msdY(mean),msdY(std),msdZ(mean),msdZ(std),DmsdX(mean),DmsdX(std),DmsdY(mean),DmsdY(std),DmsdZ(mean),DmsdZ(std)
5524.2784250000004,0,3712.1318000000001,0,4110.4585500000003,0,0.62132443839180618,0,0.41750940637489037,0,0.4623098536369567,0