msdX(mean),msdX(std),msdY(mean),msdY(std),msdZ(mean),msdZ(std),DmsdX(mean),DmsdX(std),DmsdY(mean),DmsdY(std),DmsdZ(mean),DmsdZ(std)
4366.3246275000001,0,3031.3875975000001,0,3213.5091174999998,0,0.6746762270025547,0,0.4684042807954592,0,0.49654535376921172,0