msdX(mean),msdX(std),msdY(mean),msdY(std),msdZ(mean),msdZ(std),DmsdX(mean),DmsdX(std),DmsdY(mean),DmsdY(std),DmsdZ(mean),DmsdZ(std)
2900.7755400000001,0,2098.9223725000002,0,2098.6636425000002,0,0.7735538960692635,0,0.55972258329036961,0,0.55965358739710935,0