msdX(mean),msdX(std),msdY(mean),msdY(std),msdZ(mean),msdZ(std),DmsdX(mean),DmsdX(std),DmsdY(mean),DmsdY(std),DmsdZ(mean),DmsdZ(std)
2951.9941724999999,0,2137.5294250000002,0,2144.1712025000002,0,0.76660571298107716,0,0.55509671534426352,0,0.55682152382230232,0