msdX(mean),msdX(std),msdY(mean),msdY(std),msdZ(mean),msdZ(std),DmsdX(mean),DmsdX(std),DmsdY(mean),DmsdY(std),DmsdZ(mean),DmsdZ(std)
2842.1226674999998,0,2060.2237650000002,0,2052.4769325000002,0,0.77884867662641355,0,0.5645789223925316,0,0.56245599845625449,0