msdX(mean),msdX(std),msdY(mean),msdY(std),msdZ(mean),msdZ(std),DmsdX(mean),DmsdX(std),DmsdY(mean),DmsdY(std),DmsdZ(mean),DmsdZ(std)
3175.517785,0,2291.7112849999999,0,2324.2368649999999,0,0.74647808768218149,0,0.53871915491302302,0,0.54636503643629519,0