msdX(mean),msdX(std),msdY(mean),msdY(std),msdZ(mean),msdZ(std),DmsdX(mean),DmsdX(std),DmsdY(mean),DmsdY(std),DmsdZ(mean),DmsdZ(std)
4315.6215974999996,0,3003.858185,0,3178.3798324999998,0,0.67739236493344768,0,0.47149421094763722,0,0.49888763014838222,0