msdX(mean),msdX(std),msdY(mean),msdY(std),msdZ(mean),msdZ(std),DmsdX(mean),DmsdX(std),DmsdY(mean),DmsdY(std),DmsdZ(mean),DmsdZ(std)
5049.3863625000004,0,3441.5970975,0,3755.2189374999998,0,0.64053579349407175,0,0.43658099608020567,0,0.47636523909899697,0