msdX(mean),msdX(std),msdY(mean),msdY(std),msdZ(mean),msdZ(std),DmsdX(mean),DmsdX(std),DmsdY(mean),DmsdY(std),DmsdZ(mean),DmsdZ(std)
5626.1882125000002,0,3762.0678499999999,0,4186.0395699999999,0,0.6187565395627278,0,0.41374443878261757,0,0.46037197139107416,0