msdX(mean),msdX(std),msdY(mean),msdY(std),msdZ(mean),msdZ(std),DmsdX(mean),DmsdX(std),DmsdY(mean),DmsdY(std),DmsdZ(mean),DmsdZ(std)
182.03730999999999,0,170.98924249999999,0,134.33721499999999,0,1.5061001930501932,0,1.4146931260341975,0,1.1114496552675124,0