msdX(mean),msdX(std),msdY(mean),msdY(std),msdZ(mean),msdZ(std),DmsdX(mean),DmsdX(std),DmsdY(mean),DmsdY(std),DmsdZ(mean),DmsdZ(std)
2655.7191200000002,0,1930.9579375000001,0,1910.9177749999999,0,0.79354156972111567,0,0.57697946339641437,0,0.57099136703187248,0