msdX(mean),msdX(std),msdY(mean),msdY(std),msdZ(mean),msdZ(std),DmsdX(mean),DmsdX(std),DmsdY(mean),DmsdY(std),DmsdZ(mean),DmsdZ(std)
3059.4280899999999,0,2211.4671924999998,0,2234.9194575000001,0,0.75497937566833917,0,0.54572687155548238,0,0.55151421999670969,0