msdX(mean),msdX(std),msdY(mean),msdY(std),msdZ(mean),msdZ(std),DmsdX(mean),DmsdX(std),DmsdY(mean),DmsdY(std),DmsdZ(mean),DmsdZ(std)
2210.0183050000001,0,1653.3763100000001,0,1595.7837099999999,0,0.83679004884390151,0,0.62602596551898226,0,0.60421939746567044,0