msdX(mean),msdX(std),msdY(mean),msdY(std),msdZ(mean),msdZ(std),DmsdX(mean),DmsdX(std),DmsdY(mean),DmsdY(std),DmsdZ(mean),DmsdZ(std)
4816.2057349999995,0,3309.2828774999998,0,3568.0388874999999,0,0.65269084361024521,0,0.44847308273478786,0,0.48353962427158148,0