msdX(mean),msdX(std),msdY(mean),msdY(std),msdZ(mean),msdZ(std),DmsdX(mean),DmsdX(std),DmsdY(mean),DmsdY(std),DmsdZ(mean),DmsdZ(std)
300.90493750000002,0,273.74209000000002,0,221.2585425,0,1.3574658834586468,0,1.2349267218045115,0,0.99815883834586472,0