msdX(mean),msdX(std),msdY(mean),msdY(std),msdZ(mean),msdZ(std),DmsdX(mean),DmsdX(std),DmsdY(mean),DmsdY(std),DmsdZ(mean),DmsdZ(std)
1133.5934400000001,0,914.27959499999997,0,820.80066250000004,0,1.0041278847289477,0,0.80986145771819995,0,0.72705857668005192,0