msdX(mean),msdX(std),msdY(mean),msdY(std),msdZ(mean),msdZ(std),DmsdX(mean),DmsdX(std),DmsdY(mean),DmsdY(std),DmsdZ(mean),DmsdZ(std)
3957.3313125,0,2766.3350375,0,2891.5095249999999,0,0.69852516136339571,0,0.48829740950705469,0,0.51039248373127477,0