msdX(mean),msdX(std),msdY(mean),msdY(std),msdZ(mean),msdZ(std),DmsdX(mean),DmsdX(std),DmsdY(mean),DmsdY(std),DmsdZ(mean),DmsdZ(std)
2140.8025124999999,0,1614.8867299999999,0,1552.6538324999999,0,0.84274715745066142,0,0.63571543538736097,0,0.61121686666754149,0