msdX(mean),msdX(std),msdY(mean),msdY(std),msdZ(mean),msdZ(std),DmsdX(mean),DmsdX(std),DmsdY(mean),DmsdY(std),DmsdZ(mean),DmsdZ(std)
4421.4398675000002,0,3060.5499850000001,0,3252.5595549999998,0,0.67271471185641263,0,0.46565758281941011,0,0.49487151909968757,0