msdX(mean),msdX(std),msdY(mean),msdY(std),msdZ(mean),msdZ(std),DmsdX(mean),DmsdX(std),DmsdY(mean),DmsdY(std),DmsdZ(mean),DmsdZ(std)
26927834.309999999,0,20792218.302499998,0,20481925.3675,0,1.6207213137331897e-271,0,1.2514334043618479e-271,0,1.232757621992355e-271,0