msdX(mean),msdX(std),msdY(mean),msdY(std),msdZ(mean),msdZ(std),DmsdX(mean),DmsdX(std),DmsdY(mean),DmsdY(std),DmsdZ(mean),DmsdZ(std)
5518.6404459374999,0,5546.3353526250003,0,5259.7794435625001,0,0.65205950870069951,0,0.65533182321821026,0,0.62147357368935652,0