msdX(mean),msdX(std),msdY(mean),msdY(std),msdZ(mean),msdZ(std),DmsdX(mean),DmsdX(std),DmsdY(mean),DmsdY(std),DmsdZ(mean),DmsdZ(std)
3160.2370370624999,0,3158.4042265624998,0,3040.5975791874998,0,0.7277739396014048,0,0.72735185995912333,0,0.70022205707856755,0