msdX(mean),msdX(std),msdY(mean),msdY(std),msdZ(mean),msdZ(std),DmsdX(mean),DmsdX(std),DmsdY(mean),DmsdY(std),DmsdZ(mean),DmsdZ(std)
56.044440312500001,0,54.840622625000002,0,54.006673249999999,0,1.6983163731060607,0,1.6618370492424244,0,1.636565856060606,0