msdX(mean),msdX(std),msdY(mean),msdY(std),msdZ(mean),msdZ(std),DmsdX(mean),DmsdX(std),DmsdY(mean),DmsdY(std),DmsdZ(mean),DmsdZ(std)
1506.133673,0,1491.2348756875001,0,1461.2389687499999,0,0.86824704201535341,0,0.85965827135836514,0,0.84236640813404939,0