msdX(mean),msdX(std),msdY(mean),msdY(std),msdZ(mean),msdZ(std),DmsdX(mean),DmsdX(std),DmsdY(mean),DmsdY(std),DmsdZ(mean),DmsdZ(std)
452.4676046875,0,441.31191218750001,0,434.70022656250001,0,1.1707299271745224,0,1.1418653124865237,0,1.124758014306352,0