msdX(mean),msdX(std),msdY(mean),msdY(std),msdZ(mean),msdZ(std),DmsdX(mean),DmsdX(std),DmsdY(mean),DmsdY(std),DmsdZ(mean),DmsdZ(std)
1969.9926638125,0,1955.6038763125,0,1908.2638559375,0,0.81345831064829155,0,0.80751682721688867,0,0.7879689711727057,0