msdX(mean),msdX(std),msdY(mean),msdY(std),msdZ(mean),msdZ(std),DmsdX(mean),DmsdX(std),DmsdY(mean),DmsdY(std),DmsdZ(mean),DmsdZ(std)
4787.3104818125003,0,4816.2478220000003,0,4579.8055279999999,0,0.66834808273359958,0,0.67238797442376697,0,0.63937867735135212,0