msdX(mean),msdX(std),msdY(mean),msdY(std),msdZ(mean),msdZ(std),DmsdX(mean),DmsdX(std),DmsdY(mean),DmsdY(std),DmsdZ(mean),DmsdZ(std)
700.49933818750003,0,688.2393038125,0,676.44051856249996,0,1.0539107394997493,0,1.0354653517740722,0,1.0177139196025577,0