msdX(mean),msdX(std),msdY(mean),msdY(std),msdZ(mean),msdZ(std),DmsdX(mean),DmsdX(std),DmsdY(mean),DmsdY(std),DmsdZ(mean),DmsdZ(std)
1782.8970575625001,0,1765.6925034999999,0,1725.3695426874999,0,0.83433157940763569,0,0.82628046804196076,0,0.80741077534804817,0