msdX(mean),msdX(std),msdY(mean),msdY(std),msdZ(mean),msdZ(std),DmsdX(mean),DmsdX(std),DmsdY(mean),DmsdY(std),DmsdZ(mean),DmsdZ(std)
613.154139375,0,600.12966043749998,0,591.31807068750004,0,1.089987211498578,0,1.0668339543212255,0,1.051169834120941,0