msdX(mean),msdX(std),msdY(mean),msdY(std),msdZ(mean),msdZ(std),DmsdX(mean),DmsdX(std),DmsdY(mean),DmsdY(std),DmsdZ(mean),DmsdZ(std)
749.06475524999996,0,736.30785793749999,0,722.72503868750005,0,1.0367917441002099,0,1.0191347315105308,0,1.0003345479999539,0