msdX(mean),msdX(std),msdY(mean),msdY(std),msdZ(mean),msdZ(std),DmsdX(mean),DmsdX(std),DmsdY(mean),DmsdY(std),DmsdZ(mean),DmsdZ(std)
212.11385150000001,0,206.08660218750001,0,203.67804387499999,0,1.3737943750000001,0,1.3347577861884714,0,1.3191583152525905,0