msdX(mean),msdX(std),msdY(mean),msdY(std),msdZ(mean),msdZ(std),DmsdX(mean),DmsdX(std),DmsdY(mean),DmsdY(std),DmsdZ(mean),DmsdZ(std)
1905.6587958125001,0,1890.7749889375,0,1845.382662625,0,0.82040861130344633,0,0.81400095671383166,0,0.79445902429880388,0