msdX(mean),msdX(std),msdY(mean),msdY(std),msdZ(mean),msdZ(std),DmsdX(mean),DmsdX(std),DmsdY(mean),DmsdY(std),DmsdZ(mean),DmsdZ(std)
299.95332831249999,0,291.79542381250002,0,288.51124968750003,0,1.2802105348378148,0,1.2453923338134871,0,1.2313753721190783,0