msdX(mean),msdX(std),msdY(mean),msdY(std),msdZ(mean),msdZ(std),DmsdX(mean),DmsdX(std),DmsdY(mean),DmsdY(std),DmsdZ(mean),DmsdZ(std)
243.81732937500001,0,236.77143318750001,0,234.25513050000001,0,1.3364735759638224,0,1.2978518172163347,0,1.284058818746574,0