msdX(mean),msdX(std),msdY(mean),msdY(std),msdZ(mean),msdZ(std),DmsdX(mean),DmsdX(std),DmsdY(mean),DmsdY(std),DmsdZ(mean),DmsdZ(std)
58.160796562500003,0,56.874621187499997,0,56.013754312499998,0,1.6907208303052328,0,1.6533320112645349,0,1.6283068114098838,0