msdX(mean),msdX(std),msdY(mean),msdY(std),msdZ(mean),msdZ(std),DmsdX(mean),DmsdX(std),DmsdY(mean),DmsdY(std),DmsdZ(mean),DmsdZ(std)
774.73206525000001,0,762.13565968750004,0,748.59541106250003,0,1.0285191705940924,0,1.0117964283936276,0,0.99382065856289414,0