msdX(mean),msdX(std),msdY(mean),msdY(std),msdZ(mean),msdZ(std),DmsdX(mean),DmsdX(std),DmsdY(mean),DmsdY(std),DmsdZ(mean),DmsdZ(std)
310.07032756249998,0,301.99137468750001,0,298.63661274999998,0,1.269392716549536,0,1.2363184007403112,0,1.2225843862581878,0