msdX(mean),msdX(std),msdY(mean),msdY(std),msdZ(mean),msdZ(std),DmsdX(mean),DmsdX(std),DmsdY(mean),DmsdY(std),DmsdZ(mean),DmsdZ(std)
2248.9196969374998,0,2236.8162881875,0,2177.6942758125001,0,0.78594167151806194,0,0.78171183026717384,0,0.76105015288812139,0