msdX(mean),msdX(std),msdY(mean),msdY(std),msdZ(mean),msdZ(std),DmsdX(mean),DmsdX(std),DmsdY(mean),DmsdY(std),DmsdZ(mean),DmsdZ(std)
517.85786462500005,0,506.0841509375,0,498.88146437500001,0,1.1340367121975257,0,1.1082539164294318,0,1.0924810344355633,0