msdX(mean),msdX(std),msdY(mean),msdY(std),msdZ(mean),msdZ(std),DmsdX(mean),DmsdX(std),DmsdY(mean),DmsdY(std),DmsdZ(mean),DmsdZ(std)
261.53922068750001,0,253.8789145625,0,251.11760918749999,0,1.3189068113338376,0,1.2802769266893594,0,1.2663520382627331,0