msdX(mean),msdX(std),msdY(mean),msdY(std),msdZ(mean),msdZ(std),DmsdX(mean),DmsdX(std),DmsdY(mean),DmsdY(std),DmsdZ(mean),DmsdZ(std)
52.021709000000001,0,50.984319687499998,0,50.155010249999997,0,1.7131188474204171,0,1.678956740532382,0,1.6516468798024149,0