msdX(mean),msdX(std),msdY(mean),msdY(std),msdZ(mean),msdZ(std),DmsdX(mean),DmsdX(std),DmsdY(mean),DmsdY(std),DmsdZ(mean),DmsdZ(std)
83.766123437499999,0,81.714002687499999,0,80.672486437499998,0,1.6047150083812263,0,1.5654023503352492,0,1.5454499317528736,0