msdX(mean),msdX(std),msdY(mean),msdY(std),msdZ(mean),msdZ(std),DmsdX(mean),DmsdX(std),DmsdY(mean),DmsdY(std),DmsdZ(mean),DmsdZ(std)
422.52004725,0,412.05322162499999,0,406.36480006250002,0,1.1883562009562649,0,1.1589177939108424,0,1.1429188582829419,0