msdX(mean),msdX(std),msdY(mean),msdY(std),msdZ(mean),msdZ(std),DmsdX(mean),DmsdX(std),DmsdY(mean),DmsdY(std),DmsdZ(mean),DmsdZ(std)
134.02791206250001,0,130.58084406250001,0,128.8173756875,0,1.492792783320958,0,1.4543995997308337,0,1.4347582218767403,0