msdX(mean),msdX(std),msdY(mean),msdY(std),msdZ(mean),msdZ(std),DmsdX(mean),DmsdX(std),DmsdY(mean),DmsdY(std),DmsdZ(mean),DmsdZ(std)
344.21390074999999,0,335.0968773125,0,330.63042825000002,0,1.2433975945213727,0,1.2104643370710417,0,1.194330264599639,0