msdX(mean),msdX(std),msdY(mean),msdY(std),msdZ(mean),msdZ(std),DmsdX(mean),DmsdX(std),DmsdY(mean),DmsdY(std),DmsdZ(mean),DmsdZ(std)
41.644337624999999,0,40.798049749999997,0,40.153121749999997,0,1.762101733074753,0,1.7262926551480957,0,1.6990037411847672,0