msdX(mean),msdX(std),msdY(mean),msdY(std),msdZ(mean),msdZ(std),DmsdX(mean),DmsdX(std),DmsdY(mean),DmsdY(std),DmsdZ(mean),DmsdZ(std)
154.57960112500001,0,150.6871439375,0,148.46600918749999,0,1.4571525636292224,0,1.4204601156716419,0,1.399522474666143,0