msdX(mean),msdX(std),msdY(mean),msdY(std),msdZ(mean),msdZ(std),DmsdX(mean),DmsdX(std),DmsdY(mean),DmsdY(std),DmsdZ(mean),DmsdZ(std)
120.31152962500001,0,117.3106999375,0,115.8647518125,0,1.5187653645066275,0,1.4808840724279402,0,1.4626309927940249,0