msdX(mean),msdX(std),msdY(mean),msdY(std),msdZ(mean),msdZ(std),DmsdX(mean),DmsdX(std),DmsdY(mean),DmsdY(std),DmsdZ(mean),DmsdZ(std)
289.853751875,0,281.75943293749998,0,278.68255268749999,0,1.2897675105680808,0,1.253750072400623,0,1.240058822400623,0