msdX(mean),msdX(std),msdY(mean),msdY(std),msdZ(mean),msdZ(std),DmsdX(mean),DmsdX(std),DmsdY(mean),DmsdY(std),DmsdZ(mean),DmsdZ(std)
138.887432625,0,135.29687043749999,0,133.41546406250001,0,1.483840092147436,0,1.4454793850160257,0,1.4253788895566242,0