msdX(mean),msdX(std),msdY(mean),msdY(std),msdZ(mean),msdZ(std),DmsdX(mean),DmsdX(std),DmsdY(mean),DmsdY(std),DmsdZ(mean),DmsdZ(std)
915.47916650000002,0,901.67553581250002,0,885.31133918750004,0,0.98659631773686585,0,0.97172037986079929,0,0.95408496365065121,0