msdX(mean),msdX(std),msdY(mean),msdY(std),msdZ(mean),msdZ(std),DmsdX(mean),DmsdX(std),DmsdY(mean),DmsdY(std),DmsdZ(mean),DmsdZ(std)
1558.4262543125001,0,1544.08612225,0,1510.2560657500001,0,0.86169929187055938,0,0.85377021495120409,0,0.83506459083243489,0