msdX(mean),msdX(std),msdY(mean),msdY(std),msdZ(mean),msdZ(std),DmsdX(mean),DmsdX(std),DmsdY(mean),DmsdY(std),DmsdZ(mean),DmsdZ(std)
3752.0762731875002,0,3761.5644618125002,0,3597.4839261249999,0,0.70142099793195312,0,0.70319473978828817,0,0.67252118074963774,0