msdX(mean),msdX(std),msdY(mean),msdY(std),msdZ(mean),msdZ(std),DmsdX(mean),DmsdX(std),DmsdY(mean),DmsdY(std),DmsdZ(mean),DmsdZ(std)
72.368901875000006,0,70.781965812500005,0,69.805001562499996,0,1.6379230903432669,0,1.6020060161259904,0,1.5798944148434553,0