msdX(mean),msdX(std),msdY(mean),msdY(std),msdZ(mean),msdZ(std),DmsdX(mean),DmsdX(std),DmsdY(mean),DmsdY(std),DmsdZ(mean),DmsdZ(std)
60.346664687500002,0,58.991575437500003,0,58.088302374999998,0,1.6825278258596654,0,1.6447465270678439,0,1.6195623338754646,0