msdX(mean),msdX(std),msdY(mean),msdY(std),msdZ(mean),msdZ(std),DmsdX(mean),DmsdX(std),DmsdY(mean),DmsdY(std),DmsdZ(mean),DmsdZ(std)
884.8199165625,0,871.56759218750005,0,855.5329411875,0,0.99416106428250406,0,0.97927109101421328,0,0.96125496659706744,0