msdX(mean),msdX(std),msdY(mean),msdY(std),msdZ(mean),msdZ(std),DmsdX(mean),DmsdX(std),DmsdY(mean),DmsdY(std),DmsdZ(mean),DmsdZ(std)
190.97620831250001,0,185.78304581250001,0,183.06647000000001,0,1.401831722381943,0,1.3637121053034011,0,1.3437714949840962,0