msdX(mean),msdX(std),msdY(mean),msdY(std),msdZ(mean),msdZ(std),DmsdX(mean),DmsdX(std),DmsdY(mean),DmsdY(std),DmsdZ(mean),DmsdZ(std)
3385.4220571874998,0,3384.9316270625,0,3248.0052943750002,0,0.71723524018294094,0,0.71713133769676485,0,0.68812213605114292,0