msdX(mean),msdX(std),msdY(mean),msdY(std),msdZ(mean),msdZ(std),DmsdX(mean),DmsdX(std),DmsdY(mean),DmsdY(std),DmsdZ(mean),DmsdZ(std)
204.63553131250001,0,199.1410001875,0,196.491552375,0,1.3818944151660102,0,1.3447900969330331,0,1.3268984966235227,0