msdX(mean),msdX(std),msdY(mean),msdY(std),msdZ(mean),msdZ(std),DmsdX(mean),DmsdX(std),DmsdY(mean),DmsdY(std),DmsdZ(mean),DmsdZ(std)
5711.8841190000003,0,5754.1694841250001,0,5448.2169721874998,0,0.64732212472989925,0,0.65211428294379636,0,0.61744099021451293,0