msdX(mean),msdX(std),msdY(mean),msdY(std),msdZ(mean),msdZ(std),DmsdX(mean),DmsdX(std),DmsdY(mean),DmsdY(std),DmsdZ(mean),DmsdZ(std)
2663.9226140625001,0,2654.2083371875001,0,2571.2921257500002,0,0.75573344701697898,0,0.75297758469978304,0,0.72945492155917113,0