msdX(mean),msdX(std),msdY(mean),msdY(std),msdZ(mean),msdZ(std),DmsdX(mean),DmsdX(std),DmsdY(mean),DmsdY(std),DmsdZ(mean),DmsdZ(std)
149.1721824375,0,145.35110281249999,0,143.38288575000001,0,1.4660656750614252,0,1.4285120669533169,0,1.4091684103194104,0