msdX(mean),msdX(std),msdY(mean),msdY(std),msdZ(mean),msdZ(std),DmsdX(mean),DmsdX(std),DmsdY(mean),DmsdY(std),DmsdZ(mean),DmsdZ(std)
332.4297053125,0,323.78083081250003,0,319.90906756250001,0,1.2520106910269286,0,1.2194369373391503,0,1.2048549402893731,0