msdX(mean),msdX(std),msdY(mean),msdY(std),msdZ(mean),msdZ(std),DmsdX(mean),DmsdX(std),DmsdY(mean),DmsdY(std),DmsdZ(mean),DmsdZ(std)
40.097305875000004,0,39.334028687500002,0,38.701544499999997,0,1.7689987886029412,0,1.7353247950367647,0,1.7074210808823527,0