msdX(mean),msdX(std),msdY(mean),msdY(std),msdZ(mean),msdZ(std),DmsdX(mean),DmsdX(std),DmsdY(mean),DmsdY(std),DmsdZ(mean),DmsdZ(std)
75.055571312500007,0,73.380825250000001,0,72.396763875000005,0,1.6292815769717803,0,1.5929267420405211,0,1.5715650624095516,0