msdX(mean),msdX(std),msdY(mean),msdY(std),msdZ(mean),msdZ(std),DmsdX(mean),DmsdX(std),DmsdY(mean),DmsdY(std),DmsdZ(mean),DmsdZ(std)
946.40517850000003,0,931.53171106249999,0,915.79607424999995,0,0.97824712233190358,0,0.96287323485709864,0,0.94660817018967391,0