msdX(mean),msdX(std),msdY(mean),msdY(std),msdZ(mean),msdZ(std),DmsdX(mean),DmsdX(std),DmsdY(mean),DmsdY(std),DmsdZ(mean),DmsdZ(std)
90.088989249999997,0,87.896639250000007,0,86.774779312500002,0,1.5874711762114537,0,1.5488394581497797,0,1.5290710011013215,0