msdX(mean),msdX(std),msdY(mean),msdY(std),msdZ(mean),msdZ(std),DmsdX(mean),DmsdX(std),DmsdY(mean),DmsdY(std),DmsdZ(mean),DmsdZ(std)
1320.4338545000001,0,1302.4077811874999,0,1277.1083162499999,0,0.8993964134728909,0,0.88711818716794577,0,0.86988578438606845,0