msdX(mean),msdX(std),msdY(mean),msdY(std),msdZ(mean),msdZ(std),DmsdX(mean),DmsdX(std),DmsdY(mean),DmsdY(std),DmsdZ(mean),DmsdZ(std)
2576.1933935000002,0,2564.2976610625001,0,2486.8732289999998,0,0.76196947426278483,0,0.7584510330563744,0,0.73555094568614487,0