msdX(mean),msdX(std),msdY(mean),msdY(std),msdZ(mean),msdZ(std),DmsdX(mean),DmsdX(std),DmsdY(mean),DmsdY(std),DmsdZ(mean),DmsdZ(std)
197.67341981249999,0,192.25915206249999,0,189.5765683125,0,1.3917396372623796,0,1.3536199394214972,0,1.3347329381307205,0