msdX(mean),msdX(std),msdY(mean),msdY(std),msdZ(mean),msdZ(std),DmsdX(mean),DmsdX(std),DmsdY(mean),DmsdY(std),DmsdZ(mean),DmsdZ(std)
1011.6027388125,0,995.94014568750003,0,980.37373243750005,0,0.96196532789321043,0,0.94707126824600618,0,0.93226866911135431,0