msdX(mean),msdX(std),msdY(mean),msdY(std),msdZ(mean),msdZ(std),DmsdX(mean),DmsdX(std),DmsdY(mean),DmsdY(std),DmsdZ(mean),DmsdZ(std)
572.82088031249998,0,560.80049693750004,0,552.14171343750002,0,1.1068646039982608,0,1.0836375580899167,0,1.0669061481514284,0