msdX(mean),msdX(std),msdY(mean),msdY(std),msdZ(mean),msdZ(std),DmsdX(mean),DmsdX(std),DmsdY(mean),DmsdY(std),DmsdZ(mean),DmsdZ(std)
38.623116312500002,0,37.915330875000002,0,37.294828562500001,0,1.7757754626436784,0,1.743233603448276,0,1.714704761494253,0