msdX(mean),msdX(std),msdY(mean),msdY(std),msdZ(mean),msdZ(std),DmsdX(mean),DmsdX(std),DmsdY(mean),DmsdY(std),DmsdZ(mean),DmsdZ(std)
2488.534502125,0,2478.1064931249998,0,2406.8884139375,0,0.76739118433630915,0,0.7641754916585719,0,0.7422139210686588,0