msdX(mean),msdX(std),msdY(mean),msdY(std),msdZ(mean),msdZ(std),DmsdX(mean),DmsdX(std),DmsdY(mean),DmsdY(std),DmsdZ(mean),DmsdZ(std)
3505.8537773124999,0,3506.1221471875001,0,3361.6587835625,0,0.71240780117977565,0,0.71246233534026715,0,0.68310662521421217,0