msdX(mean),msdX(std),msdY(mean),msdY(std),msdZ(mean),msdZ(std),DmsdX(mean),DmsdX(std),DmsdY(mean),DmsdY(std),DmsdZ(mean),DmsdZ(std)
4298.9634649999998,0,4197.2507999999998,0,3706.675745,0,1.146410637966897,0,1.1192867784316165,0,0.98846443803445394,0