msdX(mean),msdX(std),msdY(mean),msdY(std),msdZ(mean),msdZ(std),DmsdX(mean),DmsdX(std),DmsdY(mean),DmsdY(std),DmsdZ(mean),DmsdZ(std)
6841.8410050000002,0,6736.9597125,0,5906.9921375000004,0,1.0252508998501499,0,1.0095344224525475,0,0.88516365696803201,0