msdX(mean),msdX(std),msdY(mean),msdY(std),msdZ(mean),msdZ(std),DmsdX(mean),DmsdX(std),DmsdY(mean),DmsdY(std),DmsdZ(mean),DmsdZ(std)
7524.9848174999997,0,7416.24946,0,6456.8610225000002,0,1.006040912524399,0,0.99150371132917992,0,0.86323979551592289,0