msdX(mean),msdX(std),msdY(mean),msdY(std),msdZ(mean),msdZ(std),DmsdX(mean),DmsdX(std),DmsdY(mean),DmsdY(std),DmsdZ(mean),DmsdZ(std)
5822.5400099999997,0,5696.5762825000002,0,5006.7927374999999,0,1.0656836086876944,0,1.0426288113903972,0,0.91637961152461711,0