msdX(mean),msdX(std),msdY(mean),msdY(std),msdZ(mean),msdZ(std),DmsdX(mean),DmsdX(std),DmsdY(mean),DmsdY(std),DmsdZ(mean),DmsdZ(std)
8875.0197274999991,0,8718.8865624999999,0,7563.8343175,0,0.97605630805918264,0,0.95888510559714346,0,0.83185484938522336,0