msdX(mean),msdX(std),msdY(mean),msdY(std),msdZ(mean),msdZ(std),DmsdX(mean),DmsdX(std),DmsdY(mean),DmsdY(std),DmsdZ(mean),DmsdZ(std)
7863.9973499999996,0,7751.2479075000001,0,6728.1512499999999,0,0.99758097736921325,0,0.98327823869306363,0,0.85349414567934645,0