msdX(mean),msdX(std),msdY(mean),msdY(std),msdZ(mean),msdZ(std),DmsdX(mean),DmsdX(std),DmsdY(mean),DmsdY(std),DmsdZ(mean),DmsdZ(std)
6693.6739699999998,0,6560.2883849999998,0,5764.0632724999996,0,1.0342938476039392,0,1.013683359172195,0,0.89065216003440595,0