msdX(mean),msdX(std),msdY(mean),msdY(std),msdZ(mean),msdZ(std),DmsdX(mean),DmsdX(std),DmsdY(mean),DmsdY(std),DmsdZ(mean),DmsdZ(std)
5030.9963200000002,0,4919.3155125000003,0,4307.5501599999998,0,1.1041603722236855,0,1.0796496164735319,0,0.94538454920551318,0