msdX(mean),msdX(std),msdY(mean),msdY(std),msdZ(mean),msdZ(std),DmsdX(mean),DmsdX(std),DmsdY(mean),DmsdY(std),DmsdZ(mean),DmsdZ(std)
2694.2283649999999,0,2676.8188224999999,0,2375.3070349999998,0,1.2607526275152081,0,1.2526059066448292,0,1.1115147566682264,0