msdX(mean),msdX(std),msdY(mean),msdY(std),msdZ(mean),msdZ(std),DmsdX(mean),DmsdX(std),DmsdY(mean),DmsdY(std),DmsdZ(mean),DmsdZ(std)
6184.4483575000004,0,6053.5576849999998,0,5320.5792224999996,0,1.0541194191457206,0,1.0318095231466751,0,0.9068756913038043,0