msdX(mean),msdX(std),msdY(mean),msdY(std),msdZ(mean),msdZ(std),DmsdX(mean),DmsdX(std),DmsdY(mean),DmsdY(std),DmsdZ(mean),DmsdZ(std)
5720.3855149999999,0,5602.1252475000001,0,4932.6239274999998,0,1.0666656231741729,0,1.0446139342453662,0,0.91977373932473916,0