msdX(mean),msdX(std),msdY(mean),msdY(std),msdZ(mean),msdZ(std),DmsdX(mean),DmsdX(std),DmsdY(mean),DmsdY(std),DmsdZ(mean),DmsdZ(std)
3796.3771649999999,0,3736.8424799999998,0,3290.2375299999999,0,1.1696035465617811,0,1.1512618550772262,0,1.0136699587167268,0