msdX(mean),msdX(std),msdY(mean),msdY(std),msdZ(mean),msdZ(std),DmsdX(mean),DmsdX(std),DmsdY(mean),DmsdY(std),DmsdZ(mean),DmsdZ(std)
9352.7826925000008,0,9219.4488000000001,0,7957.5979525000002,0,0.96444302636734869,0,0.95069386239894405,0,0.82057395154471213,0