msdX(mean),msdX(std),msdY(mean),msdY(std),msdZ(mean),msdZ(std),DmsdX(mean),DmsdX(std),DmsdY(mean),DmsdY(std),DmsdZ(mean),DmsdZ(std)
2041.3379825,0,2039.6547350000001,0,1822.2698774999999,0,1.3323500886563397,0,1.3312514587503266,0,1.1893676861239231,0