msdX(mean),msdX(std),msdY(mean),msdY(std),msdZ(mean),msdZ(std),DmsdX(mean),DmsdX(std),DmsdY(mean),DmsdY(std),DmsdZ(mean),DmsdZ(std)
4100.8203725000003,0,3992.7319400000001,0,3539.7558574999998,0,1.1557032519962425,0,1.1252415049318929,0,0.99758267472992002,0