msdX(mean),msdX(std),msdY(mean),msdY(std),msdZ(mean),msdZ(std),DmsdX(mean),DmsdX(std),DmsdY(mean),DmsdY(std),DmsdZ(mean),DmsdZ(std)
3404.9644225000002,0,3367.5660275,0,2963.6895924999999,0,1.1978064338062853,0,1.1846503380042215,0,1.042573730945122,0