msdX(mean),msdX(std),msdY(mean),msdY(std),msdZ(mean),msdZ(std),DmsdX(mean),DmsdX(std),DmsdY(mean),DmsdY(std),DmsdZ(mean),DmsdZ(std)
7103.4916425000001,0,6976.94074,0,6114.3839024999997,0,1.0183049460276958,0,1.0001635281974828,0,0.87651364753863348,0