msdX(mean),msdX(std),msdY(mean),msdY(std),msdZ(mean),msdZ(std),DmsdX(mean),DmsdX(std),DmsdY(mean),DmsdY(std),DmsdZ(mean),DmsdZ(std)
6600.0332500000004,0,6474.7203600000003,0,5682.4862149999999,0,1.0359601811351555,0,1.0162907098907539,0,0.89193936236448867,0