msdX(mean),msdX(std),msdY(mean),msdY(std),msdZ(mean),msdZ(std),DmsdX(mean),DmsdX(std),DmsdY(mean),DmsdY(std),DmsdZ(mean),DmsdZ(std)
8324.5463225000003,0,8131.2844649999997,0,7076.0388199999998,0,0.99253773508230869,0,0.96949507559197812,0,0.84367787404516437,0