msdX(mean),msdX(std),msdY(mean),msdY(std),msdZ(mean),msdZ(std),DmsdX(mean),DmsdX(std),DmsdY(mean),DmsdY(std),DmsdZ(mean),DmsdZ(std)
3100.869565,0,3079.3641499999999,0,2715.1373149999999,0,1.2206866332930928,0,1.2122208232731473,0,1.0688394846997691,0