msdX(mean),msdX(std),msdY(mean),msdY(std),msdZ(mean),msdZ(std),DmsdX(mean),DmsdX(std),DmsdY(mean),DmsdY(std),DmsdZ(mean),DmsdZ(std)
553.44703749999996,0,557.78870500000005,0,509.81201249999998,0,1.7162922395079596,0,1.7297561660119911,0,1.5809758502170768,0