msdX(mean),msdX(std),msdY(mean),msdY(std),msdZ(mean),msdZ(std),DmsdX(mean),DmsdX(std),DmsdY(mean),DmsdY(std),DmsdZ(mean),DmsdZ(std)
7600.8229199999996,0,7501.8454949999996,0,6531.8367600000001,0,1.0026589024711985,0,0.98960234302172179,0,0.86164410693870375,0