msdX(mean),msdX(std),msdY(mean),msdY(std),msdZ(mean),msdZ(std),DmsdX(mean),DmsdX(std),DmsdY(mean),DmsdY(std),DmsdZ(mean),DmsdZ(std)
4932.1608050000004,0,4820.3397299999997,0,4236.8492225,0,1.1069577172546907,0,1.0818609682197682,0,0.95090430525630654,0