msdX(mean),msdX(std),msdY(mean),msdY(std),msdZ(mean),msdZ(std),DmsdX(mean),DmsdX(std),DmsdY(mean),DmsdY(std),DmsdZ(mean),DmsdZ(std)
980.96600750000005,0,972.64538500000003,0,885.27242750000005,0,1.5698805198442336,0,1.5565646831324016,0,1.4167381214659127,0