msdX(mean),msdX(std),msdY(mean),msdY(std),msdZ(mean),msdZ(std),DmsdX(mean),DmsdX(std),DmsdY(mean),DmsdY(std),DmsdZ(mean),DmsdZ(std)
9046.3844850000005,0,8903.2782950000001,0,7695.566495,0,0.97331559702616643,0,0.95791856332845593,0,0.82797883618092616,0