msdX(mean),msdX(std),msdY(mean),msdY(std),msdZ(mean),msdZ(std),DmsdX(mean),DmsdX(std),DmsdY(mean),DmsdY(std),DmsdZ(mean),DmsdZ(std)
4759.8313749999998,0,4637.8192200000003,0,4089.0651124999999,0,1.1189072343676538,0,1.0902254866008463,0,0.96122828220498358,0