msdX(mean),msdX(std),msdY(mean),msdY(std),msdZ(mean),msdZ(std),DmsdX(mean),DmsdX(std),DmsdY(mean),DmsdY(std),DmsdZ(mean),DmsdZ(std)
9280.2700225000008,0,9127.1889575000005,0,7899.1088099999997,0,0.96701713305476844,0,0.95106587169681578,0,0.82309820044181392,0