msdX(mean),msdX(std),msdY(mean),msdY(std),msdZ(mean),msdZ(std),DmsdX(mean),DmsdX(std),DmsdY(mean),DmsdY(std),DmsdZ(mean),DmsdZ(std)
6516.5237374999997,0,6393.3974799999996,0,5608.2813324999997,0,1.0392958795400415,0,1.019658935482499,0,0.89444371185620719,0