msdX(mean),msdX(std),msdY(mean),msdY(std),msdZ(mean),msdZ(std),DmsdX(mean),DmsdX(std),DmsdY(mean),DmsdY(std),DmsdZ(mean),DmsdZ(std)
3902.6317875,0,3826.1557174999998,0,3375.6503975000001,0,1.1661250361055777,0,1.1432736207669323,0,1.0086604773406376,0