msdX(mean),msdX(std),msdY(mean),msdY(std),msdZ(mean),msdZ(std),DmsdX(mean),DmsdX(std),DmsdY(mean),DmsdY(std),DmsdZ(mean),DmsdZ(std)
751.91102175000003,0,749.32000325000001,0,751.35776299999998,0,2.2987191126566797,0,2.2907979310608377,0,2.2970277071232035,0