msdX(mean),msdX(std),msdY(mean),msdY(std),msdZ(mean),msdZ(std),DmsdX(mean),DmsdX(std),DmsdY(mean),DmsdY(std),DmsdZ(mean),DmsdZ(std)
137.12349793749999,0,137.18488862500001,0,137.206587375,0,2.4162730914096913,0,2.4173548656387669,0,2.4177372224669602,0