msdX(mean),msdX(std),msdY(mean),msdY(std),msdZ(mean),msdZ(std),DmsdX(mean),DmsdX(std),DmsdY(mean),DmsdY(std),DmsdZ(mean),DmsdZ(std)
107.04930975000001,0,107.27533712499999,0,107.15229675,0,2.4228436759713321,0,2.4279593464730289,0,2.4251745775179181,0