msdX(mean),msdX(std),msdY(mean),msdY(std),msdZ(mean),msdZ(std),DmsdX(mean),DmsdX(std),DmsdY(mean),DmsdY(std),DmsdZ(mean),DmsdZ(std)
952.20159575000002,0,950.52572425000005,0,950.86905337500002,0,2.2666069882170916,0,2.2626177677933828,0,2.2634350235063083,0