msdX(mean),msdX(std),msdY(mean),msdY(std),msdZ(mean),msdZ(std),DmsdX(mean),DmsdX(std),DmsdY(mean),DmsdY(std),DmsdZ(mean),DmsdZ(std)
641.09543818750001,0,639.35477281249996,0,640.83126106249995,0,2.3158173564870563,0,2.309529582706201,0,2.3148630742775436,0