msdX(mean),msdX(std),msdY(mean),msdY(std),msdZ(mean),msdZ(std),DmsdX(mean),DmsdX(std),DmsdY(mean),DmsdY(std),DmsdZ(mean),DmsdZ(std)
10491.599711999999,0,10450.233891,0,10507.553256625,0,1.3474868144951546,0,1.3421740023503572,0,1.3495358052703232,0