msdX(mean),msdX(std),msdY(mean),msdY(std),msdZ(mean),msdZ(std),DmsdX(mean),DmsdX(std),DmsdY(mean),DmsdY(std),DmsdZ(mean),DmsdZ(std)
1113.435477125,0,1113.7042173750001,0,1112.1993842500001,0,2.2431713326002285,0,2.2437127473809686,0,2.2406810508024981,0