msdX(mean),msdX(std),msdY(mean),msdY(std),msdZ(mean),msdZ(std),DmsdX(mean),DmsdX(std),DmsdY(mean),DmsdY(std),DmsdZ(mean),DmsdZ(std)
10246.628355749999,0,10217.5881405625,0,10268.098404312501,0,1.372074347034786,0,1.368185718218774,0,1.3749492930013458,0