msdX(mean),msdX(std),msdY(mean),msdY(std),msdZ(mean),msdZ(std),DmsdX(mean),DmsdX(std),DmsdY(mean),DmsdY(std),DmsdZ(mean),DmsdZ(std)
446.74178212499999,0,445.27767962500002,0,447.036276375,0,2.348800116324921,0,2.3411024165352261,0,2.3503484562302841,0