msdX(mean),msdX(std),msdY(mean),msdY(std),msdZ(mean),msdZ(std),DmsdX(mean),DmsdX(std),DmsdY(mean),DmsdY(std),DmsdZ(mean),DmsdZ(std)
198.55746562499999,0,198.66644268749999,0,198.4779151875,0,2.4038434095036321,0,2.4051627444007266,0,2.4028803291464893,0