msdX(mean),msdX(std),msdY(mean),msdY(std),msdZ(mean),msdZ(std),DmsdX(mean),DmsdX(std),DmsdY(mean),DmsdY(std),DmsdZ(mean),DmsdZ(std)
1158.2542826875001,0,1159.2651767499999,0,1156.6411730625,0,2.2381004464026928,0,2.2400538019709511,0,2.2349834267414899,0