msdX(mean),msdX(std),msdY(mean),msdY(std),msdZ(mean),msdZ(std),DmsdX(mean),DmsdX(std),DmsdY(mean),DmsdY(std),DmsdZ(mean),DmsdZ(std)
3459.8989256250002,0,3470.6696735625001,0,3456.0765149375002,0,1.9945420925769353,0,2.0007511497175279,0,1.9923385718454858,0