msdX(mean),msdX(std),msdY(mean),msdY(std),msdZ(mean),msdZ(std),DmsdX(mean),DmsdX(std),DmsdY(mean),DmsdY(std),DmsdZ(mean),DmsdZ(std)
51.028227187500001,0,51.160899125,0,50.994601312500002,0,2.4454421974840255,0,2.4518002775559107,0,2.4438307338258785,0