msdX(mean),msdX(std),msdY(mean),msdY(std),msdZ(mean),msdZ(std),DmsdX(mean),DmsdX(std),DmsdY(mean),DmsdY(std),DmsdZ(mean),DmsdZ(std)
3108.4579089375002,0,3114.3395983125001,0,3102.7976362499999,0,2.0308090738820108,0,2.0346516828226568,0,2.0271111202756997,0