msdX(mean),msdX(std),msdY(mean),msdY(std),msdZ(mean),msdZ(std),DmsdX(mean),DmsdX(std),DmsdY(mean),DmsdY(std),DmsdZ(mean),DmsdZ(std)
2999.291644375,0,3001.2683763750001,0,2991.3098576875,0,2.0429286470631642,0,2.0442750724559535,0,2.0374919564668286,0