msdX(mean),msdX(std),msdY(mean),msdY(std),msdZ(mean),msdZ(std),DmsdX(mean),DmsdX(std),DmsdY(mean),DmsdY(std),DmsdZ(mean),DmsdZ(std)
1251.9672005,0,1253.5851345624999,0,1251.6746731875,0,2.2255875808840959,0,2.2284637376673975,0,2.2250675631444063,0