msdX(mean),msdX(std),msdY(mean),msdY(std),msdZ(mean),msdZ(std),DmsdX(mean),DmsdX(std),DmsdY(mean),DmsdY(std),DmsdZ(mean),DmsdZ(std)
2491.8563943125,0,2497.7862096250001,0,2485.563009125,0,2.0908636029864209,0,2.0958391846602433,0,2.0855829575775799,0