msdX(mean),msdX(std),msdY(mean),msdY(std),msdZ(mean),msdZ(std),DmsdX(mean),DmsdX(std),DmsdY(mean),DmsdY(std),DmsdZ(mean),DmsdZ(std)
7204.8315359999997,0,7203.1946038750002,0,7203.1937922500001,0,1.6592073852767331,0,1.6588304146484227,0,1.6588302277385432,0