msdX(mean),msdX(std),msdY(mean),msdY(std),msdZ(mean),msdZ(std),DmsdX(mean),DmsdX(std),DmsdY(mean),DmsdY(std),DmsdZ(mean),DmsdZ(std)
322.99973468749999,0,323.40881956250001,0,322.74274106249999,0,2.3709302766393443,0,2.3739331017555667,0,2.3690438541411796,0