msdX(mean),msdX(std),msdY(mean),msdY(std),msdZ(mean),msdZ(std),DmsdX(mean),DmsdX(std),DmsdY(mean),DmsdY(std),DmsdZ(mean),DmsdZ(std)
4738.455395125,0,4750.8602047499999,0,4748.8981020000001,0,1.8766903224385123,0,1.8816033129034813,0,1.8808262117311576,0