msdX(mean),msdX(std),msdY(mean),msdY(std),msdZ(mean),msdZ(std),DmsdX(mean),DmsdX(std),DmsdY(mean),DmsdY(std),DmsdZ(mean),DmsdZ(std)
4901.0566062500002,0,4911.6088252500003,0,4912.1478673125002,0,1.8617970469337621,0,1.8658055887138643,0,1.8660103582157828,0