msdX(mean),msdX(std),msdY(mean),msdY(std),msdZ(mean),msdZ(std),DmsdX(mean),DmsdX(std),DmsdY(mean),DmsdY(std),DmsdZ(mean),DmsdZ(std)
4582.5687085625004,0,4593.2721973750004,0,4592.9958024375001,0,1.8922550670228142,0,1.8966748001961393,0,1.8965606699442552,0