msdX(mean),msdX(std),msdY(mean),msdY(std),msdZ(mean),msdZ(std),DmsdX(mean),DmsdX(std),DmsdY(mean),DmsdY(std),DmsdZ(mean),DmsdZ(std)
68.040961687500001,0,68.317365624999994,0,68.039837500000004,0,2.4358339506264919,0,2.4457290796539377,0,2.4357937052505969,0