msdX(mean),msdX(std),msdY(mean),msdY(std),msdZ(mean),msdZ(std),DmsdX(mean),DmsdX(std),DmsdY(mean),DmsdY(std),DmsdZ(mean),DmsdZ(std)
546.15995043750002,0,544.58547481250002,0,546.70445331250005,0,2.3310283842829707,0,2.3243084712441315,0,2.3333523402155358,0