msdX(mean),msdX(std),msdY(mean),msdY(std),msdZ(mean),msdZ(std),DmsdX(mean),DmsdX(std),DmsdY(mean),DmsdY(std),DmsdZ(mean),DmsdZ(std)
70.938854500000005,0,71.183257312500004,0,70.891734124999999,0,2.4363659244419007,0,2.4447598390097309,0,2.4347475944476242,0