msdX(mean),msdX(std),msdY(mean),msdY(std),msdZ(mean),msdZ(std),DmsdX(mean),DmsdX(std),DmsdY(mean),DmsdY(std),DmsdZ(mean),DmsdZ(std)
1301.4910825625,0,1303.5067094374999,0,1301.7536991249999,0,2.2191441914731875,0,2.2225809931015372,0,2.2195919732728977,0