msdX(mean),msdX(std),msdY(mean),msdY(std),msdZ(mean),msdZ(std),DmsdX(mean),DmsdX(std),DmsdY(mean),DmsdY(std),DmsdZ(mean),DmsdZ(std)
364.709433875,0,364.40540262500002,0,364.98691343749999,0,2.3621077323510362,0,2.3601386180375648,0,2.3639048797765541,0