msdX(mean),msdX(std),msdY(mean),msdY(std),msdZ(mean),msdZ(std),DmsdX(mean),DmsdX(std),DmsdY(mean),DmsdY(std),DmsdZ(mean),DmsdZ(std)
990.45101824999995,0,988.89608475,0,989.09866924999994,0,2.2613036946347029,0,2.257753618150685,0,2.2582161398401825,0