msdX(mean),msdX(std),msdY(mean),msdY(std),msdZ(mean),msdZ(std),DmsdX(mean),DmsdX(std),DmsdY(mean),DmsdY(std),DmsdZ(mean),DmsdZ(std)
1915.0981640625,0,1918.0545869375001,0,1907.6127105,0,2.1517553949130166,0,2.1550771561628062,0,2.1433449304320145,0