msdX(mean),msdX(std),msdY(mean),msdY(std),msdZ(mean),msdZ(std),DmsdX(mean),DmsdX(std),DmsdY(mean),DmsdY(std),DmsdZ(mean),DmsdZ(std)
53.168912749999997,0,53.295957000000001,0,53.132504500000003,0,2.4445477126436779,0,2.4503888275862069,0,2.4428737701149426,0