msdX(mean),msdX(std),msdY(mean),msdY(std),msdZ(mean),msdZ(std),DmsdX(mean),DmsdX(std),DmsdY(mean),DmsdY(std),DmsdZ(mean),DmsdZ(std)
3988.4726344999999,0,4003.0455871875001,0,3988.3487964999999,0,1.9459602858258047,0,1.9530703727627929,0,1.9458998657472535,0