msdX(mean),msdX(std),msdY(mean),msdY(std),msdZ(mean),msdZ(std),DmsdX(mean),DmsdX(std),DmsdY(mean),DmsdY(std),DmsdZ(mean),DmsdZ(std)
274.650997125,0,275.19780800000001,0,274.6260768125,0,2.3820554824371207,0,2.3867979878577623,0,2.3818393478967912,0