msdX(mean),msdX(std),msdY(mean),msdY(std),msdZ(mean),msdZ(std),DmsdX(mean),DmsdX(std),DmsdY(mean),DmsdY(std),DmsdZ(mean),DmsdZ(std)
98.644787375000007,0,98.826222562500007,0,98.695762000000002,0,2.4266860362853633,0,2.4311493865313656,0,2.4279400246002463,0