msdX(mean),msdX(std),msdY(mean),msdY(std),msdZ(mean),msdZ(std),DmsdX(mean),DmsdX(std),DmsdY(mean),DmsdY(std),DmsdZ(mean),DmsdZ(std)
1989.9993139999999,0,1993.61768975,0,1983.4333720625,0,2.1445883940727435,0,2.1484878560395151,0,2.1375123901885944,0