msdX(mean),msdX(std),msdY(mean),msdY(std),msdZ(mean),msdZ(std),DmsdX(mean),DmsdX(std),DmsdY(mean),DmsdY(std),DmsdZ(mean),DmsdZ(std)
1707.5815909999999,0,1710.3247834374999,0,1703.1060594999999,0,2.1743398866723256,0,2.177832916091893,0,2.1686409925721559,0