msdX(mean),msdX(std),msdY(mean),msdY(std),msdZ(mean),msdZ(std),DmsdX(mean),DmsdX(std),DmsdY(mean),DmsdY(std),DmsdZ(mean),DmsdZ(std)
7875.0046613124996,0,7868.5954352500003,0,7871.9668789375,0,1.6002420840685412,0,1.5989396958525814,0,1.5996247908213894,0