msdX(mean),msdX(std),msdY(mean),msdY(std),msdZ(mean),msdZ(std),DmsdX(mean),DmsdX(std),DmsdY(mean),DmsdY(std),DmsdZ(mean),DmsdZ(std)
6778.6442371875,0,6771.6527065,0,6780.9165951249997,0,1.6968669863791681,0,1.6951168285020528,0,1.6974358153411937,0