msdX(mean),msdX(std),msdY(mean),msdY(std),msdZ(mean),msdZ(std),DmsdX(mean),DmsdX(std),DmsdY(mean),DmsdY(std),DmsdZ(mean),DmsdZ(std)
7643.7525170625004,0,7644.7618335625002,0,7645.7309561874999,0,1.619404783174615,0,1.6196186168857651,0,1.6198239351258445,0