msdX(mean),msdX(std),msdY(mean),msdY(std),msdZ(mean),msdZ(std),DmsdX(mean),DmsdX(std),DmsdY(mean),DmsdY(std),DmsdZ(mean),DmsdZ(std)
694.90613393750004,0,692.17719024999997,0,693.70614575000002,0,2.3092975927028525,0,2.3002288238715036,0,2.3053098169482138,0