msdX(mean),msdX(std),msdY(mean),msdY(std),msdZ(mean),msdZ(std),DmsdX(mean),DmsdX(std),DmsdY(mean),DmsdY(std),DmsdZ(mean),DmsdZ(std)
524.79428206249997,0,523.14729962499996,0,525.20444574999999,0,2.3351866600229902,0,2.3278580523212695,0,2.3370117728418869,0