msdX(mean),msdX(std),msdY(mean),msdY(std),msdZ(mean),msdZ(std),DmsdX(mean),DmsdX(std),DmsdY(mean),DmsdY(std),DmsdZ(mean),DmsdZ(std)
1029.3258711875001,0,1028.8146664374999,0,1028.9171830625,0,2.2540805237873647,0,2.2529610564710389,0,2.25318555362422,0