msdX(mean),msdX(std),msdY(mean),msdY(std),msdZ(mean),msdZ(std),DmsdX(mean),DmsdX(std),DmsdY(mean),DmsdY(std),DmsdZ(mean),DmsdZ(std)
1642.6827264999999,0,1646.2826205624999,0,1638.9648267499999,0,2.1807935300365084,0,2.1855726791403915,0,2.1758577188848323,0