msdX(mean),msdX(std),msdY(mean),msdY(std),msdZ(mean),msdZ(std),DmsdX(mean),DmsdX(std),DmsdY(mean),DmsdY(std),DmsdZ(mean),DmsdZ(std)
2889.7063129375001,0,2894.3674289999999,0,2882.1271195625,0,2.0521296118577568,0,2.0554397109682916,0,2.0467472354241378,0