msdX(mean),msdX(std),msdY(mean),msdY(std),msdZ(mean),msdZ(std),DmsdX(mean),DmsdX(std),DmsdY(mean),DmsdY(std),DmsdZ(mean),DmsdZ(std)
9758.2461142499997,0,9734.6132436250009,0,9771.3512831249991,0,1.4203522574341731,0,1.4169123973661994,0,1.4222597678594819,0