msdX(mean),msdX(std),msdY(mean),msdY(std),msdZ(mean),msdZ(std),DmsdX(mean),DmsdX(std),DmsdY(mean),DmsdY(std),DmsdZ(mean),DmsdZ(std)
4426.7421348124999,0,4439.1299016249995,0,4435.7953432499999,0,1.905764754635177,0,1.9110978345076737,0,1.9096622677568182,0