msdX(mean),msdX(std),msdY(mean),msdY(std),msdZ(mean),msdZ(std),DmsdX(mean),DmsdX(std),DmsdY(mean),DmsdY(std),DmsdZ(mean),DmsdZ(std)
6364.9411572500003,0,6362.9987998124998,0,6370.7400128749996,0,1.7319175049772113,0,1.7313889843257522,0,1.7334953890954852,0