msdX(mean),msdX(std),msdY(mean),msdY(std),msdZ(mean),msdZ(std),DmsdX(mean),DmsdX(std),DmsdY(mean),DmsdY(std),DmsdZ(mean),DmsdZ(std)
7421.9202711874996,0,7421.8311072500001,0,7418.8120491874997,0,1.6393821742009527,0,1.639362479328955,0,1.6386956182216275,0