msdX(mean),msdX(std),msdY(mean),msdY(std),msdZ(mean),msdZ(std),DmsdX(mean),DmsdX(std),DmsdY(mean),DmsdY(std),DmsdZ(mean),DmsdZ(std)
80.305850500000005,0,80.517762812499996,0,80.244219312499993,0,2.4335106212121214,0,2.4399322064393938,0,2.4316430094696968,0