msdX(mean),msdX(std),msdY(mean),msdY(std),msdZ(mean),msdZ(std),DmsdX(mean),DmsdX(std),DmsdY(mean),DmsdY(std),DmsdZ(mean),DmsdZ(std)
1462.0110487500001,0,1465.3265778750001,0,1459.9304031250001,0,2.1996154193831496,0,2.2046036778460385,0,2.1964850598671015,0