msdX(mean),msdX(std),msdY(mean),msdY(std),msdZ(mean),msdZ(std),DmsdX(mean),DmsdX(std),DmsdY(mean),DmsdY(std),DmsdZ(mean),DmsdZ(std)
4129.7026168749999,0,4142.0114745624996,0,4132.1481990000002,0,1.9325520181920992,0,1.9383121200620053,0,1.9336964625043873,0