msdX(mean),msdX(std),msdY(mean),msdY(std),msdZ(mean),msdZ(std),DmsdX(mean),DmsdX(std),DmsdY(mean),DmsdY(std),DmsdZ(mean),DmsdZ(std)
65.252818562499996,0,65.5411195625,0,65.254144374999996,0,2.4363217882700683,0,2.4470859824206599,0,2.436371289670193,0