msdX(mean),msdX(std),msdY(mean),msdY(std),msdZ(mean),msdZ(std),DmsdX(mean),DmsdX(std),DmsdY(mean),DmsdY(std),DmsdZ(mean),DmsdZ(std)
2400.7844300000002,0,2404.3684395,0,2394.6447369375001,0,2.1002706976744188,0,2.1034060854414234,0,2.0948995292884742,0