msdX(mean),msdX(std),msdY(mean),msdY(std),msdZ(mean),msdZ(std),DmsdX(mean),DmsdX(std),DmsdY(mean),DmsdY(std),DmsdZ(mean),DmsdZ(std)
10002.004491875001,0,9976.5329813125009,0,10022.884668500001,0,1.396362435867456,0,1.392806402618004,0,1.3992774809783748,0