msdX(mean),msdX(std),msdY(mean),msdY(std),msdZ(mean),msdZ(std),DmsdX(mean),DmsdX(std),DmsdY(mean),DmsdY(std),DmsdZ(mean),DmsdZ(std)
1352.5555933749999,0,1354.4683434374999,0,1353.0475504999999,0,2.2119858155936543,0,2.2151139502357715,0,2.2127903682402965,0