msdX(mean),msdX(std),msdY(mean),msdY(std),msdZ(mean),msdZ(std),DmsdX(mean),DmsdX(std),DmsdY(mean),DmsdY(std),DmsdZ(mean),DmsdZ(std)
233.6608689375,0,234.01670956250001,0,233.26673743750001,0,2.3944751727156279,0,2.3981217034585827,0,2.3904362504269856,0