msdX(mean),msdX(std),msdY(mean),msdY(std),msdZ(mean),msdZ(std),DmsdX(mean),DmsdX(std),DmsdY(mean),DmsdY(std),DmsdZ(mean),DmsdZ(std)
6570.2670682500002,0,6562.2552625625003,0,6574.2337263125,0,1.7147506235183583,0,1.7126596508599503,0,1.7157858674917463,0