msdX(mean),msdX(std),msdY(mean),msdY(std),msdZ(mean),msdZ(std),DmsdX(mean),DmsdX(std),DmsdY(mean),DmsdY(std),DmsdZ(mean),DmsdZ(std)
11686.373175125,0,11651.3842398125,0,11705.8185690625,0,1.2184093390111035,0,1.2147614283284678,0,1.2204366959352031,0