msdX(mean),msdX(std),msdY(mean),msdY(std),msdZ(mean),msdZ(std),DmsdX(mean),DmsdX(std),DmsdY(mean),DmsdY(std),DmsdZ(mean),DmsdZ(std)
3219.8595639999999,0,3227.5047317499998,0,3215.1065010000002,0,2.0176454955039635,0,2.0224361511106932,0,2.0146671059310086,0