msdX(mean),msdX(std),msdY(mean),msdY(std),msdZ(mean),msdZ(std),DmsdX(mean),DmsdX(std),DmsdY(mean),DmsdY(std),DmsdZ(mean),DmsdZ(std)
6164.1527536875001,0,6165.9458757499997,0,6169.4490508749996,0,1.7487206211967548,0,1.7492293155222061,0,1.7502231381650803,0