msdX(mean),msdX(std),msdY(mean),msdY(std),msdZ(mean),msdZ(std),DmsdX(mean),DmsdX(std),DmsdY(mean),DmsdY(std),DmsdZ(mean),DmsdZ(std)
411.45673837499999,0,411.08213087500002,0,412.21464062500002,0,2.3516292915317201,0,2.349488269432273,0,2.3559609866164983,0