msdX(mean),msdX(std),msdY(mean),msdY(std),msdZ(mean),msdZ(std),DmsdX(mean),DmsdX(std),DmsdY(mean),DmsdY(std),DmsdZ(mean),DmsdZ(std)
87.245423437499994,0,87.375434812500004,0,87.157525500000006,0,2.4324932185176578,0,2.4361180709804833,0,2.4300425325278812,0