msdX(mean),msdX(std),msdY(mean),msdY(std),msdZ(mean),msdZ(std),DmsdX(mean),DmsdX(std),DmsdY(mean),DmsdY(std),DmsdZ(mean),DmsdZ(std)
215.38814618750001,0,215.652079625,0,215.18251218750001,0,2.3989769391590867,0,2.4019166098941898,0,2.3966866031650271,0