msdX(mean),msdX(std),msdY(mean),msdY(std),msdZ(mean),msdZ(std),DmsdX(mean),DmsdX(std),DmsdY(mean),DmsdY(std),DmsdZ(mean),DmsdZ(std)
2067.4655684375002,0,2069.8499719375,0,2060.438373125,0,2.1370257568220583,0,2.1394903839345703,0,2.129762130471859,0