msdX(mean),msdX(std),msdY(mean),msdY(std),msdZ(mean),msdZ(std),DmsdX(mean),DmsdX(std),DmsdY(mean),DmsdY(std),DmsdZ(mean),DmsdZ(std)
6988.2550040625001,0,6984.4184366250001,0,6987.3735756249998,0,1.6778724844385888,0,1.67695132873744,0,1.677660854422022,0