msdX(mean),msdX(std),msdY(mean),msdY(std),msdZ(mean),msdZ(std),DmsdX(mean),DmsdX(std),DmsdY(mean),DmsdY(std),DmsdZ(mean),DmsdZ(std)
55.408552999999998,0,55.530524999999997,0,55.35570225,0,2.4444949852941176,0,2.4498761029411762,0,2.4421633345588236,0