msdX(mean),msdX(std),msdY(mean),msdY(std),msdZ(mean),msdZ(std),DmsdX(mean),DmsdX(std),DmsdY(mean),DmsdY(std),DmsdZ(mean),DmsdZ(std)
2147.1713352500001,0,2149.9823430000001,0,2140.4125446875,0,2.1287575821642792,0,2.131544483220146,0,2.1220567537674118,0