msdX(mean),msdX(std),msdY(mean),msdY(std),msdZ(mean),msdZ(std),DmsdX(mean),DmsdX(std),DmsdY(mean),DmsdY(std),DmsdZ(mean),DmsdZ(std)
3339.5764035625002,0,3347.1243157499998,0,3334.2874215625002,0,2.0071781167170863,0,2.011714621452684,0,2.0039992917263523,0