msdX(mean),msdX(std),msdY(mean),msdY(std),msdZ(mean),msdZ(std),DmsdX(mean),DmsdX(std),DmsdY(mean),DmsdY(std),DmsdZ(mean),DmsdZ(std)
722.97124793750004,0,720.35291331250005,0,721.97339162499998,0,2.3044132424697197,0,2.2960675094958565,0,2.3012326549883126,0