msdX(mean),msdX(std),msdY(mean),msdY(std),msdZ(mean),msdZ(std),DmsdX(mean),DmsdX(std),DmsdY(mean),DmsdY(std),DmsdZ(mean),DmsdZ(std)
379.57459325000002,0,379.49552237500001,0,380.22596812500001,0,2.3580943875543592,0,2.3576031624042244,0,2.3621410320459724,0