msdX(mean),msdX(std),msdY(mean),msdY(std),msdZ(mean),msdZ(std),DmsdX(mean),DmsdX(std),DmsdY(mean),DmsdY(std),DmsdZ(mean),DmsdZ(std)
8792.9196067499997,0,8789.0078638750001,0,8809.0049792499995,0,1.512214014162625,0,1.5115412691973651,0,1.5149803906115638,0