msdX(mean),msdX(std),msdY(mean),msdY(std),msdZ(mean),msdZ(std),DmsdX(mean),DmsdX(std),DmsdY(mean),DmsdY(std),DmsdZ(mean),DmsdZ(std)
813.43024706250003,0,810.98119399999996,0,812.48609818750003,0,2.2878083168682322,0,2.2809202475038672,0,2.2851528566657291,0