msdX(mean),msdX(std),msdY(mean),msdY(std),msdZ(mean),msdZ(std),DmsdX(mean),DmsdX(std),DmsdY(mean),DmsdY(std),DmsdZ(mean),DmsdZ(std)
504.17069068749998,0,502.80984606250001,0,504.63749799999999,0,2.3389964773254466,0,2.3326831178960798,0,2.3411621340756206,0