msdX(mean),msdX(std),msdY(mean),msdY(std),msdZ(mean),msdZ(std),DmsdX(mean),DmsdX(std),DmsdY(mean),DmsdY(std),DmsdZ(mean),DmsdZ(std)
8557.1596091249994,0,8551.6137371250006,0,8572.2159211875005,0,1.53434773521176,0,1.5333533285941834,0,1.5370474182104392,0