msdX(mean),msdX(std),msdY(mean),msdY(std),msdZ(mean),msdZ(std),DmsdX(mean),DmsdX(std),DmsdY(mean),DmsdY(std),DmsdZ(mean),DmsdZ(std)
10976.465784562501,0,10929.668419875001,0,10996.399017125001,0,1.2969333582912896,0,1.2914039771102632,0,1.2992885858077134,0