msdX(mean),msdX(std),msdY(mean),msdY(std),msdZ(mean),msdZ(std),DmsdX(mean),DmsdX(std),DmsdY(mean),DmsdY(std),DmsdZ(mean),DmsdZ(std)
142.94478062499999,0,143.024998375,0,142.98853306250001,0,2.4159681232394368,0,2.4173239161971831,0,2.4167076010563382,0