msdX(mean),msdX(std),msdY(mean),msdY(std),msdZ(mean),msdZ(std),DmsdX(mean),DmsdX(std),DmsdY(mean),DmsdY(std),DmsdZ(mean),DmsdZ(std)
5240.1257384999999,0,5247.7752636249998,0,5251.2272223125001,0,1.8312940152953647,0,1.8339673346545435,0,1.835173708623592,0