msdX(mean),msdX(std),msdY(mean),msdY(std),msdZ(mean),msdZ(std),DmsdX(mean),DmsdX(std),DmsdY(mean),DmsdY(std),DmsdZ(mean),DmsdZ(std)
1104.3816795,0,1099.0828172500001,0,959.46001724999996,0,0.53881038193202146,0,0.53622515071556354,0,0.46810539140510654,0