msdX(mean),msdX(std),msdY(mean),msdY(std),msdZ(mean),msdZ(std),DmsdX(mean),DmsdX(std),DmsdY(mean),DmsdY(std),DmsdZ(mean),DmsdZ(std)
2209.3560634999999,0,2231.7460904999998,0,1941.3019112500001,0,0.39615019786387107,0,0.40016485795997891,0,0.34808655289220142,0