msdX(mean),msdX(std),msdY(mean),msdY(std),msdZ(mean),msdZ(std),DmsdX(mean),DmsdX(std),DmsdY(mean),DmsdY(std),DmsdZ(mean),DmsdZ(std)
952.00418175000004,0,942.49788149999995,0,827.42192924999995,0,0.57216374414015547,0,0.56645036551406358,0,0.49728860240203543,0