msdX(mean),msdX(std),msdY(mean),msdY(std),msdZ(mean),msdZ(std),DmsdX(mean),DmsdX(std),DmsdY(mean),DmsdY(std),DmsdZ(mean),DmsdZ(std)
463.15302550000001,0,453.154695,0,399.37975549999999,0,0.75744607310292189,0,0.74109468218491059,0,0.65315049416703008,0