msdX(mean),msdX(std),msdY(mean),msdY(std),msdZ(mean),msdZ(std),DmsdX(mean),DmsdX(std),DmsdY(mean),DmsdY(std),DmsdZ(mean),DmsdZ(std)
152.18070424999999,0,149.1916525,0,131.84313549999999,0,1.0711921932191459,0,1.0501524108399813,0,0.9280370870483341,0