msdX(mean),msdX(std),msdY(mean),msdY(std),msdZ(mean),msdZ(std),DmsdX(mean),DmsdX(std),DmsdY(mean),DmsdY(std),DmsdZ(mean),DmsdZ(std)
540.29767675000005,0,527.33227675000001,0,466.59929425000001,0,0.71727278088768931,0,0.7000605497167891,0,0.61943441134171173,0