msdX(mean),msdX(std),msdY(mean),msdY(std),msdZ(mean),msdZ(std),DmsdX(mean),DmsdX(std),DmsdY(mean),DmsdY(std),DmsdZ(mean),DmsdZ(std)
609.58793975000003,0,597.22271699999999,0,526.64728275000004,0,0.68487896758669775,0,0.67098649951314515,0,0.59169419828102776,0