msdX(mean),msdX(std),msdY(mean),msdY(std),msdZ(mean),msdZ(std),DmsdX(mean),DmsdX(std),DmsdY(mean),DmsdY(std),DmsdZ(mean),DmsdZ(std)
1659.48860825,0,1664.8091992499999,0,1451.8963825000001,0,0.45154514346418273,0,0.45299287080287337,0,0.39505951235329334,0