msdX(mean),msdX(std),msdY(mean),msdY(std),msdZ(mean),msdZ(std),DmsdX(mean),DmsdX(std),DmsdY(mean),DmsdY(std),DmsdZ(mean),DmsdZ(std)
63.724414250000002,0,62.858315750000003,0,56.712797250000001,0,1.3257506432038837,0,1.3077319504160889,0,1.1798778900832179,0