msdX(mean),msdX(std),msdY(mean),msdY(std),msdZ(mean),msdZ(std),DmsdX(mean),DmsdX(std),DmsdY(mean),DmsdY(std),DmsdZ(mean),DmsdZ(std)
55.608967749999998,0,54.845644249999999,0,49.6454655,0,1.3674336331967214,0,1.3486633831967214,0,1.2207901352459016,0