msdX(mean),msdX(std),msdY(mean),msdY(std),msdZ(mean),msdZ(std),DmsdX(mean),DmsdX(std),DmsdY(mean),DmsdY(std),DmsdZ(mean),DmsdZ(std)
924.29431324999996,0,914.56848875000003,0,802.97462674999997,0,0.57918016119767735,0,0.57308577705948704,0,0.50315896905547663,0