msdX(mean),msdX(std),msdY(mean),msdY(std),msdZ(mean),msdZ(std),DmsdX(mean),DmsdX(std),DmsdY(mean),DmsdY(std),DmsdZ(mean),DmsdZ(std)
36.83767975,0,36.534312499999999,0,33.336143749999998,0,1.4934194493243242,0,1.4811207770270269,0,1.351465287162162,0