msdX(mean),msdX(std),msdY(mean),msdY(std),msdZ(mean),msdZ(std),DmsdX(mean),DmsdX(std),DmsdY(mean),DmsdY(std),DmsdZ(mean),DmsdZ(std)
65.838709249999994,0,64.987809499999997,0,58.587617000000002,0,1.3150208239014647,0,1.2980254893475367,0,1.1701920838881492,0