msdX(mean),msdX(std),msdY(mean),msdY(std),msdZ(mean),msdZ(std),DmsdX(mean),DmsdX(std),DmsdY(mean),DmsdY(std),DmsdZ(mean),DmsdZ(std)
112.94368725,0,111.05579950000001,0,98.676443000000006,0,1.1572099103483606,0,1.1378667981557378,0,1.0110291290983608,0