msdX(mean),msdX(std),msdY(mean),msdY(std),msdZ(mean),msdZ(std),DmsdX(mean),DmsdX(std),DmsdY(mean),DmsdY(std),DmsdZ(mean),DmsdZ(std)
45.245355750000002,0,44.722311249999997,0,40.754932500000002,0,1.4288007078947369,0,1.4122835131578946,0,1.2869978684210526,0