msdX(mean),msdX(std),msdY(mean),msdY(std),msdZ(mean),msdZ(std),DmsdX(mean),DmsdX(std),DmsdY(mean),DmsdY(std),DmsdZ(mean),DmsdZ(std)
80.779114750000005,0,79.625716499999996,0,71.34421725,0,1.2556339080310883,0,1.2377054378238341,0,1.1089774702072539,0