msdX(mean),msdX(std),msdY(mean),msdY(std),msdZ(mean),msdZ(std),DmsdX(mean),DmsdX(std),DmsdY(mean),DmsdY(std),DmsdZ(mean),DmsdZ(std)
980.84113075000005,0,971.85588225000004,0,852.17314250000004,0,0.56541320323008337,0,0.560233589552669,0,0.49124157939740981,0