msdX(mean),msdX(std),msdY(mean),msdY(std),msdZ(mean),msdZ(std),DmsdX(mean),DmsdX(std),DmsdY(mean),DmsdY(std),DmsdZ(mean),DmsdZ(std)
1072.0671540000001,0,1066.0751795000001,0,931.43037125000001,0,0.5453222323578284,0,0.54227432915663476,0,0.47378532906337956,0