msdX(mean),msdX(std),msdY(mean),msdY(std),msdZ(mean),msdZ(std),DmsdX(mean),DmsdX(std),DmsdY(mean),DmsdY(std),DmsdZ(mean),DmsdZ(std)
300.10078499999997,0,293.70763149999999,0,258.54793975000001,0,0.8798889317826426,0,0.86114434568021891,0,0.75805689918881947,0