msdX(mean),msdX(std),msdY(mean),msdY(std),msdZ(mean),msdZ(std),DmsdX(mean),DmsdX(std),DmsdY(mean),DmsdY(std),DmsdZ(mean),DmsdZ(std)
59.551896999999997,0,58.69529825,0,53.054813500000002,0,1.3473279864253391,0,1.3279479242081447,0,1.2003351470588235,0