msdX(mean),msdX(std),msdY(mean),msdY(std),msdZ(mean),msdZ(std),DmsdX(mean),DmsdX(std),DmsdY(mean),DmsdY(std),DmsdZ(mean),DmsdZ(std)
1432.4181022499999,0,1435.9542395000001,0,1252.1303607499999,0,0.48014014600558658,0,0.48132544340782124,0,0.41970850081005584,0