msdX(mean),msdX(std),msdY(mean),msdY(std),msdZ(mean),msdZ(std),DmsdX(mean),DmsdX(std),DmsdY(mean),DmsdY(std),DmsdZ(mean),DmsdZ(std)
556.84669225000005,0,544.67903349999995,0,481.02480274999999,0,0.70905775753395583,0,0.69356413433786068,0,0.61251036003820025,0