msdX(mean),msdX(std),msdY(mean),msdY(std),msdZ(mean),msdZ(std),DmsdX(mean),DmsdX(std),DmsdY(mean),DmsdY(std),DmsdZ(mean),DmsdZ(std)
51.879265250000003,0,51.168581000000003,0,46.422966750000001,0,1.3871461296791445,0,1.3681438770053478,0,1.2412557954545456,0