msdX(mean),msdX(std),msdY(mean),msdY(std),msdZ(mean),msdZ(std),DmsdX(mean),DmsdX(std),DmsdY(mean),DmsdY(std),DmsdZ(mean),DmsdZ(std)
185.18172300000001,0,181.28455074999999,0,160.0844635,0,1.0148797387650712,0,0.99352146921812201,0,0.87733538637194008,0