msdX(mean),msdX(std),msdY(mean),msdY(std),msdZ(mean),msdZ(std),DmsdX(mean),DmsdX(std),DmsdY(mean),DmsdY(std),DmsdZ(mean),DmsdZ(std)
98.80705725,0,97.326484249999993,0,86.726676249999997,0,1.1962113468523004,0,1.1782867342615011,0,1.0499597608958837,0