msdX(mean),msdX(std),msdY(mean),msdY(std),msdZ(mean),msdZ(std),DmsdX(mean),DmsdX(std),DmsdY(mean),DmsdY(std),DmsdZ(mean),DmsdZ(std)
89.323832499999995,0,88.104770500000001,0,78.703572750000006,0,1.2247326211151734,0,1.2080178770566727,0,1.0791166281992688,0