msdX(mean),msdX(std),msdY(mean),msdY(std),msdZ(mean),msdZ(std),DmsdX(mean),DmsdX(std),DmsdY(mean),DmsdY(std),DmsdZ(mean),DmsdZ(std)
83.532776999999996,0,82.364452249999999,0,73.640964249999996,0,1.2455185437375746,0,1.2280981945825051,0,1.098026305914513,0