msdX(mean),msdX(std),msdY(mean),msdY(std),msdZ(mean),msdZ(std),DmsdX(mean),DmsdX(std),DmsdY(mean),DmsdY(std),DmsdZ(mean),DmsdZ(std)
1969.2184037500001,0,1985.5234707499999,0,1730.8338369999999,0,0.41719550374636311,0,0.42064986951286687,0,0.36669172558684782,0