msdX(mean),msdX(std),msdY(mean),msdY(std),msdZ(mean),msdZ(std),DmsdX(mean),DmsdX(std),DmsdY(mean),DmsdY(std),DmsdZ(mean),DmsdZ(std)
191.4595415,0,187.03598500000001,0,165.28486874999999,0,1.006622195057834,0,0.98336480021030503,0,0.86900561908517349,0