msdX(mean),msdX(std),msdY(mean),msdY(std),msdZ(mean),msdZ(std),DmsdX(mean),DmsdX(std),DmsdY(mean),DmsdY(std),DmsdZ(mean),DmsdZ(std)
72.984650250000001,0,72.024494500000003,0,64.715800000000002,0,1.284941025528169,0,1.2680368750000002,0,1.139362676056338,0