msdX(mean),msdX(std),msdY(mean),msdY(std),msdZ(mean),msdZ(std),DmsdX(mean),DmsdX(std),DmsdY(mean),DmsdY(std),DmsdZ(mean),DmsdZ(std)
70.481052000000005,0,69.6319005,0,62.614826999999998,0,1.2940217625458996,0,1.278431465728274,0,1.1495990269277845,0