msdX(mean),msdX(std),msdY(mean),msdY(std),msdZ(mean),msdZ(std),DmsdX(mean),DmsdX(std),DmsdY(mean),DmsdY(std),DmsdZ(mean),DmsdZ(std)
752.33290924999994,0,739.91257925000002,0,650.38705225000001,0,0.63125768522403081,0,0.62083619671924828,0,0.54571828515690557,0