msdX(mean),msdX(std),msdY(mean),msdY(std),msdZ(mean),msdZ(std),DmsdX(mean),DmsdX(std),DmsdY(mean),DmsdY(std),DmsdZ(mean),DmsdZ(std)
2693.5781830000001,0,2743.0047547499998,0,2378.3963094999999,0,0.36068267046063202,0,0.36730111873995713,0,0.31847834888859133,0