msdX(mean),msdX(std),msdY(mean),msdY(std),msdZ(mean),msdZ(std),DmsdX(mean),DmsdX(std),DmsdY(mean),DmsdY(std),DmsdZ(mean),DmsdZ(std)
730.23873275000005,0,717.55145525,0,631.74537525000005,0,0.63880451339884536,0,0.62770582776870598,0,0.55264364779553288,0