msdX(mean),msdX(std),msdY(mean),msdY(std),msdZ(mean),msdZ(std),DmsdX(mean),DmsdX(std),DmsdY(mean),DmsdY(std),DmsdZ(mean),DmsdZ(std)
2404.9939407500001,0,2432.6408070000002,0,2119.3304414999998,0,0.3805089192912971,0,0.38488310045671742,0,0.33531233582435893,0