msdX(mean),msdX(std),msdY(mean),msdY(std),msdZ(mean),msdZ(std),DmsdX(mean),DmsdX(std),DmsdY(mean),DmsdY(std),DmsdZ(mean),DmsdZ(std)
647.63971325,0,634.67417599999999,0,559.41562799999997,0,0.66941811595576073,0,0.65601658213891945,0,0.57822728914002197,0