msdX(mean),msdX(std),msdY(mean),msdY(std),msdZ(mean),msdZ(std),DmsdX(mean),DmsdX(std),DmsdY(mean),DmsdY(std),DmsdZ(mean),DmsdZ(std)
3104.1662394999998,0,3179.0693552500002,0,2750.9747567499999,0,0.33741915412403256,0,0.34556103313683006,0,0.29902766276739906,0