msdX(mean),msdX(std),msdY(mean),msdY(std),msdZ(mean),msdZ(std),DmsdX(mean),DmsdX(std),DmsdY(mean),DmsdY(std),DmsdZ(mean),DmsdZ(std)
2149.0142162500001,0,2165.961616,0,1884.2982527500001,0,0.40173996739428464,0,0.40490813993195329,0,0.35225356486558906,0