msdX(mean),msdX(std),msdY(mean),msdY(std),msdZ(mean),msdZ(std),DmsdX(mean),DmsdX(std),DmsdY(mean),DmsdY(std),DmsdZ(mean),DmsdZ(std)
872.45187375,0,859.75513450000005,0,756.61618599999997,0,0.59425929099309782,0,0.58561107154209435,0,0.51535931295976756,0