msdX(mean),msdX(std),msdY(mean),msdY(std),msdZ(mean),msdZ(std),DmsdX(mean),DmsdX(std),DmsdY(mean),DmsdY(std),DmsdZ(mean),DmsdZ(std)
2276.4373592500001,0,2296.2522279999998,0,2000.149097,0,0.39150369058060741,0,0.3949114690606404,0,0.34398739328586658,0