msdX(mean),msdX(std),msdY(mean),msdY(std),msdZ(mean),msdZ(std),DmsdX(mean),DmsdX(std),DmsdY(mean),DmsdY(std),DmsdZ(mean),DmsdZ(std)
33.250945250000001,0,32.964438749999999,0,30.156862499999999,0,1.5252727178899081,0,1.5121302178899081,0,1.3833423165137613,0