msdX(mean),msdX(std),msdY(mean),msdY(std),msdZ(mean),msdZ(std),DmsdX(mean),DmsdX(std),DmsdY(mean),DmsdY(std),DmsdZ(mean),DmsdZ(std)
232.58139700000001,0,226.80968874999999,0,200.36490875000001,0,0.95216183269650667,0,0.92853311442412667,0,0.82027118756823159,0