msdX(mean),msdX(std),msdY(mean),msdY(std),msdZ(mean),msdZ(std),DmsdX(mean),DmsdX(std),DmsdY(mean),DmsdY(std),DmsdZ(mean),DmsdZ(std)
2026.2797752500001,0,2044.7591675000001,0,1780.6676917499999,0,0.4117506350671255,0,0.41550574410366181,0,0.36184097668897408,0