msdX(mean),msdX(std),msdY(mean),msdY(std),msdZ(mean),msdZ(std),DmsdX(mean),DmsdX(std),DmsdY(mean),DmsdY(std),DmsdZ(mean),DmsdZ(std)
329.81435425000001,0,322.36543625000002,0,283.70198925,0,0.8532623859520525,0,0.83399129764573998,0,0.73396513258882379,0