msdX(mean),msdX(std),msdY(mean),msdY(std),msdZ(mean),msdZ(std),DmsdX(mean),DmsdX(std),DmsdY(mean),DmsdY(std),DmsdZ(mean),DmsdZ(std)
574.32137324999997,0,561.65063350000003,0,495.69827850000001,0,0.70141838452613581,0,0.6859436168783587,0,0.605396041157792,0