msdX(mean),msdX(std),msdY(mean),msdY(std),msdZ(mean),msdZ(std),DmsdX(mean),DmsdX(std),DmsdY(mean),DmsdY(std),DmsdZ(mean),DmsdZ(std)
822.59213850000003,0,810.22695050000004,0,712.72920624999995,0,0.60902675604639678,0,0.59987187845508394,0,0.52768697402517273,0