msdX(mean),msdX(std),msdY(mean),msdY(std),msdZ(mean),msdZ(std),DmsdX(mean),DmsdX(std),DmsdY(mean),DmsdY(std),DmsdZ(mean),DmsdZ(std)
422.40297700000002,0,413.68981424999998,0,363.45476975000003,0,0.78280759266123057,0,0.76666014501482571,0,0.67356332422164567,0