msdX(mean),msdX(std),msdY(mean),msdY(std),msdZ(mean),msdZ(std),DmsdX(mean),DmsdX(std),DmsdY(mean),DmsdY(std),DmsdZ(mean),DmsdZ(std)
2542.9494595000001,0,2582.3861915000002,0,2243.6946997499999,0,0.37013480076172922,0,0.3758749490320703,0,0.32657726938285381,0