msdX(mean),msdX(std),msdY(mean),msdY(std),msdZ(mean),msdZ(std),DmsdX(mean),DmsdX(std),DmsdY(mean),DmsdY(std),DmsdZ(mean),DmsdZ(std)
75.527607750000001,0,74.429958499999998,0,66.876673499999995,0,1.2758041849662163,0,1.2572628125,0,1.1296735388513515,0