msdX(mean),msdX(std),msdY(mean),msdY(std),msdZ(mean),msdZ(std),DmsdX(mean),DmsdX(std),DmsdY(mean),DmsdY(std),DmsdZ(mean),DmsdZ(std)
86.324432000000002,0,85.202171000000007,0,76.109571500000001,0,1.2343817731172544,0,1.2183341897044806,0,1.0883160843660629,0