msdX(mean),msdX(std),msdY(mean),msdY(std),msdZ(mean),msdZ(std),DmsdX(mean),DmsdX(std),DmsdY(mean),DmsdY(std),DmsdZ(mean),DmsdZ(std)
1565.7781574999999,0,1570.3634565,0,1368.30565875,0,0.46311096051464062,0,0.46446715661047028,0,0.40470442435669923,0