msdX(mean),msdX(std),msdY(mean),msdY(std),msdZ(mean),msdZ(std),DmsdX(mean),DmsdX(std),DmsdY(mean),DmsdY(std),DmsdZ(mean),DmsdZ(std)
1351.6760502499999,0,1352.1291564999999,0,1179.3471414999999,0,0.49248562641186328,0,0.49265071649785031,0,0.42969727519492823,0