msdX(mean),msdX(std),msdY(mean),msdY(std),msdZ(mean),msdZ(std),DmsdX(mean),DmsdX(std),DmsdY(mean),DmsdY(std),DmsdZ(mean),DmsdZ(std)
319.73863949999998,0,312.40350274999997,0,274.96702125000002,0,0.86244912650602401,0,0.84266364705089003,0,0.74168410695018883,0