msdX(mean),msdX(std),msdY(mean),msdY(std),msdZ(mean),msdZ(std),DmsdX(mean),DmsdX(std),DmsdY(mean),DmsdY(std),DmsdZ(mean),DmsdZ(std)
523.38919675,0,511.61903625000002,0,452.30329849999998,0,0.72438069304761032,0,0.70809056502583512,0,0.62599644560804579,0