msdX(mean),msdX(std),msdY(mean),msdY(std),msdZ(mean),msdZ(std),DmsdX(mean),DmsdX(std),DmsdY(mean),DmsdY(std),DmsdZ(mean),DmsdZ(std)
3286.9604477500002,0,3375.6033122499998,0,2911.20166875,0,0.32869604477500003,0,0.33756033122499995,0,0.29112016687499997,0