msdX(mean),msdX(std),msdY(mean),msdY(std),msdZ(mean),msdZ(std),DmsdX(mean),DmsdX(std),DmsdY(mean),DmsdY(std),DmsdZ(mean),DmsdZ(std)
162.44844399999999,0,159.11267749999999,0,140.71415775,0,1.0521272279792746,0,1.0305225226683936,0,0.91136112532383418,0