msdX(mean),msdX(std),msdY(mean),msdY(std),msdZ(mean),msdZ(std),DmsdX(mean),DmsdX(std),DmsdY(mean),DmsdY(std),DmsdZ(mean),DmsdZ(std)
240.37862025000001,0,234.21320499999999,0,207.02088325,0,0.94364807740120393,0,0.91944466762627586,0,0.8126964796519236,0