msdX(mean),msdX(std),msdY(mean),msdY(std),msdZ(mean),msdZ(std),DmsdX(mean),DmsdX(std),DmsdY(mean),DmsdY(std),DmsdZ(mean),DmsdZ(std)
40.844496749999998,0,40.41781975,0,36.828576750000003,0,1.4622134874701669,0,1.4469386545346061,0,1.3184454683770883,0