msdX(mean),msdX(std),msdY(mean),msdY(std),msdZ(mean),msdZ(std),DmsdX(mean),DmsdX(std),DmsdY(mean),DmsdY(std),DmsdZ(mean),DmsdZ(std)
362.05583050000001,0,353.68053774999998,0,311.38822924999999,0,0.82661148515981742,0,0.8074898122146118,0,0.71093203025114149,0