msdX(mean),msdX(std),msdY(mean),msdY(std),msdZ(mean),msdZ(std),DmsdX(mean),DmsdX(std),DmsdY(mean),DmsdY(std),DmsdZ(mean),DmsdZ(std)
477.35960425000002,0,467.54887650000001,0,411.92252100000002,0,0.74876022835407308,0,0.73337165612255573,0,0.6461191901077068,0