msdX(mean),msdX(std),msdY(mean),msdY(std),msdZ(mean),msdZ(std),DmsdX(mean),DmsdX(std),DmsdY(mean),DmsdY(std),DmsdZ(mean),DmsdZ(std)
2088.2273452499999,0,2103.5933920000002,0,1832.7512682500001,0,0.40700367950975164,0,0.40999858213900547,0,0.35721039258520548,0