msdX(mean),msdX(std),msdY(mean),msdY(std),msdZ(mean),msdZ(std),DmsdX(mean),DmsdX(std),DmsdY(mean),DmsdY(std),DmsdZ(mean),DmsdZ(std)
797.75353774999996,0,785.70964300000003,0,691.09009549999996,0,0.61580398652995061,0,0.6065070319575957,0,0.53346806466138319,0