msdX(mean),msdX(std),msdY(mean),msdY(std),msdZ(mean),msdZ(std),DmsdX(mean),DmsdX(std),DmsdY(mean),DmsdY(std),DmsdZ(mean),DmsdZ(std)
1274.7490029999999,0,1273.6618565000001,0,1112.9565432500001,0,0.50486442005069432,0,0.50443385561334952,0,0.44078650654142687,0