msdX(mean),msdX(std),msdY(mean),msdY(std),msdZ(mean),msdZ(std),DmsdX(mean),DmsdX(std),DmsdY(mean),DmsdY(std),DmsdZ(mean),DmsdZ(std)
173.36717250000001,0,169.99303624999999,0,150.12928174999999,0,1.0327671117950754,0,1.0126670149920571,0,0.89433646793089738,0