msdX(mean),msdX(std),msdY(mean),msdY(std),msdZ(mean),msdZ(std),DmsdX(mean),DmsdX(std),DmsdY(mean),DmsdY(std),DmsdZ(mean),DmsdZ(std)
1807.677702,0,1817.5166555000001,0,1584.4479980000001,0,0.43401625498199281,0,0.43637854873949583,0,0.38041968739495802,0