msdX(mean),msdX(std),msdY(mean),msdY(std),msdZ(mean),msdZ(std),DmsdX(mean),DmsdX(std),DmsdY(mean),DmsdY(std),DmsdZ(mean),DmsdZ(std)
189.83268724999999,0,190.37537649999999,0,189.99612825,0,2.3948614875946173,0,2.4017078616484437,0,2.3969234009671991,0