msdX(mean),msdX(std),msdY(mean),msdY(std),msdZ(mean),msdZ(std),DmsdX(mean),DmsdX(std),DmsdY(mean),DmsdY(std),DmsdZ(mean),DmsdZ(std)
4742.73348025,0,4746.4507034999997,0,4736.0247182499998,0,1.8783598828681944,0,1.8798320893620952,0,1.875702877270687,0