msdX(mean),msdX(std),msdY(mean),msdY(std),msdZ(mean),msdZ(std),DmsdX(mean),DmsdX(std),DmsdY(mean),DmsdY(std),DmsdZ(mean),DmsdZ(std)
80.099566499999995,0,80.330952249999996,0,80.330554000000006,0,2.4272595909090908,0,2.43427128030303,0,2.4342592121212121,0