msdX(mean),msdX(std),msdY(mean),msdY(std),msdZ(mean),msdZ(std),DmsdX(mean),DmsdX(std),DmsdY(mean),DmsdY(std),DmsdZ(mean),DmsdZ(std)
2144.9357382500002,0,2140.9046345000002,0,2146.0588272499999,0,2.1265060194150696,0,2.1225095517184402,0,2.1276194586087245,0