msdX(mean),msdX(std),msdY(mean),msdY(std),msdZ(mean),msdZ(std),DmsdX(mean),DmsdX(std),DmsdY(mean),DmsdY(std),DmsdZ(mean),DmsdZ(std)
5071.9429732500003,0,5082.1565609999998,0,5066.1343817500001,0,1.8479716436821396,0,1.8516929829483348,0,1.8458552728084239,0