msdX(mean),msdX(std),msdY(mean),msdY(std),msdZ(mean),msdZ(std),DmsdX(mean),DmsdX(std),DmsdY(mean),DmsdY(std),DmsdZ(mean),DmsdZ(std)
502.92103750000001,0,502.82103375000003,0,503.82279449999999,0,2.3326578733766237,0,2.3321940340909091,0,2.3368404197588126,0