msdX(mean),msdX(std),msdY(mean),msdY(std),msdZ(mean),msdZ(std),DmsdX(mean),DmsdX(std),DmsdY(mean),DmsdY(std),DmsdZ(mean),DmsdZ(std)
9242.1831347499992,0,9264.0363387500001,0,9278.3778414999997,0,1.4622627761795015,0,1.4657203063196811,0,1.4679893638919068,0