msdX(mean),msdX(std),msdY(mean),msdY(std),msdZ(mean),msdZ(std),DmsdX(mean),DmsdX(std),DmsdY(mean),DmsdY(std),DmsdZ(mean),DmsdZ(std)
1114.2521362499999,0,1114.4057997499999,0,1115.4846,0,2.2446658667405317,0,2.2449754225423044,0,2.2471486704270749,0