msdX(mean),msdX(std),msdY(mean),msdY(std),msdZ(mean),msdZ(std),DmsdX(mean),DmsdX(std),DmsdY(mean),DmsdY(std),DmsdZ(mean),DmsdZ(std)
2225.6589697499999,0,2222.8657372500002,0,2228.7002870000001,0,2.1164501424020541,0,2.1137939684766076,0,2.1193422280334731,0