msdX(mean),msdX(std),msdY(mean),msdY(std),msdZ(mean),msdZ(std),DmsdX(mean),DmsdX(std),DmsdY(mean),DmsdY(std),DmsdZ(mean),DmsdZ(std)
523.35237174999997,0,523.50023375000001,0,524.38426049999998,0,2.3287705654850193,0,2.3294285097152181,0,2.3333621796202908,0