msdX(mean),msdX(std),msdY(mean),msdY(std),msdZ(mean),msdZ(std),DmsdX(mean),DmsdX(std),DmsdY(mean),DmsdY(std),DmsdZ(mean),DmsdZ(std)
591.18193550000001,0,591.15441075000001,0,591.20641699999999,0,2.3207874986914421,0,2.3206794454985609,0,2.320883605077205,0