msdX(mean),msdX(std),msdY(mean),msdY(std),msdZ(mean),msdZ(std),DmsdX(mean),DmsdX(std),DmsdY(mean),DmsdY(std),DmsdZ(mean),DmsdZ(std)
3849.2254275,0,3850.0355934999998,0,3843.6377297499998,0,1.9579633562514835,0,1.9583754587303739,0,1.9551210941791852,0