msdX(mean),msdX(std),msdY(mean),msdY(std),msdZ(mean),msdZ(std),DmsdX(mean),DmsdX(std),DmsdY(mean),DmsdY(std),DmsdZ(mean),DmsdZ(std)
9480.8554522499999,0,9505.2748945000003,0,9520.877982,0,1.4387458321994031,0,1.4424515495725632,0,1.44481936091861,0