msdX(mean),msdX(std),msdY(mean),msdY(std),msdZ(mean),msdZ(std),DmsdX(mean),DmsdX(std),DmsdY(mean),DmsdY(std),DmsdZ(mean),DmsdZ(std)
463.73198174999999,0,463.99983574999999,0,464.381282,0,2.3381444457983194,0,2.339494970168067,0,2.3414182285714285,0