msdX(mean),msdX(std),msdY(mean),msdY(std),msdZ(mean),msdZ(std),DmsdX(mean),DmsdX(std),DmsdY(mean),DmsdY(std),DmsdZ(mean),DmsdZ(std)
4274.8311282499999,0,4277.5259757499998,0,4271.2969257499999,0,1.9187428386172536,0,1.9199524113902269,0,1.9171565243199975,0