msdX(mean),msdX(std),msdY(mean),msdY(std),msdZ(mean),msdZ(std),DmsdX(mean),DmsdX(std),DmsdY(mean),DmsdY(std),DmsdZ(mean),DmsdZ(std)
482.77345474999998,0,482.82295199999999,0,483.57705650000003,0,2.3352472819251857,0,2.3354867075137054,0,2.3391344235730411,0