msdX(mean),msdX(std),msdY(mean),msdY(std),msdZ(mean),msdZ(std),DmsdX(mean),DmsdX(std),DmsdY(mean),DmsdY(std),DmsdZ(mean),DmsdZ(std)
309.59540249999998,0,310.25190874999998,0,309.43497050000002,0,2.3693525701530613,0,2.3743768526785716,0,2.368124774234694,0