msdX(mean),msdX(std),msdY(mean),msdY(std),msdZ(mean),msdZ(std),DmsdX(mean),DmsdX(std),DmsdY(mean),DmsdY(std),DmsdZ(mean),DmsdZ(std)
76.895109250000004,0,77.129020999999995,0,77.124114500000005,0,2.428266607894737,0,2.4356532947368419,0,2.435498352631579,0