msdX(mean),msdX(std),msdY(mean),msdY(std),msdZ(mean),msdZ(std),DmsdX(mean),DmsdX(std),DmsdY(mean),DmsdY(std),DmsdZ(mean),DmsdZ(std)
98.531988499999997,0,98.742710000000002,0,98.653587999999999,0,2.4229177499999999,0,2.4280994262295086,0,2.4259079016393446,0