msdX(mean),msdX(std),msdY(mean),msdY(std),msdZ(mean),msdZ(std),DmsdX(mean),DmsdX(std),DmsdY(mean),DmsdY(std),DmsdZ(mean),DmsdZ(std)
223.82384099999999,0,224.02247474999999,0,223.33846449999999,0,2.3912803525641024,0,2.3934025080128207,0,2.3860947061965811,0