msdX(mean),msdX(std),msdY(mean),msdY(std),msdZ(mean),msdZ(std),DmsdX(mean),DmsdX(std),DmsdY(mean),DmsdY(std),DmsdZ(mean),DmsdZ(std)
125.896333,0,126.23351725000001,0,126.14240675000001,0,2.4118071455938699,0,2.4182666139846747,0,2.4165212021072802,0