msdX(mean),msdX(std),msdY(mean),msdY(std),msdZ(mean),msdZ(std),DmsdX(mean),DmsdX(std),DmsdY(mean),DmsdY(std),DmsdZ(mean),DmsdZ(std)
1774.2150684999999,0,1770.7703335000001,0,1776.8086860000001,0,2.1668479097459699,0,2.1626408567415734,0,2.1700154934049829,0