msdX(mean),msdX(std),msdY(mean),msdY(std),msdZ(mean),msdZ(std),DmsdX(mean),DmsdX(std),DmsdY(mean),DmsdY(std),DmsdZ(mean),DmsdZ(std)
73.861710000000002,0,74.089787000000001,0,74.089435750000007,0,2.4296615131578951,0,2.4371640460526316,0,2.4371524917763163,0