msdX(mean),msdX(std),msdY(mean),msdY(std),msdZ(mean),msdZ(std),DmsdX(mean),DmsdX(std),DmsdY(mean),DmsdY(std),DmsdZ(mean),DmsdZ(std)
2491.3878127500002,0,2487.5756562500001,0,2491.0925990000001,0,2.0904411921043802,0,2.0872425375482466,0,2.0901934880013426,0