msdX(mean),msdX(std),msdY(mean),msdY(std),msdZ(mean),msdZ(std),DmsdX(mean),DmsdX(std),DmsdY(mean),DmsdY(std),DmsdZ(mean),DmsdZ(std)
167.939257,0,168.31204074999999,0,168.01953975000001,0,2.4014193088655862,0,2.4067498677311723,0,2.4025672986177313,0