msdX(mean),msdX(std),msdY(mean),msdY(std),msdZ(mean),msdZ(std),DmsdX(mean),DmsdX(std),DmsdY(mean),DmsdY(std),DmsdZ(mean),DmsdZ(std)
694.06743325000002,0,693.89498975000004,0,694.56964449999998,0,2.3063826979951263,0,2.3058096690850687,0,2.3080515435312359,0