msdX(mean),msdX(std),msdY(mean),msdY(std),msdZ(mean),msdZ(std),DmsdX(mean),DmsdX(std),DmsdY(mean),DmsdY(std),DmsdZ(mean),DmsdZ(std)
68.005406500000007,0,68.236591500000003,0,68.163545249999999,0,2.4345610918854419,0,2.4428374045346062,0,2.4402223836515513,0