msdX(mean),msdX(std),msdY(mean),msdY(std),msdZ(mean),msdZ(std),DmsdX(mean),DmsdX(std),DmsdY(mean),DmsdY(std),DmsdZ(mean),DmsdZ(std)
6988.9182295000001,0,7006.4953500000001,0,6988.0135677500002,0,1.6780115797118849,0,1.6822317767106842,0,1.677794374009604,0