msdX(mean),msdX(std),msdY(mean),msdY(std),msdZ(mean),msdZ(std),DmsdX(mean),DmsdX(std),DmsdY(mean),DmsdY(std),DmsdZ(mean),DmsdZ(std)
11634.26539425,0,11672.753495749999,0,11708.581840999999,0,1.2129724195210361,0,1.2169851357534076,0,1.2207205494776643,0