msdX(mean),msdX(std),msdY(mean),msdY(std),msdZ(mean),msdZ(std),DmsdX(mean),DmsdX(std),DmsdY(mean),DmsdY(std),DmsdZ(mean),DmsdZ(std)
274.10392849999999,0,274.74953249999999,0,273.92406275000002,0,2.3766236575144508,0,2.3822213800578034,0,2.3750641278901736,0