msdX(mean),msdX(std),msdY(mean),msdY(std),msdZ(mean),msdZ(std),DmsdX(mean),DmsdX(std),DmsdY(mean),DmsdY(std),DmsdZ(mean),DmsdZ(std)
567.59409100000005,0,567.79906949999997,0,568.18421750000005,0,2.3236657655567687,0,2.3245049242631004,0,2.3260816764465071,0