msdX(mean),msdX(std),msdY(mean),msdY(std),msdZ(mean),msdZ(std),DmsdX(mean),DmsdX(std),DmsdY(mean),DmsdY(std),DmsdZ(mean),DmsdZ(std)
445.39652899999999,0,445.71735050000001,0,446.12503550000002,0,2.3417272818086228,0,2.3434140404837014,0,2.3455574947423767,0