msdX(mean),msdX(std),msdY(mean),msdY(std),msdZ(mean),msdZ(std),DmsdX(mean),DmsdX(std),DmsdY(mean),DmsdY(std),DmsdZ(mean),DmsdZ(std)
206.14753525,0,206.53126524999999,0,205.98132749999999,0,2.393353737422601,0,2.3978088070820434,0,2.391424080882353,0