msdX(mean),msdX(std),msdY(mean),msdY(std),msdZ(mean),msdZ(std),DmsdX(mean),DmsdX(std),DmsdY(mean),DmsdY(std),DmsdZ(mean),DmsdZ(std)
410.87691124999998,0,411.38887025000002,0,411.26338575,0,2.3478680642857142,0,2.3507935442857146,0,2.3500764900000002,0