msdX(mean),msdX(std),msdY(mean),msdY(std),msdZ(mean),msdZ(std),DmsdX(mean),DmsdX(std),DmsdY(mean),DmsdY(std),DmsdZ(mean),DmsdZ(std)
154.74267574999999,0,154.97126675000001,0,154.91101950000001,0,2.4053265660621763,0,2.408879794041451,0,2.4079433082901556,0