msdX(mean),msdX(std),msdY(mean),msdY(std),msdZ(mean),msdZ(std),DmsdX(mean),DmsdX(std),DmsdY(mean),DmsdY(std),DmsdZ(mean),DmsdZ(std)
5972.8013892500003,0,5990.3474139999998,0,5965.1610557499998,0,1.7665783464211773,0,1.7717679426205264,0,1.7643185612984325,0