msdX(mean),msdX(std),msdY(mean),msdY(std),msdZ(mean),msdZ(std),DmsdX(mean),DmsdX(std),DmsdY(mean),DmsdY(std),DmsdZ(mean),DmsdZ(std)
846.58566599999995,0,846.45840575,0,847.03410499999995,0,2.2835434256428697,0,2.2832001593688185,0,2.2847530255349757,0