msdX(mean),msdX(std),msdY(mean),msdY(std),msdZ(mean),msdZ(std),DmsdX(mean),DmsdX(std),DmsdY(mean),DmsdY(std),DmsdZ(mean),DmsdZ(std)
5242.5734797499999,0,5254.7086705000002,0,5239.1796860000004,0,1.8321280973917804,0,1.8363689962606589,0,1.8309420644424772,0