msdX(mean),msdX(std),msdY(mean),msdY(std),msdZ(mean),msdZ(std),DmsdX(mean),DmsdX(std),DmsdY(mean),DmsdY(std),DmsdZ(mean),DmsdZ(std)
545.15953975000002,0,545.17093499999999,0,546.26584600000001,0,2.3264276233997156,0,2.3264762517780939,0,2.3311487027027025,0