msdX(mean),msdX(std),msdY(mean),msdY(std),msdZ(mean),msdZ(std),DmsdX(mean),DmsdX(std),DmsdY(mean),DmsdY(std),DmsdZ(mean),DmsdZ(std)
50.991880999999999,0,51.122122249999997,0,51.007093750000003,0,2.4437003674121405,0,2.4499419608626196,0,2.4444294129392974,0