msdX(mean),msdX(std),msdY(mean),msdY(std),msdZ(mean),msdZ(std),DmsdX(mean),DmsdX(std),DmsdY(mean),DmsdY(std),DmsdZ(mean),DmsdZ(std)
2585.8164535000001,0,2581.2906997499999,0,2583.7123164999998,0,2.0810841722556068,0,2.077441812225024,0,2.0793907472636546,0