msdX(mean),msdX(std),msdY(mean),msdY(std),msdZ(mean),msdZ(std),DmsdX(mean),DmsdX(std),DmsdY(mean),DmsdY(std),DmsdZ(mean),DmsdZ(std)
2683.06030775,0,2678.9006022499998,0,2682.0524015000001,0,2.0711148937963153,0,2.0679039231036431,0,2.0703368681813505,0