msdX(mean),msdX(std),msdY(mean),msdY(std),msdZ(mean),msdZ(std),DmsdX(mean),DmsdX(std),DmsdY(mean),DmsdY(std),DmsdZ(mean),DmsdZ(std)
667.28165575000003,0,666.64995124999996,0,666.59819875000005,0,2.3115992693418015,0,2.3094109165704384,0,2.3092316353926097,0