msdX(mean),msdX(std),msdY(mean),msdY(std),msdZ(mean),msdZ(std),DmsdX(mean),DmsdX(std),DmsdY(mean),DmsdY(std),DmsdZ(mean),DmsdZ(std)
11156.38398975,0,11206.63169925,0,11220.692257000001,0,1.2643418595494795,0,1.2700363823021652,0,1.2716298512745736,0