msdX(mean),msdX(std),msdY(mean),msdY(std),msdZ(mean),msdZ(std),DmsdX(mean),DmsdX(std),DmsdY(mean),DmsdY(std),DmsdZ(mean),DmsdZ(std)
781.92206099999999,0,781.98212775000002,0,782.89359850000005,0,2.2925783649335418,0,2.2927544793295542,0,2.2954268916145426,0