msdX(mean),msdX(std),msdY(mean),msdY(std),msdZ(mean),msdZ(std),DmsdX(mean),DmsdX(std),DmsdY(mean),DmsdY(std),DmsdZ(mean),DmsdZ(std)
3716.0466227500001,0,3716.3814335000002,0,3710.8704752499998,0,1.9707502241991941,0,1.9709277861158254,0,1.9680051311253712,0