msdX(mean),msdX(std),msdY(mean),msdY(std),msdZ(mean),msdZ(std),DmsdX(mean),DmsdX(std),DmsdY(mean),DmsdY(std),DmsdZ(mean),DmsdZ(std)
60.160023750000001,0,60.364229999999999,0,60.205833499999997,0,2.4389198817567568,0,2.4471985135135133,0,2.4407770337837835,0