msdX(mean),msdX(std),msdY(mean),msdY(std),msdZ(mean),msdZ(std),DmsdX(mean),DmsdX(std),DmsdY(mean),DmsdY(std),DmsdZ(mean),DmsdZ(std)
2399.8524022500001,0,2396.8045337499998,0,2401.0197145000002,0,2.099363505788185,0,2.0966972651921618,0,2.1003846572286702,0