msdX(mean),msdX(std),msdY(mean),msdY(std),msdZ(mean),msdZ(std),DmsdX(mean),DmsdX(std),DmsdY(mean),DmsdY(std),DmsdZ(mean),DmsdZ(std)
322.63946149999998,0,323.11831699999999,0,322.50582324999999,0,2.3677064200097848,0,2.3712205259295502,0,2.3667257087818006,0