msdX(mean),msdX(std),msdY(mean),msdY(std),msdZ(mean),msdZ(std),DmsdX(mean),DmsdX(std),DmsdY(mean),DmsdY(std),DmsdZ(mean),DmsdZ(std)
721.91018625000004,0,721.78098950000003,0,722.44188325000005,0,2.3010311928920526,0,2.3006193885465365,0,2.3027259347110074,0