msdX(mean),msdX(std),msdY(mean),msdY(std),msdZ(mean),msdZ(std),DmsdX(mean),DmsdX(std),DmsdY(mean),DmsdY(std),DmsdZ(mean),DmsdZ(std)
6779.4328114999998,0,6791.7037190000001,0,6775.4467347500004,0,1.697064386577551,0,1.7001361066886955,0,1.6960665702287976,0