msdX(mean),msdX(std),msdY(mean),msdY(std),msdZ(mean),msdZ(std),DmsdX(mean),DmsdX(std),DmsdY(mean),DmsdY(std),DmsdZ(mean),DmsdZ(std)
252.63188500000001,0,253.35423299999999,0,252.504063,0,2.3803255496231159,0,2.3871315923366834,0,2.3791211966080406,0