msdX(mean),msdX(std),msdY(mean),msdY(std),msdZ(mean),msdZ(std),DmsdX(mean),DmsdX(std),DmsdY(mean),DmsdY(std),DmsdZ(mean),DmsdZ(std)
394.64552724999999,0,395.22214174999999,0,395.33242050000001,0,2.3509463497815726,0,2.3543813051032565,0,2.3550382476171565,0