msdX(mean),msdX(std),msdY(mean),msdY(std),msdZ(mean),msdZ(std),DmsdX(mean),DmsdX(std),DmsdY(mean),DmsdY(std),DmsdZ(mean),DmsdZ(std)
8545.1211490000005,0,8568.5199785000004,0,8564.7066077500003,0,1.5321891703523955,0,1.5363847145153964,0,1.5357009552960936,0