msdX(mean),msdX(std),msdY(mean),msdY(std),msdZ(mean),msdZ(std),DmsdX(mean),DmsdX(std),DmsdY(mean),DmsdY(std),DmsdZ(mean),DmsdZ(std)
364.18181425,0,364.37145700000002,0,364.44398324999997,0,2.3586905068005182,0,2.359918762953368,0,2.360388492551813,0