msdX(mean),msdX(std),msdY(mean),msdY(std),msdZ(mean),msdZ(std),DmsdX(mean),DmsdX(std),DmsdY(mean),DmsdY(std),DmsdZ(mean),DmsdZ(std)
751.58875950000004,0,751.32346649999999,0,752.40709074999995,0,2.2974997743020178,0,2.2966888113918893,0,2.3000012963623395,0