msdX(mean),msdX(std),msdY(mean),msdY(std),msdZ(mean),msdZ(std),DmsdX(mean),DmsdX(std),DmsdY(mean),DmsdY(std),DmsdZ(mean),DmsdZ(std)
174.96162824999999,0,175.39832525,0,175.13259400000001,0,2.3989254330438756,0,2.4049130518738573,0,2.4012695703839122,0