msdX(mean),msdX(std),msdY(mean),msdY(std),msdZ(mean),msdZ(std),DmsdX(mean),DmsdX(std),DmsdY(mean),DmsdY(std),DmsdZ(mean),DmsdZ(std)
1158.3995809999999,0,1158.8133355,0,1160.1837862499999,0,2.2383091221177378,0,2.239108596225686,0,2.2417566396689423,0