msdX(mean),msdX(std),msdY(mean),msdY(std),msdZ(mean),msdZ(std),DmsdX(mean),DmsdX(std),DmsdY(mean),DmsdY(std),DmsdZ(mean),DmsdZ(std)
10443.702504000001,0,10489.980986500001,0,10487.271757250001,0,1.3413322735484756,0,1.34727602980966,0,1.3469280711591647,0