msdX(mean),msdX(std),msdY(mean),msdY(std),msdZ(mean),msdZ(std),DmsdX(mean),DmsdX(std),DmsdY(mean),DmsdY(std),DmsdZ(mean),DmsdZ(std)
335.94559750000002,0,336.38693024999998,0,335.73458399999998,0,2.3647038772876585,0,2.3678103959408729,0,2.3632185640544345,0