msdX(mean),msdX(std),msdY(mean),msdY(std),msdZ(mean),msdZ(std),DmsdX(mean),DmsdX(std),DmsdY(mean),DmsdY(std),DmsdZ(mean),DmsdZ(std)
4425.9331515000003,0,4432.0442510000003,0,4423.8026207499997,0,1.9053754634359843,0,1.9080063072927131,0,1.9044582645366355,0