msdX(mean),msdX(std),msdY(mean),msdY(std),msdZ(mean),msdZ(std),DmsdX(mean),DmsdX(std),DmsdY(mean),DmsdY(std),DmsdZ(mean),DmsdZ(std)
1071.6175384999999,0,1071.7371242500001,0,1073.1963985,0,2.2506669108793051,0,2.2509180710935315,0,2.2539829147997761,0