msdX(mean),msdX(std),msdY(mean),msdY(std),msdZ(mean),msdZ(std),DmsdX(mean),DmsdX(std),DmsdY(mean),DmsdY(std),DmsdZ(mean),DmsdZ(std)
1519.2218782499999,0,1517.8903290000001,0,1522.9059977500001,0,2.1922393625541123,0,2.1903179350649351,0,2.1975555523088026,0