msdX(mean),msdX(std),msdY(mean),msdY(std),msdZ(mean),msdZ(std),DmsdX(mean),DmsdX(std),DmsdY(mean),DmsdY(std),DmsdZ(mean),DmsdZ(std)
2993.9976310000002,0,2990.5243070000001,0,2990.5232352500002,0,2.039322698437926,0,2.0369568887930254,0,2.0369561587843976,0