msdX(mean),msdX(std),msdY(mean),msdY(std),msdZ(mean),msdZ(std),DmsdX(mean),DmsdX(std),DmsdY(mean),DmsdY(std),DmsdZ(mean),DmsdZ(std)
3460.5423639999999,0,3456.81749975,0,3455.7567237500002,0,1.9948555190038815,0,1.9927082931574498,0,1.9920968009011952,0