msdX(mean),msdX(std),msdY(mean),msdY(std),msdZ(mean),msdZ(std),DmsdX(mean),DmsdX(std),DmsdY(mean),DmsdY(std),DmsdZ(mean),DmsdZ(std)
1914.1494917499999,0,1911.04518525,0,1916.8368197499999,0,2.1505686747247399,0,2.1470809511459819,0,2.1535879182270992,0