msdX(mean),msdX(std),msdY(mean),msdY(std),msdZ(mean),msdZ(std),DmsdX(mean),DmsdX(std),DmsdY(mean),DmsdY(std),DmsdZ(mean),DmsdZ(std)
880.74946750000004,0,880.94596124999998,0,880.92208025000002,0,2.2785860663159712,0,2.2790944151000345,0,2.2790326325888239,0