msdX(mean),msdX(std),msdY(mean),msdY(std),msdZ(mean),msdZ(std),DmsdX(mean),DmsdX(std),DmsdY(mean),DmsdY(std),DmsdZ(mean),DmsdZ(std)
990.76554925000005,0,991.31032149999999,0,992.11133174999998,0,2.2620218019406395,0,2.2632655742009131,0,2.2650943647260275,0