msdX(mean),msdX(std),msdY(mean),msdY(std),msdZ(mean),msdZ(std),DmsdX(mean),DmsdX(std),DmsdY(mean),DmsdY(std),DmsdZ(mean),DmsdZ(std)
86.950077750000005,0,87.19959025,0,87.210449999999994,0,2.4242586733271376,0,2.4312153415427509,0,2.4315181226765796,0