msdX(mean),msdX(std),msdY(mean),msdY(std),msdZ(mean),msdZ(std),DmsdX(mean),DmsdX(std),DmsdY(mean),DmsdY(std),DmsdZ(mean),DmsdZ(std)
9723.7397380000002,0,9757.7622487499993,0,9755.9689097499995,0,1.4153228477026831,0,1.4202749379578865,0,1.4200139114671777,0