msdX(mean),msdX(std),msdY(mean),msdY(std),msdZ(mean),msdZ(std),DmsdX(mean),DmsdX(std),DmsdY(mean),DmsdY(std),DmsdZ(mean),DmsdZ(std)
3905.0199204999999,0,3900.2114839999999,0,3896.7433070625002,0,0.56839147060535922,0,0.5676915831914181,0,0.56718677598685652,0