msdX(mean),msdX(std),msdY(mean),msdY(std),msdZ(mean),msdZ(std),DmsdX(mean),DmsdX(std),DmsdY(mean),DmsdY(std),DmsdZ(mean),DmsdZ(std)
447.54223587500002,0,446.69804199999999,0,448.31121731249999,0,2.1648286159706549,0,2.160745124153499,0,2.1685482939979042,0