msdX(mean),msdX(std),msdY(mean),msdY(std),msdZ(mean),msdZ(std),DmsdX(mean),DmsdX(std),DmsdY(mean),DmsdY(std),DmsdZ(mean),DmsdZ(std)
250.01468018750001,0,250.23644962500001,0,250.35898731250001,0,2.2605305622739604,0,2.2625357108951176,0,2.2636436465867993,0