msdX(mean),msdX(std),msdY(mean),msdY(std),msdZ(mean),msdZ(std),DmsdX(mean),DmsdX(std),DmsdY(mean),DmsdY(std),DmsdZ(mean),DmsdZ(std)
3581.6416653749998,0,3581.9495548750001,0,3581.3044679374998,0,0.85994829838893627,0,0.86002222232559822,0,0.85986733764811096,0