msdX(mean),msdX(std),msdY(mean),msdY(std),msdZ(mean),msdZ(std),DmsdX(mean),DmsdX(std),DmsdY(mean),DmsdY(std),DmsdZ(mean),DmsdZ(std)
520.76347056249995,0,520.03184768749998,0,521.61017912499995,0,2.1319465224993177,0,2.1289513415154202,0,2.1354128512213428,0