msdX(mean),msdX(std),msdY(mean),msdY(std),msdZ(mean),msdZ(std),DmsdX(mean),DmsdX(std),DmsdY(mean),DmsdY(std),DmsdZ(mean),DmsdZ(std)
2444.6003286250002,0,2453.1968161250002,0,2454.1093523125001,0,1.4092487554644941,0,1.414204407792969,0,1.4147304612633429,0