msdX(mean),msdX(std),msdY(mean),msdY(std),msdZ(mean),msdZ(std),DmsdX(mean),DmsdX(std),DmsdY(mean),DmsdY(std),DmsdZ(mean),DmsdZ(std)
3541.4963267500002,0,3542.0898594999999,0,3545.6823015,0,0.88652656622359083,0,0.88667514256032842,0,0.88757442212376092,0