msdX(mean),msdX(std),msdY(mean),msdY(std),msdZ(mean),msdZ(std),DmsdX(mean),DmsdX(std),DmsdY(mean),DmsdY(std),DmsdZ(mean),DmsdZ(std)
3654.1194326875002,0,3659.9449838125001,0,3654.6610370624999,0,0.80713589495225235,0,0.80842266499561921,0,0.80725552660085553,0