msdX(mean),msdX(std),msdY(mean),msdY(std),msdZ(mean),msdZ(std),DmsdX(mean),DmsdX(std),DmsdY(mean),DmsdY(std),DmsdZ(mean),DmsdZ(std)
1154.3255031250001,0,1155.56874475,0,1154.2960929999999,0,1.8877979226858919,0,1.8898311351122981,0,1.8877498250109026,0