msdX(mean),msdX(std),msdY(mean),msdY(std),msdZ(mean),msdZ(std),DmsdX(mean),DmsdX(std),DmsdY(mean),DmsdY(std),DmsdZ(mean),DmsdZ(std)
75.037094624999995,0,75.201379437499995,0,74.998894812499998,0,2.3708402725118485,0,2.376030945892575,0,2.3696333274091628,0