msdX(mean),msdX(std),msdY(mean),msdY(std),msdZ(mean),msdZ(std),DmsdX(mean),DmsdX(std),DmsdY(mean),DmsdY(std),DmsdZ(mean),DmsdZ(std)
652.18199006249995,0,651.21153106249994,0,651.61220824999998,0,2.0787781238711216,0,2.0756848631401401,0,2.0769619897471312,0