msdX(mean),msdX(std),msdY(mean),msdY(std),msdZ(mean),msdZ(std),DmsdX(mean),DmsdX(std),DmsdY(mean),DmsdY(std),DmsdZ(mean),DmsdZ(std)
676.51879568749996,0,675.40932362499996,0,676.13621624999996,0,2.0682323316646283,0,2.0648404880006113,0,2.0670627216447568,0