msdX(mean),msdX(std),msdY(mean),msdY(std),msdZ(mean),msdZ(std),DmsdX(mean),DmsdX(std),DmsdY(mean),DmsdY(std),DmsdZ(mean),DmsdZ(std)
3095.9610768124999,0,3099.9435928124999,0,3108.2660850000002,0,1.128039597315589,0,1.1294906606957424,0,1.1325230310979941,0