msdX(mean),msdX(std),msdY(mean),msdY(std),msdZ(mean),msdZ(std),DmsdX(mean),DmsdX(std),DmsdY(mean),DmsdY(std),DmsdZ(mean),DmsdZ(std)
3309.2572204375001,0,3314.6676794374998,0,3317.737774875,0,1.0204780425975608,0,1.0221464697526867,0,1.023093197303298,0