msdX(mean),msdX(std),msdY(mean),msdY(std),msdZ(mean),msdZ(std),DmsdX(mean),DmsdX(std),DmsdY(mean),DmsdY(std),DmsdZ(mean),DmsdZ(std)
205.34591668749999,0,205.30955349999999,0,205.4339899375,0,2.2871273438370152,0,2.2867223333952107,0,2.2881082970577316,0