msdX(mean),msdX(std),msdY(mean),msdY(std),msdZ(mean),msdZ(std),DmsdX(mean),DmsdX(std),DmsdY(mean),DmsdY(std),DmsdZ(mean),DmsdZ(std)
197.28689287500001,0,197.36570581250001,0,197.55164106250001,0,2.2909257930133542,0,2.2918409809850981,0,2.2940000897522745,0