msdX(mean),msdX(std),msdY(mean),msdY(std),msdZ(mean),msdZ(std),DmsdX(mean),DmsdX(std),DmsdY(mean),DmsdY(std),DmsdZ(mean),DmsdZ(std)
52.038351749999997,0,52.134410000000003,0,51.995327875000001,0,2.3925678965517241,0,2.396984367816092,0,2.3905897873563218,0