msdX(mean),msdX(std),msdY(mean),msdY(std),msdZ(mean),msdZ(std),DmsdX(mean),DmsdX(std),DmsdY(mean),DmsdY(std),DmsdZ(mean),DmsdZ(std)
872.41139556250005,0,871.50514662499995,0,871.25273562500001,0,1.99180683918379,0,1.9897377776826484,0,1.9891614968607305,0