msdX(mean),msdX(std),msdY(mean),msdY(std),msdZ(mean),msdZ(std),DmsdX(mean),DmsdX(std),DmsdY(mean),DmsdY(std),DmsdZ(mean),DmsdZ(std)
168.36999606250001,0,168.25751712499999,0,168.32963287499999,0,2.3101302912760122,0,2.3085870174937115,0,2.30957648582209,0