msdX(mean),msdX(std),msdY(mean),msdY(std),msdZ(mean),msdZ(std),DmsdX(mean),DmsdX(std),DmsdY(mean),DmsdY(std),DmsdZ(mean),DmsdZ(std)
78.161048875000006,0,78.325636062499996,0,78.118084687500001,0,2.3685166325757576,0,2.3735041231060605,0,2.3672146875000002,0