msdX(mean),msdX(std),msdY(mean),msdY(std),msdZ(mean),msdZ(std),DmsdX(mean),DmsdX(std),DmsdY(mean),DmsdY(std),DmsdZ(mean),DmsdZ(std)
3453.6502491249998,0,3456.2341786874999,0,3462.2447417499998,0,0.93974746580576396,0,0.94045055994762017,0,0.94208605022561842,0