msdX(mean),msdX(std),msdY(mean),msdY(std),msdZ(mean),msdZ(std),DmsdX(mean),DmsdX(std),DmsdY(mean),DmsdY(std),DmsdZ(mean),DmsdZ(std)
66.400237687499995,0,66.5879608125,0,66.395391812499994,0,2.3770968145883051,0,2.3838172128579953,0,2.3769233345763721,0