msdX(mean),msdX(std),msdY(mean),msdY(std),msdZ(mean),msdZ(std),DmsdX(mean),DmsdX(std),DmsdY(mean),DmsdY(std),DmsdZ(mean),DmsdZ(std)
3926.2440550625001,0,3922.3863981250001,0,3926.187090375,0,0.5257435481326953,0,0.52522698873970886,0,0.52573592027856697,0