msdX(mean),msdX(std),msdY(mean),msdY(std),msdZ(mean),msdZ(std),DmsdX(mean),DmsdX(std),DmsdY(mean),DmsdY(std),DmsdZ(mean),DmsdZ(std)
354.78476581249998,0,354.67859568749998,0,355.773241375,0,2.2040884187978875,0,2.2034288404690412,0,2.210229289966867,0