msdX(mean),msdX(std),msdY(mean),msdY(std),msdZ(mean),msdZ(std),DmsdX(mean),DmsdX(std),DmsdY(mean),DmsdY(std),DmsdZ(mean),DmsdZ(std)
231.17230456249999,0,231.21739975,0,231.45230906250001,0,2.271963681203931,0,2.2724068771498773,0,2.2747155681818181,0