msdX(mean),msdX(std),msdY(mean),msdY(std),msdZ(mean),msdZ(std),DmsdX(mean),DmsdX(std),DmsdY(mean),DmsdY(std),DmsdZ(mean),DmsdZ(std)
810.97316681250004,0,811.04790500000001,0,810.75130324999998,0,2.0126733127378391,0,2.0128587979814694,0,2.01212269171906,0