msdX(mean),msdX(std),msdY(mean),msdY(std),msdZ(mean),msdZ(std),DmsdX(mean),DmsdX(std),DmsdY(mean),DmsdY(std),DmsdZ(mean),DmsdZ(std)
368.80171243749999,0,368.50164124999998,0,369.83378168749999,0,2.1974282766881825,0,2.195640364945382,0,2.2035776465988084,0