msdX(mean),msdX(std),msdY(mean),msdY(std),msdZ(mean),msdZ(std),DmsdX(mean),DmsdX(std),DmsdY(mean),DmsdY(std),DmsdZ(mean),DmsdZ(std)
2506.5261072500002,0,2514.7532031249998,0,2514.6142506874999,0,1.3859313302092839,0,1.3904803312736722,0,1.3904035004216084,0