msdX(mean),msdX(std),msdY(mean),msdY(std),msdZ(mean),msdZ(std),DmsdX(mean),DmsdX(std),DmsdY(mean),DmsdY(std),DmsdZ(mean),DmsdZ(std)
3687.4716988125001,0,3694.1777263125,0,3688.5079283125001,0,0.78122745255661952,0,0.78264819099436445,0,0.78144698805374879,0