msdX(mean),msdX(std),msdY(mean),msdY(std),msdZ(mean),msdZ(std),DmsdX(mean),DmsdX(std),DmsdY(mean),DmsdY(std),DmsdZ(mean),DmsdZ(std)
1005.3683971875,0,1006.2302953124999,0,1003.8291651875001,0,1.9426782980016748,0,1.9443437479871823,0,1.939704032438569,0