msdX(mean),msdX(std),msdY(mean),msdY(std),msdZ(mean),msdZ(std),DmsdX(mean),DmsdX(std),DmsdY(mean),DmsdY(std),DmsdZ(mean),DmsdZ(std)
2266.4347540624999,0,2272.4145665000001,0,2274.1399478124999,0,1.4807008486998985,0,1.4846075631267761,0,1.4857347844461501,0