msdX(mean),msdX(std),msdY(mean),msdY(std),msdZ(mean),msdZ(std),DmsdX(mean),DmsdX(std),DmsdY(mean),DmsdY(std),DmsdZ(mean),DmsdZ(std)
3917.8973199375,0,3912.2099125,0,3912.3669360624999,0,0.54697082465726177,0,0.5461768156054112,0,0.54619873739162905,0