msdX(mean),msdX(std),msdY(mean),msdY(std),msdZ(mean),msdZ(std),DmsdX(mean),DmsdX(std),DmsdY(mean),DmsdY(std),DmsdZ(mean),DmsdZ(std)
1195.2379282500001,0,1196.4603555000001,0,1193.7344259375,0,1.8748340094376619,0,1.8767514922485689,0,1.8724756360944812,0