msdX(mean),msdX(std),msdY(mean),msdY(std),msdZ(mean),msdZ(std),DmsdX(mean),DmsdX(std),DmsdY(mean),DmsdY(std),DmsdZ(mean),DmsdZ(std)
47.896784312500003,0,48.029092062499998,0,47.913058749999998,0,2.3948392156250002,0,2.4014546031249999,0,2.3956529375,0