msdX(mean),msdX(std),msdY(mean),msdY(std),msdZ(mean),msdZ(std),DmsdX(mean),DmsdX(std),DmsdY(mean),DmsdY(std),DmsdZ(mean),DmsdZ(std)
2035.5662157500001,0,2040.206422,0,2037.0117156875001,0,1.5713197852097727,0,1.5749017113744257,0,1.5724356136381181,0