msdX(mean),msdX(std),msdY(mean),msdY(std),msdZ(mean),msdZ(std),DmsdX(mean),DmsdX(std),DmsdY(mean),DmsdY(std),DmsdZ(mean),DmsdZ(std)
72.067087749999999,0,72.200650874999994,0,72.025834250000003,0,2.373230112513721,0,2.3776284591108667,0,2.3718715998902304,0