msdX(mean),msdX(std),msdY(mean),msdY(std),msdZ(mean),msdZ(std),DmsdX(mean),DmsdX(std),DmsdY(mean),DmsdY(std),DmsdZ(mean),DmsdZ(std)
2565.791880625,0,2575.3148040000001,0,2574.5429095625,0,1.3607417053741107,0,1.365792091218456,0,1.3653827248309542,0