msdX(mean),msdX(std),msdY(mean),msdY(std),msdZ(mean),msdZ(std),DmsdX(mean),DmsdX(std),DmsdY(mean),DmsdY(std),DmsdZ(mean),DmsdZ(std)
755.08478824999997,0,754.26726599999995,0,753.88030368750003,0,2.0370076568049997,0,2.0348022103322689,0,2.0337582941976531,0