msdX(mean),msdX(std),msdY(mean),msdY(std),msdZ(mean),msdZ(std),DmsdX(mean),DmsdX(std),DmsdY(mean),DmsdY(std),DmsdZ(mean),DmsdZ(std)
1411.5724377500001,0,1414.136956625,0,1409.2463286249999,0,1.7974182144524617,0,1.8006837308467742,0,1.7944562758382852,0