msdX(mean),msdX(std),msdY(mean),msdY(std),msdZ(mean),msdZ(std),DmsdX(mean),DmsdX(std),DmsdY(mean),DmsdY(std),DmsdZ(mean),DmsdZ(std)
540.94041000000004,0,540.10578662499995,0,541.26293024999995,0,2.1239725541522154,0,2.1206954517047309,0,2.1252389120476405,0