msdX(mean),msdX(std),msdY(mean),msdY(std),msdZ(mean),msdZ(std),DmsdX(mean),DmsdX(std),DmsdY(mean),DmsdY(std),DmsdZ(mean),DmsdZ(std)
3971.5109123124998,0,3972.1675571249998,0,3977.9014290625,0,0.41406567401475264,0,0.41413413513266956,0,0.41473194276833653,0