msdX(mean),msdX(std),msdY(mean),msdY(std),msdZ(mean),msdZ(std),DmsdX(mean),DmsdX(std),DmsdY(mean),DmsdY(std),DmsdZ(mean),DmsdZ(std)
95.672353749999999,0,95.775120062499994,0,95.800078187500006,0,2.3535634378843788,0,2.3560915144526446,0,2.3567054904674047,0