msdX(mean),msdX(std),msdY(mean),msdY(std),msdZ(mean),msdZ(std),DmsdX(mean),DmsdX(std),DmsdY(mean),DmsdY(std),DmsdZ(mean),DmsdZ(std)
240.52366025000001,0,240.53085668750001,0,240.67075762499999,0,2.267308659073056,0,2.2673764966614298,0,2.2686952800471327,0