msdX(mean),msdX(std),msdY(mean),msdY(std),msdZ(mean),msdZ(std),DmsdX(mean),DmsdX(std),DmsdY(mean),DmsdY(std),DmsdZ(mean),DmsdZ(std)
84.801903249999995,0,84.893334124999996,0,84.766037062500004,0,2.3643653322490703,0,2.3669145202137547,0,2.3633653456087362,0