msdX(mean),msdX(std),msdY(mean),msdY(std),msdZ(mean),msdZ(std),DmsdX(mean),DmsdX(std),DmsdY(mean),DmsdY(std),DmsdZ(mean),DmsdZ(std)
430.94230700000003,0,429.68748112499998,0,431.42528181249997,0,2.1731835955622794,0,2.1668556788956126,0,2.1756191720247098,0