msdX(mean),msdX(std),msdY(mean),msdY(std),msdZ(mean),msdZ(std),DmsdX(mean),DmsdX(std),DmsdY(mean),DmsdY(std),DmsdZ(mean),DmsdZ(std)
3961.3155011875001,0,3957.0628325624998,0,3971.8435750624999,0,0.4489319309585556,0,0.44844998026894856,0,0.45012506706007571,0