msdX(mean),msdX(std),msdY(mean),msdY(std),msdZ(mean),msdZ(std),DmsdX(mean),DmsdX(std),DmsdY(mean),DmsdY(std),DmsdZ(mean),DmsdZ(std)
222.25079931249999,0,222.249160125,0,222.27215068749999,0,2.2775487546968405,0,2.2775319568744665,0,2.2777675561485911,0