msdX(mean),msdX(std),msdY(mean),msdY(std),msdZ(mean),msdZ(std),DmsdX(mean),DmsdX(std),DmsdY(mean),DmsdY(std),DmsdZ(mean),DmsdZ(std)
2324.0640200624998,0,2330.3435021250002,0,2332.4856881874998,0,1.4563173356283485,0,1.460252218018611,0,1.4615945660228091,0