msdX(mean),msdX(std),msdY(mean),msdY(std),msdZ(mean),msdZ(std),DmsdX(mean),DmsdX(std),DmsdY(mean),DmsdY(std),DmsdZ(mean),DmsdZ(std)
341.52572168749998,0,341.10211887499997,0,342.21311200000002,0,2.2119541560071241,0,2.2092106144753885,0,2.2164061658031087,0