msdX(mean),msdX(std),msdY(mean),msdY(std),msdZ(mean),msdZ(std),DmsdX(mean),DmsdX(std),DmsdY(mean),DmsdY(std),DmsdZ(mean),DmsdZ(std)
1321.15597875,0,1323.9706745625001,0,1319.8360215625,0,1.8286317729359385,0,1.8325276355567603,0,1.8268048004279223,0