msdX(mean),msdX(std),msdY(mean),msdY(std),msdZ(mean),msdZ(std),DmsdX(mean),DmsdX(std),DmsdY(mean),DmsdY(std),DmsdZ(mean),DmsdZ(std)
3774.4402821250001,0,3784.5774119375001,0,3775.7831758124998,0,0.70560177260830959,0,0.707496828889564,0,0.70585281596719163,0