msdX(mean),msdX(std),msdY(mean),msdY(std),msdZ(mean),msdZ(std),DmsdX(mean),DmsdX(std),DmsdY(mean),DmsdY(std),DmsdZ(mean),DmsdZ(std)
3967.3941484375,0,3967.8375919374998,0,3973.2949336874999,0,0.43125333826028434,0,0.4313015402998473,0,0.43189475003895067,0