msdX(mean),msdX(std),msdY(mean),msdY(std),msdZ(mean),msdZ(std),DmsdX(mean),DmsdX(std),DmsdY(mean),DmsdY(std),DmsdZ(mean),DmsdZ(std)
1922.0806073125,0,1929.6489796875001,0,1922.797557375,0,1.6127768811270224,0,1.6191273411169538,0,1.6133784586474051,0