msdX(mean),msdX(std),msdY(mean),msdY(std),msdZ(mean),msdZ(std),DmsdX(mean),DmsdX(std),DmsdY(mean),DmsdY(std),DmsdZ(mean),DmsdZ(std)
501.658413,0,500.79352862500002,0,502.36633256250002,0,2.1410943790012804,0,2.1374030244344859,0,2.1441158026568505,0