msdX(mean),msdX(std),msdY(mean),msdY(std),msdZ(mean),msdZ(std),DmsdX(mean),DmsdX(std),DmsdY(mean),DmsdY(std),DmsdZ(mean),DmsdZ(std)
281.13809199999997,0,281.24693731249999,0,281.43764881250002,0,2.2431230744680848,0,2.2439915211103725,0,2.245513155418883,0