msdX(mean),msdX(std),msdY(mean),msdY(std),msdZ(mean),msdZ(std),DmsdX(mean),DmsdX(std),DmsdY(mean),DmsdY(std),DmsdZ(mean),DmsdZ(std)
3802.2034942499999,0,3805.4499376875001,0,3799.8202671875001,0,0.68175686637838295,0,0.68233897228306994,0,0.68132954011442692,0