msdX(mean),msdX(std),msdY(mean),msdY(std),msdZ(mean),msdZ(std),DmsdX(mean),DmsdX(std),DmsdY(mean),DmsdY(std),DmsdZ(mean),DmsdZ(std)
63.715582062499998,0,63.926195812499998,0,63.714409500000002,0,2.3789265238021158,0,2.3867901361232109,0,2.3788827442439331,0