msdX(mean),msdX(std),msdY(mean),msdY(std),msdZ(mean),msdZ(std),DmsdX(mean),DmsdX(std),DmsdY(mean),DmsdY(std),DmsdZ(mean),DmsdZ(std)
1258.9765993125,0,1293.893836125,0,1116.3665920625001,0,1.1013865416454036,0,1.1319330781876504,0,0.97662747719982523,0