msdX(mean),msdX(std),msdY(mean),msdY(std),msdZ(mean),msdZ(std),DmsdX(mean),DmsdX(std),DmsdY(mean),DmsdY(std),DmsdZ(mean),DmsdZ(std)
4204.9849376875,0,4290.1819357499999,0,3672.71784475,0,0.85447490503965895,0,0.8717873800919842,0,0.74631545133573574,0