msdX(mean),msdX(std),msdY(mean),msdY(std),msdZ(mean),msdZ(std),DmsdX(mean),DmsdX(std),DmsdY(mean),DmsdY(std),DmsdZ(mean),DmsdZ(std)
808.75534268750005,0,828.30600018749999,0,717.95730537500003,0,1.216783364123621,0,1.2461975930604314,0,1.0801764875250754,0