msdX(mean),msdX(std),msdY(mean),msdY(std),msdZ(mean),msdZ(std),DmsdX(mean),DmsdX(std),DmsdY(mean),DmsdY(std),DmsdZ(mean),DmsdZ(std)
3065.3969575000001,0,3141.1005220625002,0,2702.3571526249998,0,0.90666287476954321,0,0.92905397531154799,0,0.79928535802137446,0