msdX(mean),msdX(std),msdY(mean),msdY(std),msdZ(mean),msdZ(std),DmsdX(mean),DmsdX(std),DmsdY(mean),DmsdY(std),DmsdZ(mean),DmsdZ(std)
276.470726625,0,279.15186787499999,0,246.55160481249999,0,1.5154616844052622,0,1.5301582379408003,0,1.3514613821258907,0