msdX(mean),msdX(std),msdY(mean),msdY(std),msdZ(mean),msdZ(std),DmsdX(mean),DmsdX(std),DmsdY(mean),DmsdY(std),DmsdZ(mean),DmsdZ(std)
1393.92876,0,1433.2622974374999,0,1236.0392891250001,0,1.0760189586630129,0,1.1063817958527924,0,0.9541389394611911,0