msdX(mean),msdX(std),msdY(mean),msdY(std),msdZ(mean),msdZ(std),DmsdX(mean),DmsdX(std),DmsdY(mean),DmsdY(std),DmsdZ(mean),DmsdZ(std)
51.250882312500003,0,51.5605016875,0,46.140460437500003,0,1.9135363651213444,0,1.9250965160236466,0,1.7227303212507781,0