msdX(mean),msdX(std),msdY(mean),msdY(std),msdZ(mean),msdZ(std),DmsdX(mean),DmsdX(std),DmsdY(mean),DmsdY(std),DmsdZ(mean),DmsdZ(std)
61.935283124999998,0,62.279226749999999,0,55.628078500000001,0,1.8768267613636362,0,1.8872492954545455,0,1.6856993484848486,0