msdX(mean),msdX(std),msdY(mean),msdY(std),msdZ(mean),msdZ(std),DmsdX(mean),DmsdX(std),DmsdY(mean),DmsdY(std),DmsdZ(mean),DmsdZ(std)
71.917857249999997,0,72.275353062500002,0,64.557794000000001,0,1.8448360132535271,0,1.8540064915562207,0,1.6560357588713126,0