msdX(mean),msdX(std),msdY(mean),msdY(std),msdZ(mean),msdZ(std),DmsdX(mean),DmsdX(std),DmsdY(mean),DmsdY(std),DmsdZ(mean),DmsdZ(std)
536.03670837499999,0,546.03800375000003,0,476.95553118750001,0,1.330335973796327,0,1.3551571899818002,0,1.1837083004322468,0