msdX(mean),msdX(std),msdY(mean),msdY(std),msdZ(mean),msdZ(std),DmsdX(mean),DmsdX(std),DmsdY(mean),DmsdY(std),DmsdZ(mean),DmsdZ(std)
286.62327493750001,0,289.42624512499998,0,255.438191625,0,1.5069572814800212,0,1.5216942435594112,0,1.3429978529179811,0