msdX(mean),msdX(std),msdY(mean),msdY(std),msdZ(mean),msdZ(std),DmsdX(mean),DmsdX(std),DmsdY(mean),DmsdY(std),DmsdZ(mean),DmsdZ(std)
1347.1125764999999,0,1385.9509296875001,0,1194.760994625,0,1.0841661469846551,0,1.1154235403644437,0,0.96155246911551673,0