msdX(mean),msdX(std),msdY(mean),msdY(std),msdZ(mean),msdZ(std),DmsdX(mean),DmsdX(std),DmsdY(mean),DmsdY(std),DmsdZ(mean),DmsdZ(std)
407.34604512499999,0,412.503155875,0,362.20337843750002,0,1.411373950886412,0,1.4292423256048969,0,1.2549634871080442,0