msdX(mean),msdX(std),msdY(mean),msdY(std),msdZ(mean),msdZ(std),DmsdX(mean),DmsdX(std),DmsdY(mean),DmsdY(std),DmsdZ(mean),DmsdZ(std)
2174.7441661875,0,2236.2004760625,0,1922.7513041249999,0,0.97612623037231816,0,1.0037106777862144,0,0.86302012513465387,0