msdX(mean),msdX(std),msdY(mean),msdY(std),msdZ(mean),msdZ(std),DmsdX(mean),DmsdX(std),DmsdY(mean),DmsdY(std),DmsdZ(mean),DmsdZ(std)
193.75297599999999,0,195.44164068750001,0,172.76625625,0,1.6116981228337723,0,1.6257449662068488,0,1.4371239948703729,0