msdX(mean),msdX(std),msdY(mean),msdY(std),msdZ(mean),msdZ(std),DmsdX(mean),DmsdX(std),DmsdY(mean),DmsdY(std),DmsdZ(mean),DmsdZ(std)
330.15502199999997,0,333.76725325000001,0,293.96126443750001,0,1.4690968051023434,0,1.4851702161821418,0,1.3080447839105607,0