msdX(mean),msdX(std),msdY(mean),msdY(std),msdZ(mean),msdZ(std),DmsdX(mean),DmsdX(std),DmsdY(mean),DmsdY(std),DmsdZ(mean),DmsdZ(std)
4350.9608546874997,0,4439.5330477500002,0,3798.5525174999998,0,0.84802204786612012,0,0.86528517089880241,0,0.74035515197681934,0