msdX(mean),msdX(std),msdY(mean),msdY(std),msdZ(mean),msdZ(std),DmsdX(mean),DmsdX(std),DmsdY(mean),DmsdY(std),DmsdZ(mean),DmsdZ(std)
297.06160599999998,0,299.96400506250001,0,264.7748264375,0,1.4980413817448308,0,1.5126777864977308,0,1.335223532211296,0