msdX(mean),msdX(std),msdY(mean),msdY(std),msdZ(mean),msdZ(std),DmsdX(mean),DmsdX(std),DmsdY(mean),DmsdY(std),DmsdZ(mean),DmsdZ(std)
837.02790574999995,0,857.40610106250006,0,743.37821499999995,0,1.2078905754245033,0,1.2372977551529656,0,1.0727474361441145,0