msdX(mean),msdX(std),msdY(mean),msdY(std),msdZ(mean),msdZ(std),DmsdX(mean),DmsdX(std),DmsdY(mean),DmsdY(std),DmsdZ(mean),DmsdZ(std)
354.01871225000002,0,358.08827743749998,0,315.25043193750003,0,1.4493124136872273,0,1.4659727515181495,0,1.290599475726665,0