msdX(mean),msdX(std),msdY(mean),msdY(std),msdZ(mean),msdZ(std),DmsdX(mean),DmsdX(std),DmsdY(mean),DmsdY(std),DmsdZ(mean),DmsdZ(std)
77.446018749999993,0,77.870211437500004,0,69.473904750000003,0,1.8272753145890679,0,1.8372837932559969,0,1.6391798210774677,0