msdX(mean),msdX(std),msdY(mean),msdY(std),msdZ(mean),msdZ(std),DmsdX(mean),DmsdX(std),DmsdY(mean),DmsdY(std),DmsdZ(mean),DmsdZ(std)
2861.10230125,0,2933.0628843750001,0,2524.2316713750001,0,0.91986013479118212,0,0.94299585827233656,0,0.81155437345275483,0