msdX(mean),msdX(std),msdY(mean),msdY(std),msdZ(mean),msdZ(std),DmsdX(mean),DmsdX(std),DmsdY(mean),DmsdY(std),DmsdZ(mean),DmsdZ(std)
2102.5709548750001,0,2161.4277063750001,0,1858.2749912500001,0,0.98392744446827607,0,1.0114702833716804,0,0.86960573626330784,0