msdX(mean),msdX(std),msdY(mean),msdY(std),msdZ(mean),msdZ(std),DmsdX(mean),DmsdX(std),DmsdY(mean),DmsdY(std),DmsdZ(mean),DmsdZ(std)
44.141549812500003,0,44.254361375000002,0,39.741562125000002,0,1.947421315257353,0,1.9523982959558823,0,1.7533042113970587,0