msdX(mean),msdX(std),msdY(mean),msdY(std),msdZ(mean),msdZ(std),DmsdX(mean),DmsdX(std),DmsdY(mean),DmsdY(std),DmsdZ(mean),DmsdZ(std)
3649.2010209999999,0,3729.2857601249998,0,3205.2221360624999,0,0.87616922676142572,0,0.89539748619431203,0,0.76957037564976771,0