msdX(mean),msdX(std),msdY(mean),msdY(std),msdZ(mean),msdZ(std),DmsdX(mean),DmsdX(std),DmsdY(mean),DmsdY(std),DmsdZ(mean),DmsdZ(std)
5576.617601125,0,5665.8075721875002,0,4840.5083664374997,0,0.81169928549335546,0,0.8246812471344046,0,0.70455560404021655,0