msdX(mean),msdX(std),msdY(mean),msdY(std),msdZ(mean),msdZ(std),DmsdX(mean),DmsdX(std),DmsdY(mean),DmsdY(std),DmsdZ(mean),DmsdZ(std)
342.11105412500001,0,345.87978368749998,0,304.46783031249998,0,1.4601410760776783,0,1.4762261360968845,0,1.2994785758109262,0