msdX(mean),msdX(std),msdY(mean),msdY(std),msdZ(mean),msdZ(std),DmsdX(mean),DmsdX(std),DmsdY(mean),DmsdY(std),DmsdZ(mean),DmsdZ(std)
659.46491675000004,0,672.92863737499999,0,585.39375318750001,0,1.2742873016972078,0,1.3003033152716499,0,1.1311592280844418,0