msdX(mean),msdX(std),msdY(mean),msdY(std),msdZ(mean),msdZ(std),DmsdX(mean),DmsdX(std),DmsdY(mean),DmsdY(std),DmsdZ(mean),DmsdZ(std)
483.60204337499999,0,491.52792993750001,0,430.596457875,0,1.3601519993671776,0,1.382443903635213,0,1.2110714607650119,0