msdX(mean),msdX(std),msdY(mean),msdY(std),msdZ(mean),msdZ(std),DmsdX(mean),DmsdX(std),DmsdY(mean),DmsdY(std),DmsdZ(mean),DmsdZ(std)
49.428524125000003,0,49.619612250000003,0,44.477343500000003,0,1.923288876459144,0,1.930724212062257,0,1.7306359338521402,0