msdX(mean),msdX(std),msdY(mean),msdY(std),msdZ(mean),msdZ(std),DmsdX(mean),DmsdX(std),DmsdY(mean),DmsdY(std),DmsdZ(mean),DmsdZ(std)
1062.6914891875001,0,1091.468443,0,942.75528006249999,0,1.1452445325774587,0,1.1762569659631792,0,1.0159913211270768,0