msdX(mean),msdX(std),msdY(mean),msdY(std),msdZ(mean),msdZ(std),DmsdX(mean),DmsdX(std),DmsdY(mean),DmsdY(std),DmsdZ(mean),DmsdZ(std)
594.40977493749995,0,606.37395193750001,0,527.99545475000002,0,1.3016747507664512,0,1.3278746347038215,0,1.1562366248768203,0