msdX(mean),msdX(std),msdY(mean),msdY(std),msdZ(mean),msdZ(std),DmsdX(mean),DmsdX(std),DmsdY(mean),DmsdY(std),DmsdZ(mean),DmsdZ(std)
100.40399356250001,0,101.00528006250001,0,90.004967750000006,0,1.7692333667400881,0,1.7798287235682821,0,1.5859906211453745,0