msdX(mean),msdX(std),msdY(mean),msdY(std),msdZ(mean),msdZ(std),DmsdX(mean),DmsdX(std),DmsdY(mean),DmsdY(std),DmsdZ(mean),DmsdZ(std)
186.887952375,0,188.52761949999999,0,166.7031330625,0,1.6208842356895057,0,1.6351051127493494,0,1.4458207550954034,0