msdX(mean),msdX(std),msdY(mean),msdY(std),msdZ(mean),msdZ(std),DmsdX(mean),DmsdX(std),DmsdY(mean),DmsdY(std),DmsdZ(mean),DmsdZ(std)
574.397227875,0,585.76396406250001,0,510.38228950000001,0,1.3114091960616439,0,1.3373606485445206,0,1.1652563687214612,0