msdX(mean),msdX(std),msdY(mean),msdY(std),msdZ(mean),msdZ(std),DmsdX(mean),DmsdX(std),DmsdY(mean),DmsdY(std),DmsdZ(mean),DmsdZ(std)
130.07437168749999,0,131.05215612500001,0,116.1698355,0,1.7118803029721428,0,1.7247487096951086,0,1.5288857490677781,0