msdX(mean),msdX(std),msdY(mean),msdY(std),msdZ(mean),msdZ(std),DmsdX(mean),DmsdX(std),DmsdY(mean),DmsdY(std),DmsdZ(mean),DmsdZ(std)
927.55210712500002,0,949.85176706250002,0,823.33202093750003,0,1.1810935150148556,0,1.2094886677366299,0,1.048385425641978,0