msdX(mean),msdX(std),msdY(mean),msdY(std),msdZ(mean),msdZ(std),DmsdX(mean),DmsdX(std),DmsdY(mean),DmsdY(std),DmsdZ(mean),DmsdZ(std)
4836.837546625,0,4928.4302074999996,0,4209.3255595000001,0,0.8318435570159598,0,0.84759574304337348,0,0.72392349594125127,0