msdX(mean),msdX(std),msdY(mean),msdY(std),msdZ(mean),msdZ(std),DmsdX(mean),DmsdX(std),DmsdY(mean),DmsdY(std),DmsdZ(mean),DmsdZ(std)
3288.1626982500002,0,3362.7622781875002,0,2893.90319125,0,0.89471786079680737,0,0.91501660593297207,0,0.78743879492528512,0