msdX(mean),msdX(std),msdY(mean),msdY(std),msdZ(mean),msdZ(std),DmsdX(mean),DmsdX(std),DmsdY(mean),DmsdY(std),DmsdZ(mean),DmsdZ(std)
1441.4981158749999,0,1483.2254371250001,0,1278.7076219999999,0,1.0672756848947409,0,1.0981703179681139,0,0.94674667834842918,0