msdX(mean),msdX(std),msdY(mean),msdY(std),msdZ(mean),msdZ(std),DmsdX(mean),DmsdX(std),DmsdY(mean),DmsdY(std),DmsdZ(mean),DmsdZ(std)
174.0579960625,0,175.52221793749999,0,155.11738131249999,0,1.6407666557344855,0,1.6545692185781617,0,1.4622219762372348,0