msdX(mean),msdX(std),msdY(mean),msdY(std),msdZ(mean),msdZ(std),DmsdX(mean),DmsdX(std),DmsdY(mean),DmsdY(std),DmsdZ(mean),DmsdZ(std)
86.611124500000003,0,87.058896062499997,0,77.570278062499995,0,1.8031462421929216,0,1.8124683427307426,0,1.614925983258154,0