msdX(mean),msdX(std),msdY(mean),msdY(std),msdZ(mean),msdZ(std),DmsdX(mean),DmsdX(std),DmsdY(mean),DmsdY(std),DmsdZ(mean),DmsdZ(std)
865.76349449999998,0,887.17958543750001,0,769.51975931250001,0,1.1983162165217189,0,1.2279585486689428,0,1.065103821512607,0