msdX(mean),msdX(std),msdY(mean),msdY(std),msdZ(mean),msdZ(std),DmsdX(mean),DmsdX(std),DmsdY(mean),DmsdY(std),DmsdZ(mean),DmsdZ(std)
1176.5781717499999,0,1209.4872580624999,0,1044.5285704375001,0,1.1188457319798402,0,1.1501400323911184,0,0.9932755519565426,0