msdX(mean),msdX(std),msdY(mean),msdY(std),msdZ(mean),msdZ(std),DmsdX(mean),DmsdX(std),DmsdY(mean),DmsdY(std),DmsdZ(mean),DmsdZ(std)
208.1117774375,0,209.9858644375,0,185.44024475000001,0,1.5926921742665816,0,1.607034676817602,0,1.4191855465561225,0