msdX(mean),msdX(std),msdY(mean),msdY(std),msdZ(mean),msdZ(std),DmsdX(mean),DmsdX(std),DmsdY(mean),DmsdY(std),DmsdZ(mean),DmsdZ(std)
139.908113125,0,141.05894025000001,0,124.97996243750001,0,1.6938028223365618,0,1.707735354116223,0,1.5130746057808719,0