msdX(mean),msdX(std),msdY(mean),msdY(std),msdZ(mean),msdZ(std),DmsdX(mean),DmsdX(std),DmsdY(mean),DmsdY(std),DmsdZ(mean),DmsdZ(std)
5192.2429056250003,0,5287.3796734999996,0,4515.7170723749996,0,0.82149892897262067,0,0.83655114327302638,0,0.7144613235410453,0