msdX(mean),msdX(std),msdY(mean),msdY(std),msdZ(mean),msdZ(std),DmsdX(mean),DmsdX(std),DmsdY(mean),DmsdY(std),DmsdZ(mean),DmsdZ(std)
4502.4692586250003,0,4595.1696091249996,0,3930.0588070624999,0,0.84170103446744882,0,0.85903063216806086,0,0.73469342563209794,0