msdX(mean),msdX(std),msdY(mean),msdY(std),msdZ(mean),msdZ(std),DmsdX(mean),DmsdX(std),DmsdY(mean),DmsdY(std),DmsdZ(mean),DmsdZ(std)
1652.09145425,0,1700.3570940625,0,1464.4787093125001,0,1.035242318670301,0,1.0654867901510168,0,0.91767942432716121,0