msdX(mean),msdX(std),msdY(mean),msdY(std),msdZ(mean),msdZ(std),DmsdX(mean),DmsdX(std),DmsdY(mean),DmsdY(std),DmsdZ(mean),DmsdZ(std)
108.1511531875,0,108.8487130625,0,96.728506124999996,0,1.7533286115239126,0,1.7646373368684141,0,1.5681465462037287,0