msdX(mean),msdX(std),msdY(mean),msdY(std),msdZ(mean),msdZ(std),DmsdX(mean),DmsdX(std),DmsdY(mean),DmsdY(std),DmsdZ(mean),DmsdZ(std)
2578.1211770625,0,2647.5645394375001,0,2277.5173961874998,0,0.93936025106574839,0,0.96466252734965652,0,0.82983272164380306,0