msdX(mean),msdX(std),msdY(mean),msdY(std),msdZ(mean),msdZ(std),DmsdX(mean),DmsdX(std),DmsdY(mean),DmsdY(std),DmsdZ(mean),DmsdZ(std)
2491.1884929375001,0,2559.3015329999998,0,2202.5323808124999,0,0.94634438084060379,0,0.97221893545895421,0,0.83669065914141538,0