msdX(mean),msdX(std),msdY(mean),msdY(std),msdZ(mean),msdZ(std),DmsdX(mean),DmsdX(std),DmsdY(mean),DmsdY(std),DmsdZ(mean),DmsdZ(std)
2250.1190960624999,0,2312.4389878124998,0,1989.2391654375001,0,0.96870283753022546,0,0.99553228672624472,0,0.85639094724257192,0