msdX(mean),msdX(std),msdY(mean),msdY(std),msdZ(mean),msdZ(std),DmsdX(mean),DmsdX(std),DmsdY(mean),DmsdY(std),DmsdZ(mean),DmsdZ(std)
854.7427850356728,0,903.90379173563679,0,768.58262072558318,0,1.0439174623897824,0,1.1039589558790919,0,0.93868802768689508,0