msdX(mean),msdX(std),msdY(mean),msdY(std),msdZ(mean),msdZ(std),DmsdX(mean),DmsdX(std),DmsdY(mean),DmsdY(std),DmsdZ(mean),DmsdZ(std)
107.70118398191474,0,109.54883091998467,0,95.658723311327364,0,1.4779339339494948,0,1.5032883451711019,0,1.3126807713073652,0