msdX(mean),msdX(std),msdY(mean),msdY(std),msdZ(mean),msdZ(std),DmsdX(mean),DmsdX(std),DmsdY(mean),DmsdY(std),DmsdZ(mean),DmsdZ(std)
487.34738819383637,0,509.1839265299443,0,436.23550837135667,0,1.1600881643018246,0,1.2120681487784548,0,1.0384207700083472,0