msdX(mean),msdX(std),msdY(mean),msdY(std),msdZ(mean),msdZ(std),DmsdX(mean),DmsdX(std),DmsdY(mean),DmsdY(std),DmsdZ(mean),DmsdZ(std)
199.80535154803238,0,204.80513763875538,0,177.84897384059349,0,1.3491985316865716,0,1.3829599099483985,0,1.200936674161144,0