msdX(mean),msdX(std),msdY(mean),msdY(std),msdZ(mean),msdZ(std),DmsdX(mean),DmsdX(std),DmsdY(mean),DmsdY(std),DmsdZ(mean),DmsdZ(std)
138.99631721320193,0,141.91257001061646,0,123.62738396649735,0,1.4242653935091016,0,1.4541476092494703,0,1.2667832371663741,0