msdX(mean),msdX(std),msdY(mean),msdY(std),msdZ(mean),msdZ(std),DmsdX(mean),DmsdX(std),DmsdY(mean),DmsdY(std),DmsdZ(mean),DmsdZ(std)
3742.0398478646334,0,4044.1935788429873,0,3397.8291303621249,0,0.79279040772647957,0,0.85680484619246777,0,0.71986575535316011,0