msdX(mean),msdX(std),msdY(mean),msdY(std),msdZ(mean),msdZ(std),DmsdX(mean),DmsdX(std),DmsdY(mean),DmsdY(std),DmsdZ(mean),DmsdZ(std)
286.59676763780249,0,295.19811755352447,0,255.28656345228165,0,1.2753576844058254,0,1.3136337536081932,0,1.1360270498091902,0