msdX(mean),msdX(std),msdY(mean),msdY(std),msdZ(mean),msdZ(std),DmsdX(mean),DmsdX(std),DmsdY(mean),DmsdY(std),DmsdZ(mean),DmsdZ(std)
581.4616025278284,0,609.63353973657695,0,522.08756679367559,0,1.1235814644902042,0,1.1780192232844608,0,1.0088506452360122,0