msdX(mean),msdX(std),msdY(mean),msdY(std),msdZ(mean),msdZ(std),DmsdX(mean),DmsdX(std),DmsdY(mean),DmsdY(std),DmsdZ(mean),DmsdZ(std)
6944.2145803540088,0,7561.8464480000803,0,6357.1925407085391,0,0.72399703722341546,0,0.78839073316933261,0,0.66279469208123809,0