msdX(mean),msdX(std),msdY(mean),msdY(std),msdZ(mean),msdZ(std),DmsdX(mean),DmsdX(std),DmsdY(mean),DmsdY(std),DmsdZ(mean),DmsdZ(std)
408.48997677687368,0,424.33688163190919,0,364.90578463213205,0,1.1978286624312027,0,1.244297065391675,0,1.0700252950345119,0