msdX(mean),msdX(std),msdY(mean),msdY(std),msdZ(mean),msdZ(std),DmsdX(mean),DmsdX(std),DmsdY(mean),DmsdY(std),DmsdZ(mean),DmsdZ(std)
51.447412019998332,0,52.050357219673387,0,45.923867740329122,0,1.6256533531405311,0,1.6447054268431058,0,1.4511184654386182,0