msdX(mean),msdX(std),msdY(mean),msdY(std),msdZ(mean),msdZ(std),DmsdX(mean),DmsdX(std),DmsdY(mean),DmsdY(std),DmsdZ(mean),DmsdZ(std)
64.217296226063297,0,65.129702809792406,0,57.306598738043121,0,1.5799203132434192,0,1.6023679991518394,0,1.4098983412568127,0