msdX(mean),msdX(std),msdY(mean),msdY(std),msdZ(mean),msdZ(std),DmsdX(mean),DmsdX(std),DmsdY(mean),DmsdY(std),DmsdZ(mean),DmsdZ(std)
2806.6545609596828,0,3027.7845337084768,0,2547.6199386515877,0,0.8301371423855054,0,0.89554177259076329,0,0.75352127945286729,0