msdX(mean),msdX(std),msdY(mean),msdY(std),msdZ(mean),msdZ(std),DmsdX(mean),DmsdX(std),DmsdY(mean),DmsdY(std),DmsdZ(mean),DmsdZ(std)
2519.0781673249307,0,2720.2660589432294,0,2287.9675746533512,0,0.84438948131207214,0,0.91182722169400132,0,0.76692171711049029,0