msdX(mean),msdX(std),msdY(mean),msdY(std),msdZ(mean),msdZ(std),DmsdX(mean),DmsdX(std),DmsdY(mean),DmsdY(std),DmsdZ(mean),DmsdZ(std)
796.48191843085533,0,841.86844947122813,0,716.98731501418547,0,1.0573888514626344,0,1.117642839429116,0,0.95185386634981506,0