msdX(mean),msdX(std),msdY(mean),msdY(std),msdZ(mean),msdZ(std),DmsdX(mean),DmsdX(std),DmsdY(mean),DmsdY(std),DmsdZ(mean),DmsdZ(std)
66.630111062885447,0,67.558379695084525,0,59.415593673821625,0,1.5720240520195752,0,1.5939249702872187,0,1.4018097948556063,0