msdX(mean),msdX(std),msdY(mean),msdY(std),msdZ(mean),msdZ(std),DmsdX(mean),DmsdX(std),DmsdY(mean),DmsdY(std),DmsdZ(mean),DmsdZ(std)
1253.1569696505137,0,1334.4836106307089,0,1133.4049227850339,0,0.96735111311030653,0,1.0301296943918312,0,0.87491075756181835,0