msdX(mean),msdX(std),msdY(mean),msdY(std),msdZ(mean),msdZ(std),DmsdX(mean),DmsdX(std),DmsdY(mean),DmsdY(std),DmsdZ(mean),DmsdZ(std)
133.99364907569893,0,136.76405182900038,0,119.18146215776517,0,1.4315116764971314,0,1.4611090784434755,0,1.2732667247867615,0