msdX(mean),msdX(std),msdY(mean),msdY(std),msdZ(mean),msdZ(std),DmsdX(mean),DmsdX(std),DmsdY(mean),DmsdY(std),DmsdZ(mean),DmsdZ(std)
693.83932226452259,0,729.92191700529679,0,623.24977692283687,0,1.0883535806494022,0,1.1449525941747141,0,0.97762710268286912,0