msdX(mean),msdX(std),msdY(mean),msdY(std),msdZ(mean),msdZ(std),DmsdX(mean),DmsdX(std),DmsdY(mean),DmsdY(std),DmsdZ(mean),DmsdZ(std)
394.34879468261812,0,409.56232523416134,0,351.80567350288851,0,1.2056436484139301,0,1.2521560169738024,0,1.0755764476879177,0