msdX(mean),msdX(std),msdY(mean),msdY(std),msdZ(mean),msdZ(std),DmsdX(mean),DmsdX(std),DmsdY(mean),DmsdY(std),DmsdZ(mean),DmsdZ(std)
41.241053538350066,0,41.600567977724822,0,36.84967086141404,0,1.6730802106665494,0,1.687665107083113,0,1.4949291979283938,0