msdX(mean),msdX(std),msdY(mean),msdY(std),msdZ(mean),msdZ(std),DmsdX(mean),DmsdX(std),DmsdY(mean),DmsdY(std),DmsdZ(mean),DmsdZ(std)
93.01595090121539,0,94.377455834064762,0,82.711560181852235,0,1.5080493066129737,0,1.5301231181478812,0,1.3409862477629058,0