msdX(mean),msdX(std),msdY(mean),msdY(std),msdZ(mean),msdZ(std),DmsdX(mean),DmsdX(std),DmsdY(mean),DmsdY(std),DmsdZ(mean),DmsdZ(std)
61.929683743222988,0,62.763573352617364,0,55.27606405174982,0,1.5883597592926251,0,1.6097471880537031,0,1.4177090933633081,0