msdX(mean),msdX(std),msdY(mean),msdY(std),msdZ(mean),msdZ(std),DmsdX(mean),DmsdX(std),DmsdY(mean),DmsdY(std),DmsdZ(mean),DmsdZ(std)
86.430249435683805,0,87.694256565863,0,76.78650685561287,0,1.5233046062400637,0,1.5455823145226837,0,1.353336827718874,0