msdX(mean),msdX(std),msdY(mean),msdY(std),msdZ(mean),msdZ(std),DmsdX(mean),DmsdX(std),DmsdY(mean),DmsdY(std),DmsdZ(mean),DmsdZ(std)
308.1425416904994,0,317.72543863971748,0,274.47809066168236,0,1.2614539382874459,0,1.3006837798746407,0,1.1236405935359788,0