msdX(mean),msdX(std),msdY(mean),msdY(std),msdZ(mean),msdZ(std),DmsdX(mean),DmsdX(std),DmsdY(mean),DmsdY(std),DmsdZ(mean),DmsdZ(std)
3877.6481985718483,0,4197.7900225567673,0,3526.0754019534711,0,0.78796014170125095,0,0.85301477896426037,0,0.71651855224923433,0