msdX(mean),msdX(std),msdY(mean),msdY(std),msdZ(mean),msdZ(std),DmsdX(mean),DmsdX(std),DmsdY(mean),DmsdY(std),DmsdZ(mean),DmsdZ(std)
111.7461988762925,0,113.67129733453096,0,99.19943048132653,0,1.4707670837881073,0,1.4961046028616896,0,1.3056306035427478,0