msdX(mean),msdX(std),msdY(mean),msdY(std),msdZ(mean),msdZ(std),DmsdX(mean),DmsdX(std),DmsdY(mean),DmsdY(std),DmsdZ(mean),DmsdZ(std)
276.43202175045434,0,284.60939693943192,0,246.27791752021514,0,1.282505409249121,0,1.3204443131681134,0,1.1426055469196583,0