msdX(mean),msdX(std),msdY(mean),msdY(std),msdZ(mean),msdZ(std),DmsdX(mean),DmsdX(std),DmsdY(mean),DmsdY(std),DmsdZ(mean),DmsdZ(std)
4022.5448433909146,0,4351.3961678242731,0,3656.7578549314071,0,0.78401262437927599,0,0.8481072709121058,0,0.71271904582362211,0