msdX(mean),msdX(std),msdY(mean),msdY(std),msdZ(mean),msdZ(std),DmsdX(mean),DmsdX(std),DmsdY(mean),DmsdY(std),DmsdZ(mean),DmsdZ(std)
2113.7776867408984,0,2275.0715466472334,0,1914.7094384410671,0,0.87283036966842931,0,0.93943253897430246,0,0.79063023393859899,0