msdX(mean),msdX(std),msdY(mean),msdY(std),msdZ(mean),msdZ(std),DmsdX(mean),DmsdX(std),DmsdY(mean),DmsdY(std),DmsdZ(mean),DmsdZ(std)
5372.2234268003303,0,5826.8566231553532,0,4897.4943611557837,0,0.75000538056923949,0,0.81347581289538395,0,0.68372940407693661,0