msdX(mean),msdX(std),msdY(mean),msdY(std),msdZ(mean),msdZ(std),DmsdX(mean),DmsdX(std),DmsdY(mean),DmsdY(std),DmsdZ(mean),DmsdZ(std)
166.72468012086375,0,170.42851383000348,0,148.11773323394658,0,1.3869161443742928,0,1.4177268603616302,0,1.2321323714123493,0