msdX(mean),msdX(std),msdY(mean),msdY(std),msdZ(mean),msdZ(std),DmsdX(mean),DmsdX(std),DmsdY(mean),DmsdY(std),DmsdZ(mean),DmsdZ(std)
69.126303303473264,0,70.073217124740296,0,61.712136128277585,0,1.5646821356613989,0,1.5861156431591585,0,1.3968615756799581,0