msdX(mean),msdX(std),msdY(mean),msdY(std),msdZ(mean),msdZ(std),DmsdX(mean),DmsdX(std),DmsdY(mean),DmsdY(std),DmsdZ(mean),DmsdZ(std)
1652.6127281975014,0,1772.6174761441162,0,1499.4917914077594,0,0.91377440425168821,0,0.98012828449917644,0,0.82910968492200288,0