msdX(mean),msdX(std),msdY(mean),msdY(std),msdZ(mean),msdZ(std),DmsdX(mean),DmsdX(std),DmsdY(mean),DmsdY(std),DmsdZ(mean),DmsdZ(std)
47.825776086168645,0,48.334281397687192,0,42.684762146736162,0,1.6422831486971079,0,1.6597446469198498,0,1.4657465349527752,0