msdX(mean),msdX(std),msdY(mean),msdY(std),msdZ(mean),msdZ(std),DmsdX(mean),DmsdX(std),DmsdY(mean),DmsdY(std),DmsdZ(mean),DmsdZ(std)
149.40621190952592,0,152.68125719837207,0,132.85790899408303,0,1.4084347775178088,0,1.439308244047768,0,1.252435873341569,0