msdX(mean),msdX(std),msdY(mean),msdY(std),msdZ(mean),msdZ(std),DmsdX(mean),DmsdX(std),DmsdY(mean),DmsdY(std),DmsdZ(mean),DmsdZ(std)
100.11272468474417,0,101.67508206371191,0,88.942860829014222,0,1.4931389913551256,0,1.5164408915712491,0,1.3265451911799895,0