msdX(mean),msdX(std),msdY(mean),msdY(std),msdZ(mean),msdZ(std),DmsdX(mean),DmsdX(std),DmsdY(mean),DmsdY(std),DmsdZ(mean),DmsdZ(std)
6693.2337062896413,0,7289.2698738892914,0,6122.7276884101948,0,0.72755068221231534,0,0.79233947330933641,0,0.66553700381283276,0