msdX(mean),msdX(std),msdY(mean),msdY(std),msdZ(mean),msdZ(std),DmsdX(mean),DmsdX(std),DmsdY(mean),DmsdY(std),DmsdZ(mean),DmsdZ(std)
38.270916895009641,0,38.594459653753802,0,34.226529389893081,0,1.6877175616252256,0,1.701985544735408,0,1.5093632296104391,0