msdX(mean),msdX(std),msdY(mean),msdY(std),msdZ(mean),msdZ(std),DmsdX(mean),DmsdX(std),DmsdY(mean),DmsdY(std),DmsdZ(mean),DmsdZ(std)
4321.7117662100372,0,4680.122627768581,0,3935.6478391166993,0,0.77490664558315292,0,0.83917168071168968,0,0.70568326399079107,0