msdX(mean),msdX(std),msdY(mean),msdY(std),msdZ(mean),msdZ(std),DmsdX(mean),DmsdX(std),DmsdY(mean),DmsdY(std),DmsdZ(mean),DmsdZ(std)
231.03516632154336,0,237.12671996983784,0,205.74200893605726,0,1.3203704859792189,0,1.3551838340033593,0,1.1758195977281041,0