msdX(mean),msdX(std),msdY(mean),msdY(std),msdZ(mean),msdZ(std),DmsdX(mean),DmsdX(std),DmsdY(mean),DmsdY(std),DmsdZ(mean),DmsdZ(std)
561.81107227218763,0,588.41598948491219,0,504.78931716136725,0,1.1318234694500819,0,1.1854216827824624,0,1.016947554949782,0