msdX(mean),msdX(std),msdY(mean),msdY(std),msdZ(mean),msdZ(std),DmsdX(mean),DmsdX(std),DmsdY(mean),DmsdY(std),DmsdZ(mean),DmsdZ(std)
319.49970127077842,0,329.43607549981664,0,284.29063174836057,0,1.2545036823281883,0,1.2935184858154536,0,1.1162565816531613,0