msdX(mean),msdX(std),msdY(mean),msdY(std),msdZ(mean),msdZ(std),DmsdX(mean),DmsdX(std),DmsdY(mean),DmsdY(std),DmsdZ(mean),DmsdZ(std)
80.287145061458475,0,81.401438905754503,0,71.393562899776896,0,1.5381296936152506,0,1.5594771764285009,0,1.3677477128508588,0