msdX(mean),msdX(std),msdY(mean),msdY(std),msdZ(mean),msdZ(std),DmsdX(mean),DmsdX(std),DmsdY(mean),DmsdY(std),DmsdZ(mean),DmsdZ(std)
266.74424914513389,0,274.45016868238451,0,237.43788620475826,0,1.2902703279586416,0,1.3275446810530978,0,1.148512330762685,0