msdX(mean),msdX(std),msdY(mean),msdY(std),msdZ(mean),msdZ(std),DmsdX(mean),DmsdX(std),DmsdY(mean),DmsdY(std),DmsdZ(mean),DmsdZ(std)
53.377045102081233,0,54.057858045687297,0,47.673908653404105,0,1.6174967534510067,0,1.6381275831247777,0,1.4446733108535132,0