msdX(mean),msdX(std),msdY(mean),msdY(std),msdZ(mean),msdZ(std),DmsdX(mean),DmsdX(std),DmsdY(mean),DmsdY(std),DmsdZ(mean),DmsdZ(std)
83.263197288899889,0,84.503688035278145,0,74.066358178911514,0,1.529623838109206,0,1.552412828664425,0,1.3606691883245925,0