msdX(mean),msdX(std),msdY(mean),msdY(std),msdZ(mean),msdZ(std),DmsdX(mean),DmsdX(std),DmsdY(mean),DmsdY(std),DmsdZ(mean),DmsdZ(std)
248.02412531364314,0,255.06226796097118,0,221.10027801447328,0,1.3041068463347723,0,1.3411132867375131,0,1.1625416919445755,0