msdX(mean),msdX(std),msdY(mean),msdY(std),msdZ(mean),msdZ(std),DmsdX(mean),DmsdX(std),DmsdY(mean),DmsdY(std),DmsdZ(mean),DmsdZ(std)
71.752504863273828,0,72.780389940245939,0,63.999590754556387,0,1.5574682433349847,0,1.5797796367592638,0,1.3891825850065371,0