msdX(mean),msdX(std),msdY(mean),msdY(std),msdZ(mean),msdZ(std),DmsdX(mean),DmsdX(std),DmsdY(mean),DmsdY(std),DmsdZ(mean),DmsdZ(std)
4819.2770907065124,0,5225.9792395390186,0,4388.1937348926522,0,0.76249007745967179,0,0.82683714593687585,0,0.69428549507532544,0