msdX(mean),msdX(std),msdY(mean),msdY(std),msdZ(mean),msdZ(std),DmsdX(mean),DmsdX(std),DmsdY(mean),DmsdY(std),DmsdZ(mean),DmsdZ(std)
207.33453699987547,0,212.43010605344719,0,184.33146159493944,0,1.3428468319250879,0,1.3758493835474854,0,1.1938624544112209,0