msdX(mean),msdX(std),msdY(mean),msdY(std),msdZ(mean),msdZ(std),DmsdX(mean),DmsdX(std),DmsdY(mean),DmsdY(std),DmsdZ(mean),DmsdZ(std)
2265.2876051844655,0,2443.9111126002658,0,2057.3657139340689,0,0.86052991930469103,0,0.92838482305759551,0,0.78154524297048544,0