msdX(mean),msdX(std),msdY(mean),msdY(std),msdZ(mean),msdZ(std),DmsdX(mean),DmsdX(std),DmsdY(mean),DmsdY(std),DmsdZ(mean),DmsdZ(std)
160.79341935703206,0,164.44847419796321,0,142.80478756808807,0,1.3945762526933818,0,1.426276882631081,0,1.2385591792856483,0