msdX(mean),msdX(std),msdY(mean),msdY(std),msdZ(mean),msdZ(std),DmsdX(mean),DmsdX(std),DmsdY(mean),DmsdY(std),DmsdZ(mean),DmsdZ(std)
59.655508890842249,0,60.426324089973996,0,53.220379088595294,0,1.5955485202110384,0,1.6161647729796009,0,1.4234342926360346,0