msdX(mean),msdX(std),msdY(mean),msdY(std),msdZ(mean),msdZ(std),DmsdX(mean),DmsdX(std),DmsdY(mean),DmsdY(std),DmsdZ(mean),DmsdZ(std)
2040.6293986769872,0,2193.3736415753838,0,1848.1517892853335,0,0.87851359959884412,0,0.94427169106497189,0,0.79564985296338364,0