msdX(mean),msdX(std),msdY(mean),msdY(std),msdZ(mean),msdZ(std),DmsdX(mean),DmsdX(std),DmsdY(mean),DmsdY(std),DmsdZ(mean),DmsdZ(std)
4169.2475129788954,0,4513.005106323787,0,3793.0415313848221,0,0.77940987916335436,0,0.84367280993356308,0,0.70908096303592938,0