msdX(mean),msdX(std),msdY(mean),msdY(std),msdZ(mean),msdZ(std),DmsdX(mean),DmsdX(std),DmsdY(mean),DmsdY(std),DmsdZ(mean),DmsdZ(std)
1168.95401182352,0,1241.6975046295229,0,1055.5452703742333,0,0.98085215280850169,0,1.0418901498553432,0,0.88569254253066865,0