msdX(mean),msdX(std),msdY(mean),msdY(std),msdZ(mean),msdZ(std),DmsdX(mean),DmsdX(std),DmsdY(mean),DmsdY(std),DmsdZ(mean),DmsdZ(std)
4481.1172291016219,0,4854.5331261273659,0,4079.7057817714904,0,0.77066636434333247,0,0.8348867489116979,0,0.70163128114785733,0