msdX(mean),msdX(std),msdY(mean),msdY(std),msdZ(mean),msdZ(std),DmsdX(mean),DmsdX(std),DmsdY(mean),DmsdY(std),DmsdZ(mean),DmsdZ(std)
77.304906719986562,0,78.416634955213127,0,68.874739307266907,0,1.5438611824704105,0,1.5660635773848703,0,1.3755017757723624,0