msdX(mean),msdX(std),msdY(mean),msdY(std),msdZ(mean),msdZ(std),DmsdX(mean),DmsdX(std),DmsdY(mean),DmsdY(std),DmsdZ(mean),DmsdZ(std)
330.90602256021515,0,341.61517784604553,0,294.70844779054954,0,1.2462730875741999,0,1.2866063880083276,0,1.1099441597358435,0