msdX(mean),msdX(std),msdY(mean),msdY(std),msdZ(mean),msdZ(std),DmsdX(mean),DmsdX(std),DmsdY(mean),DmsdY(std),DmsdZ(mean),DmsdZ(std)
36.903764423663539,0,37.169651133959157,0,33.004897585886965,0,1.6966135136421796,0,1.7088373881663772,0,1.517367025697945,0