msdX(mean),msdX(std),msdY(mean),msdY(std),msdZ(mean),msdZ(std),DmsdX(mean),DmsdX(std),DmsdY(mean),DmsdY(std),DmsdZ(mean),DmsdZ(std)
744.28276370041181,0,784.39004813865279,0,668.01394935650217,0,1.0740508808436071,0,1.1319284326022518,0,0.96398977070892888,0