msdX(mean),msdX(std),msdY(mean),msdY(std),msdZ(mean),msdZ(std),DmsdX(mean),DmsdX(std),DmsdY(mean),DmsdY(std),DmsdZ(mean),DmsdZ(std)
380.91965970423865,0,395.06380494731337,0,339.63327276292324,0,1.2141806613769563,0,1.2592650963446406,0,1.0825803847170603,0