msdX(mean),msdX(std),msdY(mean),msdY(std),msdZ(mean),msdZ(std),DmsdX(mean),DmsdX(std),DmsdY(mean),DmsdY(std),DmsdZ(mean),DmsdZ(std)
367.98294947400791,0,381.22086048024579,0,327.76973536357872,0,1.2228689193004134,0,1.2668607128037062,0,1.0892336795396915,0