msdX(mean),msdX(std),msdY(mean),msdY(std),msdZ(mean),msdZ(std),DmsdX(mean),DmsdX(std),DmsdY(mean),DmsdY(std),DmsdZ(mean),DmsdZ(std)
144.816276953125,0,146.81883789062499,0,145.65198281249999,0,1.8268544793035477,0,1.8521167460578183,0,1.8373968922470432,0