msdX(mean),msdX(std),msdY(mean),msdY(std),msdZ(mean),msdZ(std),DmsdX(mean),DmsdX(std),DmsdY(mean),DmsdY(std),DmsdZ(mean),DmsdZ(std)
2023.9377230468749,0,2081.3268390624999,0,2087.2970203125001,0,1.1190348523440647,0,1.1507652856649195,0,1.1540661979496629,0