msdX(mean),msdX(std),msdY(mean),msdY(std),msdZ(mean),msdZ(std),DmsdX(mean),DmsdX(std),DmsdY(mean),DmsdY(std),DmsdZ(mean),DmsdZ(std)
3733.3548437499999,0,3872.3664605468748,0,3886.5402964843752,0,0.97434228197042183,0,1.0106219557756089,0,1.0143210865117986,0