msdX(mean),msdX(std),msdY(mean),msdY(std),msdZ(mean),msdZ(std),DmsdX(mean),DmsdX(std),DmsdY(mean),DmsdY(std),DmsdZ(mean),DmsdZ(std)
92.677538671874998,0,93.712442187500002,0,93.038453125000004,0,1.9299444061822124,0,1.9514955422993492,0,1.9374601952277657,0