msdX(mean),msdX(std),msdY(mean),msdY(std),msdZ(mean),msdZ(std),DmsdX(mean),DmsdX(std),DmsdY(mean),DmsdY(std),DmsdZ(mean),DmsdZ(std)
99.982467968750001,0,101.15784375,0,100.418123046875,0,1.9120153237051791,0,1.9344926294820715,0,1.920346576195219,0