msdX(mean),msdX(std),msdY(mean),msdY(std),msdZ(mean),msdZ(std),DmsdX(mean),DmsdX(std),DmsdY(mean),DmsdY(std),DmsdZ(mean),DmsdZ(std)
399.53193593750001,0,406.20886640625002,0,405.55641835937502,0,1.5687143496932516,0,1.5949305184049081,0,1.592368759202454,0