msdX(mean),msdX(std),msdY(mean),msdY(std),msdZ(mean),msdZ(std),DmsdX(mean),DmsdX(std),DmsdY(mean),DmsdY(std),DmsdZ(mean),DmsdZ(std)
2742.7239332031249,0,2831.6516722656252,0,2844.2509003906248,0,1.0418704399632004,0,1.075651157555793,0,1.0804371891322411,0