msdX(mean),msdX(std),msdY(mean),msdY(std),msdZ(mean),msdZ(std),DmsdX(mean),DmsdX(std),DmsdY(mean),DmsdY(std),DmsdZ(mean),DmsdZ(std)
46.861553125,0,47.319123828125001,0,46.878240234374999,0,2.0636280275229355,0,2.0837779300458714,0,2.0643628727064218,0