msdX(mean),msdX(std),msdY(mean),msdY(std),msdZ(mean),msdZ(std),DmsdX(mean),DmsdX(std),DmsdY(mean),DmsdY(std),DmsdZ(mean),DmsdZ(std)
4760.296453125,0,4944.1882597656249,0,4953.6769261718746,0,0.92780115622779402,0,0.96364241790173577,0,0.96549179760937964,0