msdX(mean),msdX(std),msdY(mean),msdY(std),msdZ(mean),msdZ(std),DmsdX(mean),DmsdX(std),DmsdY(mean),DmsdY(std),DmsdZ(mean),DmsdZ(std)
5105.9454437499999,0,5299.7474144531252,0,5309.6479046875002,0,0.91552253007097484,0,0.95027222971143066,0,0.95204743901755684,0