msdX(mean),msdX(std),msdY(mean),msdY(std),msdZ(mean),msdZ(std),DmsdX(mean),DmsdX(std),DmsdY(mean),DmsdY(std),DmsdZ(mean),DmsdZ(std)
8062.3688750000001,0,8378.3876281249995,0,8419.0896808593752,0,0.84056887238132472,0,0.87351645033069425,0,0.87775997715277099,0