msdX(mean),msdX(std),msdY(mean),msdY(std),msdZ(mean),msdZ(std),DmsdX(mean),DmsdX(std),DmsdY(mean),DmsdY(std),DmsdZ(mean),DmsdZ(std)
242.00630781250001,0,245.411003515625,0,243.52760000000001,0,1.7032702016129031,0,1.7272328693181818,0,1.7139772434017595,0