msdX(mean),msdX(std),msdY(mean),msdY(std),msdZ(mean),msdZ(std),DmsdX(mean),DmsdX(std),DmsdY(mean),DmsdY(std),DmsdZ(mean),DmsdZ(std)
1299.336407421875,0,1331.83353984375,0,1337.9757593750001,0,1.2355021306705625,0,1.2664027320225832,0,1.2722431943343899,0