msdX(mean),msdX(std),msdY(mean),msdY(std),msdZ(mean),msdZ(std),DmsdX(mean),DmsdX(std),DmsdY(mean),DmsdY(std),DmsdZ(mean),DmsdZ(std)
56.8683890625,0,57.444975390624997,0,56.922309374999998,0,2.0295038475836429,0,2.0500809061338288,0,2.0314281412639401,0