msdX(mean),msdX(std),msdY(mean),msdY(std),msdZ(mean),msdZ(std),DmsdX(mean),DmsdX(std),DmsdY(mean),DmsdY(std),DmsdZ(mean),DmsdZ(std)
3250.6959527343752,0,3373.2230710937501,0,3377.7247554687501,0,1.0023988547555569,0,1.0401818541211614,0,1.0415700132500321,0