msdX(mean),msdX(std),msdY(mean),msdY(std),msdZ(mean),msdZ(std),DmsdX(mean),DmsdX(std),DmsdY(mean),DmsdY(std),DmsdZ(mean),DmsdZ(std)
3483.5409265624999,0,3614.05503203125,0,3623.6240101562498,0,0.98823856072695027,0,1.0252638388741135,0,1.0279784425975176,0