msdX(mean),msdX(std),msdY(mean),msdY(std),msdZ(mean),msdZ(std),DmsdX(mean),DmsdX(std),DmsdY(mean),DmsdY(std),DmsdZ(mean),DmsdZ(std)
1488.9975625,0,1528.2931535156249,0,1534.5779882812501,0,1.1982879201944838,0,1.2299114991826638,0,1.2349692922709363,0