msdX(mean),msdX(std),msdY(mean),msdY(std),msdZ(mean),msdZ(std),DmsdX(mean),DmsdX(std),DmsdY(mean),DmsdY(std),DmsdZ(mean),DmsdZ(std)
233.332944921875,0,236.54898593749999,0,234.79148320312501,0,1.7125353755733945,0,1.7361393463302752,0,1.7232402436926606,0