msdX(mean),msdX(std),msdY(mean),msdY(std),msdZ(mean),msdZ(std),DmsdX(mean),DmsdX(std),DmsdY(mean),DmsdY(std),DmsdZ(mean),DmsdZ(std)
4442.7660695312497,0,4612.2408871093749,0,4621.0871347656248,0,0.94124322528854842,0,0.97714811458632167,0,0.97902227823692967,0