msdX(mean),msdX(std),msdY(mean),msdY(std),msdZ(mean),msdZ(std),DmsdX(mean),DmsdX(std),DmsdY(mean),DmsdY(std),DmsdZ(mean),DmsdZ(std)
2239.4278554687498,0,2302.8201371093751,0,2314.0388929687501,0,1.0925703822991308,0,1.1234981611144992,0,1.1289715593078213,0