msdX(mean),msdX(std),msdY(mean),msdY(std),msdZ(mean),msdZ(std),DmsdX(mean),DmsdX(std),DmsdY(mean),DmsdY(std),DmsdZ(mean),DmsdZ(std)
1891.0816851562499,0,1943.5491234374999,0,1950.23358515625,0,1.1365669678520001,0,1.1681006438990795,0,1.1721181003881549,0