msdX(mean),msdX(std),msdY(mean),msdY(std),msdZ(mean),msdZ(std),DmsdX(mean),DmsdX(std),DmsdY(mean),DmsdY(std),DmsdZ(mean),DmsdZ(std)
68.794540624999996,0,69.455769921875003,0,68.818229296875003,0,1.9952495166163138,0,2.0144271638972806,0,1.9959365596676735,0