msdX(mean),msdX(std),msdY(mean),msdY(std),msdZ(mean),msdZ(std),DmsdX(mean),DmsdX(std),DmsdY(mean),DmsdY(std),DmsdZ(mean),DmsdZ(std)
6741.1222800781252,0,7033.4446210937504,0,7035.7860472656248,0,0.86579581367230352,0,0.90334022372434641,0,0.90364094471610512,0