msdX(mean),msdX(std),msdY(mean),msdY(std),msdZ(mean),msdZ(std),DmsdX(mean),DmsdX(std),DmsdY(mean),DmsdY(std),DmsdZ(mean),DmsdZ(std)
725.21572187499999,0,741.28083476562495,0,742.440865234375,0,1.4011010122761116,0,1.4321384612094985,0,1.434379614862145,0