msdX(mean),msdX(std),msdY(mean),msdY(std),msdZ(mean),msdZ(std),DmsdX(mean),DmsdX(std),DmsdY(mean),DmsdY(std),DmsdZ(mean),DmsdZ(std)
63.640094921874997,0,64.213517968749997,0,63.66210234375,0,2.0096872080592103,0,2.0277953042763155,0,2.0103821792763159,0