msdX(mean),msdX(std),msdY(mean),msdY(std),msdZ(mean),msdZ(std),DmsdX(mean),DmsdX(std),DmsdY(mean),DmsdY(std),DmsdZ(mean),DmsdZ(std)
96.282055859375006,0,97.363710156249994,0,96.641062890624994,0,1.9216377053014553,0,1.9432258160083158,0,1.9288029183991682,0