msdX(mean),msdX(std),msdY(mean),msdY(std),msdZ(mean),msdZ(std),DmsdX(mean),DmsdX(std),DmsdY(mean),DmsdY(std),DmsdZ(mean),DmsdZ(std)
6992.1629785156247,0,7279.7176832031246,0,7292.1837929687499,0,0.86134690868407537,0,0.89677004694918505,0,0.89830571554600269,0