msdX(mean),msdX(std),msdY(mean),msdY(std),msdZ(mean),msdZ(std),DmsdX(mean),DmsdX(std),DmsdY(mean),DmsdY(std),DmsdZ(mean),DmsdZ(std)
4596.6537257812497,0,4775.3524535156248,0,4783.8461429687504,0,0.93406167617424785,0,0.97037409888766579,0,0.97210005656922716,0