msdX(mean),msdX(std),msdY(mean),msdY(std),msdZ(mean),msdZ(std),DmsdX(mean),DmsdX(std),DmsdY(mean),DmsdY(std),DmsdZ(mean),DmsdZ(std)
892.92676484374999,0,913.66183593749997,0,913.63071406250003,0,1.3433783015984955,0,1.3745735190409027,0,1.3745266972261401,0