msdX(mean),msdX(std),msdY(mean),msdY(std),msdZ(mean),msdZ(std),DmsdX(mean),DmsdX(std),DmsdY(mean),DmsdY(std),DmsdZ(mean),DmsdZ(std)
3866.9572406249999,0,4010.206021484375,0,4021.8375320312498,0,0.96797448593257018,0,1.0038324373875518,0,1.0067440303381918,0