msdX(mean),msdX(std),msdY(mean),msdY(std),msdZ(mean),msdZ(std),DmsdX(mean),DmsdX(std),DmsdY(mean),DmsdY(std),DmsdZ(mean),DmsdZ(std)
4139.3511703124996,0,4297.069234765625,0,4310.7774363281251,0,0.95324132787199822,0,0.9895618455093913,0,0.99271867461678687,0