msdX(mean),msdX(std),msdY(mean),msdY(std),msdZ(mean),msdZ(std),DmsdX(mean),DmsdX(std),DmsdY(mean),DmsdY(std),DmsdZ(mean),DmsdZ(std)
48.657362890625002,0,49.121169531249997,0,48.670949609375,0,2.0577563160792951,0,2.0773710462555064,0,2.0583309085903081,0