msdX(mean),msdX(std),msdY(mean),msdY(std),msdZ(mean),msdZ(std),DmsdX(mean),DmsdX(std),DmsdY(mean),DmsdY(std),DmsdZ(mean),DmsdZ(std)
279.10840781249999,0,283.79342109375,0,281.79716523437497,0,1.662184066377171,0,1.6900848898883372,0,1.6781965175248135,0