msdX(mean),msdX(std),msdY(mean),msdY(std),msdZ(mean),msdZ(std),DmsdX(mean),DmsdX(std),DmsdY(mean),DmsdY(std),DmsdZ(mean),DmsdZ(std)
174.15731132812499,0,176.6199046875,0,175.26828945312499,0,1.784322506670224,0,1.8095529188900745,0,1.7957049933297757,0