msdX(mean),msdX(std),msdY(mean),msdY(std),msdZ(mean),msdZ(std),DmsdX(mean),DmsdX(std),DmsdY(mean),DmsdY(std),DmsdZ(mean),DmsdZ(std)
3367.4235949218751,0,3492.1906812500001,0,3500.0068664062501,0,0.99597222599205115,0,1.0328741924949165,0,1.0351859608571077,0