msdX(mean),msdX(std),msdY(mean),msdY(std),msdZ(mean),msdZ(std),DmsdX(mean),DmsdX(std),DmsdY(mean),DmsdY(std),DmsdZ(mean),DmsdZ(std)
134.55388359374999,0,136.31262656249999,0,135.124111328125,0,1.8453104035714283,0,1.8694303071428569,0,1.8531306696428569,0