msdX(mean),msdX(std),msdY(mean),msdY(std),msdZ(mean),msdZ(std),DmsdX(mean),DmsdX(std),DmsdY(mean),DmsdY(std),DmsdZ(mean),DmsdZ(std)
3140.5687453125001,0,3257.221664453125,0,3263.4514578124999,0,1.0096939033824515,0,1.0471978559527795,0,1.0492007366041527,0