msdX(mean),msdX(std),msdY(mean),msdY(std),msdZ(mean),msdZ(std),DmsdX(mean),DmsdX(std),DmsdY(mean),DmsdY(std),DmsdZ(mean),DmsdZ(std)
1956.43211484375,0,2012.78306015625,0,2017.4802796874999,0,1.1278297185191857,0,1.1603145005404432,0,1.1630223194019096,0