msdX(mean),msdX(std),msdY(mean),msdY(std),msdZ(mean),msdZ(std),DmsdX(mean),DmsdX(std),DmsdY(mean),DmsdY(std),DmsdZ(mean),DmsdZ(std)
1132.825534375,0,1162.22856328125,0,1164.59713828125,0,1.2726887220596839,0,1.3057219669397306,0,1.3083829757167933,0