msdX(mean),msdX(std),msdY(mean),msdY(std),msdZ(mean),msdZ(std),DmsdX(mean),DmsdX(std),DmsdY(mean),DmsdY(std),DmsdZ(mean),DmsdZ(std)
2316.318325390625,0,2383.9731191406249,0,2392.617915625,0,1.0839218095905434,0,1.1155808892883254,0,1.1196262242261759,0