msdX(mean),msdX(std),msdY(mean),msdY(std),msdZ(mean),msdZ(std),DmsdX(mean),DmsdX(std),DmsdY(mean),DmsdY(std),DmsdZ(mean),DmsdZ(std)
653.93974804687502,0,667.08643242187497,0,667.54768281250006,0,1.4319848497376826,0,1.4607732096829378,0,1.4617832470346717,0