msdX(mean),msdX(std),msdY(mean),msdY(std),msdZ(mean),msdZ(std),DmsdX(mean),DmsdX(std),DmsdY(mean),DmsdY(std),DmsdZ(mean),DmsdZ(std)
1095.1165238281251,0,1124.279551171875,0,1124.9344761718751,0,1.2827133514824305,0,1.3168720950768669,0,1.3176392107430455,0