msdX(mean),msdX(std),msdY(mean),msdY(std),msdZ(mean),msdZ(std),DmsdX(mean),DmsdX(std),DmsdY(mean),DmsdY(std),DmsdZ(mean),DmsdZ(std)
111.7512875,0,112.99546679687499,0,112.19773398437501,0,1.8887541549295774,0,1.9097825374119715,0,1.8962997293133803,0