msdX(mean),msdX(std),msdY(mean),msdY(std),msdZ(mean),msdZ(std),DmsdX(mean),DmsdX(std),DmsdY(mean),DmsdY(std),DmsdZ(mean),DmsdZ(std)
7776.2026769531249,0,8090.466830078125,0,8122.7343093749996,0,0.84526813296137771,0,0.8794284403767112,0,0.8829358942219504,0