msdX(mean),msdX(std),msdY(mean),msdY(std),msdZ(mean),msdZ(std),DmsdX(mean),DmsdX(std),DmsdY(mean),DmsdY(std),DmsdZ(mean),DmsdZ(std)
476.395605859375,0,485.15529843749999,0,484.233507421875,0,1.5183923692729084,0,1.5463117081673308,0,1.5433737288346614,0