msdX(mean),msdX(std),msdY(mean),msdY(std),msdZ(mean),msdZ(std),DmsdX(mean),DmsdX(std),DmsdY(mean),DmsdY(std),DmsdZ(mean),DmsdZ(std)
359.66832031249999,0,365.196420703125,0,364.02757773437497,0,1.6000073563484707,0,1.6245994618860053,0,1.6193997897358663,0