msdX(mean),msdX(std),msdY(mean),msdY(std),msdZ(mean),msdZ(std),DmsdX(mean),DmsdX(std),DmsdY(mean),DmsdY(std),DmsdZ(mean),DmsdZ(std)
1255.55786171875,0,1286.8879671875,0,1293.343959765625,0,1.2447955667148611,0,1.2758571191779406,0,1.282257772771868,0