msdX(mean),msdX(std),msdY(mean),msdY(std),msdZ(mean),msdZ(std),DmsdX(mean),DmsdX(std),DmsdY(mean),DmsdY(std),DmsdZ(mean),DmsdZ(std)
322.59807578124997,0,327.988901171875,0,326.04212304687502,0,1.626544919905462,0,1.6537255521271008,0,1.6439098641018908,0