msdX(mean),msdX(std),msdY(mean),msdY(std),msdZ(mean),msdZ(std),DmsdX(mean),DmsdX(std),DmsdY(mean),DmsdY(std),DmsdZ(mean),DmsdZ(std)
150.29144023437499,0,152.40984921875,0,151.14522968750001,0,1.8194171831651953,0,1.8450624873896593,0,1.8297530958385877,0