msdX(mean),msdX(std),msdY(mean),msdY(std),msdZ(mean),msdZ(std),DmsdX(mean),DmsdX(std),DmsdY(mean),DmsdY(std),DmsdZ(mean),DmsdZ(std)
61.314083984375003,0,61.902599218749998,0,61.368036328125001,0,2.0158055008561644,0,2.0351539469178079,0,2.0175792765410958,0