msdX(mean),msdX(std),msdY(mean),msdY(std),msdZ(mean),msdZ(std),DmsdX(mean),DmsdX(std),DmsdY(mean),DmsdY(std),DmsdZ(mean),DmsdZ(std)
1541.8539499999999,0,1582.5158371093751,0,1588.687508984375,0,1.1901421500361822,0,1.2215286673836134,0,1.2262925212068825,0