msdX(mean),msdX(std),msdY(mean),msdY(std),msdZ(mean),msdZ(std),DmsdX(mean),DmsdX(std),DmsdY(mean),DmsdY(std),DmsdZ(mean),DmsdZ(std)
41.665392968749998,0,42.042091015624997,0,41.743930078124997,0,2.0832696484374997,0,2.1021045507812497,0,2.0871965039062497,0