msdX(mean),msdX(std),msdY(mean),msdY(std),msdZ(mean),msdZ(std),DmsdX(mean),DmsdX(std),DmsdY(mean),DmsdY(std),DmsdZ(mean),DmsdZ(std)
1391.541120703125,0,1426.1067765625,0,1433.3636414062501,0,1.2173131728403499,0,1.2475510347184253,0,1.2538993035811921,0