msdX(mean),msdX(std),msdY(mean),msdY(std),msdZ(mean),msdZ(std),DmsdX(mean),DmsdX(std),DmsdY(mean),DmsdY(std),DmsdZ(mean),DmsdZ(std)
116.1900765625,0,117.47373320312499,0,116.57667226562501,0,1.8809860623946035,0,1.9017670130691398,0,1.8872446100337268,0