msdX(mean),msdX(std),msdY(mean),msdY(std),msdZ(mean),msdZ(std),DmsdX(mean),DmsdX(std),DmsdY(mean),DmsdY(std),DmsdZ(mean),DmsdZ(std)
300.19700195312498,0,305.11248945312502,0,303.1717984375,0,1.6449150791952054,0,1.6718492572773973,0,1.6612153339041096,0