msdX(mean),msdX(std),msdY(mean),msdY(std),msdZ(mean),msdZ(std),DmsdX(mean),DmsdX(std),DmsdY(mean),DmsdY(std),DmsdZ(mean),DmsdZ(std)
71.411124218750004,0,72.152312499999994,0,71.436878906250001,0,1.9870921521739131,0,2.0077165217391304,0,1.9878088043478261,0