msdX(mean),msdX(std),msdY(mean),msdY(std),msdZ(mean),msdZ(std),DmsdX(mean),DmsdX(std),DmsdY(mean),DmsdY(std),DmsdZ(mean),DmsdZ(std)
82.867771484374998,0,83.832798437500003,0,83.122979687500006,0,1.954620654176904,0,1.9773829606879607,0,1.9606403071253071,0