msdX(mean),msdX(std),msdY(mean),msdY(std),msdZ(mean),msdZ(std),DmsdX(mean),DmsdX(std),DmsdY(mean),DmsdY(std),DmsdZ(mean),DmsdZ(std)
1214.0422441406249,0,1243.1833906249999,0,1249.4489546875,0,1.2548240249515503,0,1.284944072997416,0,1.2914201082041343,0