msdX(mean),msdX(std),msdY(mean),msdY(std),msdZ(mean),msdZ(std),DmsdX(mean),DmsdX(std),DmsdY(mean),DmsdY(std),DmsdZ(mean),DmsdZ(std)
269.38494765625001,0,273.48956992187499,0,272.02735195312499,0,1.6727655223156532,0,1.6982534742884861,0,1.6891737249353167,0