msdX(mean),msdX(std),msdY(mean),msdY(std),msdZ(mean),msdZ(std),DmsdX(mean),DmsdX(std),DmsdY(mean),DmsdY(std),DmsdZ(mean),DmsdZ(std)
167.91228632812499,0,170.29445195312499,0,169.04598867187499,0,1.7930566726918795,0,1.8184947038375971,0,1.8051629491101222,0