msdX(mean),msdX(std),msdY(mean),msdY(std),msdZ(mean),msdZ(std),DmsdX(mean),DmsdX(std),DmsdY(mean),DmsdY(std),DmsdZ(mean),DmsdZ(std)
372.5367671875,0,378.42695742187499,0,377.23524531250001,0,1.5894902066666667,0,1.6146216849999999,0,1.6095370466666667,0