msdX(mean),msdX(std),msdY(mean),msdY(std),msdZ(mean),msdZ(std),DmsdX(mean),DmsdX(std),DmsdY(mean),DmsdY(std),DmsdZ(mean),DmsdZ(std)
3605.8973269531248,0,3744.18911875,0,3753.5511585937502,0,0.98116874064652349,0,1.0187980935914513,0,1.021345515220657,0