msdX(mean),msdX(std),msdY(mean),msdY(std),msdZ(mean),msdZ(std),DmsdX(mean),DmsdX(std),DmsdY(mean),DmsdY(std),DmsdZ(mean),DmsdZ(std)
609.4587234375,0,621.78378593750006,0,621.83306562500002,0,1.450732393999504,0,1.4800705045871561,0,1.4801878080833126,0