msdX(mean),msdX(std),msdY(mean),msdY(std),msdZ(mean),msdZ(std),DmsdX(mean),DmsdX(std),DmsdY(mean),DmsdY(std),DmsdZ(mean),DmsdZ(std)
677.09365117187497,0,690.76372382812497,0,691.558615234375,0,1.4220299827718221,0,1.450739826897834,0,1.4524092553598773,0