msdX(mean),msdX(std),msdY(mean),msdY(std),msdZ(mean),msdZ(std),DmsdX(mean),DmsdX(std),DmsdY(mean),DmsdY(std),DmsdZ(mean),DmsdZ(std)
73.988350781250006,0,74.778073828125002,0,74.080132812499997,0,1.9785185724233985,0,1.9996365146239554,0,1.9809729108635095,0