msdX(mean),msdX(std),msdY(mean),msdY(std),msdZ(mean),msdZ(std),DmsdX(mean),DmsdX(std),DmsdY(mean),DmsdY(std),DmsdZ(mean),DmsdZ(std)
6561.1427672500004,0,6515.6047582499996,0,5616.829479,0,1.0380788497552924,0,1.0308740005880368,0,0.88867322228316481,0