msdX(mean),msdX(std),msdY(mean),msdY(std),msdZ(mean),msdZ(std),DmsdX(mean),DmsdX(std),DmsdY(mean),DmsdY(std),DmsdZ(mean),DmsdZ(std)
93.244775500000003,0,93.607395249999996,0,87.046825249999998,0,2.1096103054298641,0,2.1178143721719453,0,1.9693851866515835,0