msdX(mean),msdX(std),msdY(mean),msdY(std),msdZ(mean),msdZ(std),DmsdX(mean),DmsdX(std),DmsdY(mean),DmsdY(std),DmsdZ(mean),DmsdZ(std)
49.931095749999997,0,50.089642249999997,0,47.076285749999997,0,2.2028424595588234,0,2.2098371580882352,0,2.0768949595588233,0