msdX(mean),msdX(std),msdY(mean),msdY(std),msdZ(mean),msdZ(std),DmsdX(mean),DmsdX(std),DmsdY(mean),DmsdY(std),DmsdZ(mean),DmsdZ(std)
521.76770499999998,0,523.24077024999997,0,474.77157999999997,0,1.7338315407620735,0,1.7387265294085068,0,1.5776636464333185,0