msdX(mean),msdX(std),msdY(mean),msdY(std),msdZ(mean),msdZ(std),DmsdX(mean),DmsdX(std),DmsdY(mean),DmsdY(std),DmsdZ(mean),DmsdZ(std)
5157.6647547499997,0,5135.2649540000002,0,4445.7478942500002,0,1.0926947165510861,0,1.0879491301093189,0,0.94186913383449622,0