msdX(mean),msdX(std),msdY(mean),msdY(std),msdZ(mean),msdZ(std),DmsdX(mean),DmsdX(std),DmsdY(mean),DmsdY(std),DmsdZ(mean),DmsdZ(std)
889.39655549999998,0,892.73504049999997,0,803.50546199999997,0,1.5810557398080114,0,1.5869904725645887,0,1.4283695105475231,0