msdX(mean),msdX(std),msdY(mean),msdY(std),msdZ(mean),msdZ(std),DmsdX(mean),DmsdX(std),DmsdY(mean),DmsdY(std),DmsdZ(mean),DmsdZ(std)
8356.4919580000005,0,8296.2196234999992,0,7104.3498639999998,0,0.98736819221589445,0,0.98024666487463663,0,0.83942031145875184,0