msdX(mean),msdX(std),msdY(mean),msdY(std),msdZ(mean),msdZ(std),DmsdX(mean),DmsdX(std),DmsdY(mean),DmsdY(std),DmsdZ(mean),DmsdZ(std)
259.99733049999998,0,260.51231024999998,0,239.0782715,0,1.9080038931017613,0,1.9117830987035227,0,1.754488293786693,0