msdX(mean),msdX(std),msdY(mean),msdY(std),msdZ(mean),msdZ(std),DmsdX(mean),DmsdX(std),DmsdY(mean),DmsdY(std),DmsdZ(mean),DmsdZ(std)
8965.9377172500008,0,8896.0239672499993,0,7599.2160169999997,0,0.97458669641692519,0,0.96698715548820247,0,0.82602568375170293,0