msdX(mean),msdX(std),msdY(mean),msdY(std),msdZ(mean),msdZ(std),DmsdX(mean),DmsdX(std),DmsdY(mean),DmsdY(std),DmsdZ(mean),DmsdZ(std)
745.43952349999995,0,748.95720674999995,0,674.98167750000005,0,1.6323493215328466,0,1.6400522775547444,0,1.4780620675182483,0