msdX(mean),msdX(std),msdY(mean),msdY(std),msdZ(mean),msdZ(std),DmsdX(mean),DmsdX(std),DmsdY(mean),DmsdY(std),DmsdZ(mean),DmsdZ(std)
68.257485250000002,0,68.547702749999999,0,64.164114249999997,0,2.1554995342105263,0,2.1646642973684211,0,2.0262351868421051,0