msdX(mean),msdX(std),msdY(mean),msdY(std),msdZ(mean),msdZ(std),DmsdX(mean),DmsdX(std),DmsdY(mean),DmsdY(std),DmsdZ(mean),DmsdZ(std)
5713.0703277499997,0,5682.8198377500003,0,4913.9562697499996,0,1.0680100065585314,0,1.0623549342121663,0,0.9186224161099964,0