msdX(mean),msdX(std),msdY(mean),msdY(std),msdZ(mean),msdZ(std),DmsdX(mean),DmsdX(std),DmsdY(mean),DmsdY(std),DmsdZ(mean),DmsdZ(std)
2345.6904522499999,0,2346.3526307500001,0,2073.2914222499999,0,1.2969647529857349,0,1.2973308806535444,0,1.1463515549319916,0