msdX(mean),msdX(std),msdY(mean),msdY(std),msdZ(mean),msdZ(std),DmsdX(mean),DmsdX(std),DmsdY(mean),DmsdY(std),DmsdZ(mean),DmsdZ(std)
2689.6169902500001,0,2688.8794132500002,0,2370.3237530000001,0,1.2586340192721657,0,1.2582888625054596,0,1.109217454763836,0