msdX(mean),msdX(std),msdY(mean),msdY(std),msdZ(mean),msdZ(std),DmsdX(mean),DmsdX(std),DmsdY(mean),DmsdY(std),DmsdZ(mean),DmsdZ(std)
3308.2033232499998,0,3301.8013232500002,0,2890.1717362499999,0,1.205349895522116,0,1.2030173151825403,0,1.053039326768928,0