msdX(mean),msdX(std),msdY(mean),msdY(std),msdZ(mean),msdZ(std),DmsdX(mean),DmsdX(std),DmsdY(mean),DmsdY(std),DmsdZ(mean),DmsdZ(std)
48.12260225,0,48.276160750000003,0,45.394344750000002,0,2.2074588188073392,0,2.2145027866972478,0,2.082309392201835,0