msdX(mean),msdX(std),msdY(mean),msdY(std),msdZ(mean),msdZ(std),DmsdX(mean),DmsdX(std),DmsdY(mean),DmsdY(std),DmsdZ(mean),DmsdZ(std)
4203.0033069999999,0,4185.9882575000001,0,3638.707778,0,1.1436328769024253,0,1.1390030994340343,0,0.99008864385872619,0