msdX(mean),msdX(std),msdY(mean),msdY(std),msdZ(mean),msdZ(std),DmsdX(mean),DmsdX(std),DmsdY(mean),DmsdY(std),DmsdZ(mean),DmsdZ(std)
54.038488000000001,0,54.274170249999997,0,50.904818749999997,0,2.1907495135135133,0,2.2003041993243242,0,2.0637088682432432,0