msdX(mean),msdX(std),msdY(mean),msdY(std),msdZ(mean),msdZ(std),DmsdX(mean),DmsdX(std),DmsdY(mean),DmsdY(std),DmsdZ(mean),DmsdZ(std)
70.942389750000004,0,71.264848000000001,0,66.658122750000004,0,2.1497693863636367,0,2.1595408484848484,0,2.0199431136363639,0