msdX(mean),msdX(std),msdY(mean),msdY(std),msdZ(mean),msdZ(std),DmsdX(mean),DmsdX(std),DmsdY(mean),DmsdY(std),DmsdZ(mean),DmsdZ(std)
8656.6205124999997,0,8593.2097602499998,0,7347.0133155000003,0,0.98104616031898328,0,0.97385988307280247,0,0.83262968413318428,0