msdX(mean),msdX(std),msdY(mean),msdY(std),msdZ(mean),msdZ(std),DmsdX(mean),DmsdX(std),DmsdY(mean),DmsdY(std),DmsdZ(mean),DmsdZ(std)
1452.51893225,0,1449.7947025000001,0,1298.6159674999999,0,1.4400385977362855,0,1.4373377751156644,0,1.287457998182419,0