msdX(mean),msdX(std),msdY(mean),msdY(std),msdZ(mean),msdZ(std),DmsdX(mean),DmsdX(std),DmsdY(mean),DmsdY(std),DmsdZ(mean),DmsdZ(std)
96.909315000000007,0,97.216114250000004,0,90.374743249999995,0,2.1036754341534012,0,2.1103353310419686,0,1.9618251067293777,0