msdX(mean),msdX(std),msdY(mean),msdY(std),msdZ(mean),msdZ(std),DmsdX(mean),DmsdX(std),DmsdY(mean),DmsdY(std),DmsdZ(mean),DmsdZ(std)
3084.9639297499998,0,3081.5870725,0,2704.6340089999999,0,1.2218001517201773,0,1.2204627472012461,0,1.0711704635105876,0