msdX(mean),msdX(std),msdY(mean),msdY(std),msdZ(mean),msdZ(std),DmsdX(mean),DmsdX(std),DmsdY(mean),DmsdY(std),DmsdZ(mean),DmsdZ(std)
178.69592900000001,0,179.25976249999999,0,165.04703025000001,0,1.9899323942093543,0,1.9962111636971047,0,1.8379402032293988,0