msdX(mean),msdX(std),msdY(mean),msdY(std),msdZ(mean),msdZ(std),DmsdX(mean),DmsdX(std),DmsdY(mean),DmsdY(std),DmsdZ(mean),DmsdZ(std)
1555.824946,0,1552.6841420000001,0,1388.8175952500001,0,1.4190304140824515,0,1.4161657624954396,0,1.2667070368934694,0