msdX(mean),msdX(std),msdY(mean),msdY(std),msdZ(mean),msdZ(std),DmsdX(mean),DmsdX(std),DmsdY(mean),DmsdY(std),DmsdZ(mean),DmsdZ(std)
560.68125699999996,0,562.18736275000003,0,509.99747400000001,0,1.7139227338496026,0,1.7185266845832485,0,1.5589896291012839,0