msdX(mean),msdX(std),msdY(mean),msdY(std),msdZ(mean),msdZ(std),DmsdX(mean),DmsdX(std),DmsdY(mean),DmsdY(std),DmsdZ(mean),DmsdZ(std)
192.57901849999999,0,193.38348024999999,0,177.81999200000001,0,1.973145681352459,0,1.9813881173155738,0,1.8219261475409838,0