msdX(mean),msdX(std),msdY(mean),msdY(std),msdZ(mean),msdZ(std),DmsdX(mean),DmsdX(std),DmsdY(mean),DmsdY(std),DmsdZ(mean),DmsdZ(std)
362.04970324999999,0,362.716452,0,331.74625874999998,0,1.8254606886554621,0,1.8288224470588235,0,1.6726702121848738,0