msdX(mean),msdX(std),msdY(mean),msdY(std),msdZ(mean),msdZ(std),DmsdX(mean),DmsdX(std),DmsdY(mean),DmsdY(std),DmsdZ(mean),DmsdZ(std)
1908.7862755000001,0,1909.4229672500001,0,1696.525308,0,1.3554795309615111,0,1.3559316625834399,0,1.2047474137196421,0