msdX(mean),msdX(std),msdY(mean),msdY(std),msdZ(mean),msdZ(std),DmsdX(mean),DmsdX(std),DmsdY(mean),DmsdY(std),DmsdZ(mean),DmsdZ(std)
279.96857425000002,0,280.23907150000002,0,257.12671,0,1.8899768738748877,0,1.8918029129162919,0,1.7357788703870387,0