msdX(mean),msdX(std),msdY(mean),msdY(std),msdZ(mean),msdZ(std),DmsdX(mean),DmsdX(std),DmsdY(mean),DmsdY(std),DmsdZ(mean),DmsdZ(std)
44.348683000000001,0,44.475389749999998,0,41.907812749999998,0,2.2174341499999999,0,2.2237694874999998,0,2.0953906375,0