msdX(mean),msdX(std),msdY(mean),msdY(std),msdZ(mean),msdZ(std),DmsdX(mean),DmsdX(std),DmsdY(mean),DmsdY(std),DmsdZ(mean),DmsdZ(std)
73.691815250000005,0,74.110861999999997,0,69.250266749999994,0,2.1422039316860468,0,2.1543855232558138,0,2.0130891497093022,0