msdX(mean),msdX(std),msdY(mean),msdY(std),msdZ(mean),msdZ(std),DmsdX(mean),DmsdX(std),DmsdY(mean),DmsdY(std),DmsdZ(mean),DmsdZ(std)
602.16188124999996,0,604.59744499999999,0,546.94240449999995,0,1.6933686199381326,0,1.700217786839145,0,1.5380832522497185,0