msdX(mean),msdX(std),msdY(mean),msdY(std),msdZ(mean),msdZ(std),DmsdX(mean),DmsdX(std),DmsdY(mean),DmsdY(std),DmsdZ(mean),DmsdZ(std)
153.22204350000001,0,154.03368825000001,0,142.07836399999999,0,2.0160795197368424,0,2.0267590559210529,0,1.8694521578947367,0