msdX(mean),msdX(std),msdY(mean),msdY(std),msdZ(mean),msdZ(std),DmsdX(mean),DmsdX(std),DmsdY(mean),DmsdY(std),DmsdZ(mean),DmsdZ(std)
540.67634024999995,0,542.37209174999998,0,492.10001999999997,0,1.7233627504781128,0,1.7287678232575434,0,1.5685296005099871,0