msdX(mean),msdX(std),msdY(mean),msdY(std),msdZ(mean),msdZ(std),DmsdX(mean),DmsdX(std),DmsdY(mean),DmsdY(std),DmsdZ(mean),DmsdZ(std)
389.81870300000003,0,390.59447999999998,0,357.02683875000002,0,1.8080644851576997,0,1.8116627087198516,0,1.6559686398423008,0