msdX(mean),msdX(std),msdY(mean),msdY(std),msdZ(mean),msdZ(std),DmsdX(mean),DmsdX(std),DmsdY(mean),DmsdY(std),DmsdZ(mean),DmsdZ(std)
624.08661949999998,0,627.04296699999998,0,566.48232674999997,0,1.6833841561769465,0,1.6913584795900016,0,1.5280048374842652,0