msdX(mean),msdX(std),msdY(mean),msdY(std),msdZ(mean),msdZ(std),DmsdX(mean),DmsdX(std),DmsdY(mean),DmsdY(std),DmsdZ(mean),DmsdZ(std)
719.90690925000001,0,723.11453074999997,0,651.68520100000001,0,1.643623080479452,0,1.6509464172374428,0,1.4878657557077626,0