msdX(mean),msdX(std),msdY(mean),msdY(std),msdZ(mean),msdZ(std),DmsdX(mean),DmsdX(std),DmsdY(mean),DmsdY(std),DmsdZ(mean),DmsdZ(std)
1846.0040300000001,0,1846.04110625,0,1641.4770377499999,0,1.3667354615004936,0,1.3667629118336624,0,1.2153087643756169,0