msdX(mean),msdX(std),msdY(mean),msdY(std),msdZ(mean),msdZ(std),DmsdX(mean),DmsdX(std),DmsdY(mean),DmsdY(std),DmsdZ(mean),DmsdZ(std)
89.694933000000006,0,90.068044499999999,0,83.854811749999996,0,2.1154465330188681,0,2.1242463325471697,0,1.9777078242924528,0