msdX(mean),msdX(std),msdY(mean),msdY(std),msdZ(mean),msdZ(std),DmsdX(mean),DmsdX(std),DmsdY(mean),DmsdY(std),DmsdZ(mean),DmsdZ(std)
76.669647749999996,0,76.994064249999994,0,71.939502500000003,0,2.1376295841078066,0,2.1466746538104089,0,2.005748210966543,0