msdX(mean),msdX(std),msdY(mean),msdY(std),msdZ(mean),msdZ(std),DmsdX(mean),DmsdX(std),DmsdY(mean),DmsdY(std),DmsdZ(mean),DmsdZ(std)
4056.13109575,0,4045.6114862499999,0,3518.0457769999998,0,1.1506754881560284,0,1.1476912017730496,0,0.9980271707801418,0