msdX(mean),msdX(std),msdY(mean),msdY(std),msdZ(mean),msdZ(std),DmsdX(mean),DmsdX(std),DmsdY(mean),DmsdY(std),DmsdZ(mean),DmsdZ(std)
800.358161,0,803.26645900000005,0,723.19460375000006,0,1.6123250624496375,0,1.6181838416599519,0,1.4568787343875909,0