msdX(mean),msdX(std),msdY(mean),msdY(std),msdZ(mean),msdZ(std),DmsdX(mean),DmsdX(std),DmsdY(mean),DmsdY(std),DmsdZ(mean),DmsdZ(std)
165.4797705,0,166.21015650000001,0,153.05900224999999,0,2.0033870520581116,0,2.012229497578693,0,1.8530145550847459,0