msdX(mean),msdX(std),msdY(mean),msdY(std),msdZ(mean),msdZ(std),DmsdX(mean),DmsdX(std),DmsdY(mean),DmsdY(std),DmsdZ(mean),DmsdZ(std)
1503.2419765,0,1500.7697674999999,0,1343.5932827500001,0,1.4294807688284519,0,1.4271298663940664,0,1.2776657310289086,0