msdX(mean),msdX(std),msdY(mean),msdY(std),msdZ(mean),msdZ(std),DmsdX(mean),DmsdX(std),DmsdY(mean),DmsdY(std),DmsdZ(mean),DmsdZ(std)
646.92655500000001,0,649.97148349999998,0,586.47218199999998,0,1.6736630432907902,0,1.6815405747671612,0,1.5172615953777164,0