msdX(mean),msdX(std),msdY(mean),msdY(std),msdZ(mean),msdZ(std),DmsdX(mean),DmsdX(std),DmsdY(mean),DmsdY(std),DmsdZ(mean),DmsdZ(std)
200.03772900000001,0,200.93973224999999,0,184.55049775000001,0,1.9650071611001967,0,1.9738677038310413,0,1.8128732588408645,0