msdX(mean),msdX(std),msdY(mean),msdY(std),msdZ(mean),msdZ(std),DmsdX(mean),DmsdX(std),DmsdY(mean),DmsdY(std),DmsdZ(mean),DmsdZ(std)
82.992803499999994,0,83.29297425,0,77.624737749999994,0,2.1280206025641024,0,2.1357172884615383,0,1.9903778910256409,0