msdX(mean),msdX(std),msdY(mean),msdY(std),msdZ(mean),msdZ(std),DmsdX(mean),DmsdX(std),DmsdY(mean),DmsdY(std),DmsdZ(mean),DmsdZ(std)
2266.8672767500002,0,2269.0624202499998,0,2005.922763,0,1.3067525902636332,0,1.3080179971465353,0,1.1563291743207409,0