msdX(mean),msdX(std),msdY(mean),msdY(std),msdZ(mean),msdZ(std),DmsdX(mean),DmsdX(std),DmsdY(mean),DmsdY(std),DmsdZ(mean),DmsdZ(std)
5520.8768577500005,0,5491.4671167500001,0,4752.5657697500001,0,1.0760404992950976,0,1.0703084257123738,0,0.92629366232572341,0