msdX(mean),msdX(std),msdY(mean),msdY(std),msdZ(mean),msdZ(std),DmsdX(mean),DmsdX(std),DmsdY(mean),DmsdY(std),DmsdZ(mean),DmsdZ(std)
2427.4208305000002,0,2428.1452115000002,0,2142.8595382499998,0,1.2873466432435301,0,1.2877308079656344,0,1.1364337814223588,0