msdX(mean),msdX(std),msdY(mean),msdY(std),msdZ(mean),msdZ(std),DmsdX(mean),DmsdX(std),DmsdY(mean),DmsdY(std),DmsdZ(mean),DmsdZ(std)
1023.402282,0,1024.7637775000001,0,923.57388749999996,0,1.5397225907723171,0,1.5417709791875629,0,1.3895294195085255,0