msdX(mean),msdX(std),msdY(mean),msdY(std),msdZ(mean),msdZ(std),DmsdX(mean),DmsdX(std),DmsdY(mean),DmsdY(std),DmsdZ(mean),DmsdZ(std)
232.35915650000001,0,233.201347,0,214.01479399999999,0,1.9320328977272729,0,1.9390355903547671,0,1.7795021674057649,0