msdX(mean),msdX(std),msdY(mean),msdY(std),msdZ(mean),msdZ(std),DmsdX(mean),DmsdX(std),DmsdY(mean),DmsdY(std),DmsdZ(mean),DmsdZ(std)
4094.8042706249998,0,3323.7524606249999,0,3317.86450375,0,0.54016770015961757,0,0.43845410034254029,0,0.43767738821819685,0