msdX(mean),msdX(std),msdY(mean),msdY(std),msdZ(mean),msdZ(std),DmsdX(mean),DmsdX(std),DmsdY(mean),DmsdY(std),DmsdZ(mean),DmsdZ(std)
1446.3467793750001,0,1208.3213975000001,0,1131.1715831250001,0,1.0105008996669733,0,0.84420270205754622,0,0.79030141230685047,0