msdX(mean),msdX(std),msdY(mean),msdY(std),msdZ(mean),msdZ(std),DmsdX(mean),DmsdX(std),DmsdY(mean),DmsdY(std),DmsdZ(mean),DmsdZ(std)
3367.7180762500002,0,2761.638510625,0,2691.5706325000001,0,0.61638612946473514,0,0.50545670213593485,0,0.49263233049335159,0