msdX(mean),msdX(std),msdY(mean),msdY(std),msdZ(mean),msdZ(std),DmsdX(mean),DmsdX(std),DmsdY(mean),DmsdY(std),DmsdZ(mean),DmsdZ(std)
2756.0312125,0,2276.8230493750002,0,2191.8259618749998,0,0.69746161916732397,0,0.57618966119549042,0,0.55467967030591625,0