msdX(mean),msdX(std),msdY(mean),msdY(std),msdZ(mean),msdZ(std),DmsdX(mean),DmsdX(std),DmsdY(mean),DmsdY(std),DmsdZ(mean),DmsdZ(std)
4219.6614668749999,0,3428.797999375,0,3425.5823881249999,0,0.52852464248138431,0,0.42946673589496298,0,0.4290639714079047,0