msdX(mean),msdX(std),msdY(mean),msdY(std),msdZ(mean),msdZ(std),DmsdX(mean),DmsdX(std),DmsdY(mean),DmsdY(std),DmsdZ(mean),DmsdZ(std)
1763.4713637499999,0,1473.1069131249999,0,1377.193739375,0,0.91118204840598682,0,0.76115133038959026,0,0.71159318959800899,0