msdX(mean),msdX(std),msdY(mean),msdY(std),msdZ(mean),msdZ(std),DmsdX(mean),DmsdX(std),DmsdY(mean),DmsdY(std),DmsdZ(mean),DmsdZ(std)
2884.552499375,0,2378.2620906249999,0,2290.0336643750002,0,0.67808801217104109,0,0.5590714725431658,0,0.53833111916571663,0