msdX(mean),msdX(std),msdY(mean),msdY(std),msdZ(mean),msdZ(std),DmsdX(mean),DmsdX(std),DmsdY(mean),DmsdY(std),DmsdZ(mean),DmsdZ(std)
2251.9985631250001,0,1862.2623431249999,0,1776.5179706250001,0,0.79222266787544426,0,0.65511873138463161,0,0.62495501962675459,0