msdX(mean),msdX(std),msdY(mean),msdY(std),msdZ(mean),msdZ(std),DmsdX(mean),DmsdX(std),DmsdY(mean),DmsdY(std),DmsdZ(mean),DmsdZ(std)
4523.7573062499996,0,3681.0786043749999,0,3678.6006818750002,0,0.5030906189529134,0,0.40937565570344536,0,0.40910008398731462,0