msdX(mean),msdX(std),msdY(mean),msdY(std),msdZ(mean),msdZ(std),DmsdX(mean),DmsdX(std),DmsdY(mean),DmsdY(std),DmsdZ(mean),DmsdZ(std)
1509.39985125,0,1262.0591043750001,0,1186.1456593749999,0,0.98516220384431297,0,0.82372668025519979,0,0.77417913543751637,0