msdX(mean),msdX(std),msdY(mean),msdY(std),msdZ(mean),msdZ(std),DmsdX(mean),DmsdX(std),DmsdY(mean),DmsdY(std),DmsdZ(mean),DmsdZ(std)
3674.7277493749998,0,3010.0654331249998,0,2968.2642249999999,0,0.57679733414213019,0,0.47246975445056305,0,0.4659084995618108,0