msdX(mean),msdX(std),msdY(mean),msdY(std),msdZ(mean),msdZ(std),DmsdX(mean),DmsdX(std),DmsdY(mean),DmsdY(std),DmsdZ(mean),DmsdZ(std)
2968.2418593749999,0,2446.9052087499999,0,2356.15382125,0,0.66618728467946464,0,0.549179350643764,0,0.52881125960409081,0