msdX(mean),msdX(std),msdY(mean),msdY(std),msdZ(mean),msdZ(std),DmsdX(mean),DmsdX(std),DmsdY(mean),DmsdY(std),DmsdZ(mean),DmsdZ(std)
3249.5770793749998,0,2669.0634399999999,0,2588.6955581249999,0,0.62961454425313157,0,0.51713842149622347,0,0.50156692216467047,0