msdX(mean),msdX(std),msdY(mean),msdY(std),msdZ(mean),msdZ(std),DmsdX(mean),DmsdX(std),DmsdY(mean),DmsdY(std),DmsdZ(mean),DmsdZ(std)
969.45199375000004,0,834.36239,0,760.12986875000001,0,1.1730079782407035,0,1.0095535895781238,0,0.91973445440429136,0