msdX(mean),msdX(std),msdY(mean),msdY(std),msdZ(mean),msdZ(std),DmsdX(mean),DmsdX(std),DmsdY(mean),DmsdY(std),DmsdZ(mean),DmsdZ(std)
1878.5621524999999,0,1567.4309856249999,0,1475.9616925,0,0.87907197178265317,0,0.73347833891622927,0,0.69067534101810191,0