msdX(mean),msdX(std),msdY(mean),msdY(std),msdZ(mean),msdZ(std),DmsdX(mean),DmsdX(std),DmsdY(mean),DmsdY(std),DmsdZ(mean),DmsdZ(std)
3928.0644287499999,0,3190.202198125,0,3168.8592587500002,0,0.55508053746637964,0,0.4508121449843851,0,0.44779614296245357,0