msdX(mean),msdX(std),msdY(mean),msdY(std),msdZ(mean),msdZ(std),DmsdX(mean),DmsdX(std),DmsdY(mean),DmsdY(std),DmsdZ(mean),DmsdZ(std)
1141.279054375,0,964.41400375000001,0,887.55680937499994,0,1.110103643714031,0,0.93806987476696124,0,0.86331212713787797,0