msdX(mean),msdX(std),msdY(mean),msdY(std),msdZ(mean),msdZ(std),DmsdX(mean),DmsdX(std),DmsdY(mean),DmsdY(std),DmsdZ(mean),DmsdZ(std)
1578.2830818750001,0,1317.82349125,0,1230.946751875,0,0.96653246624173272,0,0.8070283485241283,0,0.75382547881624073,0