msdX(mean),msdX(std),msdY(mean),msdY(std),msdZ(mean),msdZ(std),DmsdX(mean),DmsdX(std),DmsdY(mean),DmsdY(std),DmsdZ(mean),DmsdZ(std)
3718.20368125,0,3033.3040875000002,0,2992.9452193749999,0,0.57452980364611228,0,0.46870041320717787,0,0.46246423720203755,0