msdX(mean),msdX(std),msdY(mean),msdY(std),msdZ(mean),msdZ(std),DmsdX(mean),DmsdX(std),DmsdY(mean),DmsdY(std),DmsdZ(mean),DmsdZ(std)
4504.0745118750001,0,3653.6965212499999,0,3660.803868125,0,0.50658142061739531,0,0.4109378673376235,0,0.41173724351740593,0