msdX(mean),msdX(std),msdY(mean),msdY(std),msdZ(mean),msdZ(std),DmsdX(mean),DmsdX(std),DmsdY(mean),DmsdY(std),DmsdZ(mean),DmsdZ(std)
4789.8622193749998,0,3866.29628,0,3917.8256168749999,0,0.48386356668973246,0,0.39056653871019875,0,0.39577194287164613,0