msdX(mean),msdX(std),msdY(mean),msdY(std),msdZ(mean),msdZ(std),DmsdX(mean),DmsdX(std),DmsdY(mean),DmsdY(std),DmsdZ(mean),DmsdZ(std)
3207.4298381250001,0,2642.1993668750001,0,2555.4565043749999,0,0.63382722202552488,0,0.52213079296006581,0,0.5049893462741869,0