msdX(mean),msdX(std),msdY(mean),msdY(std),msdZ(mean),msdZ(std),DmsdX(mean),DmsdX(std),DmsdY(mean),DmsdY(std),DmsdZ(mean),DmsdZ(std)
2448.06224625,0,2030.4079287500001,0,1933.4362012500001,0,0.75420912121569994,0,0.62553645520970258,0,0.59566100515013964,0