msdX(mean),msdX(std),msdY(mean),msdY(std),msdZ(mean),msdZ(std),DmsdX(mean),DmsdX(std),DmsdY(mean),DmsdY(std),DmsdZ(mean),DmsdZ(std)
3793.3798449999999,0,3087.3023800000001,0,3059.7231418749998,0,0.56843853821178825,0,0.46263272427572433,0,0.45849997130994002,0