msdX(mean),msdX(std),msdY(mean),msdY(std),msdZ(mean),msdZ(std),DmsdX(mean),DmsdX(std),DmsdY(mean),DmsdY(std),DmsdZ(mean),DmsdZ(std)
2544.6930643750002,0,2105.60744875,0,2001.4209525000001,0,0.73813063569318693,0,0.61076653464604613,0,0.58054550493355062,0