msdX(mean),msdX(std),msdY(mean),msdY(std),msdZ(mean),msdZ(std),DmsdX(mean),DmsdX(std),DmsdY(mean),DmsdY(std),DmsdZ(mean),DmsdZ(std)
3321.9032468750001,0,2728.7354393750002,0,2659.3192668749998,0,0.61943063309972968,0,0.5088234650915251,0,0.49587952889486281,0