msdX(mean),msdX(std),msdY(mean),msdY(std),msdZ(mean),msdZ(std),DmsdX(mean),DmsdX(std),DmsdY(mean),DmsdY(std),DmsdZ(mean),DmsdZ(std)
3047.561391875,0,2512.6355543750001,0,2428.1874518750001,0,0.65437866060852234,0,0.53951828273348346,0,0.52138541218583478,0