msdX(mean),msdX(std),msdY(mean),msdY(std),msdZ(mean),msdZ(std),DmsdX(mean),DmsdX(std),DmsdY(mean),DmsdY(std),DmsdZ(mean),DmsdZ(std)
3997.1359762500001,0,3240.6257325000001,0,3227.8746837499998,0,0.54919418667891029,0,0.44525200645307556,0,0.44350005158109507,0