msdX(mean),msdX(std),msdY(mean),msdY(std),msdZ(mean),msdZ(std),DmsdX(mean),DmsdX(std),DmsdY(mean),DmsdY(std),DmsdZ(mean),DmsdZ(std)
4190.5689924999997,0,3407.3513437500001,0,3401.1755893750001,0,0.53159346349332537,0,0.4322386065960227,0,0.43145518299322178,0