msdX(mean),msdX(std),msdY(mean),msdY(std),msdZ(mean),msdZ(std),DmsdX(mean),DmsdX(std),DmsdY(mean),DmsdY(std),DmsdZ(mean),DmsdZ(std)
2153.8485268750001,0,1784.2377656250001,0,1697.127125625,0,0.81553765035245274,0,0.67558746907756495,0,0.64260371660850313,0