msdX(mean),msdX(std),msdY(mean),msdY(std),msdZ(mean),msdZ(std),DmsdX(mean),DmsdX(std),DmsdY(mean),DmsdY(std),DmsdZ(mean),DmsdZ(std)
4407.1976487499996,0,3576.1201274999999,0,3576.7078887500002,0,0.51313908376704265,0,0.41637501921128922,0,0.41644345346210715,0