msdX(mean),msdX(std),msdY(mean),msdY(std),msdZ(mean),msdZ(std),DmsdX(mean),DmsdX(std),DmsdY(mean),DmsdY(std),DmsdZ(mean),DmsdZ(std)
4626.743149375,0,3746.9016187500001,0,3754.8649306249999,0,0.49780169128287616,0,0.40313756408463208,0,0.40399435470205014,0