msdX(mean),msdX(std),msdY(mean),msdY(std),msdZ(mean),msdZ(std),DmsdX(mean),DmsdX(std),DmsdY(mean),DmsdY(std),DmsdZ(mean),DmsdZ(std)
583.81353000000001,0,510.01699812499999,0,455.57553687500001,0,1.3794129243128297,0,1.2050492197960148,0,1.0764169572536819,0