msdX(mean),msdX(std),msdY(mean),msdY(std),msdZ(mean),msdZ(std),DmsdX(mean),DmsdX(std),DmsdY(mean),DmsdY(std),DmsdZ(mean),DmsdZ(std)
4644.8454275000004,0,3768.7804700000002,0,3783.3000512499998,0,0.49438669821362052,0,0.40114035266360365,0,0.40268578360327117,0