msdX(mean),msdX(std),msdY(mean),msdY(std),msdZ(mean),msdZ(std),DmsdX(mean),DmsdX(std),DmsdY(mean),DmsdY(std),DmsdZ(mean),DmsdZ(std)
1820.888436875,0,1524.3462006249999,0,1426.6807381250001,0,0.89427278556519607,0,0.7486352790169436,0,0.70066992131865435,0