msdX(mean),msdX(std),msdY(mean),msdY(std),msdZ(mean),msdZ(std),DmsdX(mean),DmsdX(std),DmsdY(mean),DmsdY(std),DmsdZ(mean),DmsdZ(std)
4733.4301825000002,0,3830.3735556249999,0,3865.346619375,0,0.48810409973275126,0,0.39498227795155144,0,0.39858864693523299,0