msdX(mean),msdX(std),msdY(mean),msdY(std),msdZ(mean),msdZ(std),DmsdX(mean),DmsdX(std),DmsdY(mean),DmsdY(std),DmsdZ(mean),DmsdZ(std)
1703.4778156249999,0,1429.0303475000001,0,1330.60041125,0,0.92855349574827617,0,0.77895415633261567,0,0.72530070657654466,0