msdX(mean),msdX(std),msdY(mean),msdY(std),msdZ(mean),msdZ(std),DmsdX(mean),DmsdX(std),DmsdY(mean),DmsdY(std),DmsdZ(mean),DmsdZ(std)
4809.0945837656254,0,4392.7602727499998,0,4968.2553270468752,0,0.67138815164440802,0,0.61326454465973168,0,0.6936082671744036,0