msdX(mean),msdX(std),msdY(mean),msdY(std),msdZ(mean),msdZ(std),DmsdX(mean),DmsdX(std),DmsdY(mean),DmsdY(std),DmsdZ(mean),DmsdZ(std)
1695.115047234375,0,1602.2125203749999,0,1609.27649746875,0,1.1074297595729825,0,1.0467359304718507,0,1.0513508729604586,0