msdX(mean),msdX(std),msdY(mean),msdY(std),msdZ(mean),msdZ(std),DmsdX(mean),DmsdX(std),DmsdY(mean),DmsdY(std),DmsdZ(mean),DmsdZ(std)
80.042394937500006,0,79.433451562499997,0,70.092174656249995,0,1.9690626060885612,0,1.9540824492619926,0,1.7242847393911438,0