msdX(mean),msdX(std),msdY(mean),msdY(std),msdZ(mean),msdZ(std),DmsdX(mean),DmsdX(std),DmsdY(mean),DmsdY(std),DmsdZ(mean),DmsdZ(std)
77.089041421874995,0,76.449083203124999,0,67.472881593750003,0,1.9766420877403845,0,1.9602329026442307,0,1.7300738870192309,0