msdX(mean),msdX(std),msdY(mean),msdY(std),msdZ(mean),msdZ(std),DmsdX(mean),DmsdX(std),DmsdY(mean),DmsdY(std),DmsdZ(mean),DmsdZ(std)
1495.4770233281249,0,1421.719253296875,0,1414.36710478125,0,1.1543850891203034,0,1.0974501656125166,0,1.0917749125079605,0