msdX(mean),msdX(std),msdY(mean),msdY(std),msdZ(mean),msdZ(std),DmsdX(mean),DmsdX(std),DmsdY(mean),DmsdY(std),DmsdZ(mean),DmsdZ(std)
753.17141348437497,0,730.35524320312504,0,688.85001112500004,0,1.3959251477793995,0,1.3536377410863221,0,1.276712095496247,0