msdX(mean),msdX(std),msdY(mean),msdY(std),msdZ(mean),msdZ(std),DmsdX(mean),DmsdX(std),DmsdY(mean),DmsdY(std),DmsdZ(mean),DmsdZ(std)
390.33747590625001,0,383.766351890625,0,348.52548740625002,0,1.5979427935984036,0,1.5710422756754683,0,1.4267750994012898,0