msdX(mean),msdX(std),msdY(mean),msdY(std),msdZ(mean),msdZ(std),DmsdX(mean),DmsdX(std),DmsdY(mean),DmsdY(std),DmsdZ(mean),DmsdZ(std)
304.059092765625,0,299.56001540624999,0,269.93826914062498,0,1.6666479904933196,0,1.6419870662898253,0,1.4796205228674202,0