msdX(mean),msdX(std),msdY(mean),msdY(std),msdZ(mean),msdZ(std),DmsdX(mean),DmsdX(std),DmsdY(mean),DmsdY(std),DmsdZ(mean),DmsdZ(std)
43.357086000000002,0,43.048463062499998,0,38.062445343749999,0,2.0757431956912029,0,2.0609677109515259,0,1.8222595017953322,0