msdX(mean),msdX(std),msdY(mean),msdY(std),msdZ(mean),msdZ(std),DmsdX(mean),DmsdX(std),DmsdY(mean),DmsdY(std),DmsdZ(mean),DmsdZ(std)
572.89971895312499,0,558.62849025000003,0,518.66095415625,0,1.4823720006549583,0,1.4454453464001555,0,1.3420297668833689,0