msdX(mean),msdX(std),msdY(mean),msdY(std),msdZ(mean),msdZ(std),DmsdX(mean),DmsdX(std),DmsdY(mean),DmsdY(std),DmsdZ(mean),DmsdZ(std)
293.28736542187499,0,289.02298893749997,0,260.13343246875002,0,1.6761672548756965,0,1.6517959076296613,0,1.486689141127304,0