msdX(mean),msdX(std),msdY(mean),msdY(std),msdZ(mean),msdZ(std),DmsdX(mean),DmsdX(std),DmsdY(mean),DmsdY(std),DmsdZ(mean),DmsdZ(std)
203.82784143750001,0,201.43809126562499,0,179.70363379687501,0,1.7676127170731708,0,1.7468885963414633,0,1.5584054963414635,0