msdX(mean),msdX(std),msdY(mean),msdY(std),msdZ(mean),msdZ(std),DmsdX(mean),DmsdX(std),DmsdY(mean),DmsdY(std),DmsdZ(mean),DmsdZ(std)
4336.9085084062499,0,3962.8201110468749,0,4440.3134314218751,0,0.7153958527619696,0,0.65368800545125572,0,0.73245303829797104,0