msdX(mean),msdX(std),msdY(mean),msdY(std),msdZ(mean),msdZ(std),DmsdX(mean),DmsdX(std),DmsdY(mean),DmsdY(std),DmsdZ(mean),DmsdZ(std)
3800.5505459999999,0,3473.8772287500001,0,3851.6195089687499,0,0.77229303177627062,0,0.70591119484873888,0,0.78267052939495541,0