msdX(mean),msdX(std),msdY(mean),msdY(std),msdZ(mean),msdZ(std),DmsdX(mean),DmsdX(std),DmsdY(mean),DmsdY(std),DmsdZ(mean),DmsdZ(std)
96.816037078125007,0,96.032902078125005,0,84.698282109375,0,1.9324558299026946,0,1.9168243927769462,0,1.690584473241018,0