msdX(mean),msdX(std),msdY(mean),msdY(std),msdZ(mean),msdZ(std),DmsdX(mean),DmsdX(std),DmsdY(mean),DmsdY(std),DmsdZ(mean),DmsdZ(std)
5063.2199976093752,0,4623.1417365468751,0,5243.9197065468752,0,0.65029379436419954,0,0.59377241817698001,0,0.67350193057415197,0