msdX(mean),msdX(std),msdY(mean),msdY(std),msdZ(mean),msdZ(std),DmsdX(mean),DmsdX(std),DmsdY(mean),DmsdY(std),DmsdZ(mean),DmsdZ(std)
2969.9692149375001,0,2734.5101391562498,0,2951.1026361562499,0,0.8784389696536119,0,0.80879635285994733,0,0.87285873065916875,0