msdX(mean),msdX(std),msdY(mean),msdY(std),msdZ(mean),msdZ(std),DmsdX(mean),DmsdX(std),DmsdY(mean),DmsdY(std),DmsdZ(mean),DmsdZ(std)
5727.6242852343748,0,5272.4413103906254,0,5997.7326497343747,0,0.59715470535023107,0,0.54969791669110235,0,0.62531585433331771,0