msdX(mean),msdX(std),msdY(mean),msdY(std),msdZ(mean),msdZ(std),DmsdX(mean),DmsdX(std),DmsdY(mean),DmsdY(std),DmsdZ(mean),DmsdZ(std)
1643.8718484843751,0,1553.63092734375,0,1558.674447609375,0,1.1197083684865901,0,1.0582415852490421,0,1.061676933237548,0