msdX(mean),msdX(std),msdY(mean),msdY(std),msdZ(mean),msdZ(std),DmsdX(mean),DmsdX(std),DmsdY(mean),DmsdY(std),DmsdZ(mean),DmsdZ(std)
2497.5915482812502,0,2321.5583685937499,0,2447.6185517343752,0,0.94877975565543193,0,0.88190864643579592,0,0.92979612020641633,0