msdX(mean),msdX(std),msdY(mean),msdY(std),msdZ(mean),msdZ(std),DmsdX(mean),DmsdX(std),DmsdY(mean),DmsdY(std),DmsdZ(mean),DmsdZ(std)
1747.21649653125,0,1651.3614018281251,0,1662.8600110781249,0,1.0948500777211205,0,1.0347848493455682,0,1.0419901689244759,0