msdX(mean),msdX(std),msdY(mean),msdY(std),msdZ(mean),msdZ(std),DmsdX(mean),DmsdX(std),DmsdY(mean),DmsdY(std),DmsdZ(mean),DmsdZ(std)
175.91536575000001,0,174.092137734375,0,154.7814380625,0,1.8021807222435653,0,1.783502499519785,0,1.5856723069535152,0