msdX(mean),msdX(std),msdY(mean),msdY(std),msdZ(mean),msdZ(std),DmsdX(mean),DmsdX(std),DmsdY(mean),DmsdY(std),DmsdZ(mean),DmsdZ(std)
614.41116932812497,0,597.61733245312496,0,556.93892039062496,0,1.4624919975676156,0,1.4225173791618315,0,1.3256899530259751,0