msdX(mean),msdX(std),msdY(mean),msdY(std),msdZ(mean),msdZ(std),DmsdX(mean),DmsdX(std),DmsdY(mean),DmsdY(std),DmsdZ(mean),DmsdZ(std)
1542.9018363749999,0,1465.1303947031249,0,1460.9148247968751,0,1.1423508057306271,0,1.084769521580087,0,1.0816483510911514,0