msdX(mean),msdX(std),msdY(mean),msdY(std),msdZ(mean),msdZ(std),DmsdX(mean),DmsdX(std),DmsdY(mean),DmsdY(std),DmsdZ(mean),DmsdZ(std)
151.83710325000001,0,150.14313660937501,0,133.08966365625,0,1.837943449841126,0,1.8174384821833864,0,1.6110112108488426,0