msdX(mean),msdX(std),msdY(mean),msdY(std),msdZ(mean),msdZ(std),DmsdX(mean),DmsdX(std),DmsdY(mean),DmsdY(std),DmsdZ(mean),DmsdZ(std)
1085.893588125,0,1042.7148982968749,0,1007.33593190625,0,1.2720036173951241,0,1.2214245825280035,0,1.179982056556117,0