msdX(mean),msdX(std),msdY(mean),msdY(std),msdZ(mean),msdZ(std),DmsdX(mean),DmsdX(std),DmsdY(mean),DmsdY(std),DmsdZ(mean),DmsdZ(std)
4687.1557433437501,0,4283.3423936250001,0,4828.5737092968748,0,0.68223450844122524,0,0.62345783934107679,0,0.70281846634017064,0