msdX(mean),msdX(std),msdY(mean),msdY(std),msdZ(mean),msdZ(std),DmsdX(mean),DmsdX(std),DmsdY(mean),DmsdY(std),DmsdZ(mean),DmsdZ(std)
236.26908815625001,0,233.138120625,0,208.55933760937501,0,1.7342441556564825,0,1.7112624690338565,0,1.5308511798100746,0