msdX(mean),msdX(std),msdY(mean),msdY(std),msdZ(mean),msdZ(std),DmsdX(mean),DmsdX(std),DmsdY(mean),DmsdY(std),DmsdZ(mean),DmsdZ(std)
116.61291309375,0,115.91336376562499,0,102.25350984375,0,1.8903815699088145,0,1.8790413579027354,0,1.6576050227963526,0