msdX(mean),msdX(std),msdY(mean),msdY(std),msdZ(mean),msdZ(std),DmsdX(mean),DmsdX(std),DmsdY(mean),DmsdY(std),DmsdZ(mean),DmsdZ(std)
71.465825109375004,0,70.802935171875006,0,62.481816562500001,0,1.9913848863636368,0,1.9729135540752356,0,1.7410467868338559,0