msdX(mean),msdX(std),msdY(mean),msdY(std),msdZ(mean),msdZ(std),DmsdX(mean),DmsdX(std),DmsdY(mean),DmsdY(std),DmsdZ(mean),DmsdZ(std)
3052.53529790625,0,2808.7810936874998,0,3039.4152946406248,0,0.86597667291673308,0,0.79682580841285544,0,0.86225464657868689,0