msdX(mean),msdX(std),msdY(mean),msdY(std),msdZ(mean),msdZ(std),DmsdX(mean),DmsdX(std),DmsdY(mean),DmsdY(std),DmsdZ(mean),DmsdZ(std)
923.00564264062496,0,887.37637682812499,0,849.40859967187498,0,1.331898474228896,0,1.2804853922483765,0,1.2256978350243506,0