msdX(mean),msdX(std),msdY(mean),msdY(std),msdZ(mean),msdZ(std),DmsdX(mean),DmsdX(std),DmsdY(mean),DmsdY(std),DmsdZ(mean),DmsdZ(std)
433.68241668749999,0,425.66258910937501,0,388.81466845312502,0,1.5666302418043891,0,1.5376594928542402,0,1.4045504143524792,0