msdX(mean),msdX(std),msdY(mean),msdY(std),msdZ(mean),msdZ(std),DmsdX(mean),DmsdX(std),DmsdY(mean),DmsdY(std),DmsdZ(mean),DmsdZ(std)
4117.366879453125,0,3755.3567415468751,0,4197.0374755312496,0,0.73826636354238107,0,0.67335596913200468,0,0.75255173644450712,0