msdX(mean),msdX(std),msdY(mean),msdY(std),msdZ(mean),msdZ(std),DmsdX(mean),DmsdX(std),DmsdY(mean),DmsdY(std),DmsdZ(mean),DmsdZ(std)
50.627892234374997,0,50.240956078125002,0,44.330956031249997,0,2.0517889456686929,0,2.0361076424772038,0,1.7965939627659573,0