msdX(mean),msdX(std),msdY(mean),msdY(std),msdZ(mean),msdZ(std),DmsdX(mean),DmsdX(std),DmsdY(mean),DmsdY(std),DmsdZ(mean),DmsdZ(std)
157.53889546875001,0,155.82907040625,0,138.27126093749999,0,1.8289234708315194,0,1.8090735208968218,0,1.6052388441445362,0