msdX(mean),msdX(std),msdY(mean),msdY(std),msdZ(mean),msdZ(std),DmsdX(mean),DmsdX(std),DmsdY(mean),DmsdY(std),DmsdZ(mean),DmsdZ(std)
5191.4056345312501,0,4747.0597962187503,0,5389.4568470624999,0,0.63951976748617601,0,0.5847816161633661,0,0.66391733421566868,0