msdX(mean),msdX(std),msdY(mean),msdY(std),msdZ(mean),msdZ(std),DmsdX(mean),DmsdX(std),DmsdY(mean),DmsdY(std),DmsdZ(mean),DmsdZ(std)
104.340758765625,0,103.60698384375,0,91.321794421874998,0,1.9162673786157025,0,1.9027912551652895,0,1.6771679416322316,0