msdX(mean),msdX(std),msdY(mean),msdY(std),msdZ(mean),msdZ(std),DmsdX(mean),DmsdX(std),DmsdY(mean),DmsdY(std),DmsdZ(mean),DmsdZ(std)
4450.2801858281246,0,4068.2859257812502,0,4566.3200478281251,0,0.70410533794186747,0,0.64366775056957748,0,0.72246469574329863,0