msdX(mean),msdX(std),msdY(mean),msdY(std),msdZ(mean),msdZ(std),DmsdX(mean),DmsdX(std),DmsdY(mean),DmsdY(std),DmsdZ(mean),DmsdZ(std)
45.034714828124997,0,44.694438609374998,0,39.494045249999999,0,2.0705616012931034,0,2.0549167176724139,0,1.8158181724137932,0