msdX(mean),msdX(std),msdY(mean),msdY(std),msdZ(mean),msdZ(std),DmsdX(mean),DmsdX(std),DmsdY(mean),DmsdY(std),DmsdZ(mean),DmsdZ(std)
140.89618490625,0,139.55129760937501,0,123.475925109375,0,1.8535923026640355,0,1.8358993272076962,0,1.6244160514306856,0