msdX(mean),msdX(std),msdY(mean),msdY(std),msdZ(mean),msdZ(std),DmsdX(mean),DmsdX(std),DmsdY(mean),DmsdY(std),DmsdZ(mean),DmsdZ(std)
1858.2805480781251,0,1751.2664110312501,0,1774.5543224999999,0,1.0712557384398376,0,1.0095645645618057,0,1.0229895066799255,0