msdX(mean),msdX(std),msdY(mean),msdY(std),msdZ(mean),msdZ(std),DmsdX(mean),DmsdX(std),DmsdY(mean),DmsdY(std),DmsdZ(mean),DmsdZ(std)
2092.99223390625,0,1964.525063765625,0,2017.041752109375,0,1.0211523910478073,0,0.95847439547999347,0,0.98409682302815749,0