msdX(mean),msdX(std),msdY(mean),msdY(std),msdZ(mean),msdZ(std),DmsdX(mean),DmsdX(std),DmsdY(mean),DmsdY(std),DmsdZ(mean),DmsdZ(std)
592.87199428124995,0,577.98517514062496,0,537.32088042187502,0,1.4713745786412284,0,1.4344288509771985,0,1.3335092425546766,0