msdX(mean),msdX(std),msdY(mean),msdY(std),msdZ(mean),msdZ(std),DmsdX(mean),DmsdX(std),DmsdY(mean),DmsdY(std),DmsdZ(mean),DmsdZ(std)
315.11960451562499,0,310.58181703125001,0,279.92901459375003,0,1.6567802550768929,0,1.6329222767152998,0,1.4717613806190855,0