msdX(mean),msdX(std),msdY(mean),msdY(std),msdZ(mean),msdZ(std),DmsdX(mean),DmsdX(std),DmsdY(mean),DmsdY(std),DmsdZ(mean),DmsdZ(std)
41.675351484375,0,41.408441859375003,0,36.621601875000003,0,2.081166116573034,0,2.0678372963483147,0,1.8287941011235958,0