msdX(mean),msdX(std),msdY(mean),msdY(std),msdZ(mean),msdZ(std),DmsdX(mean),DmsdX(std),DmsdY(mean),DmsdY(std),DmsdZ(mean),DmsdZ(std)
83.093324624999994,0,82.506096562500005,0,72.768202453124999,0,1.9609044159292035,0,1.9470465265486727,0,1.7172437157079645,0