msdX(mean),msdX(std),msdY(mean),msdY(std),msdZ(mean),msdZ(std),DmsdX(mean),DmsdX(std),DmsdY(mean),DmsdY(std),DmsdZ(mean),DmsdZ(std)
834.21119348437503,0,805.484205421875,0,764.92486603124996,0,1.3642605069452962,0,1.3172806826474917,0,1.2509503512510731,0