msdX(mean),msdX(std),msdY(mean),msdY(std),msdZ(mean),msdZ(std),DmsdX(mean),DmsdX(std),DmsdY(mean),DmsdY(std),DmsdZ(mean),DmsdZ(std)
481.82384770312501,0,471.872777203125,0,433.03613104687503,0,1.5358159142660772,0,1.5040968274862541,0,1.3803048244382026,0