msdX(mean),msdX(std),msdY(mean),msdY(std),msdZ(mean),msdZ(std),DmsdX(mean),DmsdX(std),DmsdY(mean),DmsdY(std),DmsdZ(mean),DmsdZ(std)
263.34922528125003,0,259.885862578125,0,232.89447234375001,0,1.705767793903328,0,1.6833348721763421,0,1.5085060146951665,0