msdX(mean),msdX(std),msdY(mean),msdY(std),msdZ(mean),msdZ(std),DmsdX(mean),DmsdX(std),DmsdY(mean),DmsdY(std),DmsdZ(mean),DmsdZ(std)
61.284453328124997,0,60.828775031249997,0,53.706405234374998,0,2.0175951712962963,0,2.0025934166666666,0,1.7681121064814813,0