msdX(mean),msdX(std),msdY(mean),msdY(std),msdZ(mean),msdZ(std),DmsdX(mean),DmsdX(std),DmsdY(mean),DmsdY(std),DmsdZ(mean),DmsdZ(std)
404.08012068750003,0,397.27279814062501,0,361.66291537500001,0,1.5864943882508835,0,1.5597675623895761,0,1.4199564796819788,0