msdX(mean),msdX(std),msdY(mean),msdY(std),msdZ(mean),msdZ(std),DmsdX(mean),DmsdX(std),DmsdY(mean),DmsdY(std),DmsdZ(mean),DmsdZ(std)
2724.1510019062498,0,2520.3543870937501,0,2688.1776506249998,0,0.91312961746590404,0,0.84481742596317022,0,0.90107142668594054,0