msdX(mean),msdX(std),msdY(mean),msdY(std),msdZ(mean),msdZ(std),DmsdX(mean),DmsdX(std),DmsdY(mean),DmsdY(std),DmsdZ(mean),DmsdZ(std)
984.89385548437497,0,945.37874334374999,0,910.29635718750001,0,1.3075041641982377,0,1.2550455430128939,0,1.2084716246826306,0