msdX(mean),msdX(std),msdY(mean),msdY(std),msdZ(mean),msdZ(std),DmsdX(mean),DmsdX(std),DmsdY(mean),DmsdY(std),DmsdZ(mean),DmsdZ(std)
4933.3380290156247,0,4510.7443518749997,0,5107.6259721562501,0,0.66059916229173576,0,0.60401171025277933,0,0.68393720816637049,0