msdX(mean),msdX(std),msdY(mean),msdY(std),msdZ(mean),msdZ(std),DmsdX(mean),DmsdX(std),DmsdY(mean),DmsdY(std),DmsdZ(mean),DmsdZ(std)
2646.5944439531249,0,2452.9085676562499,0,2605.9303878750002,0,0.92491778833300564,0,0.85722947562413998,0,0.91070672970316502,0