msdX(mean),msdX(std),msdY(mean),msdY(std),msdZ(mean),msdZ(std),DmsdX(mean),DmsdX(std),DmsdY(mean),DmsdY(std),DmsdZ(mean),DmsdZ(std)
253.953595828125,0,250.66504631250001,0,224.443444921875,0,1.714888804444163,0,1.6926820043048874,0,1.5156137075841984,0