msdX(mean),msdX(std),msdY(mean),msdY(std),msdZ(mean),msdZ(std),DmsdX(mean),DmsdX(std),DmsdY(mean),DmsdY(std),DmsdZ(mean),DmsdZ(std)
3599.578069453125,0,3298.1772886875001,0,3632.6243864531252,0,0.79508273572617782,0,0.7285086671277583,0,0.80238207904338676,0