msdX(mean),msdX(std),msdY(mean),msdY(std),msdZ(mean),msdZ(std),DmsdX(mean),DmsdX(std),DmsdY(mean),DmsdY(std),DmsdZ(mean),DmsdZ(std)
282.98322745312498,0,279.10675420312498,0,250.94028234375,0,1.6859292669235924,0,1.6628344009718499,0,1.4950270023458445,0