msdX(mean),msdX(std),msdY(mean),msdY(std),msdZ(mean),msdZ(std),DmsdX(mean),DmsdX(std),DmsdY(mean),DmsdY(std),DmsdZ(mean),DmsdZ(std)
1182.6948824999999,0,1135.7229050000001,0,855.62042499999995,0,0.61108550299679654,0,0.58681559625917135,0,0.44208971013743931,0