msdX(mean),msdX(std),msdY(mean),msdY(std),msdZ(mean),msdZ(std),DmsdX(mean),DmsdX(std),DmsdY(mean),DmsdY(std),DmsdZ(mean),DmsdZ(std)
3398.1101399999998,0,3032.2761449999998,0,2197.0840600000001,0,0.40034599784792529,0,0.3572455185400451,0,0.25884794021316537,0