msdX(mean),msdX(std),msdY(mean),msdY(std),msdZ(mean),msdZ(std),DmsdX(mean),DmsdX(std),DmsdY(mean),DmsdY(std),DmsdZ(mean),DmsdZ(std)
2579.9456150000001,0,2349.1715250000002,0,1716.5939900000001,0,0.45539703014862498,0,0.41466212681956727,0,0.30300321079325482,0