msdX(mean),msdX(std),msdY(mean),msdY(std),msdZ(mean),msdZ(std),DmsdX(mean),DmsdX(std),DmsdY(mean),DmsdY(std),DmsdZ(mean),DmsdZ(std)
2848.2766799999999,0,2582.0310500000001,0,1884.3022575,0,0.43336055300847975,0,0.39285172384062972,0,0.28669345014099079,0