msdX(mean),msdX(std),msdY(mean),msdY(std),msdZ(mean),msdZ(std),DmsdX(mean),DmsdX(std),DmsdY(mean),DmsdY(std),DmsdZ(mean),DmsdZ(std)
2434.7992774999998,0,2251.3428399999998,0,1652.1301825,0,0.46270779747500979,0,0.42784384589071461,0,0.31396983108664533,0