msdX(mean),msdX(std),msdY(mean),msdY(std),msdZ(mean),msdZ(std),DmsdX(mean),DmsdX(std),DmsdY(mean),DmsdY(std),DmsdZ(mean),DmsdZ(std)
2273.2816400000002,0,2099.6201775,0,1551.3605975,0,0.47778092475830186,0,0.44128208858764184,0,0.32605308900798657,0