msdX(mean),msdX(std),msdY(mean),msdY(std),msdZ(mean),msdZ(std),DmsdX(mean),DmsdX(std),DmsdY(mean),DmsdY(std),DmsdZ(mean),DmsdZ(std)
1958.6370724999999,0,1834.4839400000001,0,1353.17787,0,0.50864001813507387,0,0.47639859247589206,0,0.35140783660255193,0