msdX(mean),msdX(std),msdY(mean),msdY(std),msdZ(mean),msdZ(std),DmsdX(mean),DmsdX(std),DmsdY(mean),DmsdY(std),DmsdZ(mean),DmsdZ(std)
3509.8332475000002,0,3134.502755,0,2268.4455724999998,0,0.39033132446489083,0,0.34859052428472931,0,0.25227562176098578,0