msdX(mean),msdX(std),msdY(mean),msdY(std),msdZ(mean),msdZ(std),DmsdX(mean),DmsdX(std),DmsdY(mean),DmsdY(std),DmsdZ(mean),DmsdZ(std)
2471.6417575,0,2276.7953400000001,0,1671.9308074999999,0,0.46088070264037889,0,0.42454819064430716,0,0.31176065179692453,0