msdX(mean),msdX(std),msdY(mean),msdY(std),msdZ(mean),msdZ(std),DmsdX(mean),DmsdX(std),DmsdY(mean),DmsdY(std),DmsdZ(mean),DmsdZ(std)
2608.6768625,0,2375.8937649999998,0,1737.5106350000001,0,0.45241878273461977,0,0.41204757113456886,0,0.30133377490143487,0