msdX(mean),msdX(std),msdY(mean),msdY(std),msdZ(mean),msdZ(std),DmsdX(mean),DmsdX(std),DmsdY(mean),DmsdY(std),DmsdZ(mean),DmsdZ(std)
3308.7246974999998,0,2976.73342,0,2148.4891425000001,0,0.40421943332491733,0,0.36366080777312637,0,0.26247607253098992,0