msdX(mean),msdX(std),msdY(mean),msdY(std),msdZ(mean),msdZ(std),DmsdX(mean),DmsdX(std),DmsdY(mean),DmsdY(std),DmsdZ(mean),DmsdZ(std)
3244.1293949999999,0,2939.5622575000002,0,2117.7296150000002,0,0.40633561787103989,0,0.36818779423921577,0,0.26525112497703707,0