msdX(mean),msdX(std),msdY(mean),msdY(std),msdZ(mean),msdZ(std),DmsdX(mean),DmsdX(std),DmsdY(mean),DmsdY(std),DmsdZ(mean),DmsdZ(std)
3040.5025325000001,0,2763.1313325000001,0,2008.87807,0,0.41775473777857164,0,0.37964487544997394,0,0.27601303481630074,0