msdX(mean),msdX(std),msdY(mean),msdY(std),msdZ(mean),msdZ(std),DmsdX(mean),DmsdX(std),DmsdY(mean),DmsdY(std),DmsdZ(mean),DmsdZ(std)
2107.2495675,0,1960.9729924999999,0,1454.2802549999999,0,0.49535720909732017,0,0.46097155441936999,0,0.34186183709449924,0