msdX(mean),msdX(std),msdY(mean),msdY(std),msdZ(mean),msdZ(std),DmsdX(mean),DmsdX(std),DmsdY(mean),DmsdY(std),DmsdZ(mean),DmsdZ(std)
2207.2003024999999,0,2037.6488549999999,0,1511.9668025000001,0,0.48441758899569837,0,0.44720587634974984,0,0.33183364114212982,0