msdX(mean),msdX(std),msdY(mean),msdY(std),msdZ(mean),msdZ(std),DmsdX(mean),DmsdX(std),DmsdY(mean),DmsdY(std),DmsdZ(mean),DmsdZ(std)
3164.3665449999999,0,2863.308215,0,2068.8332875000001,0,0.41194822321258096,0,0.3727554045668362,0,0.26932790016229541,0