msdX(mean),msdX(std),msdY(mean),msdY(std),msdZ(mean),msdZ(std),DmsdX(mean),DmsdX(std),DmsdY(mean),DmsdY(std),DmsdZ(mean),DmsdZ(std)
1137.6095399999999,0,1093.5615725,0,821.03616999999997,0,0.62008587157963591,0,0.59607629592281697,0,0.44752870925542354,0