msdX(mean),msdX(std),msdY(mean),msdY(std),msdZ(mean),msdZ(std),DmsdX(mean),DmsdX(std),DmsdY(mean),DmsdY(std),DmsdZ(mean),DmsdZ(std)
3713.9358299999999,0,3316.3783450000001,0,2380.7711825000001,0,0.37903492713096015,0,0.3384612125449053,0,0.24297550441908886,0