msdX(mean),msdX(std),msdY(mean),msdY(std),msdZ(mean),msdZ(std),DmsdX(mean),DmsdX(std),DmsdY(mean),DmsdY(std),DmsdZ(mean),DmsdZ(std)
3013.0331424999999,0,2732.7410024999999,0,1991.5360575,0,0.41979451368183468,0,0.38074246976621062,0,0.27747318771421409,0