msdX(mean),msdX(std),msdY(mean),msdY(std),msdZ(mean),msdZ(std),DmsdX(mean),DmsdX(std),DmsdY(mean),DmsdY(std),DmsdZ(mean),DmsdZ(std)
3223.0458325,0,2916.6861125,0,2101.7652950000002,0,0.40885685340307493,0,0.36999384070074254,0,0.26661772427819969,0