msdX(mean),msdX(std),msdY(mean),msdY(std),msdZ(mean),msdZ(std),DmsdX(mean),DmsdX(std),DmsdY(mean),DmsdY(std),DmsdZ(mean),DmsdZ(std)
3445.6504525,0,3072.5882875000002,0,2226.2518399999999,0,0.39652882615483764,0,0.35359646710985637,0,0.25619924046554093,0