msdX(mean),msdX(std),msdY(mean),msdY(std),msdZ(mean),msdZ(std),DmsdX(mean),DmsdX(std),DmsdY(mean),DmsdY(std),DmsdZ(mean),DmsdZ(std)
1310.4403725,0,1257.0016575,0,941.52345249999996,0,0.58559315957636959,0,0.56171313678612922,0,0.42073619291268205,0