msdX(mean),msdX(std),msdY(mean),msdY(std),msdZ(mean),msdZ(std),DmsdX(mean),DmsdX(std),DmsdY(mean),DmsdY(std),DmsdZ(mean),DmsdZ(std)
1564.8165125,0,1486.9558824999999,0,1103.7980775000001,0,0.55047485195825518,0,0.52308485547607875,0,0.38829669705675429,0