msdX(mean),msdX(std),msdY(mean),msdY(std),msdZ(mean),msdZ(std),DmsdX(mean),DmsdX(std),DmsdY(mean),DmsdY(std),DmsdZ(mean),DmsdZ(std)
1045.49774,0,999.71607749999998,0,756.22757999999999,0,0.6402574548869111,0,0.61222099953049725,0,0.46310989221850246,0