msdX(mean),msdX(std),msdY(mean),msdY(std),msdZ(mean),msdZ(std),DmsdX(mean),DmsdX(std),DmsdY(mean),DmsdY(std),DmsdZ(mean),DmsdZ(std)
3492.0524574999999,0,3113.0946650000001,0,2253.4909775000001,0,0.39275673039432546,0,0.35013474079045043,0,0.25345373789993031,0