msdX(mean),msdX(std),msdY(mean),msdY(std),msdZ(mean),msdZ(std),DmsdX(mean),DmsdX(std),DmsdY(mean),DmsdY(std),DmsdZ(mean),DmsdZ(std)
2925.3763250000002,0,2655.2758724999999,0,1936.99586,0,0.42550928363636364,0,0.38622194509090907,0,0.28174485236363639,0