msdX(mean),msdX(std),msdY(mean),msdY(std),msdZ(mean),msdZ(std),DmsdX(mean),DmsdX(std),DmsdY(mean),DmsdY(std),DmsdZ(mean),DmsdZ(std)
1271.1284350000001,0,1221.3176450000001,0,911.42451000000005,0,0.5948191085634067,0,0.57151036265793176,0,0.42649719700514743,0