msdX(mean),msdX(std),msdY(mean),msdY(std),msdZ(mean),msdZ(std),DmsdX(mean),DmsdX(std),DmsdY(mean),DmsdY(std),DmsdZ(mean),DmsdZ(std)
1923.5609125000001,0,1799.0474325,0,1331.5359524999999,0,0.5129586959323722,0,0.47975451096908389,0,0.35508256657896137,0