msdX(mean),msdX(std),msdY(mean),msdY(std),msdZ(mean),msdZ(std),DmsdX(mean),DmsdX(std),DmsdY(mean),DmsdY(std),DmsdZ(mean),DmsdZ(std)
682.2180975,0,659.31775000000005,0,508.13257249999998,0,0.73567731578001438,0,0.71098247663551406,0,0.54795029385334293,0