msdX(mean),msdX(std),msdY(mean),msdY(std),msdZ(mean),msdZ(std),DmsdX(mean),DmsdX(std),DmsdY(mean),DmsdY(std),DmsdZ(mean),DmsdZ(std)
2042.3980274999999,0,1899.7813524999999,0,1404.550215,0,0.50400543575717693,0,0.46881171814592409,0,0.34660283334704284,0