msdX(mean),msdX(std),msdY(mean),msdY(std),msdZ(mean),msdZ(std),DmsdX(mean),DmsdX(std),DmsdY(mean),DmsdY(std),DmsdZ(mean),DmsdZ(std)
218.12924749999999,0,215.9314225,0,169.08117999999999,0,0.98404171804511276,0,0.97412671804511286,0,0.76277224060150373,0