msdX(mean),msdX(std),msdY(mean),msdY(std),msdZ(mean),msdZ(std),DmsdX(mean),DmsdX(std),DmsdY(mean),DmsdY(std),DmsdZ(mean),DmsdZ(std)
1482.3522399999999,0,1413.2796900000001,0,1047.4661249999999,0,0.56127028473344098,0,0.53511700701736675,0,0.39660722624697092,0