msdX(mean),msdX(std),msdY(mean),msdY(std),msdZ(mean),msdZ(std),DmsdX(mean),DmsdX(std),DmsdY(mean),DmsdY(std),DmsdZ(mean),DmsdZ(std)
3560.3469825000002,0,3183.668725,0,2307.4948300000001,0,0.38726363801992691,0,0.34629184704577098,0,0.25098925665680472,0