msdX(mean),msdX(std),msdY(mean),msdY(std),msdZ(mean),msdZ(std),DmsdX(mean),DmsdX(std),DmsdY(mean),DmsdY(std),DmsdZ(mean),DmsdZ(std)
3632.1966375000002,0,3249.7665750000001,0,2344.2628924999999,0,0.38249753975358047,0,0.34222478675231677,0,0.24686845961457454,0