msdX(mean),msdX(std),msdY(mean),msdY(std),msdZ(mean),msdZ(std),DmsdX(mean),DmsdX(std),DmsdY(mean),DmsdY(std),DmsdZ(mean),DmsdZ(std)
2746.4961825,0,2506.3979399999998,0,1832.5000775000001,0,0.43802835386275679,0,0.39973598753880829,0,0.29225855019032027,0