msdX(mean),msdX(std),msdY(mean),msdY(std),msdZ(mean),msdZ(std),DmsdX(mean),DmsdX(std),DmsdY(mean),DmsdY(std),DmsdZ(mean),DmsdZ(std)
1874.9685575000001,0,1763.7214899999999,0,1306.441495,0,0.51381201678024013,0,0.48332612949193415,0,0.35801418464658274,0