msdX(mean),msdX(std),msdY(mean),msdY(std),msdZ(mean),msdZ(std),DmsdX(mean),DmsdX(std),DmsdY(mean),DmsdY(std),DmsdZ(mean),DmsdZ(std)
1721.1287924999999,0,1622.71093,0,1206.7868074999999,0,0.5302524623623891,0,0.4999314810630956,0,0.37179186067408804,0