msdX(mean),msdX(std),msdY(mean),msdY(std),msdZ(mean),msdZ(std),DmsdX(mean),DmsdX(std),DmsdY(mean),DmsdY(std),DmsdZ(mean),DmsdZ(std)
2330.5122175000001,0,2159.4090550000001,0,1588.9216750000001,0,0.46989922927252198,0,0.43539984172110652,0,0.32037294842325992,0