msdX(mean),msdX(std),msdY(mean),msdY(std),msdZ(mean),msdZ(std),DmsdX(mean),DmsdX(std),DmsdY(mean),DmsdY(std),DmsdZ(mean),DmsdZ(std)
87.567084187500001,0,87.980722312500006,0,68.795015250000006,0,1.4800070566901409,0,1.4869981235915495,0,1.1627326521126762,0