msdX(mean),msdX(std),msdY(mean),msdY(std),msdZ(mean),msdZ(std),DmsdX(mean),DmsdX(std),DmsdY(mean),DmsdY(std),DmsdZ(mean),DmsdZ(std)
138.72412843750001,0,139.54345918749999,0,107.3595639375,0,1.3633820976658477,0,1.3714344883292382,0,1.0551308495085996,0