msdX(mean),msdX(std),msdY(mean),msdY(std),msdZ(mean),msdZ(std),DmsdX(mean),DmsdX(std),DmsdY(mean),DmsdY(std),DmsdZ(mean),DmsdZ(std)
608.03691349999997,0,600.40826625,0,439.46643749999998,0,0.99439094008940243,0,0.98191495788813776,0,0.71870873991495854,0