msdX(mean),msdX(std),msdY(mean),msdY(std),msdZ(mean),msdZ(std),DmsdX(mean),DmsdX(std),DmsdY(mean),DmsdY(std),DmsdZ(mean),DmsdZ(std)
405.45199687500002,0,403.50121943750003,0,299.79510175000001,0,1.0937961338294142,0,1.0885334816892227,0,0.80876336967762241,0