msdX(mean),msdX(std),msdY(mean),msdY(std),msdZ(mean),msdZ(std),DmsdX(mean),DmsdX(std),DmsdY(mean),DmsdY(std),DmsdZ(mean),DmsdZ(std)
671.37372468750004,0,662.88665081249997,0,482.25709612499998,0,0.96883985476093126,0,0.95659240580956262,0,0.69593115992832744,0