msdX(mean),msdX(std),msdY(mean),msdY(std),msdZ(mean),msdZ(std),DmsdX(mean),DmsdX(std),DmsdY(mean),DmsdY(std),DmsdZ(mean),DmsdZ(std)
288.27762906250001,0,287.28185456249997,0,217.01462649999999,0,1.1801758831707152,0,1.1760992954250817,0,0.88843324167576421,0