msdX(mean),msdX(std),msdY(mean),msdY(std),msdZ(mean),msdZ(std),DmsdX(mean),DmsdX(std),DmsdY(mean),DmsdY(std),DmsdZ(mean),DmsdZ(std)
124.8601613125,0,125.51457206249999,0,96.993825937500006,0,1.3906830664098757,0,1.3979718440226472,0,1.0803099231947282,0