msdX(mean),msdX(std),msdY(mean),msdY(std),msdZ(mean),msdZ(std),DmsdX(mean),DmsdX(std),DmsdY(mean),DmsdY(std),DmsdZ(mean),DmsdZ(std)
129.28253143750001,0,130.04596537500001,0,100.252542875,0,1.3812236264690172,0,1.3893799719551283,0,1.0710741760149574,0