msdX(mean),msdX(std),msdY(mean),msdY(std),msdZ(mean),msdZ(std),DmsdX(mean),DmsdX(std),DmsdY(mean),DmsdY(std),DmsdZ(mean),DmsdZ(std)
1533.0668360625,0,1478.5392329374999,0,1040.5819173125001,0,0.77982951119716171,0,0.75209279868635237,0,0.52931579292563213,0