msdX(mean),msdX(std),msdY(mean),msdY(std),msdZ(mean),msdZ(std),DmsdX(mean),DmsdX(std),DmsdY(mean),DmsdY(std),DmsdZ(mean),DmsdZ(std)
1388.980394875,0,1342.7617048750001,0,949.05000912499997,0,0.80071121234903586,0,0.77406733498429114,0,0.54710274255147429,0