msdX(mean),msdX(std),msdY(mean),msdY(std),msdZ(mean),msdZ(std),DmsdX(mean),DmsdX(std),DmsdY(mean),DmsdY(std),DmsdZ(mean),DmsdZ(std)
203.7755121875,0,204.5281474375,0,155.69938687499999,0,1.2659485122437357,0,1.2706242334075377,0,0.96727720154276242,0