msdX(mean),msdX(std),msdY(mean),msdY(std),msdZ(mean),msdZ(std),DmsdX(mean),DmsdX(std),DmsdY(mean),DmsdY(std),DmsdZ(mean),DmsdZ(std)
190.31440925000001,0,190.85524331249999,0,145.4905078125,0,1.2851845306696679,0,1.2888367584411928,0,0.9824907674451322,0