msdX(mean),msdX(std),msdY(mean),msdY(std),msdZ(mean),msdZ(std),DmsdX(mean),DmsdX(std),DmsdY(mean),DmsdY(std),DmsdZ(mean),DmsdZ(std)
330.76862981250002,0,328.98646000000002,0,246.9740703125,0,1.146048264061327,0,1.1398733960847722,0,0.8557165917162326,0