msdX(mean),msdX(std),msdY(mean),msdY(std),msdZ(mean),msdZ(std),DmsdX(mean),DmsdX(std),DmsdY(mean),DmsdY(std),DmsdZ(mean),DmsdZ(std)
177.50447868750001,0,178.18665781249999,0,135.98986056250001,0,1.302944546274774,0,1.3079519780707121,0,0.99821282526914623,0