msdX(mean),msdX(std),msdY(mean),msdY(std),msdZ(mean),msdZ(std),DmsdX(mean),DmsdX(std),DmsdY(mean),DmsdY(std),DmsdZ(mean),DmsdZ(std)
210.94533924999999,0,211.466483375,0,160.87979150000001,0,1.2568739180734854,0,1.2599790469215491,0,0.95856876762661369,0