msdX(mean),msdX(std),msdY(mean),msdY(std),msdZ(mean),msdZ(std),DmsdX(mean),DmsdX(std),DmsdY(mean),DmsdY(std),DmsdZ(mean),DmsdZ(std)
464.63710568750002,0,461.1589498125,0,340.84921868750001,0,1.0608153097888129,0,1.0528743146404109,0,0.77819456321347036,0