msdX(mean),msdX(std),msdY(mean),msdY(std),msdZ(mean),msdZ(std),DmsdX(mean),DmsdX(std),DmsdY(mean),DmsdY(std),DmsdZ(mean),DmsdZ(std)
1583.1926143749999,0,1525.5830570000001,0,1073.0465298125,0,0.77243351897102708,0,0.74432603999121782,0,0.52353522844718925,0