msdX(mean),msdX(std),msdY(mean),msdY(std),msdZ(mean),msdZ(std),DmsdX(mean),DmsdX(std),DmsdY(mean),DmsdY(std),DmsdZ(mean),DmsdZ(std)
3044.4171150000002,0,2901.3900307499998,0,1985.012769125,0,0.64498996101777506,0,0.61468825464502863,0,0.42054464293659027,0