msdX(mean),msdX(std),msdY(mean),msdY(std),msdZ(mean),msdZ(std),DmsdX(mean),DmsdX(std),DmsdY(mean),DmsdY(std),DmsdZ(mean),DmsdZ(std)
497.08764781249999,0,493.07334281250002,0,362.96143768749999,0,1.0440824360691032,0,1.0356507935570261,0,0.76236386827872304,0