msdX(mean),msdX(std),msdY(mean),msdY(std),msdZ(mean),msdZ(std),DmsdX(mean),DmsdX(std),DmsdY(mean),DmsdY(std),DmsdZ(mean),DmsdZ(std)
448.70271868750001,0,445.94570868749997,0,330.09267037500001,0,1.0680855003273031,0,1.0615227533622946,0,0.78574784664365638,0