msdX(mean),msdX(std),msdY(mean),msdY(std),msdZ(mean),msdZ(std),DmsdX(mean),DmsdX(std),DmsdY(mean),DmsdY(std),DmsdZ(mean),DmsdZ(std)
112.47223637499999,0,112.84130656249999,0,87.476153124999996,0,1.4198052140753208,0,1.4244642107616241,0,1.1042645039974752,0