msdX(mean),msdX(std),msdY(mean),msdY(std),msdZ(mean),msdZ(std),DmsdX(mean),DmsdX(std),DmsdY(mean),DmsdY(std),DmsdZ(mean),DmsdZ(std)
159.62106918750001,0,160.55658106249999,0,122.99425275,0,1.3277781992582838,0,1.3355600809302646,0,1.023104833633717,0