msdX(mean),msdX(std),msdY(mean),msdY(std),msdZ(mean),msdZ(std),DmsdX(mean),DmsdX(std),DmsdY(mean),DmsdY(std),DmsdZ(mean),DmsdZ(std)
4235.7048065625004,0,4015.1854422500001,0,2727.9405566874998,0,0.59133937463352837,0,0.56055305005654144,0,0.38084303238737105,0