msdX(mean),msdX(std),msdY(mean),msdY(std),msdZ(mean),msdZ(std),DmsdX(mean),DmsdX(std),DmsdY(mean),DmsdY(std),DmsdZ(mean),DmsdZ(std)
61.080531874999998,0,61.425270687500003,0,48.513873562500002,0,1.5668370724668661,0,1.5756803083582729,0,1.244477303869175,0