msdX(mean),msdX(std),msdY(mean),msdY(std),msdZ(mean),msdZ(std),DmsdX(mean),DmsdX(std),DmsdY(mean),DmsdY(std),DmsdZ(mean),DmsdZ(std)
3251.4047864375002,0,3088.824174375,0,2116.5379291250001,0,0.63371357213336033,0,0.60202587183239509,0,0.41252286310716835,0