msdX(mean),msdX(std),msdY(mean),msdY(std),msdZ(mean),msdZ(std),DmsdX(mean),DmsdX(std),DmsdY(mean),DmsdY(std),DmsdZ(mean),DmsdZ(std)
2946.2440764375001,0,2808.7478265625,0,1923.9649825624999,0,0.65077767522069985,0,0.62040697696089619,0,0.4249727538093257,0