msdX(mean),msdX(std),msdY(mean),msdY(std),msdZ(mean),msdZ(std),DmsdX(mean),DmsdX(std),DmsdY(mean),DmsdY(std),DmsdZ(mean),DmsdZ(std)
78.589136124999996,0,78.987506249999996,0,61.940482500000002,0,1.5055390062260536,0,1.513170617816092,0,1.1865992816091955,0