msdX(mean),msdX(std),msdY(mean),msdY(std),msdZ(mean),msdZ(std),DmsdX(mean),DmsdX(std),DmsdY(mean),DmsdY(std),DmsdZ(mean),DmsdZ(std)
70.522058562500007,0,70.969601249999997,0,55.755475937500002,0,1.5308695780571637,0,1.5405846870477569,0,1.2103214747648336,0