msdX(mean),msdX(std),msdY(mean),msdY(std),msdZ(mean),msdZ(std),DmsdX(mean),DmsdX(std),DmsdY(mean),DmsdY(std),DmsdZ(mean),DmsdZ(std)
42.451701749999998,0,42.806065062499997,0,34.136374062500003,0,1.6518171887159532,0,1.6656056444552527,0,1.3282635821984436,0