msdX(mean),msdX(std),msdY(mean),msdY(std),msdZ(mean),msdZ(std),DmsdX(mean),DmsdX(std),DmsdY(mean),DmsdY(std),DmsdZ(mean),DmsdZ(std)
1690.5183231875001,0,1625.7853555624999,0,1141.2132408125001,0,0.75878317268058593,0,0.72972800901994372,0,0.51222952847743797,0