msdX(mean),msdX(std),msdY(mean),msdY(std),msdZ(mean),msdZ(std),DmsdX(mean),DmsdX(std),DmsdY(mean),DmsdY(std),DmsdZ(mean),DmsdZ(std)
2586.7154560624999,0,2462.3404391875001,0,1700.502219875,0,0.67509766270873472,0,0.64263746961139123,0,0.44380802356055105,0