msdX(mean),msdX(std),msdY(mean),msdY(std),msdZ(mean),msdZ(std),DmsdX(mean),DmsdX(std),DmsdY(mean),DmsdY(std),DmsdZ(mean),DmsdZ(std)
3960.7257401874999,0,3761.0596206250002,0,2560.7434942499999,0,0.60105404046570621,0,0.57075400562879075,0,0.38860181814617911,0