msdX(mean),msdX(std),msdY(mean),msdY(std),msdZ(mean),msdZ(std),DmsdX(mean),DmsdX(std),DmsdY(mean),DmsdY(std),DmsdZ(mean),DmsdZ(std)
694.27826531250003,0,684.46904612499998,0,497.48107468749998,0,0.96096094301483315,0,0.94738385585595974,0,0.68857100466562082,0