msdX(mean),msdX(std),msdY(mean),msdY(std),msdZ(mean),msdZ(std),DmsdX(mean),DmsdX(std),DmsdY(mean),DmsdY(std),DmsdZ(mean),DmsdZ(std)
3146.0642522500002,0,2991.5865871874998,0,2050.2884551249999,0,0.63929669024411728,0,0.60790602175396591,0,0.4166293242325616,0