msdX(mean),msdX(std),msdY(mean),msdY(std),msdZ(mean),msdZ(std),DmsdX(mean),DmsdX(std),DmsdY(mean),DmsdY(std),DmsdZ(mean),DmsdZ(std)
3472.9137630625,0,3296.521680375,0,2256.0787007499998,0,0.6227133313323312,0,0.59108522049374823,0,0.40452783436035666,0