msdX(mean),msdX(std),msdY(mean),msdY(std),msdZ(mean),msdZ(std),DmsdX(mean),DmsdX(std),DmsdY(mean),DmsdY(std),DmsdZ(mean),DmsdZ(std)
40.948783437499998,0,41.251325312500001,0,32.955193250000001,0,1.6612082530425964,0,1.6734817570993916,0,1.3369246754563895,0