msdX(mean),msdX(std),msdY(mean),msdY(std),msdZ(mean),msdZ(std),DmsdX(mean),DmsdX(std),DmsdY(mean),DmsdY(std),DmsdZ(mean),DmsdZ(std)
45.643504499999999,0,46.024671312499997,0,36.604944000000003,0,1.6340156742243437,0,1.6476612641706443,0,1.3104395226730312,0