msdX(mean),msdX(std),msdY(mean),msdY(std),msdZ(mean),msdZ(std),DmsdX(mean),DmsdX(std),DmsdY(mean),DmsdY(std),DmsdZ(mean),DmsdZ(std)
5527.7042643750001,0,5248.0496360625002,0,3532.3397863750001,0,0.55277042643749996,0,0.52480496360625006,0,0.3532339786375,0