msdX(mean),msdX(std),msdY(mean),msdY(std),msdZ(mean),msdZ(std),DmsdX(mean),DmsdX(std),DmsdY(mean),DmsdY(std),DmsdZ(mean),DmsdZ(std)
793.57827774999998,0,779.32109043749995,0,562.72886425000002,0,0.92961141477938303,0,0.91291029727157358,0,0.65919039154627102,0