msdX(mean),msdX(std),msdY(mean),msdY(std),msdZ(mean),msdZ(std),DmsdX(mean),DmsdX(std),DmsdY(mean),DmsdY(std),DmsdZ(mean),DmsdZ(std)
342.47413,0,340.33246524999998,0,255.13110756250001,0,1.1381028967045139,0,1.1309857610080309,0,0.84784638348103014,0