msdX(mean),msdX(std),msdY(mean),msdY(std),msdZ(mean),msdZ(std),DmsdX(mean),DmsdX(std),DmsdY(mean),DmsdY(std),DmsdZ(mean),DmsdZ(std)
819.82291787500003,0,804.91979356249999,0,580.09867099999997,0,0.92113209626224235,0,0.90438732633752172,0,0.65178405385666938,0