msdX(mean),msdX(std),msdY(mean),msdY(std),msdZ(mean),msdZ(std),DmsdX(mean),DmsdX(std),DmsdY(mean),DmsdY(std),DmsdZ(mean),DmsdZ(std)
68.015455375000002,0,68.481862125000006,0,53.848768624999998,0,1.5393916720105623,0,1.5499478413806114,0,1.2187574943417578,0