msdX(mean),msdX(std),msdY(mean),msdY(std),msdZ(mean),msdZ(std),DmsdX(mean),DmsdX(std),DmsdY(mean),DmsdY(std),DmsdZ(mean),DmsdZ(std)
392.28089887499999,0,389.61525331249999,0,290.3620058125,0,1.1033072672619884,0,1.0958100219729996,0,0.81665590159611867,0