msdX(mean),msdX(std),msdY(mean),msdY(std),msdZ(mean),msdZ(std),DmsdX(mean),DmsdX(std),DmsdY(mean),DmsdY(std),DmsdZ(mean),DmsdZ(std)
4096.6384832499998,0,3884.9127996249999,0,2641.4605799374999,0,0.59628232875565834,0,0.56546479769806268,0,0.38447528927958019,0