msdX(mean),msdX(std),msdY(mean),msdY(std),msdZ(mean),msdZ(std),DmsdX(mean),DmsdX(std),DmsdY(mean),DmsdY(std),DmsdZ(mean),DmsdZ(std)
354.13456556249997,0,351.96240649999999,0,263.42974481250002,0,1.1287757083377601,0,1.1218521244156394,0,0.83966132005684235,0