msdX(mean),msdX(std),msdY(mean),msdY(std),msdZ(mean),msdZ(std),DmsdX(mean),DmsdX(std),DmsdY(mean),DmsdY(std),DmsdZ(mean),DmsdZ(std)
2268.2564266250001,0,2165.628972125,0,1501.2088874374999,0,0.69946387487086981,0,0.66781657249795712,0,0.46292887041876746,0