msdX(mean),msdX(std),msdY(mean),msdY(std),msdZ(mean),msdZ(std),DmsdX(mean),DmsdX(std),DmsdY(mean),DmsdY(std),DmsdZ(mean),DmsdZ(std)
587.68350962500006,0,581.42940543750001,0,425.9337109375,0,1.0020463945409077,0,0.99138265725794994,0,0.72625032414248769,0