msdX(mean),msdX(std),msdY(mean),msdY(std),msdZ(mean),msdZ(std),DmsdX(mean),DmsdX(std),DmsdY(mean),DmsdY(std),DmsdZ(mean),DmsdZ(std)
1483.8772375000001,0,1432.0398331875001,0,1009.4612625,0,0.78695924559154995,0,0.75946780387369084,0,0.53535754408450087,0