msdX(mean),msdX(std),msdY(mean),msdY(std),msdZ(mean),msdZ(std),DmsdX(mean),DmsdX(std),DmsdY(mean),DmsdY(std),DmsdZ(mean),DmsdZ(std)
1066.4706787499999,0,1040.7539325,0,743.38986793749996,0,0.85830347576188426,0,0.83760644851915445,0,0.59828565398983258,0