msdX(mean),msdX(std),msdY(mean),msdY(std),msdZ(mean),msdZ(std),DmsdX(mean),DmsdX(std),DmsdY(mean),DmsdY(std),DmsdZ(mean),DmsdZ(std)
5002.8682836874996,0,4739.2878667499999,0,3205.162657375,0,0.56697006796198557,0,0.53709876245674604,0,0.36323788407670859,0