msdX(mean),msdX(std),msdY(mean),msdY(std),msdZ(mean),msdZ(std),DmsdX(mean),DmsdX(std),DmsdY(mean),DmsdY(std),DmsdZ(mean),DmsdZ(std)
226.22998949999999,0,226.4618954375,0,171.9185628125,0,1.2400693742006212,0,1.2413405560250319,0,0.9423637647314087,0