msdX(mean),msdX(std),msdY(mean),msdY(std),msdZ(mean),msdZ(std),DmsdX(mean),DmsdX(std),DmsdY(mean),DmsdY(std),DmsdZ(mean),DmsdZ(std)
4679.6281103125002,0,4435.0349993749996,0,3004.7581436874998,0,0.57647453418213357,0,0.54634357155689228,0,0.37015047144345664,0