msdX(mean),msdX(std),msdY(mean),msdY(std),msdZ(mean),msdZ(std),DmsdX(mean),DmsdX(std),DmsdY(mean),DmsdY(std),DmsdZ(mean),DmsdZ(std)
73.171042187500007,0,73.5726905625,0,57.739387499999999,0,1.5233388380464956,0,1.5317007056731438,0,1.2020691360166551,0