msdX(mean),msdX(std),msdY(mean),msdY(std),msdZ(mean),msdZ(std),DmsdX(mean),DmsdX(std),DmsdY(mean),DmsdY(std),DmsdZ(mean),DmsdZ(std)
183.91779443749999,0,184.32669456249999,0,140.64168856250001,0,1.2948917702710632,0,1.2977706728174137,0,0.99020198471602916,0