msdX(mean),msdX(std),msdY(mean),msdY(std),msdZ(mean),msdZ(std),DmsdX(mean),DmsdX(std),DmsdY(mean),DmsdY(std),DmsdZ(mean),DmsdZ(std)
56.848593062500001,0,57.183480812500001,0,45.192622624999998,0,1.5849979478392193,0,1.5943349668912639,0,1.2600173594330855,0