msdX(mean),msdX(std),msdY(mean),msdY(std),msdZ(mean),msdZ(std),DmsdX(mean),DmsdX(std),DmsdY(mean),DmsdY(std),DmsdZ(mean),DmsdZ(std)
171.27207237499999,0,172.13915581250001,0,131.60095487500001,0,1.3107556559311224,0,1.3173914985650512,0,1.0071501648596941,0