msdX(mean),msdX(std),msdY(mean),msdY(std),msdZ(mean),msdZ(std),DmsdX(mean),DmsdX(std),DmsdY(mean),DmsdY(std),DmsdZ(mean),DmsdZ(std)
1795.6216325,0,1391.2523524999999,0,1303.6969325,0,0.88184934313918084,0,0.68325918500147331,0,0.64025976451232691,0