msdX(mean),msdX(std),msdY(mean),msdY(std),msdZ(mean),msdZ(std),DmsdX(mean),DmsdX(std),DmsdY(mean),DmsdY(std),DmsdZ(mean),DmsdZ(std)
5137.6515550000004,0,3501.1145925000001,0,3810.5878050000001,0,0.63548093778345838,0,0.43305614651191554,0,0.47133517832110167,0