msdX(mean),msdX(std),msdY(mean),msdY(std),msdZ(mean),msdZ(std),DmsdX(mean),DmsdX(std),DmsdY(mean),DmsdY(std),DmsdZ(mean),DmsdZ(std)
2594.6454475,0,1897.7960224999999,0,1865.2894550000001,0,0.79936907887980613,0,0.58468083177579688,0,0.57466607428935257,0