msdX(mean),msdX(std),msdY(mean),msdY(std),msdZ(mean),msdZ(std),DmsdX(mean),DmsdX(std),DmsdY(mean),DmsdY(std),DmsdZ(mean),DmsdZ(std)
3693.6264700000002,0,2600.6873575,0,2695.7629625,0,0.71564340859478948,0,0.50388548499076458,0,0.52230646788901947,0