msdX(mean),msdX(std),msdY(mean),msdY(std),msdZ(mean),msdZ(std),DmsdX(mean),DmsdX(std),DmsdY(mean),DmsdY(std),DmsdZ(mean),DmsdZ(std)
3479.71218,0,2470.9892374999999,0,2531.9407624999999,0,0.73133925598991167,0,0.51933359342160568,0,0.53214391813787298,0