msdX(mean),msdX(std),msdY(mean),msdY(std),msdZ(mean),msdZ(std),DmsdX(mean),DmsdX(std),DmsdY(mean),DmsdY(std),DmsdZ(mean),DmsdZ(std)
5574.8443649999999,0,3734.6494324999999,0,4149.4130750000004,0,0.61998283998991699,0,0.41533330976282451,0,0.46145950166445487,0