msdX(mean),msdX(std),msdY(mean),msdY(std),msdZ(mean),msdZ(std),DmsdX(mean),DmsdX(std),DmsdY(mean),DmsdY(std),DmsdZ(mean),DmsdZ(std)
4514.3548325000002,0,3123.0494800000001,0,3335.0524025,0,0.66640412631749879,0,0.46102115083699924,0,0.49231679054353283,0