msdX(mean),msdX(std),msdY(mean),msdY(std),msdZ(mean),msdZ(std),DmsdX(mean),DmsdX(std),DmsdY(mean),DmsdY(std),DmsdZ(mean),DmsdZ(std)
2399.44661,0,1772.8497675000001,0,1740.8983700000001,0,0.815177096167784,0,0.60229993007111793,0,0.59144490736546484,0