msdX(mean),msdX(std),msdY(mean),msdY(std),msdZ(mean),msdZ(std),DmsdX(mean),DmsdX(std),DmsdY(mean),DmsdY(std),DmsdZ(mean),DmsdZ(std)
5335.8416774999996,0,3605.2421399999998,0,3972.4775450000002,0,0.62863849985076858,0,0.42474911128739623,0,0.46801469674596885,0