msdX(mean),msdX(std),msdY(mean),msdY(std),msdZ(mean),msdZ(std),DmsdX(mean),DmsdX(std),DmsdY(mean),DmsdY(std),DmsdZ(mean),DmsdZ(std)
4268.4579050000002,0,2973.9990174999998,0,3136.51143,0,0.68076030892485018,0,0.47431192598243521,0,0.50023041987411221,0