msdX(mean),msdX(std),msdY(mean),msdY(std),msdZ(mean),msdZ(std),DmsdX(mean),DmsdX(std),DmsdY(mean),DmsdY(std),DmsdZ(mean),DmsdZ(std)
972.83949749999999,0,789.64450999999997,0,701.13765249999994,0,1.0490720677570093,0,0.851521757728253,0,0.75607942397555705,0