msdX(mean),msdX(std),msdY(mean),msdY(std),msdZ(mean),msdZ(std),DmsdX(mean),DmsdX(std),DmsdY(mean),DmsdY(std),DmsdZ(mean),DmsdZ(std)
3414.566225,0,2436.0625449999998,0,2488.8247550000001,0,0.73318007064330504,0,0.52307449647857074,0,0.53440366636605685,0