msdX(mean),msdX(std),msdY(mean),msdY(std),msdZ(mean),msdZ(std),DmsdX(mean),DmsdX(std),DmsdY(mean),DmsdY(std),DmsdZ(mean),DmsdZ(std)
5758.1581900000001,0,3838.6396675000001,0,4289.4307374999999,0,0.61288298173535416,0,0.40857455589024183,0,0.45655555363377037,0