msdX(mean),msdX(std),msdY(mean),msdY(std),msdZ(mean),msdZ(std),DmsdX(mean),DmsdX(std),DmsdY(mean),DmsdY(std),DmsdZ(mean),DmsdZ(std)
6026.1489099999999,0,4000.3829925,0,4475.7265550000002,0,0.60261489099999999,0,0.40003829925000001,0,0.44757265550000003,0