msdX(mean),msdX(std),msdY(mean),msdY(std),msdZ(mean),msdZ(std),DmsdX(mean),DmsdX(std),DmsdY(mean),DmsdY(std),DmsdZ(mean),DmsdZ(std)
5432.2892400000001,0,3660.4194699999998,0,4037.0515925,0,0.62515316204169002,0,0.42124465487214502,0,0.46458784811996046,0