msdX(mean),msdX(std),msdY(mean),msdY(std),msdZ(mean),msdZ(std),DmsdX(mean),DmsdX(std),DmsdY(mean),DmsdY(std),DmsdZ(mean),DmsdZ(std)
4170.0286349999997,0,2897.0010900000002,0,3046.8772374999999,0,0.6871559248253285,0,0.47738076580832278,0,0.50207802612932284,0