msdX(mean),msdX(std),msdY(mean),msdY(std),msdZ(mean),msdZ(std),DmsdX(mean),DmsdX(std),DmsdY(mean),DmsdY(std),DmsdZ(mean),DmsdZ(std)
4567.2733200000002,0,3149.9982574999999,0,3375.5560375,0,0.66433066472727276,0,0.45818156472727273,0,0.49098996909090908,0