msdX(mean),msdX(std),msdY(mean),msdY(std),msdZ(mean),msdZ(std),DmsdX(mean),DmsdX(std),DmsdY(mean),DmsdY(std),DmsdZ(mean),DmsdZ(std)
5926.3328025000001,0,3943.9358999999999,0,4423.2990524999996,0,0.60482658418721424,0,0.40250815439255389,0,0.45143074915292292,0