msdX(mean),msdX(std),msdY(mean),msdY(std),msdZ(mean),msdZ(std),DmsdX(mean),DmsdX(std),DmsdY(mean),DmsdY(std),DmsdZ(mean),DmsdZ(std)
888.56178750000004,0,727.28884500000004,0,640.00821499999995,0,1.0751332429216747,0,0.87999779583770266,0,0.77439083850931667,0