msdX(mean),msdX(std),msdY(mean),msdY(std),msdZ(mean),msdZ(std),DmsdX(mean),DmsdX(std),DmsdY(mean),DmsdY(std),DmsdZ(mean),DmsdZ(std)
1728.7391250000001,0,1347.4740624999999,0,1258.708065,0,0.89322058747545741,0,0.69622510204608867,0,0.65036068254624368,0