msdX(mean),msdX(std),msdY(mean),msdY(std),msdZ(mean),msdZ(std),DmsdX(mean),DmsdX(std),DmsdY(mean),DmsdY(std),DmsdZ(mean),DmsdZ(std)
3007.2670324999999,0,2172.4430400000001,0,2191.869095,0,0.76103800191486848,0,0.54977216607899049,0,0.55468824633475611,0