msdX(mean),msdX(std),msdY(mean),msdY(std),msdZ(mean),msdZ(std),DmsdX(mean),DmsdX(std),DmsdY(mean),DmsdY(std),DmsdZ(mean),DmsdZ(std)
5184.6931599999998,0,3527.5549274999998,0,3852.7523725000001,0,0.6334022690622404,0,0.43095342894316757,0,0.47068206730221046,0