msdX(mean),msdX(std),msdY(mean),msdY(std),msdZ(mean),msdZ(std),DmsdX(mean),DmsdX(std),DmsdY(mean),DmsdY(std),DmsdZ(mean),DmsdZ(std)
1433.8050225,0,1138.3156624999999,0,1045.2704900000001,0,0.93582261498128971,0,0.74296122780871987,0,0.68223206639979128,0