msdX(mean),msdX(std),msdY(mean),msdY(std),msdZ(mean),msdZ(std),DmsdX(mean),DmsdX(std),DmsdY(mean),DmsdY(std),DmsdZ(mean),DmsdZ(std)
1213.5883899999999,0,977.5148375,0,876.33695250000005,0,0.98687118345440739,0,0.79489984617261189,0,0.71262356540713434,0