msdX(mean),msdX(std),msdY(mean),msdY(std),msdZ(mean),msdZ(std),DmsdX(mean),DmsdX(std),DmsdY(mean),DmsdY(std),DmsdZ(mean),DmsdZ(std)
4777.3749925000002,0,3269.6264124999998,0,3527.6333650000001,0,0.65639512413783629,0,0.44923558194333763,0,0.48468486232859775,0