msdX(mean),msdX(std),msdY(mean),msdY(std),msdZ(mean),msdZ(std),DmsdX(mean),DmsdX(std),DmsdY(mean),DmsdY(std),DmsdZ(mean),DmsdZ(std)
5374.6803524999996,0,3629.9283125000002,0,4002.1517574999998,0,0.62578265547500211,0,0.4226383765359269,0,0.46597694935613321,0