msdX(mean),msdX(std),msdY(mean),msdY(std),msdZ(mean),msdZ(std),DmsdX(mean),DmsdX(std),DmsdY(mean),DmsdY(std),DmsdZ(mean),DmsdZ(std)
4014.7498049999999,0,2799.4403050000001,0,2930.8334949999999,0,0.69627183261842274,0,0.48550259073198371,0,0.50828990790949347,0