msdX(mean),msdX(std),msdY(mean),msdY(std),msdZ(mean),msdZ(std),DmsdX(mean),DmsdX(std),DmsdY(mean),DmsdY(std),DmsdZ(mean),DmsdZ(std)
5232.1982150000003,0,3553.4312399999999,0,3896.6029549999998,0,0.63143010302186753,0,0.4288338021143418,0,0.4702483170949523,0