msdX(mean),msdX(std),msdY(mean),msdY(std),msdZ(mean),msdZ(std),DmsdX(mean),DmsdX(std),DmsdY(mean),DmsdY(std),DmsdZ(mean),DmsdZ(std)
5284.6021975000003,0,3576.4688225,0,3930.4704624999999,0,0.63008443856462681,0,0.42642327006843816,0,0.46863097393229314,0