msdX(mean),msdX(std),msdY(mean),msdY(std),msdZ(mean),msdZ(std),DmsdX(mean),DmsdX(std),DmsdY(mean),DmsdY(std),DmsdZ(mean),DmsdZ(std)
3289.8419625000001,0,2366.4739125000001,0,2410.4328249999999,0,0.73836115506329114,0,0.53112351030164284,0,0.54098950197504259,0