msdX(mean),msdX(std),msdY(mean),msdY(std),msdZ(mean),msdZ(std),DmsdX(mean),DmsdX(std),DmsdY(mean),DmsdY(std),DmsdZ(mean),DmsdZ(std)
4462.7610775000003,0,3094.2151800000001,0,3296.7555025000001,0,0.66874541620879124,0,0.46366860839160845,0,0.49401930606893113,0