msdX(mean),msdX(std),msdY(mean),msdY(std),msdZ(mean),msdZ(std),DmsdX(mean),DmsdX(std),DmsdY(mean),DmsdY(std),DmsdZ(mean),DmsdZ(std)
5887.6467499999999,0,3922.1911224999999,0,4401.4292624999998,0,0.60712410802672823,0,0.40444967027924433,0,0.45386789128237909,0