msdX(mean),msdX(std),msdY(mean),msdY(std),msdZ(mean),msdZ(std),DmsdX(mean),DmsdX(std),DmsdY(mean),DmsdY(std),DmsdZ(mean),DmsdZ(std)
2723.0376849999998,0,1981.0281975,0,1966.0871675000001,0,0.7898510099007986,0,0.57462191252683081,0,0.57028808060835767,0