msdX(mean),msdX(std),msdY(mean),msdY(std),msdZ(mean),msdZ(std),DmsdX(mean),DmsdX(std),DmsdY(mean),DmsdY(std),DmsdZ(mean),DmsdZ(std)
2463.4313225000001,0,1816.5595725000001,0,1779.4793725,0,0.80920352657454464,0,0.5967149962224072,0,0.58453465722450948,0