msdX(mean),msdX(std),msdY(mean),msdY(std),msdZ(mean),msdZ(std),DmsdX(mean),DmsdX(std),DmsdY(mean),DmsdY(std),DmsdZ(mean),DmsdZ(std)
309.87773175000001,0,306.46239424999999,0,236.086164,0,0.90855472561571549,0,0.89854103083463643,0,0.69219946442533231,0