msdX(mean),msdX(std),msdY(mean),msdY(std),msdZ(mean),msdZ(std),DmsdX(mean),DmsdX(std),DmsdY(mean),DmsdY(std),DmsdZ(mean),DmsdZ(std)
2667.8547722500002,0,2471.5698362500002,0,1804.1965379999999,0,0.4400754567461016,0,0.40769731391723674,0,0.29761088338795172,0