msdX(mean),msdX(std),msdY(mean),msdY(std),msdZ(mean),msdZ(std),DmsdX(mean),DmsdX(std),DmsdY(mean),DmsdY(std),DmsdZ(mean),DmsdZ(std)
1490.0842082500001,0,1419.3400194999999,0,1050.6913855,0,0.56604105461924181,0,0.5391673282979208,0,0.39912808728189025,0