msdX(mean),msdX(std),msdY(mean),msdY(std),msdZ(mean),msdZ(std),DmsdX(mean),DmsdX(std),DmsdY(mean),DmsdY(std),DmsdZ(mean),DmsdZ(std)
3062.4506660000002,0,2827.5214397499999,0,2043.1589072500001,0,0.41007641483663632,0,0.37861829669925012,0,0.27358849856052492,0