msdX(mean),msdX(std),msdY(mean),msdY(std),msdZ(mean),msdZ(std),DmsdX(mean),DmsdX(std),DmsdY(mean),DmsdY(std),DmsdZ(mean),DmsdZ(std)
2384.0535962499998,0,2214.0226794999999,0,1625.3236565,0,0.46466137321175655,0,0.4315216823131196,0,0.31678193952131595,0