msdX(mean),msdX(std),msdY(mean),msdY(std),msdZ(mean),msdZ(std),DmsdX(mean),DmsdX(std),DmsdY(mean),DmsdY(std),DmsdZ(mean),DmsdZ(std)
53.797731249999998,0,54.382271750000001,0,42.948656249999999,0,1.322895030737705,0,1.3372689774590165,0,1.0561144979508197,0