msdX(mean),msdX(std),msdY(mean),msdY(std),msdZ(mean),msdZ(std),DmsdX(mean),DmsdX(std),DmsdY(mean),DmsdY(std),DmsdZ(mean),DmsdZ(std)
701.86651074999997,0,685.64305124999998,0,518.42678550000005,0,0.72546841656904626,0,0.70869940523359976,0,0.53586010077866597,0