msdX(mean),msdX(std),msdY(mean),msdY(std),msdZ(mean),msdZ(std),DmsdX(mean),DmsdX(std),DmsdY(mean),DmsdY(std),DmsdZ(mean),DmsdZ(std)
2183.9289094999999,0,2038.2442715,0,1501.5804102500001,0,0.48239458160921234,0,0.45021520082021532,0,0.33167483181537061,0