msdX(mean),msdX(std),msdY(mean),msdY(std),msdZ(mean),msdZ(std),DmsdX(mean),DmsdX(std),DmsdY(mean),DmsdY(std),DmsdZ(mean),DmsdZ(std)
1092.5864160000001,0,1053.8927497499999,0,787.97044674999995,0,0.62982960839322089,0,0.60752435518427417,0,0.45423145541101417,0