msdX(mean),msdX(std),msdY(mean),msdY(std),msdZ(mean),msdZ(std),DmsdX(mean),DmsdX(std),DmsdY(mean),DmsdY(std),DmsdZ(mean),DmsdZ(std)
63.858223750000001,0,64.497798750000001,0,50.778064000000001,0,1.2754638565246339,0,1.2882383239014648,0,1.0142090013315581,0