msdX(mean),msdX(std),msdY(mean),msdY(std),msdZ(mean),msdZ(std),DmsdX(mean),DmsdX(std),DmsdY(mean),DmsdY(std),DmsdZ(mean),DmsdZ(std)
299.58591925000002,0,296.18899275000001,0,228.856617,0,0.91579147926431637,0,0.90540755884450785,0,0.69958207764418179,0