msdX(mean),msdX(std),msdY(mean),msdY(std),msdZ(mean),msdZ(std),DmsdX(mean),DmsdX(std),DmsdY(mean),DmsdY(std),DmsdZ(mean),DmsdZ(std)
878.36351124999999,0,849.12124800000004,0,640.78328124999996,0,0.67802864701265952,0,0.65545588307945657,0,0.494635097712536,0