msdX(mean),msdX(std),msdY(mean),msdY(std),msdZ(mean),msdZ(std),DmsdX(mean),DmsdX(std),DmsdY(mean),DmsdY(std),DmsdZ(mean),DmsdZ(std)
35.587303499999997,0,36.012665749999996,0,28.546532750000001,0,1.44272852027027,0,1.4599729358108107,0,1.1572918682432431,0