msdX(mean),msdX(std),msdY(mean),msdY(std),msdZ(mean),msdZ(std),DmsdX(mean),DmsdX(std),DmsdY(mean),DmsdY(std),DmsdZ(mean),DmsdZ(std)
66.101584750000001,0,66.754133249999995,0,52.552449750000001,0,1.2663138840996169,0,1.2788148132183907,0,1.0067519109195404,0