msdX(mean),msdX(std),msdY(mean),msdY(std),msdZ(mean),msdZ(std),DmsdX(mean),DmsdX(std),DmsdY(mean),DmsdY(std),DmsdZ(mean),DmsdZ(std)
417.76031275000003,0,411.22608500000001,0,315.02937750000001,0,0.84158000151087842,0,0.82841677074939568,0,0.63462807715551983,0