msdX(mean),msdX(std),msdY(mean),msdY(std),msdZ(mean),msdZ(std),DmsdX(mean),DmsdX(std),DmsdY(mean),DmsdY(std),DmsdZ(mean),DmsdZ(std)
320.2564185,0,316.88816674999998,0,243.71911625000001,0,0.90060860095613038,0,0.89113657691226089,0,0.6853743426602924,0