msdX(mean),msdX(std),msdY(mean),msdY(std),msdZ(mean),msdZ(std),DmsdX(mean),DmsdX(std),DmsdY(mean),DmsdY(std),DmsdZ(mean),DmsdZ(std)
38.131048999999997,0,38.584078499999997,0,30.584517999999999,0,1.4228003358208954,0,1.4397044216417909,0,1.1412133582089552,0