msdX(mean),msdX(std),msdY(mean),msdY(std),msdZ(mean),msdZ(std),DmsdX(mean),DmsdX(std),DmsdY(mean),DmsdY(std),DmsdZ(mean),DmsdZ(std)
617.31486374999997,0,604.63776099999995,0,458.41843649999998,0,0.75392631137029797,0,0.73844377259404004,0,0.55986619015632633,0