msdX(mean),msdX(std),msdY(mean),msdY(std),msdZ(mean),msdZ(std),DmsdX(mean),DmsdX(std),DmsdY(mean),DmsdY(std),DmsdZ(mean),DmsdZ(std)
131.7302565,0,132.05009025000001,0,103.19274375000001,0,1.0953180972838137,0,1.0979774688192905,0,0.8580327917128604,0