msdX(mean),msdX(std),msdY(mean),msdY(std),msdZ(mean),msdZ(std),DmsdX(mean),DmsdX(std),DmsdY(mean),DmsdY(std),DmsdZ(mean),DmsdZ(std)
637.77990175000002,0,624.09844075000001,0,473.18070975000001,0,0.7471064838930106,0,0.73107978221397896,0,0.55429212387739168,0