msdX(mean),msdX(std),msdY(mean),msdY(std),msdZ(mean),msdZ(std),DmsdX(mean),DmsdX(std),DmsdY(mean),DmsdY(std),DmsdZ(mean),DmsdZ(std)
156.50407025000001,0,156.23099225000001,0,122.079369,0,1.0565081250000001,0,1.0546646641539155,0,0.82411815256525656,0