msdX(mean),msdX(std),msdY(mean),msdY(std),msdZ(mean),msdZ(std),DmsdX(mean),DmsdX(std),DmsdY(mean),DmsdY(std),DmsdZ(mean),DmsdZ(std)
3600.290301,0,3308.3092765000001,0,2371.5742887500001,0,0.37536128748966102,0,0.34491974969243711,0,0.24725705539781614,0