msdX(mean),msdX(std),msdY(mean),msdY(std),msdZ(mean),msdZ(std),DmsdX(mean),DmsdX(std),DmsdY(mean),DmsdY(std),DmsdZ(mean),DmsdZ(std)
212.93701625,0,211.81292375000001,0,165.17647875,0,0.98764849837662338,0,0.98243471127087201,0,0.76612466952690172,0