msdX(mean),msdX(std),msdY(mean),msdY(std),msdZ(mean),msdZ(std),DmsdX(mean),DmsdX(std),DmsdY(mean),DmsdY(std),DmsdZ(mean),DmsdZ(std)
2594.5740555000002,0,2404.2861155000001,0,1758.3238065,0,0.44621711820245591,0,0.41349123164104151,0,0.30239806805283254,0