msdX(mean),msdX(std),msdY(mean),msdY(std),msdZ(mean),msdZ(std),DmsdX(mean),DmsdX(std),DmsdY(mean),DmsdY(std),DmsdZ(mean),DmsdZ(std)
1780.94292225,0,1682.969341,0,1242.1705952499999,0,0.52675034671694765,0,0.49777265335699494,0,0.36739739581484765,0