msdX(mean),msdX(std),msdY(mean),msdY(std),msdZ(mean),msdZ(std),DmsdX(mean),DmsdX(std),DmsdY(mean),DmsdY(std),DmsdZ(mean),DmsdZ(std)
475.74862925000002,0,467.97028625000002,0,356.93744325,0,0.81111950883723583,0,0.79785795564332807,0,0.60855440426801544,0