msdX(mean),msdX(std),msdY(mean),msdY(std),msdZ(mean),msdZ(std),DmsdX(mean),DmsdX(std),DmsdY(mean),DmsdY(std),DmsdZ(mean),DmsdZ(std)
45.275566750000003,0,45.766170000000002,0,36.272820000000003,0,1.3719868712121213,0,1.3868536363636363,0,1.0991763636363636,0