msdX(mean),msdX(std),msdY(mean),msdY(std),msdZ(mean),msdZ(std),DmsdX(mean),DmsdX(std),DmsdY(mean),DmsdY(std),DmsdZ(mean),DmsdZ(std)
78.660757000000004,0,79.131653,0,62.351918249999997,0,1.2227060673575132,0,1.2300256943005183,0,0.96920080181347157,0