msdX(mean),msdX(std),msdY(mean),msdY(std),msdZ(mean),msdZ(std),DmsdX(mean),DmsdX(std),DmsdY(mean),DmsdY(std),DmsdZ(mean),DmsdZ(std)
55.67619775,0,56.262660750000002,0,44.408505499999997,0,1.3131178714622642,0,1.326949545990566,0,1.047370412735849,0