msdX(mean),msdX(std),msdY(mean),msdY(std),msdZ(mean),msdZ(std),DmsdX(mean),DmsdX(std),DmsdY(mean),DmsdY(std),DmsdZ(mean),DmsdZ(std)
749.70719299999996,0,728.37690375,0,550.74967724999999,0,0.71292049543552682,0,0.69263684266831504,0,0.52372544432293655,0