msdX(mean),msdX(std),msdY(mean),msdY(std),msdZ(mean),msdZ(std),DmsdX(mean),DmsdX(std),DmsdY(mean),DmsdY(std),DmsdZ(mean),DmsdZ(std)
2249.4709659999999,0,2098.8286870000002,0,1542.6270930000001,0,0.47656936936809691,0,0.44465453384085202,0,0.32681854177848085,0