msdX(mean),msdX(std),msdY(mean),msdY(std),msdZ(mean),msdZ(std),DmsdX(mean),DmsdX(std),DmsdY(mean),DmsdY(std),DmsdZ(mean),DmsdZ(std)
173.42188275000001,0,173.07506799999999,0,135.22729674999999,0,1.0330930267077045,0,1.0310270135027799,0,0.80556372170373303,0