msdX(mean),msdX(std),msdY(mean),msdY(std),msdZ(mean),msdZ(std),DmsdX(mean),DmsdX(std),DmsdY(mean),DmsdY(std),DmsdZ(mean),DmsdZ(std)
491.68912925000001,0,483.10632750000002,0,368.80926349999999,0,0.80411436314326212,0,0.79007794510466633,0,0.60315514091801126,0