msdX(mean),msdX(std),msdY(mean),msdY(std),msdZ(mean),msdZ(std),DmsdX(mean),DmsdX(std),DmsdY(mean),DmsdY(std),DmsdZ(mean),DmsdZ(std)
1200.4399122499999,0,1154.4854747500001,0,861.140446,0,0.61062086485638711,0,0.58724548547763578,0,0.43803135711621283,0