msdX(mean),msdX(std),msdY(mean),msdY(std),msdZ(mean),msdZ(std),DmsdX(mean),DmsdX(std),DmsdY(mean),DmsdY(std),DmsdZ(mean),DmsdZ(std)
2452.525611,0,2276.1698447499998,0,1667.8822172499999,0,0.45847884650855569,0,0.4255106328749112,0,0.31179642391792023,0