msdX(mean),msdX(std),msdY(mean),msdY(std),msdZ(mean),msdZ(std),DmsdX(mean),DmsdX(std),DmsdY(mean),DmsdY(std),DmsdZ(mean),DmsdZ(std)
2066.4673227500002,0,1931.10255725,0,1424.5769977499999,0,0.49615061770708291,0,0.46365007376950779,0,0.34203529357743095,0