msdX(mean),msdX(std),msdY(mean),msdY(std),msdZ(mean),msdZ(std),DmsdX(mean),DmsdX(std),DmsdY(mean),DmsdY(std),DmsdZ(mean),DmsdZ(std)
524.18352549999997,0,514.7330465,0,392.32137625000001,0,0.78864121188565695,0,0.77442283826479441,0,0.59025282284353064,0