msdX(mean),msdX(std),msdY(mean),msdY(std),msdZ(mean),msdZ(std),DmsdX(mean),DmsdX(std),DmsdY(mean),DmsdY(std),DmsdZ(mean),DmsdZ(std)
906.45493099999999,0,876.17824949999999,0,659.22297575000005,0,0.67111668139190517,0,0.64870057959032568,0,0.48807229201628827,0