msdX(mean),msdX(std),msdY(mean),msdY(std),msdZ(mean),msdZ(std),DmsdX(mean),DmsdX(std),DmsdY(mean),DmsdY(std),DmsdZ(mean),DmsdZ(std)
1889.8078042499999,0,1777.6702215,0,1311.71351725,0,0.51421475980463294,0,0.48370223887568708,0,0.35691589890162717,0