msdX(mean),msdX(std),msdY(mean),msdY(std),msdZ(mean),msdZ(std),DmsdX(mean),DmsdX(std),DmsdY(mean),DmsdY(std),DmsdZ(mean),DmsdZ(std)
40.819736499999998,0,41.294610499999997,0,32.748300499999999,0,1.4011351201372997,0,1.4174351430205949,0,1.1240835411899313,0