msdX(mean),msdX(std),msdY(mean),msdY(std),msdZ(mean),msdZ(std),DmsdX(mean),DmsdX(std),DmsdY(mean),DmsdY(std),DmsdZ(mean),DmsdZ(std)
934.864957,0,903.92898449999996,0,679.31870649999996,0,0.66387228873739523,0,0.6419038378781422,0,0.48240214919755714,0