msdX(mean),msdX(std),msdY(mean),msdY(std),msdZ(mean),msdZ(std),DmsdX(mean),DmsdX(std),DmsdY(mean),DmsdY(std),DmsdZ(mean),DmsdZ(std)
96.637265749999997,0,97.320273,0,76.261959250000004,0,1.1699426846246974,0,1.1782115375302664,0,0.92326827179176763,0