msdX(mean),msdX(std),msdY(mean),msdY(std),msdZ(mean),msdZ(std),DmsdX(mean),DmsdX(std),DmsdY(mean),DmsdY(std),DmsdZ(mean),DmsdZ(std)
725.96199575000003,0,707.29800724999996,0,534.27372475000004,0,0.71972438441837416,0,0.70122076065763383,0,0.52968313755783214,0