msdX(mean),msdX(std),msdY(mean),msdY(std),msdZ(mean),msdZ(std),DmsdX(mean),DmsdX(std),DmsdY(mean),DmsdY(std),DmsdZ(mean),DmsdZ(std)
964.40940524999996,0,933.05470524999998,0,699.76067824999996,0,0.65689497224366544,0,0.63553812454590863,0,0.47663292043184091,0