msdX(mean),msdX(std),msdY(mean),msdY(std),msdZ(mean),msdZ(std),DmsdX(mean),DmsdX(std),DmsdY(mean),DmsdY(std),DmsdZ(mean),DmsdZ(std)
541.58371,0,531.66045025000005,0,404.72982925000002,0,0.78150607503607505,0,0.76718679689754699,0,0.58402572763347771,0