msdX(mean),msdX(std),msdY(mean),msdY(std),msdZ(mean),msdZ(std),DmsdX(mean),DmsdX(std),DmsdY(mean),DmsdY(std),DmsdZ(mean),DmsdZ(std)
48.485188000000001,0,48.996652500000003,0,38.801177500000001,0,1.3518175092936804,0,1.3660776719330856,0,1.0818172165427509,0