msdX(mean),msdX(std),msdY(mean),msdY(std),msdZ(mean),msdZ(std),DmsdX(mean),DmsdX(std),DmsdY(mean),DmsdY(std),DmsdZ(mean),DmsdZ(std)
39.474628000000003,0,39.923155250000001,0,31.638802500000001,0,1.4131728400954655,0,1.4292299015513126,0,1.1326540274463008,0