msdX(mean),msdX(std),msdY(mean),msdY(std),msdZ(mean),msdZ(std),DmsdX(mean),DmsdX(std),DmsdY(mean),DmsdY(std),DmsdZ(mean),DmsdZ(std)
50.180868250000003,0,50.731872500000001,0,40.126595000000002,0,1.341734445187166,0,1.3564671791443852,0,1.0729036096256686,0