msdX(mean),msdX(std),msdY(mean),msdY(std),msdZ(mean),msdZ(std),DmsdX(mean),DmsdX(std),DmsdY(mean),DmsdY(std),DmsdZ(mean),DmsdZ(std)
43.751786500000001,0,44.227254250000001,0,35.080723499999998,0,1.3816353631578948,0,1.3966501342105264,0,1.1078123210526314,0