msdX(mean),msdX(std),msdY(mean),msdY(std),msdZ(mean),msdZ(std),DmsdX(mean),DmsdX(std),DmsdY(mean),DmsdY(std),DmsdZ(mean),DmsdZ(std)
3411.7211459999999,0,3141.6112309999999,0,2258.6802977500001,0,0.38664695137430299,0,0.35603566437238399,0,0.25597398318386499,0