msdX(mean),msdX(std),msdY(mean),msdY(std),msdZ(mean),msdZ(std),DmsdX(mean),DmsdX(std),DmsdY(mean),DmsdY(std),DmsdZ(mean),DmsdZ(std)
279.98222099999998,0,277.14324725,0,214.20427749999999,0,0.93037955582631804,0,0.92094565989144883,0,0.71179977015950369,0