msdX(mean),msdX(std),msdY(mean),msdY(std),msdZ(mean),msdZ(std),DmsdX(mean),DmsdX(std),DmsdY(mean),DmsdY(std),DmsdZ(mean),DmsdZ(std)
799.29499075000001,0,774.52669649999996,0,585.37288450000005,0,0.69921414015571248,0,0.67754711888376984,0,0.51207752186971489,0