msdX(mean),msdX(std),msdY(mean),msdY(std),msdZ(mean),msdZ(std),DmsdX(mean),DmsdX(std),DmsdY(mean),DmsdY(std),DmsdZ(mean),DmsdZ(std)
3504.6849917499999,0,3224.6631524999998,0,2315.5669982499999,0,0.38095506301813092,0,0.35051702431592219,0,0.25169936066081622,0