msdX(mean),msdX(std),msdY(mean),msdY(std),msdZ(mean),msdZ(std),DmsdX(mean),DmsdX(std),DmsdY(mean),DmsdY(std),DmsdZ(mean),DmsdZ(std)
99.355718749999994,0,97.392059765625007,0,96.811722265624994,0,2.1530810383747174,0,2.1105277059819412,0,2.0979515434537244,0