msdX(mean),msdX(std),msdY(mean),msdY(std),msdZ(mean),msdZ(std),DmsdX(mean),DmsdX(std),DmsdY(mean),DmsdY(std),DmsdZ(mean),DmsdZ(std)
4325.1494996093752,0,3866.9121726562498,0,3948.933349609375,0,1.2792357876717604,0,1.1437043828177951,0,1.167963526903999,0