msdX(mean),msdX(std),msdY(mean),msdY(std),msdZ(mean),msdZ(std),DmsdX(mean),DmsdX(std),DmsdY(mean),DmsdY(std),DmsdZ(mean),DmsdZ(std)
88.381089453125,0,86.814606640625001,0,86.119830859375,0,2.1699704827365727,0,2.131509523657289,0,2.1144510901534526,0