msdX(mean),msdX(std),msdY(mean),msdY(std),msdZ(mean),msdZ(std),DmsdX(mean),DmsdX(std),DmsdY(mean),DmsdY(std),DmsdZ(mean),DmsdZ(std)
47.064769921874998,0,46.493741406250003,0,46.117555078125001,0,2.2478696082089553,0,2.220596604477612,0,2.2026294962686568,0