msdX(mean),msdX(std),msdY(mean),msdY(std),msdZ(mean),msdZ(std),DmsdX(mean),DmsdX(std),DmsdY(mean),DmsdY(std),DmsdZ(mean),DmsdZ(std)
57.257285546875003,0,56.489744921875001,0,55.986358593749998,0,2.2253843775303643,0,2.1955528390688257,0,2.1759880263157894,0