msdX(mean),msdX(std),msdY(mean),msdY(std),msdZ(mean),msdZ(std),DmsdX(mean),DmsdX(std),DmsdY(mean),DmsdY(std),DmsdZ(mean),DmsdZ(std)
130.69860859375001,0,127.60098828125,0,126.762801171875,0,2.1158628035413156,0,2.0657158305227656,0,2.0521465282462055,0