msdX(mean),msdX(std),msdY(mean),msdY(std),msdZ(mean),msdZ(std),DmsdX(mean),DmsdX(std),DmsdY(mean),DmsdY(std),DmsdZ(mean),DmsdZ(std)
1884.093308984375,0,1727.8162851562499,0,1751.4594640625,0,1.5162457679813899,0,1.3904800349987425,0,1.4095071552519072,0