msdX(mean),msdX(std),msdY(mean),msdY(std),msdZ(mean),msdZ(std),DmsdX(mean),DmsdX(std),DmsdY(mean),DmsdY(std),DmsdZ(mean),DmsdZ(std)
2407.4094828124998,0,2189.8224578125,0,2226.6833996093751,0,1.4468873120265446,0,1.3161144177674826,0,1.3382683676360108,0