msdX(mean),msdX(std),msdY(mean),msdY(std),msdZ(mean),msdZ(std),DmsdX(mean),DmsdX(std),DmsdY(mean),DmsdY(std),DmsdZ(mean),DmsdZ(std)
2769.7923972656249,0,2502.3649542968751,0,2551.7884324218749,0,1.408891379947544,0,1.2728608891670641,0,1.2980007922031473,0