msdX(mean),msdX(std),msdY(mean),msdY(std),msdZ(mean),msdZ(std),DmsdX(mean),DmsdX(std),DmsdY(mean),DmsdY(std),DmsdZ(mean),DmsdZ(std)
716.88828437500001,0,677.79337460937495,0,677.26698320312505,0,1.778787162057379,0,1.6817824751227706,0,1.6804763604936677,0