msdX(mean),msdX(std),msdY(mean),msdY(std),msdZ(mean),msdZ(std),DmsdX(mean),DmsdX(std),DmsdY(mean),DmsdY(std),DmsdZ(mean),DmsdZ(std)
2583.6647917968749,0,2340.4603402343751,0,2382.3941675781248,0,1.428507861616656,0,1.2940401581667913,0,1.3172253647843113,0