msdX(mean),msdX(std),msdY(mean),msdY(std),msdZ(mean),msdZ(std),DmsdX(mean),DmsdX(std),DmsdY(mean),DmsdY(std),DmsdZ(mean),DmsdZ(std)
111.77484414062501,0,109.37644453125,0,108.69333710937499,0,2.1375268999003985,0,2.0916610906374502,0,2.0785976817729082,0