msdX(mean),msdX(std),msdY(mean),msdY(std),msdZ(mean),msdZ(std),DmsdX(mean),DmsdX(std),DmsdY(mean),DmsdY(std),DmsdZ(mean),DmsdZ(std)
6319.604898046875,0,5572.4715640625,0,5704.9649121093753,0,1.1813955761347923,0,1.0417254496329327,0,1.0664939371847797,0