msdX(mean),msdX(std),msdY(mean),msdY(std),msdZ(mean),msdZ(std),DmsdX(mean),DmsdX(std),DmsdY(mean),DmsdY(std),DmsdZ(mean),DmsdZ(std)
1820.0807937500001,0,1669.133440625,0,1692.9982417968749,0,1.5272070291058473,0,1.400548993095009,0,1.4205736492657981,0