msdX(mean),msdX(std),msdY(mean),msdY(std),msdZ(mean),msdZ(std),DmsdX(mean),DmsdX(std),DmsdY(mean),DmsdY(std),DmsdZ(mean),DmsdZ(std)
304.03139414062503,0,293.08214335937498,0,290.44551523437502,0,1.9681061252528658,0,1.8972276306473361,0,1.8801597749494268,0