msdX(mean),msdX(std),msdY(mean),msdY(std),msdZ(mean),msdZ(std),DmsdX(mean),DmsdX(std),DmsdY(mean),DmsdY(std),DmsdZ(mean),DmsdZ(std)
1107.0771218750001,0,1036.85032734375,0,1038.7116433593751,0,1.6655603149976494,0,1.5599064633286319,0,1.5627067507052188,0