msdX(mean),msdX(std),msdY(mean),msdY(std),msdZ(mean),msdZ(std),DmsdX(mean),DmsdX(std),DmsdY(mean),DmsdY(std),DmsdZ(mean),DmsdZ(std)
459.28867148437502,0,439.25461210937499,0,437.63334882812501,0,1.8802436018123667,0,1.7982278363539443,0,1.7915906817697227,0