msdX(mean),msdX(std),msdY(mean),msdY(std),msdZ(mean),msdZ(std),DmsdX(mean),DmsdX(std),DmsdY(mean),DmsdY(std),DmsdZ(mean),DmsdZ(std)
743.28166953125003,0,702.96559804687502,0,702.00139179687505,0,1.7692794514009422,0,1.6733126063104389,0,1.6710174463798662,0