msdX(mean),msdX(std),msdY(mean),msdY(std),msdZ(mean),msdZ(std),DmsdX(mean),DmsdX(std),DmsdY(mean),DmsdY(std),DmsdZ(mean),DmsdZ(std)
381.12677304687497,0,365.89674140624999,0,363.19955429687502,0,1.9216475951943275,0,1.844857519695378,0,1.8312582569590337,0