msdX(mean),msdX(std),msdY(mean),msdY(std),msdZ(mean),msdZ(std),DmsdX(mean),DmsdX(std),DmsdY(mean),DmsdY(std),DmsdZ(mean),DmsdZ(std)
45.032154296874999,0,44.532801171875001,0,44.183012890625001,0,2.2516077148437499,0,2.22664005859375,0,2.2091506445312499,0