msdX(mean),msdX(std),msdY(mean),msdY(std),msdZ(mean),msdZ(std),DmsdX(mean),DmsdX(std),DmsdY(mean),DmsdY(std),DmsdZ(mean),DmsdZ(std)
6107.6449089843754,0,5390.5207207031253,0,5515.8529640625002,0,1.1904048548624506,0,1.0506344314029032,0,1.0750621958176834,0