msdX(mean),msdX(std),msdY(mean),msdY(std),msdZ(mean),msdZ(std),DmsdX(mean),DmsdX(std),DmsdY(mean),DmsdY(std),DmsdZ(mean),DmsdZ(std)
993.69802968750002,0,934.33240976562502,0,933.99739140625002,0,1.6941042594565796,0,1.592894891449121,0,1.5923237360149174,0