msdX(mean),msdX(std),msdY(mean),msdY(std),msdZ(mean),msdZ(std),DmsdX(mean),DmsdX(std),DmsdY(mean),DmsdY(std),DmsdZ(mean),DmsdZ(std)
2243.4928402343749,0,2046.33029375,0,2079.3540074218749,0,1.4656366972609729,0,1.3368336726777814,0,1.3584075176080299,0