msdX(mean),msdX(std),msdY(mean),msdY(std),msdZ(mean),msdZ(std),DmsdX(mean),DmsdX(std),DmsdY(mean),DmsdY(std),DmsdZ(mean),DmsdZ(std)
859.61382734375002,0,810.65413359374998,0,810.70668632812499,0,1.7314923924674779,0,1.6328744612882919,0,1.6329803165652537,0