msdX(mean),msdX(std),msdY(mean),msdY(std),msdZ(mean),msdZ(std),DmsdX(mean),DmsdX(std),DmsdY(mean),DmsdY(std),DmsdZ(mean),DmsdZ(std)
223.65640273437501,0,217.19924296875001,0,215.22843164062499,0,2.0217527930790959,0,1.9633829872881357,0,1.9455677436440677,0