msdX(mean),msdX(std),msdY(mean),msdY(std),msdZ(mean),msdZ(std),DmsdX(mean),DmsdX(std),DmsdY(mean),DmsdY(std),DmsdZ(mean),DmsdZ(std)
8043.2542152343749,0,7036.9716949218746,0,7226.3710925781252,0,1.1229021067164504,0,0.98241708264862415,0,1.0088587413290384,0