msdX(mean),msdX(std),msdY(mean),msdY(std),msdZ(mean),msdZ(std),DmsdX(mean),DmsdX(std),DmsdY(mean),DmsdY(std),DmsdZ(mean),DmsdZ(std)
1420.2532125,0,1317.8451585937501,0,1326.7030167968751,0,1.595603375073142,0,1.4805516117612638,0,1.490503096693973,0