msdX(mean),msdX(std),msdY(mean),msdY(std),msdZ(mean),msdZ(std),DmsdX(mean),DmsdX(std),DmsdY(mean),DmsdY(std),DmsdZ(mean),DmsdZ(std)
1579.162984375,0,1458.081834765625,0,1473.741282421875,0,1.5656268356914178,0,1.4455835602344314,0,1.4611087794330269,0