msdX(mean),msdX(std),msdY(mean),msdY(std),msdZ(mean),msdZ(std),DmsdX(mean),DmsdX(std),DmsdY(mean),DmsdY(std),DmsdZ(mean),DmsdZ(std)
72.559995312500007,0,71.369329687499999,0,70.704750390624994,0,2.1974004889589906,0,2.1613424763406939,0,2.1412164156151414,0