msdX(mean),msdX(std),msdY(mean),msdY(std),msdZ(mean),msdZ(std),DmsdX(mean),DmsdX(std),DmsdY(mean),DmsdY(std),DmsdZ(mean),DmsdZ(std)
2865.40758125,0,2586.3960992187499,0,2641.7552855468748,0,1.3979729013569142,0,1.2618489887940234,0,1.2888575870940691,0