msdX(mean),msdX(std),msdY(mean),msdY(std),msdZ(mean),msdZ(std),DmsdX(mean),DmsdX(std),DmsdY(mean),DmsdY(std),DmsdZ(mean),DmsdZ(std)
215.43177812499999,0,209.23255624999999,0,207.42722304687501,0,2.02958299313052,0,1.9711801177625119,0,1.9541720718842002,0