msdX(mean),msdX(std),msdY(mean),msdY(std),msdZ(mean),msdZ(std),DmsdX(mean),DmsdX(std),DmsdY(mean),DmsdY(std),DmsdZ(mean),DmsdZ(std)
64.480316015624993,0,63.598023046874999,0,62.946090624999997,0,2.2107536919642854,0,2.1805036473214283,0,2.1581516785714285,0