msdX(mean),msdX(std),msdY(mean),msdY(std),msdZ(mean),msdZ(std),DmsdX(mean),DmsdX(std),DmsdY(mean),DmsdY(std),DmsdZ(mean),DmsdZ(std)
532.91516289062497,0,508.01147656249998,0,506.76844179687498,0,1.8462596765608079,0,1.7599820191266689,0,1.7556755832731863,0