msdX(mean),msdX(std),msdY(mean),msdY(std),msdZ(mean),msdZ(std),DmsdX(mean),DmsdX(std),DmsdY(mean),DmsdY(std),DmsdZ(mean),DmsdZ(std)
120.70495703125,0,117.97105156249999,0,117.253070703125,0,2.1261790596330274,0,2.0780221926605504,0,2.0653751903669724,0