msdX(mean),msdX(std),msdY(mean),msdY(std),msdZ(mean),msdZ(std),DmsdX(mean),DmsdX(std),DmsdY(mean),DmsdY(std),DmsdZ(mean),DmsdZ(std)
395.83342265624998,0,379.61185546874998,0,376.99150390624999,0,1.9143581146095716,0,1.8359062027707806,0,1.8232334697732997,0