msdX(mean),msdX(std),msdY(mean),msdY(std),msdZ(mean),msdZ(std),DmsdX(mean),DmsdX(std),DmsdY(mean),DmsdY(std),DmsdZ(mean),DmsdZ(std)
260.94134062500001,0,252.40797851562499,0,250.17940546874999,0,1.9960453147410357,0,1.9307701942231073,0,1.9137229422310753,0