msdX(mean),msdX(std),msdY(mean),msdY(std),msdZ(mean),msdZ(std),DmsdX(mean),DmsdX(std),DmsdY(mean),DmsdY(std),DmsdZ(mean),DmsdZ(std)
442.75640898437501,0,423.62911757812498,0,421.43209257812498,0,1.8890940116666668,0,1.807484235,0,1.7981102616666667,0