msdX(mean),msdX(std),msdY(mean),msdY(std),msdZ(mean),msdZ(std),DmsdX(mean),DmsdX(std),DmsdY(mean),DmsdY(std),DmsdZ(mean),DmsdZ(std)
665.69601757812495,0,630.90491953125002,0,630.36512226562502,0,1.7956397214807529,0,1.7017946691486372,0,1.7003386270722112,0