msdX(mean),msdX(std),msdY(mean),msdY(std),msdZ(mean),msdZ(std),DmsdX(mean),DmsdX(std),DmsdY(mean),DmsdY(std),DmsdZ(mean),DmsdZ(std)
152.345865234375,0,148.64240742187499,0,147.45100390625001,0,2.0893147232142857,0,2.038524444642857,0,2.0221851964285715,0