msdX(mean),msdX(std),msdY(mean),msdY(std),msdZ(mean),msdZ(std),DmsdX(mean),DmsdX(std),DmsdY(mean),DmsdY(std),DmsdZ(mean),DmsdZ(std)
232.34949492187499,0,225.44084765625001,0,223.65679882812501,0,2.0149549695121949,0,1.9550425813008132,0,1.9395711551490515,0