msdX(mean),msdX(std),msdY(mean),msdY(std),msdZ(mean),msdZ(std),DmsdX(mean),DmsdX(std),DmsdY(mean),DmsdY(std),DmsdZ(mean),DmsdZ(std)
125.544666015625,0,122.618322265625,0,121.80143750000001,0,2.1218816791373238,0,2.0724223481514081,0,2.0586158450704226,0