msdX(mean),msdX(std),msdY(mean),msdY(std),msdZ(mean),msdZ(std),DmsdX(mean),DmsdX(std),DmsdY(mean),DmsdY(std),DmsdZ(mean),DmsdZ(std)
4968.5987867187496,0,4417.0901027343753,0,4516.7551480468746,0,1.2437367566034783,0,1.1056834238025084,0,1.1306315199408097,0