msdX(mean),msdX(std),msdY(mean),msdY(std),msdZ(mean),msdZ(std),DmsdX(mean),DmsdX(std),DmsdY(mean),DmsdY(std),DmsdZ(mean),DmsdZ(std)
1232.1779894531251,0,1149.32778046875,0,1153.9201882812499,0,1.6356344992740597,0,1.5256563457549779,0,1.5317524623202432,0