msdX(mean),msdX(std),msdY(mean),msdY(std),msdZ(mean),msdZ(std),DmsdX(mean),DmsdX(std),DmsdY(mean),DmsdY(std),DmsdZ(mean),DmsdZ(std)
107.414338671875,0,105.15781484375,0,104.43904218749999,0,2.1438204807692305,0,2.0987838305613304,0,2.0844382640332637,0