msdX(mean),msdX(std),msdY(mean),msdY(std),msdZ(mean),msdZ(std),DmsdX(mean),DmsdX(std),DmsdY(mean),DmsdY(std),DmsdZ(mean),DmsdZ(std)
315.51280820312502,0,304.03927812500001,0,301.67395703124998,0,1.9591998439521345,0,1.8879541203104786,0,1.8732664860931432,0