msdX(mean),msdX(std),msdY(mean),msdY(std),msdZ(mean),msdZ(std),DmsdX(mean),DmsdX(std),DmsdY(mean),DmsdY(std),DmsdZ(mean),DmsdZ(std)
7514.9109843750002,0,6579.4003894531252,0,6757.5396757812496,0,1.1404047588561674,0,0.99843890768008725,0,1.0254719477640251,0