msdX(mean),msdX(std),msdY(mean),msdY(std),msdZ(mean),msdZ(std),DmsdX(mean),DmsdX(std),DmsdY(mean),DmsdY(std),DmsdZ(mean),DmsdZ(std)
6769.3554699218748,0,5960.3443921874996,0,6101.7344089843746,0,1.1641821628285054,0,1.0250498229161067,0,1.0493658359085289,0