msdX(mean),msdX(std),msdY(mean),msdY(std),msdZ(mean),msdZ(std),DmsdX(mean),DmsdX(std),DmsdY(mean),DmsdY(std),DmsdZ(mean),DmsdZ(std)
1693.7240570312499,0,1559.3565671875001,0,1579.7885828125,0,1.5447226816929505,0,1.4221758545506364,0,1.4408104118373548,0