msdX(mean),msdX(std),msdY(mean),msdY(std),msdZ(mean),msdZ(std),DmsdX(mean),DmsdX(std),DmsdY(mean),DmsdY(std),DmsdZ(mean),DmsdZ(std)
367.080117578125,0,352.52893320312501,0,349.95868984374999,0,1.9298845173877326,0,1.8533832194687843,0,1.8398704394852134,0