msdX(mean),msdX(std),msdY(mean),msdY(std),msdZ(mean),msdZ(std),DmsdX(mean),DmsdX(std),DmsdY(mean),DmsdY(std),DmsdZ(mean),DmsdZ(std)
184.68187148437499,0,179.68584687500001,0,178.42913007812501,0,2.0567818633990718,0,2.0011416821345707,0,1.987145764211137,0