msdX(mean),msdX(std),msdY(mean),msdY(std),msdZ(mean),msdZ(std),DmsdX(mean),DmsdX(std),DmsdY(mean),DmsdY(std),DmsdZ(mean),DmsdZ(std)
3172.3745445312502,0,2861.81384921875,0,2921.4049039062502,0,1.3657471468451501,0,1.2320468609578905,0,1.2577015595990853,0