msdX(mean),msdX(std),msdY(mean),msdY(std),msdZ(mean),msdZ(std),DmsdX(mean),DmsdX(std),DmsdY(mean),DmsdY(std),DmsdZ(mean),DmsdZ(std)
164.50361523437499,0,160.34604023437501,0,159.19241601562501,0,2.0752098636662284,0,2.0227621369908015,0,2.0082091902102497,0