msdX(mean),msdX(std),msdY(mean),msdY(std),msdZ(mean),msdZ(std),DmsdX(mean),DmsdX(std),DmsdY(mean),DmsdY(std),DmsdZ(mean),DmsdZ(std)
4800.07145078125,0,4268.7541089843753,0,4372.3744566406249,0,1.2527372207345584,0,1.114072407738419,0,1.1411155606717593,0