msdX(mean),msdX(std),msdY(mean),msdY(std),msdZ(mean),msdZ(std),DmsdX(mean),DmsdX(std),DmsdY(mean),DmsdY(std),DmsdZ(mean),DmsdZ(std)
1471.1055246093749,0,1362.7321550781251,0,1373.87555078125,0,1.5853853879939379,0,1.4685932519925908,0,1.4806022998989672,0