msdX(mean),msdX(std),msdY(mean),msdY(std),msdZ(mean),msdZ(std),DmsdX(mean),DmsdX(std),DmsdY(mean),DmsdY(std),DmsdZ(mean),DmsdZ(std)
69.730915624999994,0,68.625438671875003,0,68.003380468749995,0,2.2020289144736838,0,2.1671191159539474,0,2.147475172697368,0