msdX(mean),msdX(std),msdY(mean),msdY(std),msdZ(mean),msdZ(std),DmsdX(mean),DmsdX(std),DmsdY(mean),DmsdY(std),DmsdZ(mean),DmsdZ(std)
57.482836499999998,0,55.6429385,0,44.319163750000001,0,1.8152474684210524,0,1.7571454263157893,0,1.3995525394736843,0