msdX(mean),msdX(std),msdY(mean),msdY(std),msdZ(mean),msdZ(std),DmsdX(mean),DmsdX(std),DmsdY(mean),DmsdY(std),DmsdZ(mean),DmsdZ(std)
443.70539024999999,0,392.06082225,0,323.52258525000002,0,1.2477654393982001,0,1.1025332459223847,0,0.9097935468222722,0