msdX(mean),msdX(std),msdY(mean),msdY(std),msdZ(mean),msdZ(std),DmsdX(mean),DmsdX(std),DmsdY(mean),DmsdY(std),DmsdZ(mean),DmsdZ(std)
39.682814,0,38.730604249999999,0,31.186674750000002,0,1.9017323003194888,0,1.8560992452076677,0,1.4945690774760383,0