msdX(mean),msdX(std),msdY(mean),msdY(std),msdZ(mean),msdZ(std),DmsdX(mean),DmsdX(std),DmsdY(mean),DmsdY(std),DmsdZ(mean),DmsdZ(std)
3411.4742007499999,0,2456.7879134999998,0,2528.7656252500001,0,0.7227495411323126,0,0.52049121073557247,0,0.53574029517174659,0