msdX(mean),msdX(std),msdY(mean),msdY(std),msdZ(mean),msdZ(std),DmsdX(mean),DmsdX(std),DmsdY(mean),DmsdY(std),DmsdZ(mean),DmsdZ(std)
3631.7945697499999,0,2595.8481535000001,0,2694.2893922500002,0,0.70785097057275759,0,0.50594096103870789,0,0.52512754360975045,0