msdX(mean),msdX(std),msdY(mean),msdY(std),msdZ(mean),msdZ(std),DmsdX(mean),DmsdX(std),DmsdY(mean),DmsdY(std),DmsdZ(mean),DmsdZ(std)
414.67019125000002,0,367.58506399999999,0,302.60429025000002,0,1.2675877050641942,0,1.1236551783166904,0,0.92501820944568991,0