msdX(mean),msdX(std),msdY(mean),msdY(std),msdZ(mean),msdZ(std),DmsdX(mean),DmsdX(std),DmsdY(mean),DmsdY(std),DmsdZ(mean),DmsdZ(std)
5103.57556475,0,3488.5796399999999,0,3829.07499775,0,0.62869981908799732,0,0.4297515263006611,0,0.47169650528682294,0