msdX(mean),msdX(std),msdY(mean),msdY(std),msdZ(mean),msdZ(std),DmsdX(mean),DmsdX(std),DmsdY(mean),DmsdY(std),DmsdZ(mean),DmsdZ(std)
542.98467325000001,0,472.68823049999997,0,396.22833300000002,0,1.1890175326642336,0,1.0350837164233575,0,0.8676532839416059,0