msdX(mean),msdX(std),msdY(mean),msdY(std),msdZ(mean),msdZ(std),DmsdX(mean),DmsdX(std),DmsdY(mean),DmsdY(std),DmsdZ(mean),DmsdZ(std)
53.38437425,0,51.797782750000003,0,41.332355749999998,0,1.8324155921052632,0,1.7779559296338674,0,1.4187307465675056,0