msdX(mean),msdX(std),msdY(mean),msdY(std),msdZ(mean),msdZ(std),DmsdX(mean),DmsdX(std),DmsdY(mean),DmsdY(std),DmsdZ(mean),DmsdZ(std)
99.148923749999994,0,94.534087749999998,0,74.708129499999998,0,1.6748129011824324,0,1.5968595903716216,0,1.2619616469594594,0