msdX(mean),msdX(std),msdY(mean),msdY(std),msdZ(mean),msdZ(std),DmsdX(mean),DmsdX(std),DmsdY(mean),DmsdY(std),DmsdZ(mean),DmsdZ(std)
4949.6662855000004,0,3398.1059664999998,0,3705.27648675,0,0.63570818198748202,0,0.43643422436232243,0,0.47588553314253668,0