msdX(mean),msdX(std),msdY(mean),msdY(std),msdZ(mean),msdZ(std),DmsdX(mean),DmsdX(std),DmsdY(mean),DmsdY(std),DmsdZ(mean),DmsdZ(std)
1428.43141375,0,1135.1418457499999,0,1046.22352725,0,0.93320867623040071,0,0.74159963790287442,0,0.68350840194904172,0