msdX(mean),msdX(std),msdY(mean),msdY(std),msdZ(mean),msdZ(std),DmsdX(mean),DmsdX(std),DmsdY(mean),DmsdY(std),DmsdZ(mean),DmsdZ(std)
1295.5551155000001,0,1039.23588,0,946.75964825000005,0,0.95919677850444229,0,0.76942439289239872,0,0.70095729139930896,0