msdX(mean),msdX(std),msdY(mean),msdY(std),msdZ(mean),msdZ(std),DmsdX(mean),DmsdX(std),DmsdY(mean),DmsdY(std),DmsdZ(mean),DmsdZ(std)
374.69383199999999,0,334.53307124999998,0,273.20185375,0,1.2980155842956118,0,1.1588905470554272,0,0.94642674509237867,0