msdX(mean),msdX(std),msdY(mean),msdY(std),msdZ(mean),msdZ(std),DmsdX(mean),DmsdX(std),DmsdY(mean),DmsdY(std),DmsdZ(mean),DmsdZ(std)
4119.2131474999996,0,2894.2263337499999,0,3060.0077209999999,0,0.67948399072404153,0,0.47741653293872477,0,0.50476296891151828,0