msdX(mean),msdX(std),msdY(mean),msdY(std),msdZ(mean),msdZ(std),DmsdX(mean),DmsdX(std),DmsdY(mean),DmsdY(std),DmsdZ(mean),DmsdZ(std)
2399.7354552500001,0,1810.1263695,0,1774.7616157499999,0,0.80438059952513963,0,0.60674626910614526,0,0.59489216170391057,0