msdX(mean),msdX(std),msdY(mean),msdY(std),msdZ(mean),msdZ(std),DmsdX(mean),DmsdX(std),DmsdY(mean),DmsdY(std),DmsdZ(mean),DmsdZ(std)
3519.0415912499998,0,2526.7618360000001,0,2610.7786230000002,0,0.71508763386144114,0,0.51345120419415591,0,0.53052385419347847,0