msdX(mean),msdX(std),msdY(mean),msdY(std),msdZ(mean),msdZ(std),DmsdX(mean),DmsdX(std),DmsdY(mean),DmsdY(std),DmsdZ(mean),DmsdZ(std)
38.195778500000003,0,37.325524000000001,0,30.095646500000001,0,1.9097889250000002,0,1.8662762000000002,0,1.5047823250000001,0