msdX(mean),msdX(std),msdY(mean),msdY(std),msdZ(mean),msdZ(std),DmsdX(mean),DmsdX(std),DmsdY(mean),DmsdY(std),DmsdZ(mean),DmsdZ(std)
201.29409974999999,0,186.17433475000001,0,148.51209399999999,0,1.4772071899461841,0,1.366250010396282,0,1.0898637035225049,0