msdX(mean),msdX(std),msdY(mean),msdY(std),msdZ(mean),msdZ(std),DmsdX(mean),DmsdX(std),DmsdY(mean),DmsdY(std),DmsdZ(mean),DmsdZ(std)
710.978433,0,604.54352074999997,0,519.68356025000003,0,1.1152019758444003,0,0.9482539800533305,0,0.81514727635156337,0