msdX(mean),msdX(std),msdY(mean),msdY(std),msdZ(mean),msdZ(std),DmsdX(mean),DmsdX(std),DmsdY(mean),DmsdY(std),DmsdZ(mean),DmsdZ(std)
2561.7480875000001,0,1915.6266007500001,0,1893.9322205000001,0,0.78996405058281771,0,0.59072012440124988,0,0.58403024705507478,0