msdX(mean),msdX(std),msdY(mean),msdY(std),msdZ(mean),msdZ(std),DmsdX(mean),DmsdX(std),DmsdY(mean),DmsdY(std),DmsdZ(mean),DmsdZ(std)
304.67883325000003,0,275.47737074999998,0,223.0868605,0,1.3557349447493328,0,1.2257966660486501,0,0.99267365989320677,0