msdX(mean),msdX(std),msdY(mean),msdY(std),msdZ(mean),msdZ(std),DmsdX(mean),DmsdX(std),DmsdY(mean),DmsdY(std),DmsdZ(mean),DmsdZ(std)
3005.81328175,0,2200.1556095000001,0,2222.3965469999998,0,0.75243148136327231,0,0.55075488372384107,0,0.55632235581255629,0