msdX(mean),msdX(std),msdY(mean),msdY(std),msdZ(mean),msdZ(std),DmsdX(mean),DmsdX(std),DmsdY(mean),DmsdY(std),DmsdZ(mean),DmsdZ(std)
274.76860199999999,0,249.97220425,0,201.36080724999999,0,1.3853879092436974,0,1.2603640550420168,0,1.0152645743697477,0