msdX(mean),msdX(std),msdY(mean),msdY(std),msdZ(mean),msdZ(std),DmsdX(mean),DmsdX(std),DmsdY(mean),DmsdY(std),DmsdZ(mean),DmsdZ(std)
146.64140900000001,0,137.90271100000001,0,108.8741385,0,1.5666817200854704,0,1.4733195619658122,0,1.1631852403846155,0