msdX(mean),msdX(std),msdY(mean),msdY(std),msdZ(mean),msdZ(std),DmsdX(mean),DmsdX(std),DmsdY(mean),DmsdY(std),DmsdZ(mean),DmsdZ(std)
85.714610250000007,0,82.142594750000001,0,64.975913250000005,0,1.7120095256324903,0,1.6406643425432759,0,1.2977878811584556,0