msdX(mean),msdX(std),msdY(mean),msdY(std),msdZ(mean),msdZ(std),DmsdX(mean),DmsdX(std),DmsdY(mean),DmsdY(std),DmsdZ(mean),DmsdZ(std)
69.053616000000005,0,66.540917500000006,0,52.746405500000002,0,1.7706055384615387,0,1.7061773717948721,0,1.352471935897436,0