msdX(mean),msdX(std),msdY(mean),msdY(std),msdZ(mean),msdZ(std),DmsdX(mean),DmsdX(std),DmsdY(mean),DmsdY(std),DmsdZ(mean),DmsdZ(std)
88.893688499999996,0,85.091344000000007,0,67.282600250000002,0,1.7029442241379311,0,1.6301023754789274,0,1.2889387021072798,0