msdX(mean),msdX(std),msdY(mean),msdY(std),msdZ(mean),msdZ(std),DmsdX(mean),DmsdX(std),DmsdY(mean),DmsdY(std),DmsdZ(mean),DmsdZ(std)
1061.6645060000001,0,870.23519799999997,0,776.47107525000001,0,1.009570659946748,0,0.82753442183339676,0,0.73837112519018644,0