msdX(mean),msdX(std),msdY(mean),msdY(std),msdZ(mean),msdZ(std),DmsdX(mean),DmsdX(std),DmsdY(mean),DmsdY(std),DmsdZ(mean),DmsdZ(std)
95.642335000000003,0,91.338228000000001,0,72.227303250000006,0,1.6838439260563383,0,1.6080673943661974,0,1.2716074515845073,0