msdX(mean),msdX(std),msdY(mean),msdY(std),msdZ(mean),msdZ(std),DmsdX(mean),DmsdX(std),DmsdY(mean),DmsdY(std),DmsdZ(mean),DmsdZ(std)
349.95898125000002,0,313.82048550000002,0,255.573803,0,1.317947456377103,0,1.1818496817725335,0,0.96249235375345232,0