msdX(mean),msdX(std),msdY(mean),msdY(std),msdZ(mean),msdZ(std),DmsdX(mean),DmsdX(std),DmsdY(mean),DmsdY(std),DmsdZ(mean),DmsdZ(std)
1173.388686,0,951.00405450000005,0,857.26871349999999,0,0.98455167477764727,0,0.79795607862057405,0,0.71930585123342849,0