msdX(mean),msdX(std),msdY(mean),msdY(std),msdZ(mean),msdZ(std),DmsdX(mean),DmsdX(std),DmsdY(mean),DmsdY(std),DmsdZ(mean),DmsdZ(std)
4245.6417245000002,0,2972.1330520000001,0,3156.3968177500001,0,0.67172915362262287,0,0.470239494763045,0,0.49939300121562757,0