msdX(mean),msdX(std),msdY(mean),msdY(std),msdZ(mean),msdZ(std),DmsdX(mean),DmsdX(std),DmsdY(mean),DmsdY(std),DmsdZ(mean),DmsdZ(std)
82.759425750000005,0,79.365351750000002,0,62.76368575,0,1.7217633651178921,0,1.6511515620665744,0,1.3057632264216368,0