msdX(mean),msdX(std),msdY(mean),msdY(std),msdZ(mean),msdZ(std),DmsdX(mean),DmsdX(std),DmsdY(mean),DmsdY(std),DmsdZ(mean),DmsdZ(std)
92.175979499999997,0,88.217119249999996,0,69.748349250000004,0,1.6923374449204405,0,1.6196533522031822,0,1.2805694476744187,0