msdX(mean),msdX(std),msdY(mean),msdY(std),msdZ(mean),msdZ(std),DmsdX(mean),DmsdX(std),DmsdY(mean),DmsdY(std),DmsdZ(mean),DmsdZ(std)
2039.0398235,0,1568.5498849999999,0,1505.5543305000001,0,0.84195219402923438,0,0.64767936452225605,0,0.62166749132876375,0