msdX(mean),msdX(std),msdY(mean),msdY(std),msdZ(mean),msdZ(std),DmsdX(mean),DmsdX(std),DmsdY(mean),DmsdY(std),DmsdZ(mean),DmsdZ(std)
400.64099449999998,0,356.07838550000002,0,292.43394499999999,0,1.2770112446876327,0,1.1349714794942627,0,0.9321098969400764,0