msdX(mean),msdX(std),msdY(mean),msdY(std),msdZ(mean),msdZ(std),DmsdX(mean),DmsdX(std),DmsdY(mean),DmsdY(std),DmsdZ(mean),DmsdZ(std)
215.87276675000001,0,198.68302174999999,0,158.83962775000001,0,1.4572869042529255,0,1.3412445212646265,0,1.0722747147839784,0