msdX(mean),msdX(std),msdY(mean),msdY(std),msdZ(mean),msdZ(std),DmsdX(mean),DmsdX(std),DmsdY(mean),DmsdY(std),DmsdZ(mean),DmsdZ(std)
1911.45170975,0,1480.5925157500001,0,1410.8378707500001,0,0.85794834214817917,0,0.66455871618689966,0,0.63324959039019724,0