msdX(mean),msdX(std),msdY(mean),msdY(std),msdZ(mean),msdZ(std),DmsdX(mean),DmsdX(std),DmsdY(mean),DmsdY(std),DmsdZ(mean),DmsdZ(std)
315.48916274999999,0,284.63309874999999,0,230.97768350000001,0,1.3463264413229017,0,1.2146504925320056,0,0.98568001493598867,0