msdX(mean),msdX(std),msdY(mean),msdY(std),msdZ(mean),msdZ(std),DmsdX(mean),DmsdX(std),DmsdY(mean),DmsdY(std),DmsdZ(mean),DmsdZ(std)
458.93738050000002,0,404.89316500000001,0,334.32761349999998,0,1.2379177679374214,0,1.0921412470778638,0,0.90180079167415927,0