msdX(mean),msdX(std),msdY(mean),msdY(std),msdZ(mean),msdZ(std),DmsdX(mean),DmsdX(std),DmsdY(mean),DmsdY(std),DmsdZ(mean),DmsdZ(std)
5263.8165835,0,3576.7792545000002,0,3955.1140495,0,0.62195058528487368,0,0.42261729972587853,0,0.46731975913935297,0