msdX(mean),msdX(std),msdY(mean),msdY(std),msdZ(mean),msdZ(std),DmsdX(mean),DmsdX(std),DmsdY(mean),DmsdY(std),DmsdZ(mean),DmsdZ(std)
41.285289749999997,0,40.262805749999998,0,32.354019749999999,0,1.8938206307339447,0,1.8469176949541284,0,1.4841293463302752,0