msdX(mean),msdX(std),msdY(mean),msdY(std),msdZ(mean),msdZ(std),DmsdX(mean),DmsdX(std),DmsdY(mean),DmsdY(std),DmsdZ(mean),DmsdZ(std)
621.92093699999998,0,534.91722225000001,0,453.86484875000002,0,1.1525591864343958,0,0.99132176102668645,0,0.84111350769088211,0