msdX(mean),msdX(std),msdY(mean),msdY(std),msdZ(mean),msdZ(std),DmsdX(mean),DmsdX(std),DmsdY(mean),DmsdY(std),DmsdZ(mean),DmsdZ(std)
429.15392850000001,0,379.66323399999999,0,312.99519475,0,1.2582699232799062,0,1.1131642904612979,0,0.91769505888389369,0