msdX(mean),msdX(std),msdY(mean),msdY(std),msdZ(mean),msdZ(std),DmsdX(mean),DmsdX(std),DmsdY(mean),DmsdY(std),DmsdZ(mean),DmsdZ(std)
181.13636525000001,0,168.55553875000001,0,133.852262,0,1.5061227709257208,0,1.4015150117793793,0,1.1129622671840353,0