msdX(mean),msdX(std),msdY(mean),msdY(std),msdZ(mean),msdZ(std),DmsdX(mean),DmsdX(std),DmsdY(mean),DmsdY(std),DmsdZ(mean),DmsdZ(std)
474.55086599999998,0,417.52037725000002,0,346.01861150000002,0,1.2277100707140394,0,1.0801665503190756,0,0.89518440367368068,0