msdX(mean),msdX(std),msdY(mean),msdY(std),msdZ(mean),msdZ(std),DmsdX(mean),DmsdX(std),DmsdY(mean),DmsdY(std),DmsdZ(mean),DmsdZ(std)
960.52142475000005,0,795.10050575000002,0,702.69619375000002,0,1.0351190007364035,0,0.85685089347295074,0,0.75727012761333434,0