msdX(mean),msdX(std),msdY(mean),msdY(std),msdZ(mean),msdZ(std),DmsdX(mean),DmsdX(std),DmsdY(mean),DmsdY(std),DmsdZ(mean),DmsdZ(std)
813.40075724999997,0,683.00148524999997,0,594.4309035,0,1.0798310787459067,0,0.90671938036551902,0,0.78913740618638817,0