msdX(mean),msdX(std),msdY(mean),msdY(std),msdZ(mean),msdZ(std),DmsdX(mean),DmsdX(std),DmsdY(mean),DmsdY(std),DmsdZ(mean),DmsdZ(std)
46.109044500000003,0,44.868974000000001,0,35.895152750000001,0,1.8692855878378378,0,1.8190124594594594,0,1.4552088952702702,0