msdX(mean),msdX(std),msdY(mean),msdY(std),msdZ(mean),msdZ(std),DmsdX(mean),DmsdX(std),DmsdY(mean),DmsdY(std),DmsdZ(mean),DmsdZ(std)
51.480244499999998,0,49.949587000000001,0,39.902261750000001,0,1.8429681801909308,0,1.7881713723150359,0,1.4284819242243436,0