msdX(mean),msdX(std),msdY(mean),msdY(std),msdZ(mean),msdZ(std),DmsdX(mean),DmsdX(std),DmsdY(mean),DmsdY(std),DmsdZ(mean),DmsdZ(std)
3304.3749339999999,0,2388.1053485000002,0,2450.8783444999999,0,0.7298829906198,0,0.52749385541680782,0,0.54135939518325993,0