msdX(mean),msdX(std),msdY(mean),msdY(std),msdZ(mean),msdZ(std),DmsdX(mean),DmsdX(std),DmsdY(mean),DmsdY(std),DmsdZ(mean),DmsdZ(std)
5595.5539737500003,0,3770.3879582499999,0,4211.5963932499999,0,0.6082300183066901,0,0.40983665739405489,0,0.45779548609198817,0