msdX(mean),msdX(std),msdY(mean),msdY(std),msdZ(mean),msdZ(std),DmsdX(mean),DmsdX(std),DmsdY(mean),DmsdY(std),DmsdZ(mean),DmsdZ(std)
1475.2702185000001,0,1168.6969497499999,0,1081.3789262499999,0,0.92443200256913705,0,0.73232743947907097,0,0.67761232741874844,0