msdX(mean),msdX(std),msdY(mean),msdY(std),msdZ(mean),msdZ(std),DmsdX(mean),DmsdX(std),DmsdY(mean),DmsdY(std),DmsdZ(mean),DmsdZ(std)
49.607650249999999,0,48.198175999999997,0,38.519954249999998,0,1.8510317257462685,0,1.7984394029850745,0,1.4373117257462686,0