msdX(mean),msdX(std),msdY(mean),msdY(std),msdZ(mean),msdZ(std),DmsdX(mean),DmsdX(std),DmsdY(mean),DmsdY(std),DmsdZ(mean),DmsdZ(std)
869.55282775000001,0,726.45441449999998,0,635.87534900000003,0,1.0619844012579385,0,0.88721838605276016,0,0.77659422203224238,0