msdX(mean),msdX(std),msdY(mean),msdY(std),msdZ(mean),msdZ(std),DmsdX(mean),DmsdX(std),DmsdY(mean),DmsdY(std),DmsdZ(mean),DmsdZ(std)
47.841748250000002,0,46.534676249999997,0,37.221088000000002,0,1.8591352946891191,0,1.8083423413212434,0,1.4464153367875647,0