msdX(mean),msdX(std),msdY(mean),msdY(std),msdZ(mean),msdZ(std),DmsdX(mean),DmsdX(std),DmsdY(mean),DmsdY(std),DmsdZ(mean),DmsdZ(std)
59.602229749999999,0,57.644203249999997,0,45.880718999999999,0,1.8061281742424242,0,1.7467940378787878,0,1.3903248181818182,0