msdX(mean),msdX(std),msdY(mean),msdY(std),msdZ(mean),msdZ(std),DmsdX(mean),DmsdX(std),DmsdY(mean),DmsdY(std),DmsdZ(mean),DmsdZ(std)
2817.8321940000001,0,2083.6505377499998,0,2086.4639385,0,0.76672924175086621,0,0.56695916821611914,0,0.56772469166651551,0