msdX(mean),msdX(std),msdY(mean),msdY(std),msdZ(mean),msdZ(std),DmsdX(mean),DmsdX(std),DmsdY(mean),DmsdY(std),DmsdZ(mean),DmsdZ(std)
4656.5892884281684,0,4637.949702551301,0,4336.4932487726164,0,0.52772684439713569,0,0.52561443782090767,0,0.49145066403241539,0