msdX(mean),msdX(std),msdY(mean),msdY(std),msdZ(mean),msdZ(std),DmsdX(mean),DmsdX(std),DmsdY(mean),DmsdY(std),DmsdZ(mean),DmsdZ(std)
1575.9210964000536,0,1531.4474477974713,0,1426.6207088943768,0,0.83575604339505072,0,0.81217039518186096,0,0.75657777652361291,0