msdX(mean),msdX(std),msdY(mean),msdY(std),msdZ(mean),msdZ(std),DmsdX(mean),DmsdX(std),DmsdY(mean),DmsdY(std),DmsdZ(mean),DmsdZ(std)
206.19162453499132,0,202.30532867249835,0,185.52785186749676,0,1.5130276423840423,0,1.4845101258278024,0,1.3613975298013008,0