msdX(mean),msdX(std),msdY(mean),msdY(std),msdZ(mean),msdZ(std),DmsdX(mean),DmsdX(std),DmsdY(mean),DmsdY(std),DmsdZ(mean),DmsdZ(std)
725.56198226187428,0,702.48613597501094,0,650.92342477999148,0,1.0916268598940879,0,1.0569086494070954,0,0.97933121028332204,0