msdX(mean),msdX(std),msdY(mean),msdY(std),msdZ(mean),msdZ(std),DmsdX(mean),DmsdX(std),DmsdY(mean),DmsdY(std),DmsdZ(mean),DmsdZ(std)
1437.3141464300343,0,1396.4258810118722,0,1301.1798679905996,0,0.86384891082666415,0,0.83927440591776792,0,0.78203002074743544,0