msdX(mean),msdX(std),msdY(mean),msdY(std),msdZ(mean),msdZ(std),DmsdX(mean),DmsdX(std),DmsdY(mean),DmsdY(std),DmsdZ(mean),DmsdZ(std)
270.70171060938105,0,264.62042035499525,0,243.92046556000236,0,1.4233462215280293,0,1.3913708731413859,0,1.2825307687440808,0