msdX(mean),msdX(std),msdY(mean),msdY(std),msdZ(mean),msdZ(std),DmsdX(mean),DmsdX(std),DmsdY(mean),DmsdY(std),DmsdZ(mean),DmsdZ(std)
79.323817867500054,0,78.364439384377619,0,72.453633861876128,0,1.7937434081632664,0,1.772049056122508,0,1.6383884642857396,0