msdX(mean),msdX(std),msdY(mean),msdY(std),msdZ(mean),msdZ(std),DmsdX(mean),DmsdX(std),DmsdY(mean),DmsdY(std),DmsdZ(mean),DmsdZ(std)
289.72948858561546,0,282.86607761687418,0,260.81073816875846,0,1.4014693142461705,0,1.3682698635768296,0,1.261584549621694,0