msdX(mean),msdX(std),msdY(mean),msdY(std),msdZ(mean),msdZ(std),DmsdX(mean),DmsdX(std),DmsdY(mean),DmsdY(std),DmsdZ(mean),DmsdZ(std)
2130.418021236921,0,2071.4301832987621,0,1933.0112220481415,0,0.74451964446794017,0,0.72390509666940439,0,0.67553166254021901,0