msdX(mean),msdX(std),msdY(mean),msdY(std),msdZ(mean),msdZ(std),DmsdX(mean),DmsdX(std),DmsdY(mean),DmsdY(std),DmsdZ(mean),DmsdZ(std)
3601.5007412219074,0,3551.2981737881473,0,3317.9889180863147,0,0.59408422240666292,0,0.58580307646787722,0,0.54731763450545934,0