msdX(mean),msdX(std),msdY(mean),msdY(std),msdZ(mean),msdZ(std),DmsdX(mean),DmsdX(std),DmsdY(mean),DmsdY(std),DmsdZ(mean),DmsdZ(std)
131.10536568312614,0,128.87662275500324,0,118.61886664312595,0,1.6545455951025199,0,1.6264189293850067,0,1.4969663695899891,0