msdX(mean),msdX(std),msdY(mean),msdY(std),msdZ(mean),msdZ(std),DmsdX(mean),DmsdX(std),DmsdY(mean),DmsdY(std),DmsdZ(mean),DmsdZ(std)
850.85772666127104,0,824.62921322439229,0,765.91626099252198,0,1.0391417200014952,0,1.0071091701264081,0,0.93540378830188586,0