msdX(mean),msdX(std),msdY(mean),msdY(std),msdZ(mean),msdZ(std),DmsdX(mean),DmsdX(std),DmsdY(mean),DmsdY(std),DmsdZ(mean),DmsdZ(std)
658.30126165127012,0,638.85310819998085,0,591.28875042627158,0,1.1224143626898166,0,1.0892549446039885,0,1.0081569406545299,0