msdX(mean),msdX(std),msdY(mean),msdY(std),msdZ(mean),msdZ(std),DmsdX(mean),DmsdX(std),DmsdY(mean),DmsdY(std),DmsdZ(mean),DmsdZ(std)
331.65680383310502,0,324.02875289812164,0,297.79953212688179,0,1.357709716440805,0,1.3264826203817597,0,1.2191075643473184,0