msdX(mean),msdX(std),msdY(mean),msdY(std),msdZ(mean),msdZ(std),DmsdX(mean),DmsdX(std),DmsdY(mean),DmsdY(std),DmsdZ(mean),DmsdZ(std)
378.47157218188431,0,369.35890626500594,0,340.32134082061202,0,1.3113167065353668,0,1.2797434208880756,0,1.1791349538773783,0