msdX(mean),msdX(std),msdY(mean),msdY(std),msdZ(mean),msdZ(std),DmsdX(mean),DmsdX(std),DmsdY(mean),DmsdY(std),DmsdZ(mean),DmsdZ(std)
3396.0912568048407,0,3344.9389024325737,0,3129.1601000430892,0,0.60893617742245831,0,0.59976430400027214,0,0.56107408363809319,0