msdX(mean),msdX(std),msdY(mean),msdY(std),msdZ(mean),msdZ(std),DmsdX(mean),DmsdX(std),DmsdY(mean),DmsdY(std),DmsdZ(mean),DmsdZ(std)
3297.657489689977,0,3244.4665545543539,0,3035.2815457712804,0,0.61647240082332788,0,0.60652875337430856,0,0.5674231807113107,0