msdX(mean),msdX(std),msdY(mean),msdY(std),msdZ(mean),msdZ(std),DmsdX(mean),DmsdX(std),DmsdY(mean),DmsdY(std),DmsdZ(mean),DmsdZ(std)
244.53973127750825,0,239.61703555124703,0,220.24372597375552,0,1.4567642526882212,0,1.4274389274193371,0,1.3120288682796026,0