msdX(mean),msdX(std),msdY(mean),msdY(std),msdZ(mean),msdZ(std),DmsdX(mean),DmsdX(std),DmsdY(mean),DmsdY(std),DmsdZ(mean),DmsdZ(std)
186.15646252125296,0,182.36595710625255,0,167.40081627250089,0,1.5485551689189436,0,1.5170235923423636,0,1.3925350525525599,0