msdX(mean),msdX(std),msdY(mean),msdY(std),msdZ(mean),msdZ(std),DmsdX(mean),DmsdX(std),DmsdY(mean),DmsdY(std),DmsdZ(mean),DmsdZ(std)
617.66579212373972,0,599.39027249060837,0,554.04111111998725,0,1.1447271902876706,0,1.1108569573761957,0,1.0268108296163903,0