msdX(mean),msdX(std),msdY(mean),msdY(std),msdZ(mean),msdZ(std),DmsdX(mean),DmsdX(std),DmsdY(mean),DmsdY(std),DmsdZ(mean),DmsdZ(std)
579.10134755748913,0,562.6469233349992,0,519.52159055438085,0,1.1666609872727054,0,1.1335118072727257,0,1.0466312577272845,0