msdX(mean),msdX(std),msdY(mean),msdY(std),msdZ(mean),msdZ(std),DmsdX(mean),DmsdX(std),DmsdY(mean),DmsdY(std),DmsdZ(mean),DmsdZ(std)
57.023717260624991,0,56.568554246252482,0,52.368685661251348,0,1.8767576509900987,0,1.8617773811882006,0,1.7235518168317276,0