msdX(mean),msdX(std),msdY(mean),msdY(std),msdZ(mean),msdZ(std),DmsdX(mean),DmsdX(std),DmsdY(mean),DmsdY(std),DmsdZ(mean),DmsdZ(std)
1233.913749301835,0,1195.7711160881547,0,1114.3958994756397,0,0.91358970782472093,0,0.88534890318738835,0,0.82509869492828958,0