msdX(mean),msdX(std),msdY(mean),msdY(std),msdZ(mean),msdZ(std),DmsdX(mean),DmsdX(std),DmsdY(mean),DmsdY(std),DmsdZ(mean),DmsdZ(std)
173.47504739750067,0,170.28756788937719,0,156.40002469062523,0,1.5686843226333032,0,1.5398608739118806,0,1.414279866022853,0