msdX(mean),msdX(std),msdY(mean),msdY(std),msdZ(mean),msdZ(std),DmsdX(mean),DmsdX(std),DmsdY(mean),DmsdY(std),DmsdZ(mean),DmsdZ(std)
702.28749279184785,0,680.83583220937953,0,630.31627744435195,0,1.1015825123867071,0,1.0679342210504035,0,0.98869109251128895,0