msdX(mean),msdX(std),msdY(mean),msdY(std),msdZ(mean),msdZ(std),DmsdX(mean),DmsdX(std),DmsdY(mean),DmsdY(std),DmsdZ(mean),DmsdZ(std)
1126.0379500231163,0,1090.7007940143719,0,1015.7479934781356,0,0.94483603537711303,0,0.91518533099000143,0,0.85229392764288048,0