msdX(mean),msdX(std),msdY(mean),msdY(std),msdZ(mean),msdZ(std),DmsdX(mean),DmsdX(std),DmsdY(mean),DmsdY(std),DmsdZ(mean),DmsdZ(std)
825.41425533126232,0,799.03560921436167,0,740.93177972814385,0,1.0510071621466486,0,1.0174190022408471,0,0.94343488996784752,0