msdX(mean),msdX(std),msdY(mean),msdY(std),msdZ(mean),msdZ(std),DmsdX(mean),DmsdX(std),DmsdY(mean),DmsdY(std),DmsdZ(mean),DmsdZ(std)
122.06961871312475,0,120.16738945500637,0,110.72542024062383,0,1.6739751887376204,0,1.6478893811882063,0,1.5184089882425584,0