msdX(mean),msdX(std),msdY(mean),msdY(std),msdZ(mean),msdZ(std),DmsdX(mean),DmsdX(std),DmsdY(mean),DmsdY(std),DmsdZ(mean),DmsdZ(std)
508.98781700127324,0,494.72660202562975,0,456.95793570626614,0,1.2114608774882409,0,1.1775172280896575,0,1.0876226174280779,0