msdX(mean),msdX(std),msdY(mean),msdY(std),msdZ(mean),msdZ(std),DmsdX(mean),DmsdX(std),DmsdY(mean),DmsdY(std),DmsdZ(mean),DmsdZ(std)
228.19546282062456,0,223.91316281875589,0,205.60937823937735,0,1.4780679554754454,0,1.4503306362042472,0,1.3317733383671235,0