msdX(mean),msdX(std),msdY(mean),msdY(std),msdZ(mean),msdZ(std),DmsdX(mean),DmsdX(std),DmsdY(mean),DmsdY(std),DmsdZ(mean),DmsdZ(std)
934.83393428499562,0,905.43015396999056,0,841.43870125313208,0,1.0074178895156536,0,0.97573109122737745,0,0.90677110605914002,0