msdX(mean),msdX(std),msdY(mean),msdY(std),msdZ(mean),msdZ(std),DmsdX(mean),DmsdX(std),DmsdY(mean),DmsdY(std),DmsdZ(mean),DmsdZ(std)
2852.9628844032236,0,2793.1171723825037,0,2610.6925058462652,0,0.65700916794257658,0,0.64322729167821402,0,0.60121669314277359,0