msdX(mean),msdX(std),msdY(mean),msdY(std),msdZ(mean),msdZ(std),DmsdX(mean),DmsdX(std),DmsdY(mean),DmsdY(std),DmsdZ(mean),DmsdZ(std)
2466.7758638629612,0,2404.602694818183,0,2248.5095754057033,0,0.69979764843305303,0,0.68215979242410374,0,0.63787786170569072,0