msdX(mean),msdX(std),msdY(mean),msdY(std),msdZ(mean),msdZ(std),DmsdX(mean),DmsdX(std),DmsdY(mean),DmsdY(std),DmsdZ(mean),DmsdZ(std)
3025.7583831443631,0,2966.9608488381118,0,2775.7407352076621,0,0.64103214766223249,0,0.62857539966029463,0,0.5880638238518654,0