msdX(mean),msdX(std),msdY(mean),msdY(std),msdZ(mean),msdZ(std),DmsdX(mean),DmsdX(std),DmsdY(mean),DmsdY(std),DmsdZ(mean),DmsdZ(std)
2395.2500108313211,0,2335.3875396112021,0,2180.1158506543702,0,0.70844306309394567,0,0.69073754079615624,0,0.64481283546730828,0