msdX(mean),msdX(std),msdY(mean),msdY(std),msdZ(mean),msdZ(std),DmsdX(mean),DmsdX(std),DmsdY(mean),DmsdY(std),DmsdZ(mean),DmsdZ(std)
98.603325430624949,0,97.10272672249728,0,89.649108054376299,0,1.7360555442266941,0,1.7096353124999522,0,1.5784034706038363,0