msdX(mean),msdX(std),msdY(mean),msdY(std),msdZ(mean),msdZ(std),DmsdX(mean),DmsdX(std),DmsdY(mean),DmsdY(std),DmsdZ(mean),DmsdZ(std)
145.81531133000411,0,143.1810112999992,0,131.68783196312395,0,1.6232573208305883,0,1.5939315472203528,0,1.4659862215338129,0