msdX(mean),msdX(std),msdY(mean),msdY(std),msdZ(mean),msdZ(std),DmsdX(mean),DmsdX(std),DmsdY(mean),DmsdY(std),DmsdZ(mean),DmsdZ(std)
1272.7716164730884,0,1234.1807205343234,0,1148.923427021281,0,0.90382819434947204,0,0.87642379646439406,0,0.81588037716302142,0