msdX(mean),msdX(std),msdY(mean),msdY(std),msdZ(mean),msdZ(std),DmsdX(mean),DmsdX(std),DmsdY(mean),DmsdY(std),DmsdZ(mean),DmsdZ(std)
4787.9602140592933,0,4770.6710411886088,0,4465.0828909674183,0,0.52044607143206612,0,0.51856675713191058,0,0.48534965733400459,0