msdX(mean),msdX(std),msdY(mean),msdY(std),msdZ(mean),msdZ(std),DmsdX(mean),DmsdX(std),DmsdY(mean),DmsdY(std),DmsdZ(mean),DmsdZ(std)
105.87738630874777,0,104.33016896312884,0,96.12746672124733,0,1.71514127923973,0,1.6900774159357348,0,1.5571992470759801,0