msdX(mean),msdX(std),msdY(mean),msdY(std),msdZ(mean),msdZ(std),DmsdX(mean),DmsdX(std),DmsdY(mean),DmsdY(std),DmsdZ(mean),DmsdZ(std)
82.177465333123607,0,81.192290015625346,0,75.080590249375135,0,1.7830684709529725,0,1.7616923547650207,0,1.6290820447127967,0