msdX(mean),msdX(std),msdY(mean),msdY(std),msdZ(mean),msdZ(std),DmsdX(mean),DmsdX(std),DmsdY(mean),DmsdY(std),DmsdZ(mean),DmsdZ(std)
53.002830219376015,0,52.575857920624841,0,48.692466303127063,0,1.8944805725806815,0,1.8792192983870912,0,1.740415201612977,0