msdX(mean),msdX(std),msdY(mean),msdY(std),msdZ(mean),msdZ(std),DmsdX(mean),DmsdX(std),DmsdY(mean),DmsdY(std),DmsdZ(mean),DmsdZ(std)
4155.8350055504661,0,4118.5114779524274,0,3851.3680628924949,0,0.55648515133294152,0,0.55148736174891477,0,0.51571564714554974,0