msdX(mean),msdX(std),msdY(mean),msdY(std),msdZ(mean),msdZ(std),DmsdX(mean),DmsdX(std),DmsdY(mean),DmsdY(std),DmsdZ(mean),DmsdZ(std)
1624.041814964382,0,1578.2327201900027,0,1470.415973065589,0,0.82611203820316204,0,0.80281002448430083,0,0.74796617015821154,0