msdX(mean),msdX(std),msdY(mean),msdY(std),msdZ(mean),msdZ(std),DmsdX(mean),DmsdX(std),DmsdY(mean),DmsdY(std),DmsdZ(mean),DmsdZ(std)
1353.9360537593695,0,1312.5394378430983,0,1223.1193080274854,0,0.8845207462855198,0,0.85747651070121278,0,0.79905871486968894,0