msdX(mean),msdX(std),msdY(mean),msdY(std),msdZ(mean),msdZ(std),DmsdX(mean),DmsdX(std),DmsdY(mean),DmsdY(std),DmsdZ(mean),DmsdZ(std)
192.65946440187946,0,188.86966180875069,0,173.26316972874162,0,1.5372522137542362,0,1.5070129392702887,0,1.3824869287085264,0