msdX(mean),msdX(std),msdY(mean),msdY(std),msdZ(mean),msdZ(std),DmsdX(mean),DmsdX(std),DmsdY(mean),DmsdY(std),DmsdZ(mean),DmsdZ(std)
1027.1517305525292,0,995.10177578939374,0,925.82930032568015,0,0.97670198037647948,0,0.94622619636422622,0,0.88035611898569233,0