msdX(mean),msdX(std),msdY(mean),msdY(std),msdZ(mean),msdZ(std),DmsdX(mean),DmsdX(std),DmsdY(mean),DmsdY(std),DmsdZ(mean),DmsdZ(std)
432.30905628688765,0,421.36806006813657,0,387.91789641001088,0,1.2676767945042713,0,1.2355940823483049,0,1.1375068560339061,0