msdX(mean),msdX(std),msdY(mean),msdY(std),msdZ(mean),msdZ(std),DmsdX(mean),DmsdX(std),DmsdY(mean),DmsdY(std),DmsdZ(mean),DmsdZ(std)
3923.3974531645367,0,3882.9272706457514,0,3629.0102794037607,0,0.57106545290444433,0,0.56517486359120139,0,0.52821627773934376,0