msdX(mean),msdX(std),msdY(mean),msdY(std),msdZ(mean),msdZ(std),DmsdX(mean),DmsdX(std),DmsdY(mean),DmsdY(std),DmsdZ(mean),DmsdZ(std)
1483.0615584881064,0,1440.8572253781074,0,1341.2915644231655,0,0.85492586635508083,0,0.83059675078904371,0,0.7732011164244823,0