msdX(mean),msdX(std),msdY(mean),msdY(std),msdZ(mean),msdZ(std),DmsdX(mean),DmsdX(std),DmsdY(mean),DmsdY(std),DmsdZ(mean),DmsdZ(std)
49.168078839374026,0,48.764110137500666,0,45.223167632500456,0,1.9138126141685803,0,1.8980885831381991,0,1.7602613466042332,0