msdX(mean),msdX(std),msdY(mean),msdY(std),msdZ(mean),msdZ(std),DmsdX(mean),DmsdX(std),DmsdY(mean),DmsdY(std),DmsdZ(mean),DmsdZ(std)
117.71289314624762,0,116.00098331375143,0,106.90561584000265,0,1.6836893093803444,0,1.6592032551635316,0,1.5291089845095043,0