msdX(mean),msdX(std),msdY(mean),msdY(std),msdZ(mean),msdZ(std),DmsdX(mean),DmsdX(std),DmsdY(mean),DmsdY(std),DmsdZ(mean),DmsdZ(std)
2004.5371204305893,0,1951.5860091018781,0,1821.1035439549532,0,0.7614656465556513,0,0.74135105161360482,0,0.69178453888874425,0