msdX(mean),msdX(std),msdY(mean),msdY(std),msdZ(mean),msdZ(std),DmsdX(mean),DmsdX(std),DmsdY(mean),DmsdY(std),DmsdZ(mean),DmsdZ(std)
4038.5207861386557,0,4000.3272643344726,0,3738.3465057618164,0,0.56381071248875214,0,0.55847858276076323,0,0.52190391446732098,0