msdX(mean),msdX(std),msdY(mean),msdY(std),msdZ(mean),msdZ(std),DmsdX(mean),DmsdX(std),DmsdY(mean),DmsdY(std),DmsdZ(mean),DmsdZ(std)
637.86792250373162,0,618.42021940001109,0,572.62958481186774,0,1.1338698312833899,0,1.0992997219251535,0,1.0179025905080086,0