msdX(mean),msdX(std),msdY(mean),msdY(std),msdZ(mean),msdZ(std),DmsdX(mean),DmsdX(std),DmsdY(mean),DmsdY(std),DmsdZ(mean),DmsdZ(std)
1834.2668841511991,0,1781.0037440518688,0,1661.3463363637984,0,0.78966068867042649,0,0.76673065146864294,0,0.71521756371903555,0