msdX(mean),msdX(std),msdY(mean),msdY(std),msdZ(mean),msdZ(std),DmsdX(mean),DmsdX(std),DmsdY(mean),DmsdY(std),DmsdZ(mean),DmsdZ(std)
1312.0575933187704,0,1273.1932040056113,0,1185.1438561699661,0,0.89369498842261952,0,0.8672228959366326,0,0.80724895782957407,0