msdX(mean),msdX(std),msdY(mean),msdY(std),msdZ(mean),msdZ(std),DmsdX(mean),DmsdX(std),DmsdY(mean),DmsdY(std),DmsdZ(mean),DmsdZ(std)
51.054329335003501,0,50.655111618750048,0,46.962653578124929,0,1.9025749103140319,0,1.8876977858744413,0,1.7500957819506699,0