msdX(mean),msdX(std),msdY(mean),msdY(std),msdZ(mean),msdZ(std),DmsdX(mean),DmsdX(std),DmsdY(mean),DmsdY(std),DmsdZ(mean),DmsdZ(std)
2614.2775153956409,0,2551.6755640881238,0,2387.1372779119342,0,0.68228433866827243,0,0.66594623733983382,0,0.6230043939019374,0