msdX(mean),msdX(std),msdY(mean),msdY(std),msdZ(mean),msdZ(std),DmsdX(mean),DmsdX(std),DmsdY(mean),DmsdY(std),DmsdZ(mean),DmsdZ(std)
560.59099832687684,0,545.1431400256422,0,503.21256607624395,0,1.1774677001453344,0,1.1450209533363183,0,1.0569497987488814,0