msdX(mean),msdX(std),msdY(mean),msdY(std),msdZ(mean),msdZ(std),DmsdX(mean),DmsdX(std),DmsdY(mean),DmsdY(std),DmsdZ(mean),DmsdZ(std)
3501.186104993244,0,3444.4451123280501,0,3220.3332882762138,0,0.60213425641803742,0,0.59237593612248041,0,0.55383316733407206,0