msdX(mean),msdX(std),msdY(mean),msdY(std),msdZ(mean),msdZ(std),DmsdX(mean),DmsdX(std),DmsdY(mean),DmsdY(std),DmsdZ(mean),DmsdZ(std)
40.879583368125736,0,40.564965099374383,0,37.631370573753621,0,1.9580376332853378,0,1.9429681448126503,0,1.8024557420751013,0