msdX(mean),msdX(std),msdY(mean),msdY(std),msdZ(mean),msdZ(std),DmsdX(mean),DmsdX(std),DmsdY(mean),DmsdY(std),DmsdZ(mean),DmsdZ(std)
1890.1009121487743,0,1837.1356173556092,0,1714.4340117362799,0,0.780463083960657,0,0.75859258114704564,0,0.70792646437356821,0