msdX(mean),msdX(std),msdY(mean),msdY(std),msdZ(mean),msdZ(std),DmsdX(mean),DmsdX(std),DmsdY(mean),DmsdY(std),DmsdZ(mean),DmsdZ(std)
597.85882700939749,0,580.75571850249298,0,536.35746565250145,0,1.1551629628284554,0,1.1221169047895703,0,1.0363320756800771,0