msdX(mean),msdX(std),msdY(mean),msdY(std),msdZ(mean),msdZ(std),DmsdX(mean),DmsdX(std),DmsdY(mean),DmsdY(std),DmsdZ(mean),DmsdZ(std)
542.53302676999976,0,527.96759190498562,0,487.18734874248821,0,1.1880328616600784,0,1.1561376324110357,0,1.0668375039525433,0