msdX(mean),msdX(std),msdY(mean),msdY(std),msdZ(mean),msdZ(std),DmsdX(mean),DmsdX(std),DmsdY(mean),DmsdY(std),DmsdZ(mean),DmsdZ(std)
199.32264491563026,0,195.440685791249,0,179.32520627375146,0,1.5252494216160626,0,1.4955440366022024,0,1.3722257562154809,0