msdX(mean),msdX(std),msdY(mean),msdY(std),msdZ(mean),msdZ(std),DmsdX(mean),DmsdX(std),DmsdY(mean),DmsdY(std),DmsdZ(mean),DmsdZ(std)
3206.4088610306221,0,3148.0992064918159,0,2946.5732499700011,0,0.62493684077290157,0,0.61357214809851557,0,0.57429425184108096,0