msdX(mean),msdX(std),msdY(mean),msdY(std),msdZ(mean),msdZ(std),DmsdX(mean),DmsdX(std),DmsdY(mean),DmsdY(std),DmsdZ(mean),DmsdZ(std)
85.2675174843734,0,84.167524086250395,0,77.823176516253326,0,1.7737029489987153,0,1.7508212984981308,0,1.6188485575720342,0