msdX(mean),msdX(std),msdY(mean),msdY(std),msdZ(mean),msdZ(std),DmsdX(mean),DmsdX(std),DmsdY(mean),DmsdY(std),DmsdZ(mean),DmsdZ(std)
3706.3879602600441,0,3657.1219545300964,0,3420.8298914288007,0,0.58641220725566856,0,0.57861750592582128,0,0.54123217234339061,0