msdX(mean),msdX(std),msdY(mean),msdY(std),msdZ(mean),msdZ(std),DmsdX(mean),DmsdX(std),DmsdY(mean),DmsdY(std),DmsdZ(mean),DmsdZ(std)
76.515355192501104,0,75.619031902501391,0,69.910753923126649,0,1.8038629148936431,0,1.7827319361702456,0,1.6481582819149325,0