msdX(mean),msdX(std),msdY(mean),msdY(std),msdZ(mean),msdZ(std),DmsdX(mean),DmsdX(std),DmsdY(mean),DmsdY(std),DmsdZ(mean),DmsdZ(std)
774.07498734247758,0,749.35119997184711,0,694.0155151012608,0,1.0714117467521342,0,1.0371910877123198,0,0.96059992567456531,0