msdX(mean),msdX(std),msdY(mean),msdY(std),msdZ(mean),msdZ(std),DmsdX(mean),DmsdX(std),DmsdY(mean),DmsdY(std),DmsdZ(mean),DmsdZ(std)
354.5617951375076,0,346.17973839374764,0,318.42488130812342,0,1.3350688321250852,0,1.3035069919573994,0,1.198998708371086,0