msdX(mean),msdX(std),msdY(mean),msdY(std),msdZ(mean),msdZ(std),DmsdX(mean),DmsdX(std),DmsdY(mean),DmsdY(std),DmsdZ(mean),DmsdZ(std)
2067.050242724441,0,2009.1378840281543,0,1875.0625474287713,0,0.75314375868666905,0,0.73204299848190302,0,0.68319174132980431,0