msdX(mean),msdX(std),msdY(mean),msdY(std),msdZ(mean),msdZ(std),DmsdX(mean),DmsdX(std),DmsdY(mean),DmsdY(std),DmsdZ(mean),DmsdZ(std)
66.154464765002501,0,65.511272869999772,0,60.552006715627186,0,1.8417423618091149,0,1.8238358793969787,0,1.6857697550251864,0