msdX(mean),msdX(std),msdY(mean),msdY(std),msdZ(mean),msdZ(std),DmsdX(mean),DmsdX(std),DmsdY(mean),DmsdY(std),DmsdZ(mean),DmsdZ(std)
61.416818992501007,0,60.861795932501771,0,56.29267060062719,0,1.8593409016393747,0,1.8425380601093431,0,1.7042117554645471,0