msdX(mean),msdX(std),msdY(mean),msdY(std),msdZ(mean),msdZ(std),DmsdX(mean),DmsdX(std),DmsdY(mean),DmsdY(std),DmsdZ(mean),DmsdZ(std)
71.095076018754028,0,70.348499815621707,0,64.968417315000124,0,1.8235117476852885,0,1.8043628761573229,0,1.6663695833333365,0