msdX(mean),msdX(std),msdY(mean),msdY(std),msdZ(mean),msdZ(std),DmsdX(mean),DmsdX(std),DmsdY(mean),DmsdY(std),DmsdZ(mean),DmsdZ(std)
1675.1262395156741,0,1627.9032947843734,0,1515.5758702588025,0,0.81727920342132387,0,0.7942395484133733,0,0.73943599637471014,0