msdX(mean),msdX(std),msdY(mean),msdY(std),msdZ(mean),msdZ(std),DmsdX(mean),DmsdX(std),DmsdY(mean),DmsdY(std),DmsdZ(mean),DmsdZ(std)
8391.4902299999994,0,8200.1064024999996,0,7156.7812775000002,0,0.98863762242870279,0,0.96608986904939564,0,0.84317124044722325,0