msdX(mean),msdX(std),msdY(mean),msdY(std),msdZ(mean),msdZ(std),DmsdX(mean),DmsdX(std),DmsdY(mean),DmsdY(std),DmsdZ(mean),DmsdZ(std)
9415.8111425000006,0,9297.8597774999998,0,8030.8800424999999,0,0.96095394579727311,0,0.94891612686765192,0,0.81961136945827895,0