msdX(mean),msdX(std),msdY(mean),msdY(std),msdZ(mean),msdZ(std),DmsdX(mean),DmsdX(std),DmsdY(mean),DmsdY(std),DmsdZ(mean),DmsdZ(std)
9210.9102949999997,0,9050.1889850000007,0,7837.2084800000002,0,0.96997791649115417,0,0.95305275747683238,0,0.82531681550126368,0