msdX(mean),msdX(std),msdY(mean),msdY(std),msdZ(mean),msdZ(std),DmsdX(mean),DmsdX(std),DmsdY(mean),DmsdY(std),DmsdZ(mean),DmsdZ(std)
701.61129749999998,0,702.58124999999995,0,638.18887749999999,0,1.6576105626870374,0,1.6599021499448732,0,1.507770225626083,0