msdX(mean),msdX(std),msdY(mean),msdY(std),msdZ(mean),msdZ(std),DmsdX(mean),DmsdX(std),DmsdY(mean),DmsdY(std),DmsdZ(mean),DmsdZ(std)
3599.5685425000001,0,3545.4084549999998,0,3128.4221524999998,0,1.1824090779936056,0,1.1646182293491592,0,1.0276439271088822,0