msdX(mean),msdX(std),msdY(mean),msdY(std),msdZ(mean),msdZ(std),DmsdX(mean),DmsdX(std),DmsdY(mean),DmsdY(std),DmsdZ(mean),DmsdZ(std)
5114.5104574999996,0,5007.1253724999997,0,4382.7043199999998,0,1.0981942921712617,0,1.0751364280039508,0,0.94105993300695701,0