msdX(mean),msdX(std),msdY(mean),msdY(std),msdZ(mean),msdZ(std),DmsdX(mean),DmsdX(std),DmsdY(mean),DmsdY(std),DmsdZ(mean),DmsdZ(std)
4002.9493849999999,0,3907.3349050000002,0,3461.3539500000002,0,1.1611053463345773,0,1.133371175043026,0,1.0040088420706592,0