msdX(mean),msdX(std),msdY(mean),msdY(std),msdZ(mean),msdZ(std),DmsdX(mean),DmsdX(std),DmsdY(mean),DmsdY(std),DmsdZ(mean),DmsdZ(std)
2363.0284499999998,0,2360.1244274999999,0,2099.8295724999998,0,1.2880346942112721,0,1.2864517755914096,0,1.1445707906355609,0