msdX(mean),msdX(std),msdY(mean),msdY(std),msdZ(mean),msdZ(std),DmsdX(mean),DmsdX(std),DmsdY(mean),DmsdY(std),DmsdZ(mean),DmsdZ(std)
5550.4011499999997,0,5429.107645,0,4772.3146049999996,0,1.0753951517069453,0,1.0518944274015423,0,0.92464019265296626,0