msdX(mean),msdX(std),msdY(mean),msdY(std),msdZ(mean),msdZ(std),DmsdX(mean),DmsdX(std),DmsdY(mean),DmsdY(std),DmsdZ(mean),DmsdZ(std)
6017.8051299999997,0,5875.3261474999999,0,5160.3795124999997,0,1.0622280439873379,0,1.0370784807128821,0,0.91088024909095189,0