msdX(mean),msdX(std),msdY(mean),msdY(std),msdZ(mean),msdZ(std),DmsdX(mean),DmsdX(std),DmsdY(mean),DmsdY(std),DmsdZ(mean),DmsdZ(std)
7960.9902499999998,0,7834.9727775000001,0,6789.0205450000003,0,0.99713466950015861,0,0.98135065434041979,0,0.85034242534945481,0