msdX(mean),msdX(std),msdY(mean),msdY(std),msdZ(mean),msdZ(std),DmsdX(mean),DmsdX(std),DmsdY(mean),DmsdY(std),DmsdZ(mean),DmsdZ(std)
7447.2658250000004,0,7335.9942650000003,0,6395.6444600000004,0,1.0092513653611601,0,0.99417187491530024,0,0.86673593440845653,0