msdX(mean),msdX(std),msdY(mean),msdY(std),msdZ(mean),msdZ(std),DmsdX(mean),DmsdX(std),DmsdY(mean),DmsdY(std),DmsdZ(mean),DmsdZ(std)
2254.8017150000001,0,2255.1093550000001,0,2003.6870174999999,0,1.3004970094589918,0,1.3006744463029185,0,1.1556621395201292,0