msdX(mean),msdX(std),msdY(mean),msdY(std),msdZ(mean),msdZ(std),DmsdX(mean),DmsdX(std),DmsdY(mean),DmsdY(std),DmsdZ(mean),DmsdZ(std)
2580.6480449999999,0,2566.2080700000001,0,2279.1349974999998,0,1.2673843654847263,0,1.260292736469895,0,1.1193080235242117,0