msdX(mean),msdX(std),msdY(mean),msdY(std),msdZ(mean),msdZ(std),DmsdX(mean),DmsdX(std),DmsdY(mean),DmsdY(std),DmsdZ(mean),DmsdZ(std)
8141.6972024999995,0,7987.0010375000002,0,6940.9359574999999,0,0.99465278328663809,0,0.97575390173233867,0,0.84795849035282045,0