msdX(mean),msdX(std),msdY(mean),msdY(std),msdZ(mean),msdZ(std),DmsdX(mean),DmsdX(std),DmsdY(mean),DmsdY(std),DmsdZ(mean),DmsdZ(std)
9119.9809800000003,0,8976.4634600000009,0,7756.1609950000002,0,0.97070642242847405,0,0.95543080083446863,0,0.82554506503320835,0