msdX(mean),msdX(std),msdY(mean),msdY(std),msdZ(mean),msdZ(std),DmsdX(mean),DmsdX(std),DmsdY(mean),DmsdY(std),DmsdZ(mean),DmsdZ(std)
7777.3988975000002,0,7672.8590674999996,0,6654.3996024999997,0,0.99937450496427782,0,0.98594142248616512,0,0.85507216438655398,0