msdX(mean),msdX(std),msdY(mean),msdY(std),msdZ(mean),msdZ(std),DmsdX(mean),DmsdX(std),DmsdY(mean),DmsdY(std),DmsdZ(mean),DmsdZ(std)
2896.9465974999998,0,2872.4268225000001,0,2555.0944125000001,0,1.2387525004276063,0,1.2282676911399983,0,1.0925743660737195,0