msdX(mean),msdX(std),msdY(mean),msdY(std),msdZ(mean),msdZ(std),DmsdX(mean),DmsdX(std),DmsdY(mean),DmsdY(std),DmsdZ(mean),DmsdZ(std)
6774.4042275000002,0,6646.9647150000001,0,5841.14131,0,1.030714320328032,0,1.0113246107538443,0,0.8887199217957561,0