msdX(mean),msdX(std),msdY(mean),msdY(std),msdZ(mean),msdZ(std),DmsdX(mean),DmsdX(std),DmsdY(mean),DmsdY(std),DmsdZ(mean),DmsdZ(std)
44.568309999999997,0,44.677872499999999,0,41.950382500000003,0,2.2284154999999997,0,2.2338936249999999,0,2.0975191250000003,0