msdX(mean),msdX(std),msdY(mean),msdY(std),msdZ(mean),msdZ(std),DmsdX(mean),DmsdX(std),DmsdY(mean),DmsdY(std),DmsdZ(mean),DmsdZ(std)
7283.820455,0,7150.2040049999996,0,6258.9825874999997,0,1.0148271595563854,0,0.99621088486081311,0,0.87204037499651688,0