msdX(mean),msdX(std),msdY(mean),msdY(std),msdZ(mean),msdZ(std),DmsdX(mean),DmsdX(std),DmsdY(mean),DmsdY(std),DmsdZ(mean),DmsdZ(std)
3312.4589599999999,0,3274.2303099999999,0,2880.0211325,0,1.2081035887959539,0,1.1941610253355377,0,1.0503870109779225,0