msdX(mean),msdX(std),msdY(mean),msdY(std),msdZ(mean),msdZ(std),DmsdX(mean),DmsdX(std),DmsdY(mean),DmsdY(std),DmsdZ(mean),DmsdZ(std)
2151.4971624999998,0,2141.7460375000001,0,1914.1593275,0,1.3175658298971176,0,1.3115942909488039,0,1.1722213567608393,0