msdX(mean),msdX(std),msdY(mean),msdY(std),msdZ(mean),msdZ(std),DmsdX(mean),DmsdX(std),DmsdY(mean),DmsdY(std),DmsdZ(mean),DmsdZ(std)
6351.8965200000002,0,6209.6676674999999,0,5472.3232225000002,0,1.0466938502438812,0,1.0232567453146286,0,0.90175383769279793,0