msdX(mean),msdX(std),msdY(mean),msdY(std),msdZ(mean),msdZ(std),DmsdX(mean),DmsdX(std),DmsdY(mean),DmsdY(std),DmsdZ(mean),DmsdZ(std)
8777.7760550000003,0,8620.6898175000006,0,7490.2095650000001,0,0.97618340012159055,0,0.95871371571927444,0,0.8329921149697137,0