msdX(mean),msdX(std),msdY(mean),msdY(std),msdZ(mean),msdZ(std),DmsdX(mean),DmsdX(std),DmsdY(mean),DmsdY(std),DmsdZ(mean),DmsdZ(std)
3211.1594074999998,0,3177.5316324999999,0,2796.3925250000002,0,1.2158570050610864,0,1.2031243560051494,0,1.0588117900595719,0