msdX(mean),msdX(std),msdY(mean),msdY(std),msdZ(mean),msdZ(std),DmsdX(mean),DmsdX(std),DmsdY(mean),DmsdY(std),DmsdZ(mean),DmsdZ(std)
4672.0941574999997,0,4558.6099050000003,0,4005.0251924999998,0,1.1249564563702907,0,1.0976314842608794,0,0.9643382167279323,0