msdX(mean),msdX(std),msdY(mean),msdY(std),msdZ(mean),msdZ(std),DmsdX(mean),DmsdX(std),DmsdY(mean),DmsdY(std),DmsdZ(mean),DmsdZ(std)
8959.2198449999996,0,8820.5446974999995,0,7633.14084,0,0.9745061613513748,0,0.95942228262051854,0,0.83026679864253394,0