msdX(mean),msdX(std),msdY(mean),msdY(std),msdZ(mean),msdZ(std),DmsdX(mean),DmsdX(std),DmsdY(mean),DmsdY(std),DmsdZ(mean),DmsdZ(std)
842.42903750000005,0,841.89838750000001,0,762.38327500000003,0,1.6074844882966546,0,1.6064719262816438,0,1.4547448320824325,0