msdX(mean),msdX(std),msdY(mean),msdY(std),msdZ(mean),msdZ(std),DmsdX(mean),DmsdX(std),DmsdY(mean),DmsdY(std),DmsdZ(mean),DmsdZ(std)
2794.7382625,0,2773.2799300000001,0,2461.5703324999999,0,1.2488775862454196,0,1.239288555724372,0,1.0999956799088388,0