msdX(mean),msdX(std),msdY(mean),msdY(std),msdZ(mean),msdZ(std),DmsdX(mean),DmsdX(std),DmsdY(mean),DmsdY(std),DmsdZ(mean),DmsdZ(std)
7024.0412450000003,0,6902.503455,0,6053.5414700000001,0,1.0216787265454546,0,1.0040005025454546,0,0.88051512290909095,0