msdX(mean),msdX(std),msdY(mean),msdY(std),msdZ(mean),msdZ(std),DmsdX(mean),DmsdX(std),DmsdY(mean),DmsdY(std),DmsdZ(mean),DmsdZ(std)
5289.2769449999996,0,5182.84962,0,4539.9830700000002,0,1.0885973789824648,0,1.0666933440355644,0,0.93438360706347245,0