msdX(mean),msdX(std),msdY(mean),msdY(std),msdZ(mean),msdZ(std),DmsdX(mean),DmsdX(std),DmsdY(mean),DmsdY(std),DmsdZ(mean),DmsdZ(std)
8056.9004574999999,0,7912.1336224999995,0,6866.8392475000001,0,0.99656557155520731,0,0.97865922600395805,0,0.84936578471592317,0