msdX(mean),msdX(std),msdY(mean),msdY(std),msdZ(mean),msdZ(std),DmsdX(mean),DmsdX(std),DmsdY(mean),DmsdY(std),DmsdZ(mean),DmsdZ(std)
6264.8022174999996,0,6136.8589874999998,0,5386.0485975000001,0,1.0497791820735958,0,1.0283400153324544,0,0.90252836322556862,0