msdX(mean),msdX(std),msdY(mean),msdY(std),msdZ(mean),msdZ(std),DmsdX(mean),DmsdX(std),DmsdY(mean),DmsdY(std),DmsdZ(mean),DmsdZ(std)
1241.1194175000001,0,1225.0720375000001,0,1116.6185275,0,1.5017174528111641,0,1.4823006019601517,0,1.3510750917560701,0