msdX(mean),msdX(std),msdY(mean),msdY(std),msdZ(mean),msdZ(std),DmsdX(mean),DmsdX(std),DmsdY(mean),DmsdY(std),DmsdZ(mean),DmsdZ(std)
4852.1533225000003,0,4729.17641,0,4166.6652775000002,0,1.1142080744236245,0,1.0859686805364195,0,0.95679830933682375,0