msdX(mean),msdX(std),msdY(mean),msdY(std),msdZ(mean),msdZ(std),DmsdX(mean),DmsdX(std),DmsdY(mean),DmsdY(std),DmsdZ(mean),DmsdZ(std)
9503.7584100000004,0,9390.4405174999993,0,8085.8497850000003,0,0.96005317702440596,0,0.94860600023234187,0,0.81681850907144005,0