msdX(mean),msdX(std),msdY(mean),msdY(std),msdZ(mean),msdZ(std),DmsdX(mean),DmsdX(std),DmsdY(mean),DmsdY(std),DmsdZ(mean),DmsdZ(std)
1362.1554974999999,0,1342.4439124999999,0,1223.1517550000001,0,1.4688952165708122,0,1.4476390141984183,0,1.3189990168943206,0