msdX(mean),msdX(std),msdY(mean),msdY(std),msdZ(mean),msdZ(std),DmsdX(mean),DmsdX(std),DmsdY(mean),DmsdY(std),DmsdZ(mean),DmsdZ(std)
8228.1686074999998,0,8060.6632049999998,0,7005.5205500000002,0,0.99298863269747539,0,0.97277381108500816,0,0.84543749698295978,0