msdX(mean),msdX(std),msdY(mean),msdY(std),msdZ(mean),msdZ(std),DmsdX(mean),DmsdX(std),DmsdY(mean),DmsdY(std),DmsdZ(mean),DmsdZ(std)
8457.9515675000002,0,8289.9085799999993,0,7215.0034249999999,0,0.98477286920461693,0,0.96520735459633156,0,0.84005442304259059,0