msdX(mean),msdX(std),msdY(mean),msdY(std),msdZ(mean),msdZ(std),DmsdX(mean),DmsdX(std),DmsdY(mean),DmsdY(std),DmsdZ(mean),DmsdZ(std)
5924.0668249999999,0,5798.26404,0,5086.4059324999998,0,1.0646243710089018,0,1.0420161333221514,0,0.91408687250649967,0