msdX(mean),msdX(std),msdY(mean),msdY(std),msdZ(mean),msdZ(std),DmsdX(mean),DmsdX(std),DmsdY(mean),DmsdY(std),DmsdZ(mean),DmsdZ(std)
4192.4555799999998,0,4103.8236850000003,0,3621.057155,0,1.1488907631035679,0,1.1246022850174471,0,0.99230606947768418,0