msdX(mean),msdX(std),msdY(mean),msdY(std),msdZ(mean),msdZ(std),DmsdX(mean),DmsdX(std),DmsdY(mean),DmsdY(std),DmsdZ(mean),DmsdZ(std)
7189.8445425,0,7075.5213524999999,0,6195.4385149999998,0,1.0160026767798096,0,0.99984757545996672,0,0.87548236653195044,0