msdX(mean),msdX(std),msdY(mean),msdY(std),msdZ(mean),msdZ(std),DmsdX(mean),DmsdX(std),DmsdY(mean),DmsdY(std),DmsdZ(mean),DmsdZ(std)
6568650.9158375002,0,2040.9395637499999,0,6661428.2781065628,0,0.000328432545791875,0,1.0204697818749999e-07,0,0.00033307141390532814,0