msdX(mean),msdX(std),msdY(mean),msdY(std),msdZ(mean),msdZ(std),DmsdX(mean),DmsdX(std),DmsdY(mean),DmsdY(std),DmsdZ(mean),DmsdZ(std)
791.68942000000004,0,792.09993499999996,0,577.67550749999998,0,0.77002602126831809,0,0.77042530313837376,0,0.56186827989236166,0