msdX(mean),msdX(std),msdY(mean),msdY(std),msdZ(mean),msdZ(std),DmsdX(mean),DmsdX(std),DmsdY(mean),DmsdY(std),DmsdZ(mean),DmsdZ(std)
3058.4016175000002,0,3053.83547,0,2086.6670425000002,0,0.48005550481876025,0,0.47933878918839729,0,0.32752925408626682,0