msdX(mean),msdX(std),msdY(mean),msdY(std),msdZ(mean),msdZ(std),DmsdX(mean),DmsdX(std),DmsdY(mean),DmsdY(std),DmsdZ(mean),DmsdZ(std)
1169.2520850000001,0,1160.5301449999999,0,825.67853000000002,0,0.67438694486099904,0,0.66935641077402241,0,0.47622478371207755,0