msdX(mean),msdX(std),msdY(mean),msdY(std),msdZ(mean),msdZ(std),DmsdX(mean),DmsdX(std),DmsdY(mean),DmsdY(std),DmsdZ(mean),DmsdZ(std)
330.58488249999999,0,332.23056250000002,0,252.2401625,0,1.0251753643787471,0,1.0302787755840399,0,0.78222088846392401,0