msdX(mean),msdX(std),msdY(mean),msdY(std),msdZ(mean),msdZ(std),DmsdX(mean),DmsdX(std),DmsdY(mean),DmsdY(std),DmsdZ(mean),DmsdZ(std)
1066.3240774999999,0,1061.8041599999999,0,755.897245,0,0.69597342104690629,0,0.69302334000522148,0,0.4933625739709338,0