msdX(mean),msdX(std),msdY(mean),msdY(std),msdZ(mean),msdZ(std),DmsdX(mean),DmsdX(std),DmsdY(mean),DmsdY(std),DmsdZ(mean),DmsdZ(std)
3025.5472774999998,0,3022.7441899999999,0,2065.7473599999998,0,0.48253316423361542,0,0.48208611034321436,0,0.32945828265214988,0