msdX(mean),msdX(std),msdY(mean),msdY(std),msdZ(mean),msdZ(std),DmsdX(mean),DmsdX(std),DmsdY(mean),DmsdY(std),DmsdZ(mean),DmsdZ(std)
3589.1810049999999,0,3588.69589,0,2432.8999699999999,0,0.45530263243576952,0,0.45524109356764708,0,0.30862354371395229,0