msdX(mean),msdX(std),msdY(mean),msdY(std),msdZ(mean),msdZ(std),DmsdX(mean),DmsdX(std),DmsdY(mean),DmsdY(std),DmsdZ(mean),DmsdZ(std)
1682.9529574999999,0,1670.7442550000001,0,1174.7386799999999,0,0.59203316985225141,0,0.58773836362570364,0,0.41325234990619136,0