msdX(mean),msdX(std),msdY(mean),msdY(std),msdZ(mean),msdZ(std),DmsdX(mean),DmsdX(std),DmsdY(mean),DmsdY(std),DmsdZ(mean),DmsdZ(std)
4178.2777550000001,0,4215.6715324999996,0,2821.2514225,0,0.43085688778666886,0,0.43471287045248302,0,0.29092264297351922,0