msdX(mean),msdX(std),msdY(mean),msdY(std),msdZ(mean),msdZ(std),DmsdX(mean),DmsdX(std),DmsdY(mean),DmsdY(std),DmsdZ(mean),DmsdZ(std)
3562.3966725,0,3553.2395074999999,0,2405.6976650000001,0,0.4577582374244008,0,0.45658156674576389,0,0.30912557588191958,0