msdX(mean),msdX(std),msdY(mean),msdY(std),msdZ(mean),msdZ(std),DmsdX(mean),DmsdX(std),DmsdY(mean),DmsdY(std),DmsdZ(mean),DmsdZ(std)
1410.4629175,0,1398.1969575000001,0,986.69150000000002,0,0.63028998011439807,0,0.62480872173563318,0,0.44092032353204036,0