msdX(mean),msdX(std),msdY(mean),msdY(std),msdZ(mean),msdZ(std),DmsdX(mean),DmsdX(std),DmsdY(mean),DmsdY(std),DmsdZ(mean),DmsdZ(std)
4153.70471,0,4182.8965600000001,0,2805.4783925000002,0,0.43282184790763589,0,0.43586367955985333,0,0.29233477747790937,0