msdX(mean),msdX(std),msdY(mean),msdY(std),msdZ(mean),msdZ(std),DmsdX(mean),DmsdX(std),DmsdY(mean),DmsdY(std),DmsdZ(mean),DmsdZ(std)
849.95927749999998,0,849.23205499999995,0,615.66097000000002,0,0.75288704160269271,0,0.75224287380418087,0,0.5453474991142081,0