msdX(mean),msdX(std),msdY(mean),msdY(std),msdZ(mean),msdZ(std),DmsdX(mean),DmsdX(std),DmsdY(mean),DmsdY(std),DmsdZ(mean),DmsdZ(std)
1723.7694624999999,0,1712.2643949999999,0,1204.1070525,0,0.58562561010826231,0,0.58171693071661534,0,0.40907786255435769,0