msdX(mean),msdX(std),msdY(mean),msdY(std),msdZ(mean),msdZ(std),DmsdX(mean),DmsdX(std),DmsdY(mean),DmsdY(std),DmsdZ(mean),DmsdZ(std)
1939.6862100000001,0,1923.4500849999999,0,1342.3135075,0,0.56263015392647886,0,0.55792066356622128,0,0.38935475823293952,0