msdX(mean),msdX(std),msdY(mean),msdY(std),msdZ(mean),msdZ(std),DmsdX(mean),DmsdX(std),DmsdY(mean),DmsdY(std),DmsdZ(mean),DmsdZ(std)
2179.5017124999999,0,2172.25578,0,1507.0606875000001,0,0.53783870506703957,0,0.53605061610594718,0,0.37189948692111541,0