msdX(mean),msdX(std),msdY(mean),msdY(std),msdZ(mean),msdZ(std),DmsdX(mean),DmsdX(std),DmsdY(mean),DmsdY(std),DmsdZ(mean),DmsdZ(std)
736.48465750000003,0,734.07534499999997,0,535.41135999999995,0,0.79419625179726816,0,0.79159814342199852,0,0.5773666714593817,0