msdX(mean),msdX(std),msdY(mean),msdY(std),msdZ(mean),msdZ(std),DmsdX(mean),DmsdX(std),DmsdY(mean),DmsdY(std),DmsdZ(mean),DmsdZ(std)
675.58096750000004,0,673.36039249999999,0,493.611965,0,0.81743280733241919,0,0.8147459778575461,0,0.59725574534161485,0