msdX(mean),msdX(std),msdY(mean),msdY(std),msdZ(mean),msdZ(std),DmsdX(mean),DmsdX(std),DmsdY(mean),DmsdY(std),DmsdZ(mean),DmsdZ(std)
1312.0771875,0,1304.4431325,0,924.00624749999997,0,0.64437539902760044,0,0.64062623146056386,0,0.45378953319909632,0