msdX(mean),msdX(std),msdY(mean),msdY(std),msdZ(mean),msdZ(std),DmsdX(mean),DmsdX(std),DmsdY(mean),DmsdY(std),DmsdZ(mean),DmsdZ(std)
3531.5673449999999,0,3523.1636549999998,0,2386.8727374999999,0,0.45975169824339102,0,0.45865767670236585,0,0.31073137996649947,0