msdX(mean),msdX(std),msdY(mean),msdY(std),msdZ(mean),msdZ(std),DmsdX(mean),DmsdX(std),DmsdY(mean),DmsdY(std),DmsdZ(mean),DmsdZ(std)
3622.4861675000002,0,3627.7156100000002,0,2453.562285,0,0.4537257846031163,0,0.45438078583476682,0,0.30731503761752865,0