msdX(mean),msdX(std),msdY(mean),msdY(std),msdZ(mean),msdZ(std),DmsdX(mean),DmsdX(std),DmsdY(mean),DmsdY(std),DmsdZ(mean),DmsdZ(std)
3316.8967025000002,0,3310.0675074999999,0,2248.0215025000002,0,0.46871332313540409,0,0.46774828413362352,0,0.31766971462284155,0