msdX(mean),msdX(std),msdY(mean),msdY(std),msdZ(mean),msdZ(std),DmsdX(mean),DmsdX(std),DmsdY(mean),DmsdY(std),DmsdZ(mean),DmsdZ(std)
2572.6639599999999,0,2568.9910749999999,0,1773.0734775000001,0,0.50838472604634621,0,0.50765892638360099,0,0.35037746403493752,0