msdX(mean),msdX(std),msdY(mean),msdY(std),msdZ(mean),msdZ(std),DmsdX(mean),DmsdX(std),DmsdY(mean),DmsdY(std),DmsdZ(mean),DmsdZ(std)
1859.6483450000001,0,1843.4423650000001,0,1284.1455550000001,0,0.5729281378368386,0,0.56793533262816298,0,0.39562486290256327,0