msdX(mean),msdX(std),msdY(mean),msdY(std),msdZ(mean),msdZ(std),DmsdX(mean),DmsdX(std),DmsdY(mean),DmsdY(std),DmsdZ(mean),DmsdZ(std)
2728.7847225,0,2724.2563924999999,0,1876.0872274999999,0,0.49944202107864072,0,0.49861321319626623,0,0.34337512552620336,0