msdX(mean),msdX(std),msdY(mean),msdY(std),msdZ(mean),msdZ(std),DmsdX(mean),DmsdX(std),DmsdY(mean),DmsdY(std),DmsdZ(mean),DmsdZ(std)
1266.5124975000001,0,1256.864145,0,894.50802499999998,0,0.65439314741138788,0,0.64940794926113465,0,0.46218250749199136,0