msdX(mean),msdX(std),msdY(mean),msdY(std),msdZ(mean),msdZ(std),DmsdX(mean),DmsdX(std),DmsdY(mean),DmsdY(std),DmsdZ(mean),DmsdZ(std)
1551.9380900000001,0,1535.3371649999999,0,1082.9816125,0,0.61093510786269167,0,0.60439999671950451,0,0.42632595495223602,0