msdX(mean),msdX(std),msdY(mean),msdY(std),msdZ(mean),msdZ(std),DmsdX(mean),DmsdX(std),DmsdY(mean),DmsdY(std),DmsdZ(mean),DmsdZ(std)
2762.0929775,0,2762.2079024999998,0,1902.9608275000001,0,0.49638054156133565,0,0.49640119493332696,0,0.34198440596283564,0