msdX(mean),msdX(std),msdY(mean),msdY(std),msdZ(mean),msdZ(std),DmsdX(mean),DmsdX(std),DmsdY(mean),DmsdY(std),DmsdZ(mean),DmsdZ(std)
3501.6120925,0,3495.0333500000002,0,2365.7441374999999,0,0.46191347627737223,0,0.46104564462228476,0,0.31207600090141585,0