msdX(mean),msdX(std),msdY(mean),msdY(std),msdZ(mean),msdZ(std),DmsdX(mean),DmsdX(std),DmsdY(mean),DmsdY(std),DmsdZ(mean),DmsdZ(std)
3197.9692024999999,0,3195.0890825000001,0,2182.8784150000001,0,0.47208071838741106,0,0.47165555822089694,0,0.3222341258008326,0