msdX(mean),msdX(std),msdY(mean),msdY(std),msdZ(mean),msdZ(std),DmsdX(mean),DmsdX(std),DmsdY(mean),DmsdY(std),DmsdZ(mean),DmsdZ(std)
2216.0229399999998,0,2215.5767025,0,1529.9783924999999,0,0.5335785687914345,0,0.53347112280687681,0,0.36839134930253464,0