msdX(mean),msdX(std),msdY(mean),msdY(std),msdZ(mean),msdZ(std),DmsdX(mean),DmsdX(std),DmsdY(mean),DmsdY(std),DmsdZ(mean),DmsdZ(std)
2099.9950899999999,0,2090.2364324999999,0,1449.7446775000001,0,0.54534939405481209,0,0.54281516053219303,0,0.37648534759612889,0