msdX(mean),msdX(std),msdY(mean),msdY(std),msdZ(mean),msdZ(std),DmsdX(mean),DmsdX(std),DmsdY(mean),DmsdY(std),DmsdZ(mean),DmsdZ(std)
3926.563165,0,3929.0159724999999,0,2654.7906600000001,0,0.44162684528406576,0,0.44190271647034124,0,0.29858855563970099,0