msdX(mean),msdX(std),msdY(mean),msdY(std),msdZ(mean),msdZ(std),DmsdX(mean),DmsdX(std),DmsdY(mean),DmsdY(std),DmsdZ(mean),DmsdZ(std)
2024.4815424999999,0,2007.131355,0,1400.0472199999999,0,0.55478420698065289,0,0.55002960200595574,0,0.38366567952207831,0