msdX(mean),msdX(std),msdY(mean),msdY(std),msdZ(mean),msdZ(std),DmsdX(mean),DmsdX(std),DmsdY(mean),DmsdY(std),DmsdZ(mean),DmsdZ(std)
153.93505250000001,0,154.00060250000001,0,120.6240225,0,1.2735939258135689,0,1.2741362589630449,0,0.99799246414782128,0