msdX(mean),msdX(std),msdY(mean),msdY(std),msdZ(mean),msdZ(std),DmsdX(mean),DmsdX(std),DmsdY(mean),DmsdY(std),DmsdZ(mean),DmsdZ(std)
3236.1686,0,3231.8616824999999,0,2204.7878099999998,0,0.47071543272727273,0,0.47008897199999999,0,0.32069640872727267,0