msdX(mean),msdX(std),msdY(mean),msdY(std),msdZ(mean),msdZ(std),DmsdX(mean),DmsdX(std),DmsdY(mean),DmsdY(std),DmsdZ(mean),DmsdZ(std)
2608.9844899999998,0,2605.1501825,0,1795.3595224999999,0,0.50549306178069986,0,0.5047501612976143,0,0.3478525018083416,0