msdX(mean),msdX(std),msdY(mean),msdY(std),msdZ(mean),msdZ(std),DmsdX(mean),DmsdX(std),DmsdY(mean),DmsdY(std),DmsdZ(mean),DmsdZ(std)
1635.6707899999999,0,1627.2138950000001,0,1145.15013,0,0.59655373103481801,0,0.59346937427056989,0,0.41765347087142579,0