msdX(mean),msdX(std),msdY(mean),msdY(std),msdZ(mean),msdZ(std),DmsdX(mean),DmsdX(std),DmsdY(mean),DmsdY(std),DmsdZ(mean),DmsdZ(std)
3170.6672800000001,0,3162.4683450000002,0,2157.770415,0,0.47512496703296708,0,0.47389635539460545,0,0.32334222002997004,0