msdX(mean),msdX(std),msdY(mean),msdY(std),msdZ(mean),msdZ(std),DmsdX(mean),DmsdX(std),DmsdY(mean),DmsdY(std),DmsdZ(mean),DmsdZ(std)
1217.2539549999999,0,1209.0655449999999,0,858.48862250000002,0,0.66349828572985936,0,0.65903496402485551,0,0.46794321514226539,0