msdX(mean),msdX(std),msdY(mean),msdY(std),msdZ(mean),msdZ(std),DmsdX(mean),DmsdX(std),DmsdY(mean),DmsdY(std),DmsdZ(mean),DmsdZ(std)
1362.3758499999999,0,1353.1526425,0,955.00101500000005,0,0.63751794571829667,0,0.63320198525970983,0,0.44688863593823119,0