msdX(mean),msdX(std),msdY(mean),msdY(std),msdZ(mean),msdZ(std),DmsdX(mean),DmsdX(std),DmsdY(mean),DmsdY(std),DmsdZ(mean),DmsdZ(std)
48.888327750000002,0,49.032220250000002,0,48.919402499999997,0,2.4444163875,0,2.4516110124999999,0,2.4459701249999997,0