msdX(mean),msdX(std),msdY(mean),msdY(std),msdZ(mean),msdZ(std),DmsdX(mean),DmsdX(std),DmsdY(mean),DmsdY(std),DmsdZ(mean),DmsdZ(std)
5601.4707980000003,0,5613.4811792500004,0,5594.4617644999998,0,1.8008843872170783,0,1.8047457495016719,0,1.7986309685249484,0