msdX(mean),msdX(std),msdY(mean),msdY(std),msdZ(mean),msdZ(std),DmsdX(mean),DmsdX(std),DmsdY(mean),DmsdY(std),DmsdZ(mean),DmsdZ(std)
8306.6433552500002,0,8334.9791247499998,0,8326.5584940000008,0,1.5528564704040431,0,1.5581536020046363,0,1.5565794365582823,0