msdX(mean),msdX(std),msdY(mean),msdY(std),msdZ(mean),msdZ(std),DmsdX(mean),DmsdX(std),DmsdY(mean),DmsdY(std),DmsdZ(mean),DmsdZ(std)
7639.2198195000001,0,7663.3974495000002,0,7639.2403102500002,0,1.6184330568698624,0,1.6235552914112596,0,1.6184373980078248,0