msdX(mean),msdX(std),msdY(mean),msdY(std),msdZ(mean),msdZ(std),DmsdX(mean),DmsdX(std),DmsdY(mean),DmsdY(std),DmsdZ(mean),DmsdZ(std)
161.2235225,0,161.48110449999999,0,161.35043175000001,0,2.4039292619284294,0,2.4077699478131214,0,2.4058215469681912,0