msdX(mean),msdX(std),msdY(mean),msdY(std),msdZ(mean),msdZ(std),DmsdX(mean),DmsdX(std),DmsdY(mean),DmsdY(std),DmsdZ(mean),DmsdZ(std)
62.702069250000001,0,62.927201750000002,0,62.813633250000002,0,2.4366089086787563,0,2.4453575809585493,0,2.4409442972797928,0