msdX(mean),msdX(std),msdY(mean),msdY(std),msdZ(mean),msdZ(std),DmsdX(mean),DmsdX(std),DmsdY(mean),DmsdY(std),DmsdZ(mean),DmsdZ(std)
242.72608675000001,0,243.25203475000001,0,242.46295050000001,0,2.3843426989194501,0,2.3895091822200394,0,2.3817578634577603,0