msdX(mean),msdX(std),msdY(mean),msdY(std),msdZ(mean),msdZ(std),DmsdX(mean),DmsdX(std),DmsdY(mean),DmsdY(std),DmsdZ(mean),DmsdZ(std)
4129.8128552500002,0,4132.1653925000001,0,4126.0716755000003,0,1.932588532749423,0,1.9336894268266052,0,1.9308378090877893,0