msdX(mean),msdX(std),msdY(mean),msdY(std),msdZ(mean),msdZ(std),DmsdX(mean),DmsdX(std),DmsdY(mean),DmsdY(std),DmsdZ(mean),DmsdZ(std)
6365.8900467499998,0,6384.4799832500003,0,6358.0119052500004,0,1.7321521341856079,0,1.7372104367868741,0,1.7300084999863952,0