msdX(mean),msdX(std),msdY(mean),msdY(std),msdZ(mean),msdZ(std),DmsdX(mean),DmsdX(std),DmsdY(mean),DmsdY(std),DmsdZ(mean),DmsdZ(std)
1204.6318289999999,0,1205.0533049999999,0,1205.5817462499999,0,2.2324533524833208,0,2.2332344421793917,0,2.234213762509266,0