msdX(mean),msdX(std),msdY(mean),msdY(std),msdZ(mean),msdZ(std),DmsdX(mean),DmsdX(std),DmsdY(mean),DmsdY(std),DmsdZ(mean),DmsdZ(std)
55.383559249999998,0,55.509245,0,55.360823250000003,0,2.4433923198529408,0,2.4489372794117648,0,2.4423892610294118,0