msdX(mean),msdX(std),msdY(mean),msdY(std),msdZ(mean),msdZ(std),DmsdX(mean),DmsdX(std),DmsdY(mean),DmsdY(std),DmsdZ(mean),DmsdZ(std)
1642.9245302500001,0,1638.4097517499999,0,1644.6989342500001,0,2.1810662849588462,0,2.1750726857465263,0,2.1834218969599082,0