msdX(mean),msdX(std),msdY(mean),msdY(std),msdZ(mean),msdZ(std),DmsdX(mean),DmsdX(std),DmsdY(mean),DmsdY(std),DmsdZ(mean),DmsdZ(std)
1353.6867522499999,0,1352.3177264999999,0,1355.7850495,0,2.2138357265318356,0,2.211596805222416,0,2.217267307293938,0