msdX(mean),msdX(std),msdY(mean),msdY(std),msdZ(mean),msdZ(std),DmsdX(mean),DmsdX(std),DmsdY(mean),DmsdY(std),DmsdZ(mean),DmsdZ(std)
3583.9869937499998,0,3581.9585265000001,0,3582.94178625,0,1.9816360686442551,0,1.9805145009952452,0,1.981058158935088,0