msdX(mean),msdX(std),msdY(mean),msdY(std),msdZ(mean),msdZ(std),DmsdX(mean),DmsdX(std),DmsdY(mean),DmsdY(std),DmsdZ(mean),DmsdZ(std)
262.91493724999998,0,263.78192250000001,0,262.9865345,0,2.377169414556962,0,2.385008340867993,0,2.3778167676311033,0