msdX(mean),msdX(std),msdY(mean),msdY(std),msdZ(mean),msdZ(std),DmsdX(mean),DmsdX(std),DmsdY(mean),DmsdY(std),DmsdZ(mean),DmsdZ(std)
427.65775024999999,0,428.16683074999997,0,428.52866625000001,0,2.3437582220496895,0,2.3465482138290099,0,2.3485312362988675,0