msdX(mean),msdX(std),msdY(mean),msdY(std),msdZ(mean),msdZ(std),DmsdX(mean),DmsdX(std),DmsdY(mean),DmsdY(std),DmsdZ(mean),DmsdZ(std)
3105.5221015000002,0,3101.1088920000002,0,3099.6801647500001,0,2.0288689687499999,0,2.0259857743902439,0,2.025052372441202,0