msdX(mean),msdX(std),msdY(mean),msdY(std),msdZ(mean),msdZ(std),DmsdX(mean),DmsdX(std),DmsdY(mean),DmsdY(std),DmsdZ(mean),DmsdZ(std)
2783.4380305,0,2778.9083527500002,0,2780.8692712500001,0,2.0607882752961499,0,2.0574346145730504,0,2.0588864298494571,0