msdX(mean),msdX(std),msdY(mean),msdY(std),msdZ(mean),msdZ(std),DmsdX(mean),DmsdX(std),DmsdY(mean),DmsdY(std),DmsdZ(mean),DmsdZ(std)
9962.4837564999998,0,9999.121099,0,10001.717549999999,0,1.3908385423802165,0,1.395953394186739,0,1.396315878504151,0