msdX(mean),msdX(std),msdY(mean),msdY(std),msdZ(mean),msdZ(std),DmsdX(mean),DmsdX(std),DmsdY(mean),DmsdY(std),DmsdZ(mean),DmsdZ(std)
1987.8494284999999,0,1985.3859837499999,0,1991.1270605,0,2.1422330215891945,0,2.1395782567892807,0,2.1457652063725843,0