msdX(mean),msdX(std),msdY(mean),msdY(std),msdZ(mean),msdZ(std),DmsdX(mean),DmsdX(std),DmsdY(mean),DmsdY(std),DmsdZ(mean),DmsdZ(std)
3335.2402602500001,0,3335.5386389999999,0,3334.1002389999999,0,2.0045117358662554,0,2.0046910643881724,0,2.0038265720410289,0