msdX(mean),msdX(std),msdY(mean),msdY(std),msdZ(mean),msdZ(std),DmsdX(mean),DmsdX(std),DmsdY(mean),DmsdY(std),DmsdZ(mean),DmsdZ(std)
5419.1392830000004,0,5434.2806025,0,5415.6018217500005,0,1.8164712680446928,0,1.8215465706703911,0,1.8152855268435755,0