msdX(mean),msdX(std),msdY(mean),msdY(std),msdZ(mean),msdZ(std),DmsdX(mean),DmsdX(std),DmsdY(mean),DmsdY(std),DmsdZ(mean),DmsdZ(std)
615.35157475000005,0,615.35829275000003,0,615.39737600000001,0,2.317417429387397,0,2.3174427294125035,0,2.3175899171478789,0