msdX(mean),msdX(std),msdY(mean),msdY(std),msdZ(mean),msdZ(std),DmsdX(mean),DmsdX(std),DmsdY(mean),DmsdY(std),DmsdZ(mean),DmsdZ(std)
7860.0729760000004,0,7887.0653949999996,0,7863.5321990000002,0,1.5972078876139644,0,1.6026928881558449,0,1.5979108197976077,0