msdX(mean),msdX(std),msdY(mean),msdY(std),msdZ(mean),msdZ(std),DmsdX(mean),DmsdX(std),DmsdY(mean),DmsdY(std),DmsdZ(mean),DmsdZ(std)
2310.5357370000002,0,2308.8636984999998,0,2311.64609875,0,2.1073839264866838,0,2.1058589004925206,0,2.1083966606621667,0