msdX(mean),msdX(std),msdY(mean),msdY(std),msdZ(mean),msdZ(std),DmsdX(mean),DmsdX(std),DmsdY(mean),DmsdY(std),DmsdZ(mean),DmsdZ(std)
6166.9802165000001,0,6183.8611405000001,0,6159.2181537500001,0,1.7494979337588652,0,1.7542868483687943,0,1.747295930141844,0