msdX(mean),msdX(std),msdY(mean),msdY(std),msdZ(mean),msdZ(std),DmsdX(mean),DmsdX(std),DmsdY(mean),DmsdY(std),DmsdZ(mean),DmsdZ(std)
8780.0976202500005,0,8799.8224594999992,0,8803.0685295000003,0,1.5100088776958003,0,1.5134011728235819,0,1.513959434784852,0