msdX(mean),msdX(std),msdY(mean),msdY(std),msdZ(mean),msdZ(std),DmsdX(mean),DmsdX(std),DmsdY(mean),DmsdY(std),DmsdZ(mean),DmsdZ(std)
953.02224175000003,0,952.99397950000002,0,953.96670574999996,0,2.2683804548159316,0,2.2683131850999683,0,2.2706284649714377,0