msdX(mean),msdX(std),msdY(mean),msdY(std),msdZ(mean),msdZ(std),DmsdX(mean),DmsdX(std),DmsdY(mean),DmsdY(std),DmsdZ(mean),DmsdZ(std)
11869.834665750001,0,11902.318601499999,0,11934.310078500001,0,1.1869834665750001,0,1.1902318601499999,0,1.1934310078500001,0