msdX(mean),msdX(std),msdY(mean),msdY(std),msdZ(mean),msdZ(std),DmsdX(mean),DmsdX(std),DmsdY(mean),DmsdY(std),DmsdZ(mean),DmsdZ(std)
349.76809824999998,0,350.07185500000003,0,349.68612975000002,0,2.3611707802655264,0,2.3632213433843385,0,2.3606174375562561,0