msdX(mean),msdX(std),msdY(mean),msdY(std),msdZ(mean),msdZ(std),DmsdX(mean),DmsdX(std),DmsdY(mean),DmsdY(std),DmsdZ(mean),DmsdZ(std)
7413.3221132500003,0,7433.9111842499997,0,7420.0305982500004,0,1.6374829801462252,0,1.6420307730013695,0,1.6389647760053898,0