msdX(mean),msdX(std),msdY(mean),msdY(std),msdZ(mean),msdZ(std),DmsdX(mean),DmsdX(std),DmsdY(mean),DmsdY(std),DmsdZ(mean),DmsdZ(std)
2887.1540335,0,2881.4602382500002,0,2883.6790257500002,0,2.0502443072716945,0,2.0462009929342422,0,2.0477766125195287,0