msdX(mean),msdX(std),msdY(mean),msdY(std),msdZ(mean),msdZ(std),DmsdX(mean),DmsdX(std),DmsdY(mean),DmsdY(std),DmsdZ(mean),DmsdZ(std)
8089.3662999999997,0,8106.1548282499998,0,8092.0793635,0,1.5766491404737464,0,1.5799212903126258,0,1.577177927164408,0