msdX(mean),msdX(std),msdY(mean),msdY(std),msdZ(mean),msdZ(std),DmsdX(mean),DmsdX(std),DmsdY(mean),DmsdY(std),DmsdZ(mean),DmsdZ(std)
83.391991000000004,0,83.731415499999997,0,83.718713500000007,0,2.4241857848837212,0,2.4340527761627908,0,2.4336835319767447,0