msdX(mean),msdX(std),msdY(mean),msdY(std),msdZ(mean),msdZ(std),DmsdX(mean),DmsdX(std),DmsdY(mean),DmsdY(std),DmsdZ(mean),DmsdZ(std)
182.06293375000001,0,182.61087649999999,0,182.40187225,0,2.3955649177631582,0,2.4027746907894736,0,2.4000246348684211,0