msdX(mean),msdX(std),msdY(mean),msdY(std),msdZ(mean),msdZ(std),DmsdX(mean),DmsdX(std),DmsdY(mean),DmsdY(std),DmsdZ(mean),DmsdZ(std)
6570.8257345000002,0,6588.3432347500002,0,6562.5836777499999,0,1.7148740498912571,0,1.7194458202914311,0,1.7127230128969118,0