msdX(mean),msdX(std),msdY(mean),msdY(std),msdZ(mean),msdZ(std),DmsdX(mean),DmsdX(std),DmsdY(mean),DmsdY(std),DmsdZ(mean),DmsdZ(std)
3216.5660035000001,0,3217.46340775,0,3215.1975240000002,0,2.0155606171150473,0,2.0161229474580167,0,2.0147031021806336,0