msdX(mean),msdX(std),msdY(mean),msdY(std),msdZ(mean),msdZ(std),DmsdX(mean),DmsdX(std),DmsdY(mean),DmsdY(std),DmsdZ(mean),DmsdZ(std)
813.49279924999996,0,813.38976600000001,0,814.19673324999997,0,2.2876625400731156,0,2.2873727952755902,0,2.2896421070022495,0