msdX(mean),msdX(std),msdY(mean),msdY(std),msdZ(mean),msdZ(std),DmsdX(mean),DmsdX(std),DmsdY(mean),DmsdY(std),DmsdZ(mean),DmsdZ(std)
10922.43927725,0,10962.554163500001,0,10982.28776325,0,1.2905498118073115,0,1.2952896192428576,0,1.2976212589798428,0