msdX(mean),msdX(std),msdY(mean),msdY(std),msdZ(mean),msdZ(std),DmsdX(mean),DmsdX(std),DmsdY(mean),DmsdY(std),DmsdZ(mean),DmsdZ(std)
4579.9434627500004,0,4586.1408504999999,0,4579.2172710000004,0,1.8911319938681972,0,1.8936909945082168,0,1.8908321376661987,0