msdX(mean),msdX(std),msdY(mean),msdY(std),msdZ(mean),msdZ(std),DmsdX(mean),DmsdX(std),DmsdY(mean),DmsdY(std),DmsdZ(mean),DmsdZ(std)
5785.4259167500004,0,5801.6547810000002,0,5779.3502564999999,0,1.7840468053214236,0,1.7890512862076764,0,1.7821732592048187,0