msdX(mean),msdX(std),msdY(mean),msdY(std),msdZ(mean),msdZ(std),DmsdX(mean),DmsdX(std),DmsdY(mean),DmsdY(std),DmsdZ(mean),DmsdZ(std)
3987.4516444999999,0,3991.1462462499999,0,3982.7947675,0,1.9454146907627257,0,1.9472172286144089,0,1.9431426740120346,0