msdX(mean),msdX(std),msdY(mean),msdY(std),msdZ(mean),msdZ(std),DmsdX(mean),DmsdX(std),DmsdY(mean),DmsdY(std),DmsdZ(mean),DmsdZ(std)
65.283437250000006,0,65.501692250000005,0,65.411802249999994,0,2.4359491511194031,0,2.4440929944029852,0,2.440738889925373,0