msdX(mean),msdX(std),msdY(mean),msdY(std),msdZ(mean),msdZ(std),DmsdX(mean),DmsdX(std),DmsdY(mean),DmsdY(std),DmsdZ(mean),DmsdZ(std)
70.788196249999999,0,71.069942999999995,0,71.045238499999996,0,2.4298007866132725,0,2.4394717276887872,0,2.4386237471395882,0