msdX(mean),msdX(std),msdY(mean),msdY(std),msdZ(mean),msdZ(std),DmsdX(mean),DmsdX(std),DmsdY(mean),DmsdY(std),DmsdZ(mean),DmsdZ(std)
94.535788249999996,0,94.728606249999999,0,94.655392250000006,0,2.4239945705128205,0,2.4289386217948716,0,2.4270613397435898,0