msdX(mean),msdX(std),msdY(mean),msdY(std),msdZ(mean),msdZ(std),DmsdX(mean),DmsdX(std),DmsdY(mean),DmsdY(std),DmsdZ(mean),DmsdZ(std)
53.275803750000001,0,53.409126000000001,0,53.256292500000001,0,2.4438442087155963,0,2.4499599082568806,0,2.4429491972477062,0