msdX(mean),msdX(std),msdY(mean),msdY(std),msdZ(mean),msdZ(std),DmsdX(mean),DmsdX(std),DmsdY(mean),DmsdY(std),DmsdZ(mean),DmsdZ(std)
1301.8329659999999,0,1301.4440815,0,1303.6234032499999,0,2.2195379052057285,0,2.2188748832120937,0,2.2225904806490111,0