msdX(mean),msdX(std),msdY(mean),msdY(std),msdZ(mean),msdZ(std),DmsdX(mean),DmsdX(std),DmsdY(mean),DmsdY(std),DmsdZ(mean),DmsdZ(std)
10684.086102499999,0,10725.807317749999,0,10736.46776775,0,1.3161523552539727,0,1.3212919128341476,0,1.3226051535026486,0