msdX(mean),msdX(std),msdY(mean),msdY(std),msdZ(mean),msdZ(std),DmsdX(mean),DmsdX(std),DmsdY(mean),DmsdY(std),DmsdZ(mean),DmsdZ(std)
379.06327399999998,0,379.44928049999999,0,379.64255100000003,0,2.3544302732919253,0,2.3568278291925466,0,2.3580282670807455,0