msdX(mean),msdX(std),msdY(mean),msdY(std),msdZ(mean),msdZ(std),DmsdX(mean),DmsdX(std),DmsdY(mean),DmsdY(std),DmsdZ(mean),DmsdZ(std)
1252.7053309999999,0,1252.7404544999999,0,1253.2518970000001,0,2.2268997351268074,0,2.226962173204551,0,2.2278713504384928,0