msdX(mean),msdX(std),msdY(mean),msdY(std),msdZ(mean),msdZ(std),DmsdX(mean),DmsdX(std),DmsdY(mean),DmsdY(std),DmsdZ(mean),DmsdZ(std)
9013.1704322500009,0,9034.1213255000002,0,9042.9356680000001,0,1.4867657475064335,0,1.4902216979622585,0,1.4916756660874921,0