msdX(mean),msdX(std),msdY(mean),msdY(std),msdZ(mean),msdZ(std),DmsdX(mean),DmsdX(std),DmsdY(mean),DmsdY(std),DmsdZ(mean),DmsdZ(std)
916.06802174999996,0,916.20959174999996,0,916.83140149999997,0,2.2734977376323626,0,2.2738490860771012,0,2.2753922935969557,0