msdX(mean),msdX(std),msdY(mean),msdY(std),msdZ(mean),msdZ(std),DmsdX(mean),DmsdX(std),DmsdY(mean),DmsdY(std),DmsdZ(mean),DmsdZ(std)
285.50669325000001,0,286.087986,0,285.25829900000002,0,2.3739470059589802,0,2.3787803713968958,0,2.3718816435698451,0