msdX(mean),msdX(std),msdY(mean),msdY(std),msdZ(mean),msdZ(std),DmsdX(mean),DmsdX(std),DmsdY(mean),DmsdY(std),DmsdZ(mean),DmsdZ(std)
131.25306775000001,0,131.655631,0,131.58202474999999,0,2.4097870455936352,0,2.417178047735618,0,2.4158266477968171,0