msdX(mean),msdX(std),msdY(mean),msdY(std),msdZ(mean),msdZ(std),DmsdX(mean),DmsdX(std),DmsdY(mean),DmsdY(std),DmsdZ(mean),DmsdZ(std)
4904.3023670000002,0,4909.6839355000002,0,4898.7920002499995,0,1.8630064452857904,0,1.8650507517030923,0,1.8609132120381389,0