msdX(mean),msdX(std),msdY(mean),msdY(std),msdZ(mean),msdZ(std),DmsdX(mean),DmsdX(std),DmsdY(mean),DmsdY(std),DmsdZ(mean),DmsdZ(std)
823.33315000000005,0,943.38476749999995,0,789.83250499999997,0,0.22562429892029159,0,0.2585229645851983,0,0.21644386018598022,0