msdX(mean),msdX(std),msdY(mean),msdY(std),msdZ(mean),msdZ(std),DmsdX(mean),DmsdX(std),DmsdY(mean),DmsdY(std),DmsdZ(mean),DmsdZ(std)
1138.8863425,0,1331.0753675000001,0,1095.8123224999999,0,0.19084068923432682,0,0.22304538308793959,0,0.18362287007350639,0