msdX(mean),msdX(std),msdY(mean),msdY(std),msdZ(mean),msdZ(std),DmsdX(mean),DmsdX(std),DmsdY(mean),DmsdY(std),DmsdZ(mean),DmsdZ(std)
1529.89572,0,1832.2401050000001,0,1515.1047100000001,0,0.1577602417092889,0,0.18893747989193202,0,0.15623501794258374,0