msdX(mean),msdX(std),msdY(mean),msdY(std),msdZ(mean),msdZ(std),DmsdX(mean),DmsdX(std),DmsdY(mean),DmsdY(std),DmsdZ(mean),DmsdZ(std)
79.438177499999995,0,83.966915,0,70.760840000000002,0,0.65723809293987867,0,0.69470696359624939,0,0.58544544953116384,0