msdX(mean),msdX(std),msdY(mean),msdY(std),msdZ(mean),msdZ(std),DmsdX(mean),DmsdX(std),DmsdY(mean),DmsdY(std),DmsdZ(mean),DmsdZ(std)
281.20052750000002,0,308.05282,0,256.54900500000002,0,0.38750646876435468,0,0.42451008727606798,0,0.35353560633899866,0