msdX(mean),msdX(std),msdY(mean),msdY(std),msdZ(mean),msdZ(std),DmsdX(mean),DmsdX(std),DmsdY(mean),DmsdY(std),DmsdZ(mean),DmsdZ(std)
1157.7308049999999,0,1362.2557449999999,0,1119.4831624999999,0,0.18765898071104387,0,0.22081085125351199,0,0.18145934123081911,0