msdX(mean),msdX(std),msdY(mean),msdY(std),msdZ(mean),msdZ(std),DmsdX(mean),DmsdX(std),DmsdY(mean),DmsdY(std),DmsdZ(mean),DmsdZ(std)
797.27785749999998,0,908.27179750000005,0,760.89997500000004,0,0.23126037674279196,0,0.26345555203720539,0,0.22070851865101621,0