msdX(mean),msdX(std),msdY(mean),msdY(std),msdZ(mean),msdZ(std),DmsdX(mean),DmsdX(std),DmsdY(mean),DmsdY(std),DmsdZ(mean),DmsdZ(std)
484.97861999999998,0,547.65690749999999,0,457.08918749999998,0,0.29699842002122967,0,0.33538228188535968,0,0.27991907456928228,0