msdX(mean),msdX(std),msdY(mean),msdY(std),msdZ(mean),msdZ(std),DmsdX(mean),DmsdX(std),DmsdY(mean),DmsdY(std),DmsdZ(mean),DmsdZ(std)
1383.1497625,0,1651.2507475,0,1359.7577524999999,0,0.16692073983860847,0,0.19927559827908026,0,0.16409775441694691,0