msdX(mean),msdX(std),msdY(mean),msdY(std),msdZ(mean),msdZ(std),DmsdX(mean),DmsdX(std),DmsdY(mean),DmsdY(std),DmsdZ(mean),DmsdZ(std)
1500.4996524999999,0,1796.4590525000001,0,1480.0982974999999,0,0.15970917622828676,0,0.1912103044639816,0,0.15753771047981946,0