msdX(mean),msdX(std),msdY(mean),msdY(std),msdZ(mean),msdZ(std),DmsdX(mean),DmsdX(std),DmsdY(mean),DmsdY(std),DmsdZ(mean),DmsdZ(std)
1545.3147475000001,0,1851.6408475000001,0,1536.84933,0,0.15610501328390172,0,0.18704954415508324,0,0.15524985150315176,0