msdX(mean),msdX(std),msdY(mean),msdY(std),msdZ(mean),msdZ(std),DmsdX(mean),DmsdX(std),DmsdY(mean),DmsdY(std),DmsdZ(mean),DmsdZ(std)
782.49523750000003,0,890.24703,0,745.87137250000001,0,0.23381331797808766,0,0.26601006872509964,0,0.22286993202191235,0