msdX(mean),msdX(std),msdY(mean),msdY(std),msdZ(mean),msdZ(std),DmsdX(mean),DmsdX(std),DmsdY(mean),DmsdY(std),DmsdZ(mean),DmsdZ(std)
1109.2596775,0,1295.2856850000001,0,1067.3102125,0,0.19237718563203107,0,0.22463938762414587,0,0.18510195497219364,0