msdX(mean),msdX(std),msdY(mean),msdY(std),msdZ(mean),msdZ(std),DmsdX(mean),DmsdX(std),DmsdY(mean),DmsdY(std),DmsdZ(mean),DmsdZ(std)
1374.7788599999999,0,1640.0870050000001,0,1349.1280425,0,0.16795363245426853,0,0.20036573011516348,0,0.16481992993679856,0