msdX(mean),msdX(std),msdY(mean),msdY(std),msdZ(mean),msdZ(std),DmsdX(mean),DmsdX(std),DmsdY(mean),DmsdY(std),DmsdZ(mean),DmsdZ(std)
1281.4395374999999,0,1517.29195,0,1246.7053524999999,0,0.17606544715726416,0,0.20847076887142427,0,0.17129308792009013,0