msdX(mean),msdX(std),msdY(mean),msdY(std),msdZ(mean),msdZ(std),DmsdX(mean),DmsdX(std),DmsdY(mean),DmsdY(std),DmsdZ(mean),DmsdZ(std)
1353.6471550000001,0,1612.3339524999999,0,1326.5756974999999,0,0.16954781580353714,0,0.20194900789508841,0,0.16615704556271813,0