msdX(mean),msdX(std),msdY(mean),msdY(std),msdZ(mean),msdZ(std),DmsdX(mean),DmsdX(std),DmsdY(mean),DmsdY(std),DmsdZ(mean),DmsdZ(std)
720.16926249999995,0,819.30183,0,682.52106500000002,0,0.24466703518526906,0,0.27834588353868456,0,0.23187660751494837,0