msdX(mean),msdX(std),msdY(mean),msdY(std),msdZ(mean),msdZ(std),DmsdX(mean),DmsdX(std),DmsdY(mean),DmsdY(std),DmsdZ(mean),DmsdZ(std)
895.53695500000003,0,1038.128935,0,859.12055499999997,0,0.21562923294861713,0,0.24996282365121916,0,0.20686081713405138,0