msdX(mean),msdX(std),msdY(mean),msdY(std),msdZ(mean),msdZ(std),DmsdX(mean),DmsdX(std),DmsdY(mean),DmsdY(std),DmsdZ(mean),DmsdZ(std)
422.95953250000002,0,475.28874000000002,0,395.61808000000002,0,0.31788721252129476,0,0.35721671009119155,0,0.29733796973644655,0