msdX(mean),msdX(std),msdY(mean),msdY(std),msdZ(mean),msdZ(std),DmsdX(mean),DmsdX(std),DmsdY(mean),DmsdY(std),DmsdZ(mean),DmsdZ(std)
839.79960500000004,0,962.42333499999995,0,803.01765999999998,0,0.22395054267631426,0,0.25665078534729502,0,0.21414184963288235,0