msdX(mean),msdX(std),msdY(mean),msdY(std),msdZ(mean),msdZ(std),DmsdX(mean),DmsdX(std),DmsdY(mean),DmsdY(std),DmsdZ(mean),DmsdZ(std)
1223.7033074999999,0,1445.4277824999999,0,1187.4524524999999,0,0.18064174478167164,0,0.21337246944288624,0,0.17529043318768267,0