msdX(mean),msdX(std),msdY(mean),msdY(std),msdZ(mean),msdZ(std),DmsdX(mean),DmsdX(std),DmsdY(mean),DmsdY(std),DmsdZ(mean),DmsdZ(std)
811.20578250000005,0,924.35343250000005,0,774.99994500000003,0,0.22861600258337247,0,0.26050355072804132,0,0.21841238468764679,0