msdX(mean),msdX(std),msdY(mean),msdY(std),msdZ(mean),msdZ(std),DmsdX(mean),DmsdX(std),DmsdY(mean),DmsdY(std),DmsdZ(mean),DmsdZ(std)
581.63233749999995,0,658.33375000000001,0,548.28822749999995,0,0.27217236195601308,0,0.30806445952269534,0,0.25656912845109964,0