msdX(mean),msdX(std),msdY(mean),msdY(std),msdZ(mean),msdZ(std),DmsdX(mean),DmsdX(std),DmsdY(mean),DmsdY(std),DmsdZ(mean),DmsdZ(std)
223.40975750000001,0,242.50353000000001,0,202.29322999999999,0,0.42630026237119967,0,0.46273412415723197,0,0.38600667217911211,0