msdX(mean),msdX(std),msdY(mean),msdY(std),msdZ(mean),msdZ(std),DmsdX(mean),DmsdX(std),DmsdY(mean),DmsdY(std),DmsdZ(mean),DmsdZ(std)
1147.3415525,0,1344.3024849999999,0,1108.8327525,0,0.18906406037153406,0,0.22152016165355715,0,0.18271840848420268,0