msdX(mean),msdX(std),msdY(mean),msdY(std),msdZ(mean),msdZ(std),DmsdX(mean),DmsdX(std),DmsdY(mean),DmsdY(std),DmsdZ(mean),DmsdZ(std)
544.25504249999994,0,614.99134000000004,0,512.96313499999997,0,0.2812106244187248,0,0.31775929523612695,0,0.26504243825565776,0