msdX(mean),msdX(std),msdY(mean),msdY(std),msdZ(mean),msdZ(std),DmsdX(mean),DmsdX(std),DmsdY(mean),DmsdY(std),DmsdZ(mean),DmsdZ(std)
1314.7903425,0,1556.9590075000001,0,1282.5090425000001,0,0.17343993613138683,0,0.20538549918652713,0,0.16918156395655615,0