msdX(mean),msdX(std),msdY(mean),msdY(std),msdZ(mean),msdZ(std),DmsdX(mean),DmsdX(std),DmsdY(mean),DmsdY(std),DmsdZ(mean),DmsdZ(std)
870.51057000000003,0,1001.35162,0,831.02494000000002,0,0.22029690668601218,0,0.25340836974676495,0,0.21030442359927792,0