msdX(mean),msdX(std),msdY(mean),msdY(std),msdZ(mean),msdZ(std),DmsdX(mean),DmsdX(std),DmsdY(mean),DmsdY(std),DmsdZ(mean),DmsdZ(std)
703.38297750000004,0,799.43661499999996,0,668.31403750000004,0,0.24743772660647281,0,0.28122770227485927,0,0.2351010919910882,0