msdX(mean),msdX(std),msdY(mean),msdY(std),msdZ(mean),msdZ(std),DmsdX(mean),DmsdX(std),DmsdY(mean),DmsdY(std),DmsdZ(mean),DmsdZ(std)
1018.75471,0,1184.1700049999999,0,977.69109000000003,0,0.20131635619903304,0,0.23400411128090953,0,0.19320176465938585,0