msdX(mean),msdX(std),msdY(mean),msdY(std),msdZ(mean),msdZ(std),DmsdX(mean),DmsdX(std),DmsdY(mean),DmsdY(std),DmsdZ(mean),DmsdZ(std)
654.27351250000004,0,742.919445,0,618.29646749999995,0,0.25756095652687389,0,0.29245726629750163,0,0.24339825248005459,0