msdX(mean),msdX(std),msdY(mean),msdY(std),msdZ(mean),msdZ(std),DmsdX(mean),DmsdX(std),DmsdY(mean),DmsdY(std),DmsdZ(mean),DmsdZ(std)
685.36323749999997,0,780.15368750000005,0,652.50318249999998,0,0.24996227782775723,0,0.28453378021056214,0,0.23797772168595602,0