msdX(mean),msdX(std),msdY(mean),msdY(std),msdZ(mean),msdZ(std),DmsdX(mean),DmsdX(std),DmsdY(mean),DmsdY(std),DmsdZ(mean),DmsdZ(std)
4336.0666613281246,0,4461.4416968750002,0,3873.4938527343752,0,1.3940468837491624,0,1.4343549996651037,0,1.2453295708724046,0