msdX(mean),msdX(std),msdY(mean),msdY(std),msdZ(mean),msdZ(std),DmsdX(mean),DmsdX(std),DmsdY(mean),DmsdY(std),DmsdZ(mean),DmsdZ(std)
123.682087109375,0,124.75993242187501,0,118.859944921875,0,2.1786202499999998,0,2.1976061490825689,0,2.0936797637614677,0