msdX(mean),msdX(std),msdY(mean),msdY(std),msdZ(mean),msdZ(std),DmsdX(mean),DmsdX(std),DmsdY(mean),DmsdY(std),DmsdZ(mean),DmsdZ(std)
1452.1613046875,0,1483.084712890625,0,1331.1480984375,0,1.7009210010980966,0,1.7371416842057101,0,1.5591778605417277,0