msdX(mean),msdX(std),msdY(mean),msdY(std),msdZ(mean),msdZ(std),DmsdX(mean),DmsdX(std),DmsdY(mean),DmsdY(std),DmsdZ(mean),DmsdZ(std)
7043.5574367187501,0,7278.5658917968749,0,6202.9111691406251,0,1.2629464212271198,0,1.3050846574757189,0,1.1122141804958909,0