msdX(mean),msdX(std),msdY(mean),msdY(std),msdZ(mean),msdZ(std),DmsdX(mean),DmsdX(std),DmsdY(mean),DmsdY(std),DmsdZ(mean),DmsdZ(std)
109.9278234375,0,110.84992070312499,0,105.87597226562499,0,2.1939856652806649,0,2.2123892697505196,0,2.1131171179833679,0