msdX(mean),msdX(std),msdY(mean),msdY(std),msdZ(mean),msdZ(std),DmsdX(mean),DmsdX(std),DmsdY(mean),DmsdY(std),DmsdZ(mean),DmsdZ(std)
697.33591523437497,0,708.284502734375,0,650.50891093749999,0,1.8809847671396458,0,1.9105173437060972,0,1.7546742188817082,0