msdX(mean),msdX(std),msdY(mean),msdY(std),msdZ(mean),msdZ(std),DmsdX(mean),DmsdX(std),DmsdY(mean),DmsdY(std),DmsdZ(mean),DmsdZ(std)
339.669587890625,0,343.99133710937502,0,320.54219062499999,0,2.022846180986352,0,2.048583645316377,0,1.9089361228287838,0