msdX(mean),msdX(std),msdY(mean),msdY(std),msdZ(mean),msdZ(std),DmsdX(mean),DmsdX(std),DmsdY(mean),DmsdY(std),DmsdZ(mean),DmsdZ(std)
724.20504101562506,0,735.82847656249999,0,674.41891015625004,0,1.8734487722312048,0,1.9035174818108327,0,1.7446568411479386,0