msdX(mean),msdX(std),msdY(mean),msdY(std),msdZ(mean),msdZ(std),DmsdX(mean),DmsdX(std),DmsdY(mean),DmsdY(std),DmsdZ(mean),DmsdZ(std)
9275.1968339843752,0,9629.3466406250009,0,8133.4765398437503,0,1.1912595939080353,0,1.2367448124314344,0,1.0446227862694994,0