msdX(mean),msdX(std),msdY(mean),msdY(std),msdZ(mean),msdZ(std),DmsdX(mean),DmsdX(std),DmsdY(mean),DmsdY(std),DmsdZ(mean),DmsdZ(std)
10300.953413671876,0,10689.335689843751,0,8989.1627316406248,0,1.1673984201354046,0,1.2114134581036253,0,1.018734281171422,0