msdX(mean),msdX(std),msdY(mean),msdY(std),msdZ(mean),msdZ(std),DmsdX(mean),DmsdX(std),DmsdY(mean),DmsdY(std),DmsdZ(mean),DmsdZ(std)
259.68089335937498,0,262.67173593749999,0,246.02554531249999,0,2.0705453291112956,0,2.0943925789036544,0,1.9616654775747506,0