msdX(mean),msdX(std),msdY(mean),msdY(std),msdZ(mean),msdZ(std),DmsdX(mean),DmsdX(std),DmsdY(mean),DmsdY(std),DmsdZ(mean),DmsdZ(std)
1211.6341500000001,0,1235.869790625,0,1117.5418648437501,0,1.7483372673981663,0,1.7833082804749736,0,1.6125660457688262,0