msdX(mean),msdX(std),msdY(mean),msdY(std),msdZ(mean),msdZ(std),DmsdX(mean),DmsdX(std),DmsdY(mean),DmsdY(std),DmsdZ(mean),DmsdZ(std)
2392.5740863281248,0,2448.063213671875,0,2172.2247851562502,0,1.5630290050187137,0,1.5992791324430078,0,1.4190784578087785,0