msdX(mean),msdX(std),msdY(mean),msdY(std),msdZ(mean),msdZ(std),DmsdX(mean),DmsdX(std),DmsdY(mean),DmsdY(std),DmsdZ(mean),DmsdZ(std)
176.00857929687501,0,177.70999375,0,168.13826289062499,0,2.1307469877049181,0,2.1513441866330387,0,2.0354695129255989,0