msdX(mean),msdX(std),msdY(mean),msdY(std),msdZ(mean),msdZ(std),DmsdX(mean),DmsdX(std),DmsdY(mean),DmsdY(std),DmsdZ(mean),DmsdZ(std)
8665.1069808593747,0,8975.5975996093748,0,7604.3636757812501,0,1.2097176868165027,0,1.2530646407458843,0,1.0616295050826012,0