msdX(mean),msdX(std),msdY(mean),msdY(std),msdZ(mean),msdZ(std),DmsdX(mean),DmsdX(std),DmsdY(mean),DmsdY(std),DmsdZ(mean),DmsdZ(std)
97.844312500000001,0,98.605871875000005,0,94.291670703125007,0,2.2101303529411762,0,2.2273326352941178,0,2.1298824441176469,0