msdX(mean),msdX(std),msdY(mean),msdY(std),msdZ(mean),msdZ(std),DmsdX(mean),DmsdX(std),DmsdY(mean),DmsdY(std),DmsdZ(mean),DmsdZ(std)
5335.2718699218749,0,5507.5095324218746,0,4743.3620613281246,0,1.3355221493898464,0,1.3786365808257932,0,1.187355630589815,0