msdX(mean),msdX(std),msdY(mean),msdY(std),msdZ(mean),msdZ(std),DmsdX(mean),DmsdX(std),DmsdY(mean),DmsdY(std),DmsdZ(mean),DmsdZ(std)
810.31269335937498,0,823.68109843750005,0,752.50038007812498,0,1.8499409884066584,0,1.8804610095124852,0,1.7179556834126037,0