msdX(mean),msdX(std),msdY(mean),msdY(std),msdZ(mean),msdZ(std),DmsdX(mean),DmsdX(std),DmsdY(mean),DmsdY(std),DmsdZ(mean),DmsdZ(std)
2310.2365937499999,0,2363.5440125,0,2098.5880609374999,0,1.5735966581524052,0,1.609906521924223,0,1.4294341836951894,0