msdX(mean),msdX(std),msdY(mean),msdY(std),msdZ(mean),msdZ(std),DmsdX(mean),DmsdX(std),DmsdY(mean),DmsdY(std),DmsdZ(mean),DmsdZ(std)
1047.010640625,0,1067.3938054687501,0,968.43545625000002,0,1.7849941662226958,0,1.8197443673415026,0,1.6510354075652638,0