msdX(mean),msdX(std),msdY(mean),msdY(std),msdZ(mean),msdZ(std),DmsdX(mean),DmsdX(std),DmsdY(mean),DmsdY(std),DmsdZ(mean),DmsdZ(std)
352.94624101562499,0,357.22253710937503,0,332.681529296875,0,2.0168356629464284,0,2.0412716406250002,0,1.9010373102678571,0