msdX(mean),msdX(std),msdY(mean),msdY(std),msdZ(mean),msdZ(std),DmsdX(mean),DmsdX(std),DmsdY(mean),DmsdY(std),DmsdZ(mean),DmsdZ(std)
169.29301484375,0,170.94346914062501,0,161.86069765625001,0,2.1356280453350851,0,2.1564484937582127,0,2.0418695105124836,0