msdX(mean),msdX(std),msdY(mean),msdY(std),msdZ(mean),msdZ(std),DmsdX(mean),DmsdX(std),DmsdY(mean),DmsdY(std),DmsdZ(mean),DmsdZ(std)
128.72382382812501,0,129.751953125,0,123.48619062500001,0,2.1756139238556336,0,2.1929907570422533,0,2.087090545774648,0