msdX(mean),msdX(std),msdY(mean),msdY(std),msdZ(mean),msdZ(std),DmsdX(mean),DmsdX(std),DmsdY(mean),DmsdY(std),DmsdZ(mean),DmsdZ(std)
231.135371875,0,233.54081015624999,0,219.45172109375,0,2.0893592937853107,0,2.1111033686440677,0,1.9837443714689265,0