msdX(mean),msdX(std),msdY(mean),msdY(std),msdZ(mean),msdZ(std),DmsdX(mean),DmsdX(std),DmsdY(mean),DmsdY(std),DmsdZ(mean),DmsdZ(std)
6135.2554023437497,0,6340.9450855468749,0,5428.3393726562499,0,1.2998135604020919,0,1.3433909213967292,0,1.1500465203694303,0