msdX(mean),msdX(std),msdY(mean),msdY(std),msdZ(mean),msdZ(std),DmsdX(mean),DmsdX(std),DmsdY(mean),DmsdY(std),DmsdZ(mean),DmsdZ(std)
2858.4999960937498,0,2921.9949531249999,0,2580.9707738281249,0,1.5159429876532979,0,1.5496161501491548,0,1.3687614312645011,0