msdX(mean),msdX(std),msdY(mean),msdY(std),msdZ(mean),msdZ(std),DmsdX(mean),DmsdX(std),DmsdY(mean),DmsdY(std),DmsdZ(mean),DmsdZ(std)
556.72905546874995,0,564.16233124999997,0,521.53698945312499,0,1.9287617944785271,0,1.9545140310357267,0,1.8068405264345,0