msdX(mean),msdX(std),msdY(mean),msdY(std),msdZ(mean),msdZ(std),DmsdX(mean),DmsdX(std),DmsdY(mean),DmsdY(std),DmsdZ(mean),DmsdZ(std)
4648.1276996093748,0,4784.3616546875,0,4148.7028499999997,0,1.3747620283520239,0,1.4150555143570152,0,1.2270487201922482,0