msdX(mean),msdX(std),msdY(mean),msdY(std),msdZ(mean),msdZ(std),DmsdX(mean),DmsdX(std),DmsdY(mean),DmsdY(std),DmsdZ(mean),DmsdZ(std)
53.800616796874998,0,54.156475781250002,0,52.167193359374998,0,2.2752683755506604,0,2.2903179185022027,0,2.206189675110132,0