msdX(mean),msdX(std),msdY(mean),msdY(std),msdZ(mean),msdZ(std),DmsdX(mean),DmsdX(std),DmsdY(mean),DmsdY(std),DmsdZ(mean),DmsdZ(std)
1168.225566796875,0,1191.19262265625,0,1078.6525898437501,0,1.757556094851904,0,1.7921092583450871,0,1.6227965620592386,0