msdX(mean),msdX(std),msdY(mean),msdY(std),msdZ(mean),msdZ(std),DmsdX(mean),DmsdX(std),DmsdY(mean),DmsdY(std),DmsdZ(mean),DmsdZ(std)
63.319178515624998,0,63.732211328124997,0,61.278912499999997,0,2.2597178949814123,0,2.2744580994423789,0,2.1869054275092932,0