msdX(mean),msdX(std),msdY(mean),msdY(std),msdZ(mean),msdZ(std),DmsdX(mean),DmsdX(std),DmsdY(mean),DmsdY(std),DmsdZ(mean),DmsdZ(std)
1558.3551031249999,0,1592.7764027343751,0,1430.363012890625,0,1.6794127739110909,0,1.7165080227043108,0,1.5414778764874268,0