msdX(mean),msdX(std),msdY(mean),msdY(std),msdZ(mean),msdZ(std),DmsdX(mean),DmsdX(std),DmsdY(mean),DmsdY(std),DmsdZ(mean),DmsdZ(std)
2479.0543562500002,0,2539.2214871093752,0,2247.5582097656252,0,1.5533530330918348,0,1.5910532129919719,0,1.4082996419130607,0