msdX(mean),msdX(std),msdY(mean),msdY(std),msdZ(mean),msdZ(std),DmsdX(mean),DmsdX(std),DmsdY(mean),DmsdY(std),DmsdZ(mean),DmsdZ(std)
8372.2965558593751,0,8668.2364796875008,0,7349.8576781250003,0,1.2186194668523993,0,1.2616946433932228,0,1.0697996165567434,0