msdX(mean),msdX(std),msdY(mean),msdY(std),msdZ(mean),msdZ(std),DmsdX(mean),DmsdX(std),DmsdY(mean),DmsdY(std),DmsdZ(mean),DmsdZ(std)
101.619225390625,0,102.50132109374999,0,98.029403906249996,0,2.202132198081264,0,2.2212475902934536,0,2.1243392268623023,0