msdX(mean),msdX(std),msdY(mean),msdY(std),msdZ(mean),msdZ(std),DmsdX(mean),DmsdX(std),DmsdY(mean),DmsdY(std),DmsdZ(mean),DmsdZ(std)
68.506132812499999,0,68.906470703124995,0,66.226202343750003,0,2.2522564212328766,0,2.2654182148972599,0,2.177299803082192,0