msdX(mean),msdX(std),msdY(mean),msdY(std),msdZ(mean),msdZ(std),DmsdX(mean),DmsdX(std),DmsdY(mean),DmsdY(std),DmsdZ(mean),DmsdZ(std)
599.82800390625005,0,608.35213085937505,0,561.47067421874999,0,1.9118024028884464,0,1.9389709350099604,0,1.7895479656374502,0