msdX(mean),msdX(std),msdY(mean),msdY(std),msdZ(mean),msdZ(std),DmsdX(mean),DmsdX(std),DmsdY(mean),DmsdY(std),DmsdZ(mean),DmsdZ(std)
7548.3516835937498,0,7811.4702453125001,0,6643.3495527343748,0,1.2451317255318051,0,1.2885342168974878,0,1.0958478935057905,0