msdX(mean),msdX(std),msdY(mean),msdY(std),msdZ(mean),msdZ(std),DmsdX(mean),DmsdX(std),DmsdY(mean),DmsdY(std),DmsdZ(mean),DmsdZ(std)
3641.2670964843751,0,3739.5382617187502,0,3269.868360546875,0,1.4421454732559098,0,1.4810663522628822,0,1.2950507967015965,0