msdX(mean),msdX(std),msdY(mean),msdY(std),msdZ(mean),msdZ(std),DmsdX(mean),DmsdX(std),DmsdY(mean),DmsdY(std),DmsdZ(mean),DmsdZ(std)
6571.5821578124996,0,6793.9302972656251,0,5804.7124460937503,0,1.2808281131864785,0,1.3241646706679524,0,1.1313620847122119,0