msdX(mean),msdX(std),msdY(mean),msdY(std),msdZ(mean),msdZ(std),DmsdX(mean),DmsdX(std),DmsdY(mean),DmsdY(std),DmsdZ(mean),DmsdZ(std)
1009.307966015625,0,1028.47084140625,0,934.69194296875003,0,1.7939930519811143,0,1.828054078411405,0,1.6613669047398627,0