msdX(mean),msdX(std),msdY(mean),msdY(std),msdZ(mean),msdZ(std),DmsdX(mean),DmsdX(std),DmsdY(mean),DmsdY(std),DmsdZ(mean),DmsdZ(std)
751.94101718750005,0,763.64003437500003,0,699.63726289062504,0,1.8657621517187903,0,1.8947904704057894,0,1.7359828699276298,0