msdX(mean),msdX(std),msdY(mean),msdY(std),msdZ(mean),msdZ(std),DmsdX(mean),DmsdX(std),DmsdY(mean),DmsdY(std),DmsdZ(mean),DmsdZ(std)
134.08903125000001,0,135.15276406250001,0,128.51924843750001,0,2.1707499156829679,0,2.1879705480607083,0,2.0805814249578414,0