msdX(mean),msdX(std),msdY(mean),msdY(std),msdZ(mean),msdZ(std),DmsdX(mean),DmsdX(std),DmsdY(mean),DmsdY(std),DmsdZ(mean),DmsdZ(std)
2005.341845703125,0,2046.817225390625,0,1827.26613671875,0,1.6138219229398942,0,1.647199711941487,0,1.4705134472713555,0