msdX(mean),msdX(std),msdY(mean),msdY(std),msdZ(mean),msdZ(std),DmsdX(mean),DmsdX(std),DmsdY(mean),DmsdY(std),DmsdZ(mean),DmsdZ(std)
411.71799218749999,0,416.29332617187498,0,386.71443789062499,0,1.9911802141057933,0,2.0133077739294709,0,1.8702562235516371,0