msdX(mean),msdX(std),msdY(mean),msdY(std),msdZ(mean),msdZ(std),DmsdX(mean),DmsdX(std),DmsdY(mean),DmsdY(std),DmsdZ(mean),DmsdZ(std)
516.22620625000002,0,522.96061367187497,0,484.18208906249998,0,1.9442022675559041,0,1.9695652770694385,0,1.8235182640251075,0