msdX(mean),msdX(std),msdY(mean),msdY(std),msdZ(mean),msdZ(std),DmsdX(mean),DmsdX(std),DmsdY(mean),DmsdY(std),DmsdZ(mean),DmsdZ(std)
2661.2660695312502,0,2726.0381300781251,0,2407.547194921875,0,1.5341472568005765,0,1.5714865819221762,0,1.3878852501801477,0