msdX(mean),msdX(std),msdY(mean),msdY(std),msdZ(mean),msdZ(std),DmsdX(mean),DmsdX(std),DmsdY(mean),DmsdY(std),DmsdZ(mean),DmsdZ(std)
671.54397460937503,0,681.6323265625,0,626.98299804687497,0,1.8883486105008789,0,1.9167165597539544,0,1.7630453372144113,0