msdX(mean),msdX(std),msdY(mean),msdY(std),msdZ(mean),msdZ(std),DmsdX(mean),DmsdX(std),DmsdY(mean),DmsdY(std),DmsdZ(mean),DmsdZ(std)
937.81307148437497,0,954.77179335937501,0,870.35157460937501,0,1.8118344709700138,0,1.8445983530388406,0,1.6815003252666529,0