msdX(mean),msdX(std),msdY(mean),msdY(std),msdZ(mean),msdZ(std),DmsdX(mean),DmsdX(std),DmsdY(mean),DmsdY(std),DmsdZ(mean),DmsdZ(std)
367.13462187499999,0,371.28256367187498,0,345.51615937499997,0,2.0116965582191781,0,2.0344250064212326,0,1.8932392294520546,0