msdX(mean),msdX(std),msdY(mean),msdY(std),msdZ(mean),msdZ(std),DmsdX(mean),DmsdX(std),DmsdY(mean),DmsdY(std),DmsdZ(mean),DmsdZ(std)
5523.0656800781253,0,5704.5043765624996,0,4905.0478792968752,0,1.326066189694628,0,1.3696289019357741,0,1.1776825640568729,0