msdX(mean),msdX(std),msdY(mean),msdY(std),msdZ(mean),msdZ(std),DmsdX(mean),DmsdX(std),DmsdY(mean),DmsdY(std),DmsdZ(mean),DmsdZ(std)
2959.5755464843751,0,3025.9440871093748,0,2669.5742597656249,0,1.505427078167223,0,1.5391863104037513,0,1.3579141044746463,0