msdX(mean),msdX(std),msdY(mean),msdY(std),msdZ(mean),msdZ(std),DmsdX(mean),DmsdX(std),DmsdY(mean),DmsdY(std),DmsdZ(mean),DmsdZ(std)
291.70018593750001,0,294.72989140624998,0,275.8406921875,0,2.0530218365102639,0,2.0743452767595305,0,1.941400766129032,0