msdX(mean),msdX(std),msdY(mean),msdY(std),msdZ(mean),msdZ(std),DmsdX(mean),DmsdX(std),DmsdY(mean),DmsdY(std),DmsdZ(mean),DmsdZ(std)
2230.4147042968748,0,2279.9956804687499,0,2027.579633203125,0,1.5838435654449292,0,1.6190515964568384,0,1.4398080093756933,0