msdX(mean),msdX(std),msdY(mean),msdY(std),msdZ(mean),msdZ(std),DmsdX(mean),DmsdX(std),DmsdY(mean),DmsdY(std),DmsdZ(mean),DmsdZ(std)
2152.4269656249999,0,2200.1483671874998,0,1958.4312046875,0,1.5936525428042572,0,1.6289853713558538,0,1.450018476399815,0