msdX(mean),msdX(std),msdY(mean),msdY(std),msdZ(mean),msdZ(std),DmsdX(mean),DmsdX(std),DmsdY(mean),DmsdY(std),DmsdZ(mean),DmsdZ(std)
60.821375000000003,0,61.251398046875003,0,58.902356640625001,0,2.2631209302325583,0,2.279121787790698,0,2.1917155959302326,0