msdX(mean),msdX(std),msdY(mean),msdY(std),msdZ(mean),msdZ(std),DmsdX(mean),DmsdX(std),DmsdY(mean),DmsdY(std),DmsdZ(mean),DmsdZ(std)
156.67468945312501,0,158.00395429687501,0,149.711983984375,0,2.1486814553571429,0,2.1669113732142855,0,2.0531929232142856,0