msdX(mean),msdX(std),msdY(mean),msdY(std),msdZ(mean),msdZ(std),DmsdX(mean),DmsdX(std),DmsdY(mean),DmsdY(std),DmsdZ(mean),DmsdZ(std)
3616.96463275,0,3622.5498689999999,0,3616.2753284999999,0,0.83295416429339075,0,0.83424039356720658,0,0.83279542377370086,0