msdX(mean),msdX(std),msdY(mean),msdY(std),msdZ(mean),msdZ(std),DmsdX(mean),DmsdX(std),DmsdY(mean),DmsdY(std),DmsdZ(mean),DmsdZ(std)
142.79455899999999,0,142.95847325,0,143.00728849999999,0,2.3130868088552914,0,2.3157420072894168,0,2.3165327510799134,0