msdX(mean),msdX(std),msdY(mean),msdY(std),msdZ(mean),msdZ(std),DmsdX(mean),DmsdX(std),DmsdY(mean),DmsdY(std),DmsdZ(mean),DmsdZ(std)
1868.402693,0,1864.4659959999999,0,1870.8469265000001,0,1.634457362512393,0,1.6310135848836531,0,1.636595550096227,0