msdX(mean),msdX(std),msdY(mean),msdY(std),msdZ(mean),msdZ(std),DmsdX(mean),DmsdX(std),DmsdY(mean),DmsdY(std),DmsdZ(mean),DmsdZ(std)
3953.7612184999998,0,3956.6026295000001,0,3958.8892597499998,0,0.46715991427794978,0,0.46749564353569489,0,0.46776582221683954,0