msdX(mean),msdX(std),msdY(mean),msdY(std),msdZ(mean),msdZ(std),DmsdX(mean),DmsdX(std),DmsdY(mean),DmsdY(std),DmsdZ(mean),DmsdZ(std)
540.57011524999996,0,539.71243600000003,0,539.32690724999998,0,2.1221019965323213,0,2.1187350274797176,0,2.1172215673253074,0