msdX(mean),msdX(std),msdY(mean),msdY(std),msdZ(mean),msdZ(std),DmsdX(mean),DmsdX(std),DmsdY(mean),DmsdY(std),DmsdZ(mean),DmsdZ(std)
1275.9908782499999,0,1275.1344202499999,0,1277.6743120000001,0,1.8412566785714284,0,1.8400208084415584,0,1.8436858759018759,0