msdX(mean),msdX(std),msdY(mean),msdY(std),msdZ(mean),msdZ(std),DmsdX(mean),DmsdX(std),DmsdY(mean),DmsdY(std),DmsdZ(mean),DmsdZ(std)
3867.1744010000002,0,3873.8932922499998,0,3868.5765367499998,0,0.61184950494161827,0,0.61291254215142343,0,0.61207134548345588,0