msdX(mean),msdX(std),msdY(mean),msdY(std),msdZ(mean),msdZ(std),DmsdX(mean),DmsdX(std),DmsdY(mean),DmsdY(std),DmsdZ(mean),DmsdZ(std)
3047.1898904999998,0,3049.575636,0,3044.0542245000001,0,1.1575416809962771,0,1.1584479585686429,0,1.1563505297313039,0