msdX(mean),msdX(std),msdY(mean),msdY(std),msdZ(mean),msdZ(std),DmsdX(mean),DmsdX(std),DmsdY(mean),DmsdY(std),DmsdZ(mean),DmsdZ(std)
1234.1295419999999,0,1233.4858905000001,0,1235.4267010000001,0,1.8567646068204613,0,1.85579622442327,0,1.8587162001003013,0