msdX(mean),msdX(std),msdY(mean),msdY(std),msdZ(mean),msdZ(std),DmsdX(mean),DmsdX(std),DmsdY(mean),DmsdY(std),DmsdZ(mean),DmsdZ(std)
71.882456000000005,0,72.003390499999995,0,72.061172499999998,0,2.364554473684211,0,2.3685325822368419,0,2.3704333059210527,0