msdX(mean),msdX(std),msdY(mean),msdY(std),msdZ(mean),msdZ(std),DmsdX(mean),DmsdX(std),DmsdY(mean),DmsdY(std),DmsdZ(mean),DmsdZ(std)
212.95613725000001,0,213.05717799999999,0,212.23933450000001,0,2.2751724065170942,0,2.2762519017094016,0,2.2675142574786329,0