msdX(mean),msdX(std),msdY(mean),msdY(std),msdZ(mean),msdZ(std),DmsdX(mean),DmsdX(std),DmsdY(mean),DmsdY(std),DmsdZ(mean),DmsdZ(std)
936.96529999999996,0,936.12663950000001,0,936.60463249999998,0,1.967863273592831,0,1.966101875175021,0,1.9671057809437131,0