msdX(mean),msdX(std),msdY(mean),msdY(std),msdZ(mean),msdZ(std),DmsdX(mean),DmsdX(std),DmsdY(mean),DmsdY(std),DmsdZ(mean),DmsdZ(std)
160.93099100000001,0,161.2321365,0,160.98105125000001,0,2.3012057816968543,0,2.3055119613918014,0,2.3019216098665396,0