msdX(mean),msdX(std),msdY(mean),msdY(std),msdZ(mean),msdZ(std),DmsdX(mean),DmsdX(std),DmsdY(mean),DmsdY(std),DmsdZ(mean),DmsdZ(std)
3756.0645722499999,0,3753.1497487500001,0,3751.3056177499998,0,0.73207168025038649,0,0.73150356974636499,0,0.73114414139953998,0