msdX(mean),msdX(std),msdY(mean),msdY(std),msdZ(mean),msdZ(std),DmsdX(mean),DmsdX(std),DmsdY(mean),DmsdY(std),DmsdZ(mean),DmsdZ(std)
651.80266800000004,0,650.69154824999998,0,650.68338325000002,0,2.0775690650233742,0,2.0740274593603907,0,2.0740014340735233,0