msdX(mean),msdX(std),msdY(mean),msdY(std),msdZ(mean),msdZ(std),DmsdX(mean),DmsdX(std),DmsdY(mean),DmsdY(std),DmsdZ(mean),DmsdZ(std)
3363.0017272499999,0,3363.1487765000002,0,3359.5833782499999,0,0.9946766421916593,0,0.99472013501922518,0,0.99366559545992306,0