msdX(mean),msdX(std),msdY(mean),msdY(std),msdZ(mean),msdZ(std),DmsdX(mean),DmsdX(std),DmsdY(mean),DmsdY(std),DmsdZ(mean),DmsdZ(std)
2389.1295862500001,0,2385.5675525000001,0,2390.1440465000001,0,1.4358900470290088,0,1.4337492302067476,0,1.4364997474757595,0