msdX(mean),msdX(std),msdY(mean),msdY(std),msdZ(mean),msdZ(std),DmsdX(mean),DmsdX(std),DmsdY(mean),DmsdY(std),DmsdZ(mean),DmsdZ(std)
2093.4807202500001,0,2089.0318447499999,0,2095.11506525,0,1.5499610465819349,0,1.5466672098346494,0,1.5511710749629812,0