msdX(mean),msdX(std),msdY(mean),msdY(std),msdZ(mean),msdZ(std),DmsdX(mean),DmsdX(std),DmsdY(mean),DmsdY(std),DmsdZ(mean),DmsdZ(std)
413.32240775000002,0,413.28054724999998,0,412.95279525000001,0,2.1730936264458469,0,2.172873539695058,0,2.1711503430599373,0