msdX(mean),msdX(std),msdY(mean),msdY(std),msdZ(mean),msdZ(std),DmsdX(mean),DmsdX(std),DmsdY(mean),DmsdY(std),DmsdZ(mean),DmsdZ(std)
842.23913000000005,0,841.21604924999997,0,840.95930275000001,0,2.0046948508410032,0,2.0022597173516345,0,2.0016486101634401,0