msdX(mean),msdX(std),msdY(mean),msdY(std),msdZ(mean),msdZ(std),DmsdX(mean),DmsdX(std),DmsdY(mean),DmsdY(std),DmsdZ(mean),DmsdZ(std)
61.12153825,0,61.273390749999997,0,61.235591249999999,0,2.3751893102331607,0,2.3810903141191706,0,2.3796214216321241,0