msdX(mean),msdX(std),msdY(mean),msdY(std),msdZ(mean),msdZ(std),DmsdX(mean),DmsdX(std),DmsdY(mean),DmsdY(std),DmsdZ(mean),DmsdZ(std)
582.92273975000001,0,582.12853399999995,0,581.77136599999994,0,2.1054276658439681,0,2.1025591163014687,0,2.1012690801830001,0