msdX(mean),msdX(std),msdY(mean),msdY(std),msdZ(mean),msdZ(std),DmsdX(mean),DmsdX(std),DmsdY(mean),DmsdY(std),DmsdZ(mean),DmsdZ(std)
3102.5941137499999,0,3104.91849125,0,3100.3513532500001,0,1.1304358062194855,0,1.1312826973875976,0,1.1296186523537128,0