msdX(mean),msdX(std),msdY(mean),msdY(std),msdZ(mean),msdZ(std),DmsdX(mean),DmsdX(std),DmsdY(mean),DmsdY(std),DmsdZ(mean),DmsdZ(std)
3723.2270532500002,0,3732.6296950000001,0,3722.207684,0,0.75657918634935051,0,0.75848985226980237,0,0.75637204519284174,0