msdX(mean),msdX(std),msdY(mean),msdY(std),msdZ(mean),msdZ(std),DmsdX(mean),DmsdX(std),DmsdY(mean),DmsdY(std),DmsdZ(mean),DmsdZ(std)
1925.0302622500001,0,1920.0460592500001,0,1926.2003602499999,0,1.615229285324719,0,1.6110472052777314,0,1.6162110758936064,0