msdX(mean),msdX(std),msdY(mean),msdY(std),msdZ(mean),msdZ(std),DmsdX(mean),DmsdX(std),DmsdY(mean),DmsdY(std),DmsdZ(mean),DmsdZ(std)
2630.0095777500001,0,2632.4239950000001,0,2630.8297069999999,0,1.3377918432720675,0,1.3390199710061379,0,1.3382090137000235,0