msdX(mean),msdX(std),msdY(mean),msdY(std),msdZ(mean),msdZ(std),DmsdX(mean),DmsdX(std),DmsdY(mean),DmsdY(std),DmsdZ(mean),DmsdZ(std)
872.51467475000004,0,872.22510150000005,0,871.60386574999995,0,1.9920426364155253,0,1.9913815102739727,0,1.9899631638127853,0