msdX(mean),msdX(std),msdY(mean),msdY(std),msdZ(mean),msdZ(std),DmsdX(mean),DmsdX(std),DmsdY(mean),DmsdY(std),DmsdZ(mean),DmsdZ(std)
63.612557250000002,0,63.749054999999998,0,63.73174625,0,2.3736028824626865,0,2.3786960820895522,0,2.3780502332089553,0