msdX(mean),msdX(std),msdY(mean),msdY(std),msdZ(mean),msdZ(std),DmsdX(mean),DmsdX(std),DmsdY(mean),DmsdY(std),DmsdZ(mean),DmsdZ(std)
291.70289224999999,0,291.8346555,0,291.11578674999998,0,2.2324200937500001,0,2.2334284859693878,0,2.2279269394132655,0