msdX(mean),msdX(std),msdY(mean),msdY(std),msdZ(mean),msdZ(std),DmsdX(mean),DmsdX(std),DmsdY(mean),DmsdY(std),DmsdZ(mean),DmsdZ(std)
3916.2420322500002,0,3917.5158207499999,0,3917.7468374999999,0,0.54673718852378916,0,0.54691501909134055,0,0.54694727078757299,0