msdX(mean),msdX(std),msdY(mean),msdY(std),msdZ(mean),msdZ(std),DmsdX(mean),DmsdX(std),DmsdY(mean),DmsdY(std),DmsdZ(mean),DmsdZ(std)
2988.4852712500001,0,2992.4628619999999,0,2988.7386775,0,1.1835897731623277,0,1.1851650982204149,0,1.1836901347230289,0