msdX(mean),msdX(std),msdY(mean),msdY(std),msdZ(mean),msdZ(std),DmsdX(mean),DmsdX(std),DmsdY(mean),DmsdY(std),DmsdZ(mean),DmsdZ(std)
303.48254874999998,0,303.47147925000002,0,302.80917149999999,0,2.2271224223336596,0,2.2270411882338554,0,2.2221808084637966,0