msdX(mean),msdX(std),msdY(mean),msdY(std),msdZ(mean),msdZ(std),DmsdX(mean),DmsdX(std),DmsdY(mean),DmsdY(std),DmsdZ(mean),DmsdZ(std)
84.440527250000002,0,84.558311500000002,0,84.606296749999998,0,2.3542897932156133,0,2.3575737407063198,0,2.3589116194237918,0