msdX(mean),msdX(std),msdY(mean),msdY(std),msdZ(mean),msdZ(std),DmsdX(mean),DmsdX(std),DmsdY(mean),DmsdY(std),DmsdZ(mean),DmsdZ(std)
49.838693249999999,0,49.899798500000003,0,49.864637999999999,0,2.3884357787539936,0,2.3913641453674122,0,2.3896791373801918,0