msdX(mean),msdX(std),msdY(mean),msdY(std),msdZ(mean),msdZ(std),DmsdX(mean),DmsdX(std),DmsdY(mean),DmsdY(std),DmsdZ(mean),DmsdZ(std)
3887.3637490000001,0,3887.5714630000002,0,3884.8398895,0,0.5899181165966918,0,0.58994963776619957,0,0.58953511399160297,0