msdX(mean),msdX(std),msdY(mean),msdY(std),msdZ(mean),msdZ(std),DmsdX(mean),DmsdX(std),DmsdY(mean),DmsdY(std),DmsdZ(mean),DmsdZ(std)
148.5576265,0,148.76109249999999,0,148.70668749999999,0,2.3091859041450777,0,2.3123485880829016,0,2.3115029145077721,0