msdX(mean),msdX(std),msdY(mean),msdY(std),msdZ(mean),msdZ(std),DmsdX(mean),DmsdX(std),DmsdY(mean),DmsdY(std),DmsdZ(mean),DmsdZ(std)
2450.4002664999998,0,2446.0634494999999,0,2450.1363847500002,0,1.4125515544175857,0,1.410051563833058,0,1.4123994378098459,0