msdX(mean),msdX(std),msdY(mean),msdY(std),msdZ(mean),msdZ(std),DmsdX(mean),DmsdX(std),DmsdY(mean),DmsdY(std),DmsdZ(mean),DmsdZ(std)
676.51608350000004,0,675.63158275000001,0,675.94288674999996,0,2.0680132978398209,0,2.0653095050438148,0,2.0662611170266967,0