msdX(mean),msdX(std),msdY(mean),msdY(std),msdZ(mean),msdZ(std),DmsdX(mean),DmsdX(std),DmsdY(mean),DmsdY(std),DmsdZ(mean),DmsdZ(std)
47.806898250000003,0,47.891014499999997,0,47.85388425,0,2.3903449125000003,0,2.3945507249999998,0,2.3926942124999999,0