msdX(mean),msdX(std),msdY(mean),msdY(std),msdZ(mean),msdZ(std),DmsdX(mean),DmsdX(std),DmsdY(mean),DmsdY(std),DmsdZ(mean),DmsdZ(std)
701.57438875000003,0,701.20421875,0,701.25915699999996,0,2.0570007488760753,0,2.0559154185398749,0,2.0560764962861611,0