msdX(mean),msdX(std),msdY(mean),msdY(std),msdZ(mean),msdZ(std),DmsdX(mean),DmsdX(std),DmsdY(mean),DmsdY(std),DmsdZ(mean),DmsdZ(std)
3949.8273844999999,0,3953.8432227500002,0,3952.760781,0,0.48657176337617541,0,0.48706646689319594,0,0.48693312294173202,0