msdX(mean),msdX(std),msdY(mean),msdY(std),msdZ(mean),msdZ(std),DmsdX(mean),DmsdX(std),DmsdY(mean),DmsdY(std),DmsdZ(mean),DmsdZ(std)
1813.0834117500001,0,1809.8249989999999,0,1815.0553862500001,0,1.6536696568314484,0,1.6506977371397298,0,1.6554682472181685,0