msdX(mean),msdX(std),msdY(mean),msdY(std),msdZ(mean),msdZ(std),DmsdX(mean),DmsdX(std),DmsdY(mean),DmsdY(std),DmsdZ(mean),DmsdZ(std)
3313.7425435,0,3314.8317655000001,0,3315.2122085000001,0,1.0218559330736179,0,1.0221918155233025,0,1.022309132403429,0