msdX(mean),msdX(std),msdY(mean),msdY(std),msdZ(mean),msdZ(std),DmsdX(mean),DmsdX(std),DmsdY(mean),DmsdY(std),DmsdZ(mean),DmsdZ(std)
3941.2518217500001,0,3945.8269412499999,0,3940.5135427499999,0,0.50619292005591188,0,0.5067805234885393,0,0.5060980995217953,0