msdX(mean),msdX(std),msdY(mean),msdY(std),msdZ(mean),msdZ(std),DmsdX(mean),DmsdX(std),DmsdY(mean),DmsdY(std),DmsdZ(mean),DmsdZ(std)
2210.8238339999998,0,2205.348755,0,2211.3406085000001,0,1.5058740128053765,0,1.5021447336754157,0,1.5062260070611209,0