msdX(mean),msdX(std),msdY(mean),msdY(std),msdZ(mean),msdZ(std),DmsdX(mean),DmsdX(std),DmsdY(mean),DmsdY(std),DmsdZ(mean),DmsdZ(std)
2151.6947224999999,0,2145.7563409999998,0,2152.7357935,0,1.5279752325663967,0,1.5237582310751312,0,1.5287145245703735,0