msdX(mean),msdX(std),msdY(mean),msdY(std),msdZ(mean),msdZ(std),DmsdX(mean),DmsdX(std),DmsdY(mean),DmsdY(std),DmsdZ(mean),DmsdZ(std)
3691.1902479999999,0,3698.8151735000001,0,3688.23755725,0,0.78200974153272507,0,0.78362514621762103,0,0.78138418912954444,0