msdX(mean),msdX(std),msdY(mean),msdY(std),msdZ(mean),msdZ(std),DmsdX(mean),DmsdX(std),DmsdY(mean),DmsdY(std),DmsdZ(mean),DmsdZ(std)
3263.0960424999998,0,3262.7746350000002,0,3263.8241022500001,0,1.0490920918531377,0,1.0489887586805555,0,1.0493261645608283,0