msdX(mean),msdX(std),msdY(mean),msdY(std),msdZ(mean),msdZ(std),DmsdX(mean),DmsdX(std),DmsdY(mean),DmsdY(std),DmsdZ(mean),DmsdZ(std)
87.929463749999996,0,88.084652500000004,0,88.070387499999995,0,2.3510551804812834,0,2.3552046122994654,0,2.3548231951871657,0