msdX(mean),msdX(std),msdY(mean),msdY(std),msdZ(mean),msdZ(std),DmsdX(mean),DmsdX(std),DmsdY(mean),DmsdY(std),DmsdZ(mean),DmsdZ(std)
269.64477199999999,0,269.97421125,0,268.98721699999999,0,2.2420574168514413,0,2.244796656735033,0,2.2365899417960087,0