msdX(mean),msdX(std),msdY(mean),msdY(std),msdZ(mean),msdZ(std),DmsdX(mean),DmsdX(std),DmsdY(mean),DmsdY(std),DmsdZ(mean),DmsdZ(std)
520.25288575000002,0,519.60346425,0,519.49170875000004,0,2.1298562462472708,0,2.1271975883597163,0,2.126740074031114,0