msdX(mean),msdX(std),msdY(mean),msdY(std),msdZ(mean),msdZ(std),DmsdX(mean),DmsdX(std),DmsdY(mean),DmsdY(std),DmsdZ(mean),DmsdZ(std)
177.16758531249999,0,177.153172375,0,177.33030350000001,0,1.2473662425193617,0,1.2472647667800985,0,1.2485118763201128,0