msdX(mean),msdX(std),msdY(mean),msdY(std),msdZ(mean),msdZ(std),DmsdX(mean),DmsdX(std),DmsdY(mean),DmsdY(std),DmsdZ(mean),DmsdZ(std)
250.81578475000001,0,251.042311625,0,250.66211025000001,0,0.22876302877599414,0,0.22896963847592117,0,0.22862286597044873,0