msdX(mean),msdX(std),msdY(mean),msdY(std),msdZ(mean),msdZ(std),DmsdX(mean),DmsdX(std),DmsdY(mean),DmsdY(std),DmsdZ(mean),DmsdZ(std)
59.182944187499999,0,59.305350124999997,0,59.148611062500002,0,1.948944375,0,1.9529753059824368,0,1.9478137561745335,0