msdX(mean),msdX(std),msdY(mean),msdY(std),msdZ(mean),msdZ(std),DmsdX(mean),DmsdX(std),DmsdY(mean),DmsdY(std),DmsdZ(mean),DmsdZ(std)
250.8243170625,0,250.91903962500001,0,250.6536370625,0,0.053139619300968194,0,0.05315968721531323,0,0.053103459050126055,0