msdX(mean),msdX(std),msdY(mean),msdY(std),msdZ(mean),msdZ(std),DmsdX(mean),DmsdX(std),DmsdY(mean),DmsdY(std),DmsdZ(mean),DmsdZ(std)
251.0496283125,0,250.79221243750001,0,250.7025605625,0,0.038097662739833782,0,0.038058598976801951,0,0.038044993989928624,0