msdX(mean),msdX(std),msdY(mean),msdY(std),msdZ(mean),msdZ(std),DmsdX(mean),DmsdX(std),DmsdY(mean),DmsdY(std),DmsdZ(mean),DmsdZ(std)
51.286761687499997,0,51.422295312499998,0,51.284172499999997,0,1.9955938399805446,0,2.0008675218871597,0,1.995493093385214,0