msdX(mean),msdX(std),msdY(mean),msdY(std),msdZ(mean),msdZ(std),DmsdX(mean),DmsdX(std),DmsdY(mean),DmsdY(std),DmsdZ(mean),DmsdZ(std)
92.114272624999998,0,92.127384375000005,0,92.201831437500005,0,1.7646412380268199,0,1.7648924209770118,0,1.7663186099137933,0