msdX(mean),msdX(std),msdY(mean),msdY(std),msdZ(mean),msdZ(std),DmsdX(mean),DmsdX(std),DmsdY(mean),DmsdY(std),DmsdZ(mean),DmsdZ(std)
205.61002518750001,0,205.268129875,0,205.88847337499999,0,1.0368634653933435,0,1.0351393337115482,0,1.0382676418305596,0