msdX(mean),msdX(std),msdY(mean),msdY(std),msdZ(mean),msdZ(std),DmsdX(mean),DmsdX(std),DmsdY(mean),DmsdY(std),DmsdZ(mean),DmsdZ(std)
132.47305212500001,0,132.33467193749999,0,132.480056125,0,1.5382974893555257,0,1.5366905973001741,0,1.538378820882524,0