msdX(mean),msdX(std),msdY(mean),msdY(std),msdZ(mean),msdZ(std),DmsdX(mean),DmsdX(std),DmsdY(mean),DmsdY(std),DmsdZ(mean),DmsdZ(std)
251.2993948125,0,250.92925937499999,0,250.9024970625,0,0.077493376139044362,0,0.077379237206469623,0,0.077370984492807257,0