msdX(mean),msdX(std),msdY(mean),msdY(std),msdZ(mean),msdZ(std),DmsdX(mean),DmsdX(std),DmsdY(mean),DmsdY(std),DmsdZ(mean),DmsdZ(std)
111.27543581250001,0,111.14029562499999,0,111.267178625,0,1.6595889010067115,0,1.6575733873974645,0,1.6594657513049964,0