msdX(mean),msdX(std),msdY(mean),msdY(std),msdZ(mean),msdZ(std),DmsdX(mean),DmsdX(std),DmsdY(mean),DmsdY(std),DmsdZ(mean),DmsdZ(std)
251.23351149999999,0,250.852538125,0,250.86798837500001,0,0.025123351150000001,0,0.0250852538125,0,0.0250867988375,0