msdX(mean),msdX(std),msdY(mean),msdY(std),msdZ(mean),msdZ(std),DmsdX(mean),DmsdX(std),DmsdY(mean),DmsdY(std),DmsdZ(mean),DmsdZ(std)
250.29967831249999,0,250.96094056250001,0,250.88962368750001,0,0.10335487903891813,0,0.10362793044802313,0,0.10359848196035924,0