msdX(mean),msdX(std),msdY(mean),msdY(std),msdZ(mean),msdZ(std),DmsdX(mean),DmsdX(std),DmsdY(mean),DmsdY(std),DmsdZ(mean),DmsdZ(std)
251.15999468749999,0,250.2350385,0,250.87865256250001,0,0.31981323601973682,0,0.31863544800509336,0,0.31945499052949916,0