msdX(mean),msdX(std),msdY(mean),msdY(std),msdZ(mean),msdZ(std),DmsdX(mean),DmsdX(std),DmsdY(mean),DmsdY(std),DmsdZ(mean),DmsdZ(std)
242.02809550000001,0,242.19045693749999,0,241.63029912499999,0,0.62623164992022073,0,0.62665174937470347,0,0.62520237817499669,0