msdX(mean),msdX(std),msdY(mean),msdY(std),msdZ(mean),msdZ(std),DmsdX(mean),DmsdX(std),DmsdY(mean),DmsdY(std),DmsdZ(mean),DmsdZ(std)
154.9039833125,0,154.86300675000001,0,154.82871424999999,0,1.4005785109629296,0,1.4002080176311031,0,1.3998979588607594,0