msdX(mean),msdX(std),msdY(mean),msdY(std),msdZ(mean),msdZ(std),DmsdX(mean),DmsdX(std),DmsdY(mean),DmsdY(std),DmsdZ(mean),DmsdZ(std)
225.66530056249999,0,225.40606918750001,0,225.66574768749999,0,0.84991011447806164,0,0.84893378640700534,0,0.84991179845897935,0