msdX(mean),msdX(std),msdY(mean),msdY(std),msdZ(mean),msdZ(std),DmsdX(mean),DmsdX(std),DmsdY(mean),DmsdY(std),DmsdZ(mean),DmsdZ(std)
250.88799275,0,250.94565518749999,0,250.4088209375,0,0.091413161629411002,0,0.091434171426098984,0,0.091238571327722201,0