msdX(mean),msdX(std),msdY(mean),msdY(std),msdZ(mean),msdZ(std),DmsdX(mean),DmsdX(std),DmsdY(mean),DmsdY(std),DmsdZ(mean),DmsdZ(std)
44.351738500000003,0,44.461247812499998,0,44.335627500000001,0,2.0391603908045979,0,2.0441953017241379,0,2.0384196551724139,0