msdX(mean),msdX(std),msdY(mean),msdY(std),msdZ(mean),msdZ(std),DmsdX(mean),DmsdX(std),DmsdY(mean),DmsdY(std),DmsdZ(mean),DmsdZ(std)
248.81516256250001,0,249.2999783125,0,248.773557625,0,0.44231185570484716,0,0.44317369929930078,0,0.4422378957543257,0