msdX(mean),msdX(std),msdY(mean),msdY(std),msdZ(mean),msdZ(std),DmsdX(mean),DmsdX(std),DmsdY(mean),DmsdY(std),DmsdZ(mean),DmsdZ(std)
223.12879275,0,222.81048487499999,0,223.116844375,0,0.87610284438191222,0,0.87485302614357696,0,0.87605592974936197,0