msdX(mean),msdX(std),msdY(mean),msdY(std),msdZ(mean),msdZ(std),DmsdX(mean),DmsdX(std),DmsdY(mean),DmsdY(std),DmsdZ(mean),DmsdZ(std)
237.416452875,0,237.36864481250001,0,237.16986106249999,0,0.69620190472117693,0,0.69606171197644306,0,0.69547879691852799,0