msdX(mean),msdX(std),msdY(mean),msdY(std),msdZ(mean),msdZ(std),DmsdX(mean),DmsdX(std),DmsdY(mean),DmsdY(std),DmsdZ(mean),DmsdZ(std)
214.64401475,0,214.57662718750001,0,214.93025618749999,0,0.95510537563037678,0,0.95480551996811047,0,0.95637906935998218,0