msdX(mean),msdX(std),msdY(mean),msdY(std),msdZ(mean),msdZ(std),DmsdX(mean),DmsdX(std),DmsdY(mean),DmsdY(std),DmsdZ(mean),DmsdZ(std)
251.31957356250001,0,250.58743337499999,0,250.8535540625,0,0.080800625937724385,0,0.08056523883840061,0,0.080650798103921284,0