msdX(mean),msdX(std),msdY(mean),msdY(std),msdZ(mean),msdZ(std),DmsdX(mean),DmsdX(std),DmsdY(mean),DmsdY(std),DmsdZ(mean),DmsdZ(std)
75.508278812499995,0,75.551325812499996,0,75.484644625000001,0,1.8575222340098401,0,1.8585812007995079,0,1.8569408271832719,0