msdX(mean),msdX(std),msdY(mean),msdY(std),msdZ(mean),msdZ(std),DmsdX(mean),DmsdX(std),DmsdY(mean),DmsdY(std),DmsdZ(mean),DmsdZ(std)
251.07980362500001,0,251.0308006875,0,250.84596912500001,0,0.15090593131755303,0,0.15087647919191818,0,0.15076539029240002,0