msdX(mean),msdX(std),msdY(mean),msdY(std),msdZ(mean),msdZ(std),DmsdX(mean),DmsdX(std),DmsdY(mean),DmsdY(std),DmsdZ(mean),DmsdZ(std)
208.54038762499999,0,208.47399325000001,0,208.99124331249999,0,1.0087409914140599,0,1.0084198319090616,0,1.0109218476902613,0