msdX(mean),msdX(std),msdY(mean),msdY(std),msdZ(mean),msdZ(std),DmsdX(mean),DmsdX(std),DmsdY(mean),DmsdY(std),DmsdZ(mean),DmsdZ(std)
251.28478431249999,0,250.9868358125,0,251.05528200000001,0,0.065581921724728903,0,0.065504161205887854,0,0.065522024732815126,0