msdX(mean),msdX(std),msdY(mean),msdY(std),msdZ(mean),msdZ(std),DmsdX(mean),DmsdX(std),DmsdY(mean),DmsdY(std),DmsdZ(mean),DmsdZ(std)
86.278518125000005,0,86.415976000000001,0,86.365279812500006,0,1.7962217513879253,0,1.7990834698126301,0,1.7980280321825124,0