msdX(mean),msdX(std),msdY(mean),msdY(std),msdZ(mean),msdZ(std),DmsdX(mean),DmsdX(std),DmsdY(mean),DmsdY(std),DmsdZ(mean),DmsdZ(std)
247.49084956249999,0,247.842291125,0,247.343868625,0,0.49860489469310321,0,0.49931292282251022,0,0.49830878105902893,0