msdX(mean),msdX(std),msdY(mean),msdY(std),msdZ(mean),msdZ(std),DmsdX(mean),DmsdX(std),DmsdY(mean),DmsdY(std),DmsdZ(mean),DmsdZ(std)
250.37223006249999,0,251.0046869375,0,251.61937987499999,0,0.10778820113332233,0,0.108060481285293,0,0.1083251138524349,0