msdX(mean),msdX(std),msdY(mean),msdY(std),msdZ(mean),msdZ(std),DmsdX(mean),DmsdX(std),DmsdY(mean),DmsdY(std),DmsdZ(mean),DmsdZ(std)
169.88275974999999,0,169.8247018125,0,169.92983356249999,0,1.3001231613520408,0,1.2996788404017858,0,1.3004834201211735,0