msdX(mean),msdX(std),msdY(mean),msdY(std),msdZ(mean),msdZ(std),DmsdX(mean),DmsdX(std),DmsdY(mean),DmsdY(std),DmsdZ(mean),DmsdZ(std)
220.1703574375,0,220.05506081249999,0,220.5708426875,0,0.9013524458412937,0,0.90088043454899014,0,0.90299198698485272,0