msdX(mean),msdX(std),msdY(mean),msdY(std),msdZ(mean),msdZ(std),DmsdX(mean),DmsdX(std),DmsdY(mean),DmsdY(std),DmsdZ(mean),DmsdZ(std)
251.31714543749999,0,251.00828856250001,0,251.06831993750001,0,0.051068956765548588,0,0.051006195435163992,0,0.051018394124151621,0