msdX(mean),msdX(std),msdY(mean),msdY(std),msdZ(mean),msdZ(std),DmsdX(mean),DmsdX(std),DmsdY(mean),DmsdY(std),DmsdZ(mean),DmsdZ(std)
251.039134625,0,250.71345331250001,0,250.89500118749999,0,0.30660020106051661,0,0.30620243855212004,0,0.30642416738758727,0