msdX(mean),msdX(std),msdY(mean),msdY(std),msdZ(mean),msdZ(std),DmsdX(mean),DmsdX(std),DmsdY(mean),DmsdY(std),DmsdZ(mean),DmsdZ(std)
250.76043518750001,0,250.921079625,0,250.74301012500001,0,0.13298825395545147,0,0.13307345010385824,0,0.13297901275025414,0