msdX(mean),msdX(std),msdY(mean),msdY(std),msdZ(mean),msdZ(std),DmsdX(mean),DmsdX(std),DmsdY(mean),DmsdY(std),DmsdZ(mean),DmsdZ(std)
250.62939075,0,250.68417962500001,0,250.73359368749999,0,0.2192573222278924,0,0.21930525300721734,0,0.21934848175621491,0