msdX(mean),msdX(std),msdY(mean),msdY(std),msdZ(mean),msdZ(std),DmsdX(mean),DmsdX(std),DmsdY(mean),DmsdY(std),DmsdZ(mean),DmsdZ(std)
249.42588018750001,0,249.66041999999999,0,249.20115018749999,0,0.42529065364886753,0,0.42569056239165642,0,0.42490747140441615,0