msdX(mean),msdX(std),msdY(mean),msdY(std),msdZ(mean),msdZ(std),DmsdX(mean),DmsdX(std),DmsdY(mean),DmsdY(std),DmsdZ(mean),DmsdZ(std)
250.9429049375,0,250.74042331250001,0,250.90414043749999,0,0.046911792295648923,0,0.046873939956535965,0,0.046904545578819457,0