msdX(mean),msdX(std),msdY(mean),msdY(std),msdZ(mean),msdZ(std),DmsdX(mean),DmsdX(std),DmsdY(mean),DmsdY(std),DmsdZ(mean),DmsdZ(std)
250.61307024999999,0,251.15141843750001,0,251.03034643749999,0,0.095202057760247163,0,0.095406563675243444,0,0.095360571247451648,0