msdX(mean),msdX(std),msdY(mean),msdY(std),msdZ(mean),msdZ(std),DmsdX(mean),DmsdX(std),DmsdY(mean),DmsdY(std),DmsdZ(mean),DmsdZ(std)
136.1999018125,0,136.0118410625,0,136.10535268749999,0,1.5169842414609245,0,1.5148896350009282,0,1.5159311604325227,0