msdX(mean),msdX(std),msdY(mean),msdY(std),msdZ(mean),msdZ(std),DmsdX(mean),DmsdX(std),DmsdY(mean),DmsdY(std),DmsdZ(mean),DmsdZ(std)
250.95938037499999,0,250.90272393750001,0,251.02518474999999,0,0.11743994713957026,0,0.11741343396833445,0,0.11747074121592638,0