msdX(mean),msdX(std),msdY(mean),msdY(std),msdZ(mean),msdZ(std),DmsdX(mean),DmsdX(std),DmsdY(mean),DmsdY(std),DmsdZ(mean),DmsdZ(std)
250.85514043750001,0,250.7264091875,0,250.49495337499999,0,0.20189006902899992,0,0.20178646516860715,0,0.20160018782192296,0