msdX(mean),msdX(std),msdY(mean),msdY(std),msdZ(mean),msdZ(std),DmsdX(mean),DmsdX(std),DmsdY(mean),DmsdY(std),DmsdZ(mean),DmsdZ(std)
80.680452062499995,0,80.833822874999996,0,80.771968874999999,0,1.8260381455111279,0,1.8295093823085629,0,1.8281094426631461,0