msdX(mean),msdX(std),msdY(mean),msdY(std),msdZ(mean),msdZ(std),DmsdX(mean),DmsdX(std),DmsdY(mean),DmsdY(std),DmsdZ(mean),DmsdZ(std)
139.860766875,0,139.78264912500001,0,139.82904174999999,0,1.4942389623397436,0,1.4934043709935898,0,1.4939000186965812,0