msdX(mean),msdX(std),msdY(mean),msdY(std),msdZ(mean),msdZ(std),DmsdX(mean),DmsdX(std),DmsdY(mean),DmsdY(std),DmsdZ(mean),DmsdZ(std)
250.42897756249999,0,251.10500962500001,0,251.07661400000001,0,0.055315711664690986,0,0.055465036215744605,0,0.055458764081344154,0