msdX(mean),msdX(std),msdY(mean),msdY(std),msdZ(mean),msdZ(std),DmsdX(mean),DmsdX(std),DmsdY(mean),DmsdY(std),DmsdZ(mean),DmsdZ(std)
250.78653843750001,0,251.2059460625,0,251.05226725,0,0.0488794362913888,0,0.04896118074391817,0,0.048931228044815055,0