msdX(mean),msdX(std),msdY(mean),msdY(std),msdZ(mean),msdZ(std),DmsdX(mean),DmsdX(std),DmsdY(mean),DmsdY(std),DmsdZ(mean),DmsdZ(std)
249.74192199999999,0,249.8294938125,0,249.61650868749999,0,0.40843096707370252,0,0.40857418307757304,0,0.40822586462194721,0