msdX(mean),msdX(std),msdY(mean),msdY(std),msdZ(mean),msdZ(std),DmsdX(mean),DmsdX(std),DmsdY(mean),DmsdY(std),DmsdZ(mean),DmsdZ(std)
250.90405706249999,0,251.62693468750001,0,250.8700594375,0,0.035028278638889278,0,0.035129198325747957,0,0.035023532289645255,0