msdX(mean),msdX(std),msdY(mean),msdY(std),msdZ(mean),msdZ(std),DmsdX(mean),DmsdX(std),DmsdY(mean),DmsdY(std),DmsdZ(mean),DmsdZ(std)
202.36321125000001,0,201.98367437499999,0,202.6868120625,0,1.0639495859621453,0,1.0619541239484753,0,1.0656509572160884,0