msdX(mean),msdX(std),msdY(mean),msdY(std),msdZ(mean),msdZ(std),DmsdX(mean),DmsdX(std),DmsdY(mean),DmsdY(std),DmsdZ(mean),DmsdZ(std)
248.28925456249999,0,248.7457044375,0,248.37886887499999,0,0.46017839785469372,0,0.46102438038643317,0,0.46034448869428229,0