msdX(mean),msdX(std),msdY(mean),msdY(std),msdZ(mean),msdZ(std),DmsdX(mean),DmsdX(std),DmsdY(mean),DmsdY(std),DmsdZ(mean),DmsdZ(std)
98.213958875000003,0,98.162142125000003,0,98.299003874999997,0,1.730642447136564,0,1.7297293766519823,0,1.732141037444934,0