msdX(mean),msdX(std),msdY(mean),msdY(std),msdZ(mean),msdZ(std),DmsdX(mean),DmsdX(std),DmsdY(mean),DmsdY(std),DmsdZ(mean),DmsdZ(std)
239.08929487500001,0,239.2066836875,0,238.82485687499999,0,0.67244914885388829,0,0.67277931004781322,0,0.67170540535789613,0