msdX(mean),msdX(std),msdY(mean),msdY(std),msdZ(mean),msdZ(std),DmsdX(mean),DmsdX(std),DmsdY(mean),DmsdY(std),DmsdZ(mean),DmsdZ(std)
250.48106774999999,0,251.12074293750001,0,250.72524525,0,0.14439584616788848,0,0.14476460234096522,0,0.14453660817055947,0