msdX(mean),msdX(std),msdY(mean),msdY(std),msdZ(mean),msdZ(std),DmsdX(mean),DmsdX(std),DmsdY(mean),DmsdY(std),DmsdZ(mean),DmsdZ(std)
198.6917518125,0,198.54997599999999,0,199.20097100000001,0,1.0891197797140508,0,1.0883426420610267,0,1.0919110414763384,0