msdX(mean),msdX(std),msdY(mean),msdY(std),msdZ(mean),msdZ(std),DmsdX(mean),DmsdX(std),DmsdY(mean),DmsdY(std),DmsdZ(mean),DmsdZ(std)
251.29884387499999,0,251.142690875,0,250.93509312500001,0,0.28235296403625398,0,0.28217751451283685,0,0.28194426298196662,0