msdX(mean),msdX(std),msdY(mean),msdY(std),msdZ(mean),msdZ(std),DmsdX(mean),DmsdX(std),DmsdY(mean),DmsdY(std),DmsdZ(mean),DmsdZ(std)
65.814522437500003,0,65.914773937500001,0,65.761381624999999,0,1.9132128615552326,0,1.9161271493459304,0,1.9116680704941862,0