msdX(mean),msdX(std),msdY(mean),msdY(std),msdZ(mean),msdZ(std),DmsdX(mean),DmsdX(std),DmsdY(mean),DmsdY(std),DmsdZ(mean),DmsdZ(std)
251.42643699999999,0,251.02212937499999,0,250.93808168749999,0,0.062938429207970367,0,0.062837220730699916,0,0.062816181457770098,0