msdX(mean),msdX(std),msdY(mean),msdY(std),msdZ(mean),msdZ(std),DmsdX(mean),DmsdX(std),DmsdY(mean),DmsdY(std),DmsdZ(mean),DmsdZ(std)
42.733831187500002,0,42.875225874999998,0,42.746436250000002,0,2.0479471815095849,0,2.054723284744409,0,2.0485512579872207,0