msdX(mean),msdX(std),msdY(mean),msdY(std),msdZ(mean),msdZ(std),DmsdX(mean),DmsdX(std),DmsdY(mean),DmsdY(std),DmsdZ(mean),DmsdZ(std)
250.86220975000001,0,250.64458462499999,0,250.9272359375,0,0.057771292642204659,0,0.057721175548860061,0,0.057786267583672377,0