msdX(mean),msdX(std),msdY(mean),msdY(std),msdZ(mean),msdZ(std),DmsdX(mean),DmsdX(std),DmsdY(mean),DmsdY(std),DmsdZ(mean),DmsdZ(std)
251.04967937500001,0,251.12516987500001,0,251.20913856249999,0,0.27055196699595874,0,0.27063332182308042,0,0.27072381344858554,0