msdX(mean),msdX(std),msdY(mean),msdY(std),msdZ(mean),msdZ(std),DmsdX(mean),DmsdX(std),DmsdY(mean),DmsdY(std),DmsdZ(mean),DmsdZ(std)
49.496311374999998,0,49.578829437499998,0,49.439714375000001,0,2.0079639503042594,0,2.0113115390466532,0,2.0056679259634889,0