msdX(mean),msdX(std),msdY(mean),msdY(std),msdZ(mean),msdZ(std),DmsdX(mean),DmsdX(std),DmsdY(mean),DmsdY(std),DmsdZ(mean),DmsdZ(std)
114.778276375,0,114.54524524999999,0,114.62684093750001,0,1.6420354273962803,0,1.6387016487839769,0,1.6398689690629471,0