msdX(mean),msdX(std),msdY(mean),msdY(std),msdZ(mean),msdZ(std),DmsdX(mean),DmsdX(std),DmsdY(mean),DmsdY(std),DmsdZ(mean),DmsdZ(std)
250.85104799999999,0,251.13504825000001,0,251.02853812500001,0,0.043141582911980184,0,0.043190425523681769,0,0.043172107819110517,0