msdX(mean),msdX(std),msdY(mean),msdY(std),msdZ(mean),msdZ(std),DmsdX(mean),DmsdX(std),DmsdY(mean),DmsdY(std),DmsdZ(mean),DmsdZ(std)
240.52458068749999,0,240.85730893749999,0,240.31591868749999,0,0.64886807433343818,0,0.64976568212985031,0,0.64830516259385818,0