msdX(mean),msdX(std),msdY(mean),msdY(std),msdZ(mean),msdZ(std),DmsdX(mean),DmsdX(std),DmsdY(mean),DmsdY(std),DmsdZ(mean),DmsdZ(std)
250.7707335625,0,251.23946487500001,0,250.50850762499999,0,0.21041637900834884,0,0.21080968146475171,0,0.21019635081180862,0