msdX(mean),msdX(std),msdY(mean),msdY(std),msdZ(mean),msdZ(std),DmsdX(mean),DmsdX(std),DmsdY(mean),DmsdY(std),DmsdZ(mean),DmsdZ(std)
173.5738885625,0,173.54063912500001,0,173.63285806249999,0,1.2740926491008076,0,1.2738485866772695,0,1.2745255057193541,0