msdX(mean),msdX(std),msdY(mean),msdY(std),msdZ(mean),msdZ(std),DmsdX(mean),DmsdX(std),DmsdY(mean),DmsdY(std),DmsdZ(mean),DmsdZ(std)
251.6505058125,0,250.73451499999999,0,251.54319168750001,0,0.031000349749004227,0,0.030887510573645954,0,0.030987129924957911,0