msdX(mean),msdX(std),msdY(mean),msdY(std),msdZ(mean),msdZ(std),DmsdX(mean),DmsdX(std),DmsdY(mean),DmsdY(std),DmsdZ(mean),DmsdZ(std)
296.59659499999998,0,290.89444250000003,0,227.86084249999999,0,0.91977443146578464,0,0.90209151075046534,0,0.70661828354351874,0