msdX(mean),msdX(std),msdY(mean),msdY(std),msdZ(mean),msdZ(std),DmsdX(mean),DmsdX(std),DmsdY(mean),DmsdY(std),DmsdZ(mean),DmsdZ(std)
3076.4317824999998,0,2790.9833024999998,0,2022.9421850000001,0,0.41691716797669059,0,0.37823327042959748,0,0.27414855468220628,0