msdX(mean),msdX(std),msdY(mean),msdY(std),msdZ(mean),msdZ(std),DmsdX(mean),DmsdX(std),DmsdY(mean),DmsdY(std),DmsdZ(mean),DmsdZ(std)
1653.9838999999999,0,1556.6703525,0,1156.9359374999999,0,0.54331110940784866,0,0.51134493884679399,0,0.38003764590268047,0