msdX(mean),msdX(std),msdY(mean),msdY(std),msdZ(mean),msdZ(std),DmsdX(mean),DmsdX(std),DmsdY(mean),DmsdY(std),DmsdZ(mean),DmsdZ(std)
1226.1412075000001,0,1179.0459075000001,0,882.98789250000004,0,0.60217130316275413,0,0.57904228833120519,0,0.43364497225223458,0