msdX(mean),msdX(std),msdY(mean),msdY(std),msdZ(mean),msdZ(std),DmsdX(mean),DmsdX(std),DmsdY(mean),DmsdY(std),DmsdZ(mean),DmsdZ(std)
2666.7387250000002,0,2435.3144699999998,0,1771.9099325,0,0.44685956560838286,0,0.40808031022387053,0,0.29691506532351758,0