msdX(mean),msdX(std),msdY(mean),msdY(std),msdZ(mean),msdZ(std),DmsdX(mean),DmsdX(std),DmsdY(mean),DmsdY(std),DmsdZ(mean),DmsdZ(std)
2719.8697200000001,0,2480.8175725000001,0,1815.7037725,0,0.44086930840717531,0,0.40212085138858877,0,0.29431117989518046,0