msdX(mean),msdX(std),msdY(mean),msdY(std),msdZ(mean),msdZ(std),DmsdX(mean),DmsdX(std),DmsdY(mean),DmsdY(std),DmsdZ(mean),DmsdZ(std)
2170.8171299999999,0,2010.1574800000001,0,1493.2936824999999,0,0.48721095475356846,0,0.45115303887243019,0,0.33514985243289341,0