msdX(mean),msdX(std),msdY(mean),msdY(std),msdZ(mean),msdZ(std),DmsdX(mean),DmsdX(std),DmsdY(mean),DmsdY(std),DmsdZ(mean),DmsdZ(std)
2372.0952550000002,0,2193.3171600000001,0,1612.3666625000001,0,0.46875029740340163,0,0.43342191629230509,0,0.31862015278564565,0