msdX(mean),msdX(std),msdY(mean),msdY(std),msdZ(mean),msdZ(std),DmsdX(mean),DmsdX(std),DmsdY(mean),DmsdY(std),DmsdZ(mean),DmsdZ(std)
3744.5166199999999,0,3340.5244250000001,0,2395.8786375,0,0.3782645688540488,0,0.33745397860433163,0,0.24202750095967349,0