msdX(mean),msdX(std),msdY(mean),msdY(std),msdZ(mean),msdZ(std),DmsdX(mean),DmsdX(std),DmsdY(mean),DmsdY(std),DmsdZ(mean),DmsdZ(std)
3189.7278725000001,0,2891.52889,0,2080.7609849999999,0,0.40987131501961727,0,0.37155356065927664,0,0.26737210045916354,0