msdX(mean),msdX(std),msdY(mean),msdY(std),msdZ(mean),msdZ(std),DmsdX(mean),DmsdX(std),DmsdY(mean),DmsdY(std),DmsdZ(mean),DmsdZ(std)
2635.0399000000002,0,2408.5905174999998,0,1756.665215,0,0.44913411322212632,0,0.41053654109472293,0,0.29941796083132582,0