msdX(mean),msdX(std),msdY(mean),msdY(std),msdZ(mean),msdZ(std),DmsdX(mean),DmsdX(std),DmsdY(mean),DmsdY(std),DmsdZ(mean),DmsdZ(std)
2234.2734700000001,0,2068.4826125,0,1530.7736725,0,0.47974608563085119,0,0.44414725854590742,0,0.32868970035643735,0