msdX(mean),msdX(std),msdY(mean),msdY(std),msdZ(mean),msdZ(std),DmsdX(mean),DmsdX(std),DmsdY(mean),DmsdY(std),DmsdZ(mean),DmsdZ(std)
3656.9874749999999,0,3272.9092475000002,0,2354.7976250000002,0,0.3810632163846282,0,0.3410417271903135,0,0.24537321034094703,0