msdX(mean),msdX(std),msdY(mean),msdY(std),msdZ(mean),msdZ(std),DmsdX(mean),DmsdX(std),DmsdY(mean),DmsdY(std),DmsdZ(mean),DmsdZ(std)
2546.0906100000002,0,2330.1780425000002,0,1703.763805,0,0.45756237974289249,0,0.41876035603891365,0,0.30618636197539151,0