msdX(mean),msdX(std),msdY(mean),msdY(std),msdZ(mean),msdZ(std),DmsdX(mean),DmsdX(std),DmsdY(mean),DmsdY(std),DmsdZ(mean),DmsdZ(std)
2143.2676124999998,0,1988.3839399999999,0,1472.5771050000001,0,0.49216212282998067,0,0.45659592633415996,0,0.33815034100303115,0