msdX(mean),msdX(std),msdY(mean),msdY(std),msdZ(mean),msdZ(std),DmsdX(mean),DmsdX(std),DmsdY(mean),DmsdY(std),DmsdZ(mean),DmsdZ(std)
623.91653250000002,0,604.18815749999999,0,467.53549500000003,0,0.75492038295555375,0,0.73104963801726219,0,0.5657039949181254,0