msdX(mean),msdX(std),msdY(mean),msdY(std),msdZ(mean),msdZ(std),DmsdX(mean),DmsdX(std),DmsdY(mean),DmsdY(std),DmsdZ(mean),DmsdZ(std)
895.06266249999999,0,863.72400749999997,0,656.72936249999998,0,0.67270968721815816,0,0.64915623371580322,0,0.4935835473243812,0