msdX(mean),msdX(std),msdY(mean),msdY(std),msdZ(mean),msdZ(std),DmsdX(mean),DmsdX(std),DmsdY(mean),DmsdY(std),DmsdZ(mean),DmsdZ(std)
3374.1753325,0,3008.8043075,0,2180.4137700000001,0,0.40230376678165763,0,0.35874048830748689,0,0.25997127783032742,0