msdX(mean),msdX(std),msdY(mean),msdY(std),msdZ(mean),msdZ(std),DmsdX(mean),DmsdX(std),DmsdY(mean),DmsdY(std),DmsdZ(mean),DmsdZ(std)
3107.7928400000001,0,2810.2662125000002,0,2040.534915,0,0.41549143559988233,0,0.37571408493542607,0,0.27280607970801357,0