msdX(mean),msdX(std),msdY(mean),msdY(std),msdZ(mean),msdZ(std),DmsdX(mean),DmsdX(std),DmsdY(mean),DmsdY(std),DmsdZ(mean),DmsdZ(std)
2078.3472175000002,0,1930.6145624999999,0,1432.1568400000001,0,0.50042872469781852,0,0.46485735167825093,0,0.34483767436634194,0