msdX(mean),msdX(std),msdY(mean),msdY(std),msdZ(mean),msdZ(std),DmsdX(mean),DmsdX(std),DmsdY(mean),DmsdY(std),DmsdZ(mean),DmsdZ(std)
3685.1602600000001,0,3293.1143124999999,0,2363.8744449999999,0,0.38000745132816366,0,0.33958034075441346,0,0.24375870782461639,0