msdX(mean),msdX(std),msdY(mean),msdY(std),msdZ(mean),msdZ(std),DmsdX(mean),DmsdX(std),DmsdY(mean),DmsdY(std),DmsdZ(mean),DmsdZ(std)
3471.2166375000002,0,3090.727425,0,2241.4024949999998,0,0.39489021699973453,0,0.35160525861742065,0,0.25498492605513629,0