msdX(mean),msdX(std),msdY(mean),msdY(std),msdZ(mean),msdZ(std),DmsdX(mean),DmsdX(std),DmsdY(mean),DmsdY(std),DmsdZ(mean),DmsdZ(std)
3133.4853475,0,2832.6414749999999,0,2057.0175450000002,0,0.41335221363556413,0,0.37366653878286865,0,0.27135048082842317,0