msdX(mean),msdX(std),msdY(mean),msdY(std),msdZ(mean),msdZ(std),DmsdX(mean),DmsdX(std),DmsdY(mean),DmsdY(std),DmsdZ(mean),DmsdZ(std)
1090.86941,0,1050.3071024999999,0,788.78442749999999,0,0.6291783423693621,0,0.60578330978198169,0,0.45494545362786942,0