msdX(mean),msdX(std),msdY(mean),msdY(std),msdZ(mean),msdZ(std),DmsdX(mean),DmsdX(std),DmsdY(mean),DmsdY(std),DmsdZ(mean),DmsdZ(std)
738.02633000000003,0,711.68349750000004,0,546.52430749999996,0,0.71783134158993656,0,0.69220934136298806,0,0.53156948596161335,0