msdX(mean),msdX(std),msdY(mean),msdY(std),msdZ(mean),msdZ(std),DmsdX(mean),DmsdX(std),DmsdY(mean),DmsdY(std),DmsdZ(mean),DmsdZ(std)
2405.6005825000002,0,2223.0264499999998,0,1632.2098925,0,0.46608724909260008,0,0.43071334879034862,0,0.31624211611490721,0