msdX(mean),msdX(std),msdY(mean),msdY(std),msdZ(mean),msdZ(std),DmsdX(mean),DmsdX(std),DmsdY(mean),DmsdY(std),DmsdZ(mean),DmsdZ(std)
1395.649445,0,1336.9448374999999,0,996.73759250000001,0,0.57212816471263428,0,0.5480629816758219,0,0.408599488603755,0