msdX(mean),msdX(std),msdY(mean),msdY(std),msdZ(mean),msdZ(std),DmsdX(mean),DmsdX(std),DmsdY(mean),DmsdY(std),DmsdZ(mean),DmsdZ(std)
651.66810175000001,0,745.01471100000003,0,612.44119999999998,0,0.25809319127237684,0,0.29506312153456199,0,0.24255737445213074,0