msdX(mean),msdX(std),msdY(mean),msdY(std),msdZ(mean),msdZ(std),DmsdX(mean),DmsdX(std),DmsdY(mean),DmsdY(std),DmsdZ(mean),DmsdZ(std)
582.84281499999997,0,664.13720224999997,0,545.99149124999997,0,0.27274730844824358,0,0.31078985567323891,0,0.25550235130560928,0