msdX(mean),msdX(std),msdY(mean),msdY(std),msdZ(mean),msdZ(std),DmsdX(mean),DmsdX(std),DmsdY(mean),DmsdY(std),DmsdZ(mean),DmsdZ(std)
70.060480249999998,0,74.783903499999994,0,62.476004750000001,0,0.68821689833005895,0,0.73461594793713159,0,0.61371320972495091,0