msdX(mean),msdX(std),msdY(mean),msdY(std),msdZ(mean),msdZ(std),DmsdX(mean),DmsdX(std),DmsdY(mean),DmsdY(std),DmsdZ(mean),DmsdZ(std)
24.49221425,0,25.390578000000001,0,21.624359999999999,0,1.034882292253521,0,1.0728413239436621,0,0.91370535211267601,0