msdX(mean),msdX(std),msdY(mean),msdY(std),msdZ(mean),msdZ(std),DmsdX(mean),DmsdX(std),DmsdY(mean),DmsdY(std),DmsdZ(mean),DmsdZ(std)
255.980435,0,282.66652950000002,0,234.50650275000001,0,0.40151694290494616,0,0.44337529462511771,0,0.36783410449126847,0