msdX(mean),msdX(std),msdY(mean),msdY(std),msdZ(mean),msdZ(std),DmsdX(mean),DmsdX(std),DmsdY(mean),DmsdY(std),DmsdZ(mean),DmsdZ(std)
27.629738750000001,0,28.71506475,0,24.444173249999999,0,0.98913145883054898,0,1.0279856115751791,0,0.87508973448687344,0