msdX(mean),msdX(std),msdY(mean),msdY(std),msdZ(mean),msdZ(std),DmsdX(mean),DmsdX(std),DmsdY(mean),DmsdY(std),DmsdZ(mean),DmsdZ(std)
123.2740065,0,132.99479249999999,0,110.84971975000001,0,0.54853458840106795,0,0.59178934663304661,0,0.49325001371996446,0