msdX(mean),msdX(std),msdY(mean),msdY(std),msdZ(mean),msdZ(std),DmsdX(mean),DmsdX(std),DmsdY(mean),DmsdY(std),DmsdZ(mean),DmsdZ(std)
1372.3985210000001,0,1640.80740375,0,1344.11466475,0,0.16906317755512668,0,0.20212796005625591,0,0.16557894280992075,0