msdX(mean),msdX(std),msdY(mean),msdY(std),msdZ(mean),msdZ(std),DmsdX(mean),DmsdX(std),DmsdY(mean),DmsdY(std),DmsdZ(mean),DmsdZ(std)
51.988388499999999,0,54.865449249999998,0,46.187019249999999,0,0.77517477882703778,0,0.81807329895626246,0,0.68867324925447315,0