msdX(mean),msdX(std),msdY(mean),msdY(std),msdZ(mean),msdZ(std),DmsdX(mean),DmsdX(std),DmsdY(mean),DmsdY(std),DmsdZ(mean),DmsdZ(std)
32.133345749999997,0,33.546410999999999,0,28.432670250000001,0,0.93410888808139525,0,0.97518636627906974,0,0.82653111191860473,0