msdX(mean),msdX(std),msdY(mean),msdY(std),msdZ(mean),msdZ(std),DmsdX(mean),DmsdX(std),DmsdY(mean),DmsdY(std),DmsdZ(mean),DmsdZ(std)
521.22691124999994,0,590.42667300000005,0,486.15112375000001,0,0.28819358136127388,0,0.32645508846621701,0,0.26879969244166763,0