msdX(mean),msdX(std),msdY(mean),msdY(std),msdZ(mean),msdZ(std),DmsdX(mean),DmsdX(std),DmsdY(mean),DmsdY(std),DmsdZ(mean),DmsdZ(std)
42.133136,0,44.252289249999997,0,37.333782999999997,0,0.84154066577896147,0,0.88386729527296937,0,0.74568141810918775,0