msdX(mean),msdX(std),msdY(mean),msdY(std),msdZ(mean),msdZ(std),DmsdX(mean),DmsdX(std),DmsdY(mean),DmsdY(std),DmsdZ(mean),DmsdZ(std)
64.057554499999995,0,68.103634249999999,0,56.963053500000001,0,0.71333579621380838,0,0.75839236358574613,0,0.63433244432071267,0