msdX(mean),msdX(std),msdY(mean),msdY(std),msdZ(mean),msdZ(std),DmsdX(mean),DmsdX(std),DmsdY(mean),DmsdY(std),DmsdZ(mean),DmsdZ(std)
76.615903750000001,0,81.879945750000005,0,68.412233749999999,0,0.66429974349710985,0,0.70994172615606943,0,0.59316965679190747,0