msdX(mean),msdX(std),msdY(mean),msdY(std),msdZ(mean),msdZ(std),DmsdX(mean),DmsdX(std),DmsdY(mean),DmsdY(std),DmsdZ(mean),DmsdZ(std)
241.665178,0,266.52158400000002,0,220.80175399999999,0,0.41202292225505799,0,0.45440142759718122,0,0.37645218345078429,0