msdX(mean),msdX(std),msdY(mean),msdY(std),msdZ(mean),msdZ(std),DmsdX(mean),DmsdX(std),DmsdY(mean),DmsdY(std),DmsdZ(mean),DmsdZ(std)
428.2202355,0,480.72806324999999,0,396.68600025000001,0,0.3170436096989141,0,0.35591909914856856,0,0.29369644638450149,0