msdX(mean),msdX(std),msdY(mean),msdY(std),msdZ(mean),msdZ(std),DmsdX(mean),DmsdX(std),DmsdY(mean),DmsdY(std),DmsdZ(mean),DmsdZ(std)
404.95268049999999,0,454.28714024999999,0,374.52991025,0,0.32590890693743962,0,0.36561364436903099,0,0.30142443683603393,0