msdX(mean),msdX(std),msdY(mean),msdY(std),msdZ(mean),msdZ(std),DmsdX(mean),DmsdX(std),DmsdY(mean),DmsdY(std),DmsdZ(mean),DmsdZ(std)
50.446842250000003,0,53.223470249999998,0,44.780769999999997,0,0.78414780699481879,0,0.82730782772020728,0,0.69607414507772025,0