msdX(mean),msdX(std),msdY(mean),msdY(std),msdZ(mean),msdZ(std),DmsdX(mean),DmsdX(std),DmsdY(mean),DmsdY(std),DmsdZ(mean),DmsdZ(std)
112.84781125000001,0,121.52037850000001,0,101.191655,0,0.56898056092436977,0,0.61270779075630255,0,0.51021002521008396,0