msdX(mean),msdX(std),msdY(mean),msdY(std),msdZ(mean),msdZ(std),DmsdX(mean),DmsdX(std),DmsdY(mean),DmsdY(std),DmsdZ(mean),DmsdZ(std)
38.572062250000002,0,40.401087750000002,0,34.074019999999997,0,0.87267109162895928,0,0.91405175904977376,0,0.77090542986425326,0