msdX(mean),msdX(std),msdY(mean),msdY(std),msdZ(mean),msdZ(std),DmsdX(mean),DmsdX(std),DmsdY(mean),DmsdY(std),DmsdZ(mean),DmsdZ(std)
304.90714850000001,0,337.78580399999998,0,279.78378700000002,0,0.3723829366145579,0,0.41253762090864682,0,0.34169978871519302,0