msdX(mean),msdX(std),msdY(mean),msdY(std),msdZ(mean),msdZ(std),DmsdX(mean),DmsdX(std),DmsdY(mean),DmsdY(std),DmsdZ(mean),DmsdZ(std)
130.82564149999999,0,141.46300299999999,0,117.71833549999999,0,0.53558532273471615,0,0.57913347298034934,0,0.4819255001364629,0