msdX(mean),msdX(std),msdY(mean),msdY(std),msdZ(mean),msdZ(std),DmsdX(mean),DmsdX(std),DmsdY(mean),DmsdY(std),DmsdZ(mean),DmsdZ(std)
65.998117500000006,0,70.268677499999995,0,58.724558000000002,0,0.70510809294871801,0,0.75073373397435894,0,0.627399123931624,0