msdX(mean),msdX(std),msdY(mean),msdY(std),msdZ(mean),msdZ(std),DmsdX(mean),DmsdX(std),DmsdY(mean),DmsdY(std),DmsdZ(mean),DmsdZ(std)
53.569526000000003,0,56.641519500000001,0,47.547037500000002,0,0.76600847473784561,0,0.80993593183984747,0,0.6798909080076263,0