msdX(mean),msdX(std),msdY(mean),msdY(std),msdZ(mean),msdZ(std),DmsdX(mean),DmsdX(std),DmsdY(mean),DmsdY(std),DmsdZ(mean),DmsdZ(std)
106.19075775,0,114.34189375,0,95.315443000000002,0,0.58197346227621483,0,0.62664538043478257,0,0.52237181037632441,0