msdX(mean),msdX(std),msdY(mean),msdY(std),msdZ(mean),msdZ(std),DmsdX(mean),DmsdX(std),DmsdY(mean),DmsdY(std),DmsdZ(mean),DmsdZ(std)
165.3085725,0,180.43340449999999,0,149.70718350000001,0,0.48468111561767008,0,0.52902679192728697,0,0.43893818461688822,0