msdX(mean),msdX(std),msdY(mean),msdY(std),msdZ(mean),msdZ(std),DmsdX(mean),DmsdX(std),DmsdY(mean),DmsdY(std),DmsdZ(mean),DmsdZ(std)
706.87575475000006,0,811.56192699999997,0,668.33594649999998,0,0.24703267138646851,0,0.28361746668375193,0,0.23356412090536322,0