msdX(mean),msdX(std),msdY(mean),msdY(std),msdZ(mean),msdZ(std),DmsdX(mean),DmsdX(std),DmsdY(mean),DmsdY(std),DmsdZ(mean),DmsdZ(std)
416.65781874999999,0,467.34445325000002,0,385.47618975,0,0.32162758754888843,0,0.36075374633336765,0,0.29755778335992178,0