msdX(mean),msdX(std),msdY(mean),msdY(std),msdZ(mean),msdZ(std),DmsdX(mean),DmsdX(std),DmsdY(mean),DmsdY(std),DmsdZ(mean),DmsdZ(std)
768.03289374999997,0,884.37191800000005,0,728.23739524999996,0,0.23683764172131652,0,0.27271300639352014,0,0.22456593813601133,0