msdX(mean),msdX(std),msdY(mean),msdY(std),msdZ(mean),msdZ(std),DmsdX(mean),DmsdX(std),DmsdY(mean),DmsdY(std),DmsdZ(mean),DmsdZ(std)
47.559033499999998,0,50.061571749999999,0,42.170541999999998,0,0.80336205236486491,0,0.84563465793918924,0,0.71234023648648648,0