msdX(mean),msdX(std),msdY(mean),msdY(std),msdZ(mean),msdZ(std),DmsdX(mean),DmsdX(std),DmsdY(mean),DmsdY(std),DmsdZ(mean),DmsdZ(std)
25.23790125,0,26.187339999999999,0,22.303033750000001,0,1.0231581587837837,0,1.0616489189189189,0,0.90417704391891895,0