msdX(mean),msdX(std),msdY(mean),msdY(std),msdZ(mean),msdZ(std),DmsdX(mean),DmsdX(std),DmsdY(mean),DmsdY(std),DmsdZ(mean),DmsdZ(std)
295.75313775000001,0,328.22075825000002,0,271.54974349999998,0,0.37659567625212226,0,0.41793814717741934,0,0.34577641362478773,0