msdX(mean),msdX(std),msdY(mean),msdY(std),msdZ(mean),msdZ(std),DmsdX(mean),DmsdX(std),DmsdY(mean),DmsdY(std),DmsdZ(mean),DmsdZ(std)
43.408101250000001,0,45.616483250000002,0,38.498423250000002,0,0.83157282088122619,0,0.87387898946360165,0,0.73751768678160934,0