msdX(mean),msdX(std),msdY(mean),msdY(std),msdZ(mean),msdZ(std),DmsdX(mean),DmsdX(std),DmsdY(mean),DmsdY(std),DmsdZ(mean),DmsdZ(std)
1003.172515,0,1173.3629342500001,0,963.96051775000001,0,0.20384989534930978,0,0.23843347756953007,0,0.1958818126752645,0