msdX(mean),msdX(std),msdY(mean),msdY(std),msdZ(mean),msdZ(std),DmsdX(mean),DmsdX(std),DmsdY(mean),DmsdY(std),DmsdZ(mean),DmsdZ(std)
127.00334175,0,137.35235675000001,0,114.19224575,0,0.54197727631578951,0,0.58614092496443815,0,0.48730688086770979,0