msdX(mean),msdX(std),msdY(mean),msdY(std),msdZ(mean),msdZ(std),DmsdX(mean),DmsdX(std),DmsdY(mean),DmsdY(std),DmsdZ(mean),DmsdZ(std)
466.64247949999998,0,525.25836824999999,0,432.61182050000002,0,0.30486224706010451,0,0.34315659946646337,0,0.2826296736716028,0