msdX(mean),msdX(std),msdY(mean),msdY(std),msdZ(mean),msdZ(std),DmsdX(mean),DmsdX(std),DmsdY(mean),DmsdY(std),DmsdZ(mean),DmsdZ(std)
83.808843499999995,0,89.626228749999996,0,74.870898249999996,0,0.64139421045918366,0,0.6859150159438776,0,0.57299156823979591,0