msdX(mean),msdX(std),msdY(mean),msdY(std),msdZ(mean),msdZ(std),DmsdX(mean),DmsdX(std),DmsdY(mean),DmsdY(std),DmsdZ(mean),DmsdZ(std)
1408.10787725,0,1684.97509425,0,1381.6644624999999,0,0.16637614637734244,0,0.19908962051303258,0,0.16325170292081195,0