msdX(mean),msdX(std),msdY(mean),msdY(std),msdZ(mean),msdZ(std),DmsdX(mean),DmsdX(std),DmsdY(mean),DmsdY(std),DmsdZ(mean),DmsdZ(std)
371.99393974999998,0,416.04266174999998,0,343.58171199999998,0,0.33928670170558184,0,0.37946247879423561,0,0.31337259394381606,0