msdX(mean),msdX(std),msdY(mean),msdY(std),msdZ(mean),msdZ(std),DmsdX(mean),DmsdX(std),DmsdY(mean),DmsdY(std),DmsdZ(mean),DmsdZ(std)
810.25141199999996,0,936.19708125,0,770.19258975000002,0,0.22985855659574467,0,0.2655878244680851,0,0.21849435170212766,0