msdX(mean),msdX(std),msdY(mean),msdY(std),msdZ(mean),msdZ(std),DmsdX(mean),DmsdX(std),DmsdY(mean),DmsdY(std),DmsdZ(mean),DmsdZ(std)
1269.8243192499999,0,1509.2251515,0,1236.9562025,0,0.17727713775315512,0,0.21069931566676595,0,0.17268849854342727,0