msdX(mean),msdX(std),msdY(mean),msdY(std),msdZ(mean),msdZ(std),DmsdX(mean),DmsdX(std),DmsdY(mean),DmsdY(std),DmsdZ(mean),DmsdZ(std)
91.608635750000005,0,98.222752,0,82.002189749999999,0,0.61842013332583268,0,0.66306988298829883,0,0.55357013782628262,0