msdX(mean),msdX(std),msdY(mean),msdY(std),msdZ(mean),msdZ(std),DmsdX(mean),DmsdX(std),DmsdY(mean),DmsdY(std),DmsdZ(mean),DmsdZ(std)
62.220257500000002,0,66.057588999999993,0,55.252879749999998,0,0.72237141060371524,0,0.76692247291021676,0,0.6414808020510836,0