msdX(mean),msdX(std),msdY(mean),msdY(std),msdZ(mean),msdZ(std),DmsdX(mean),DmsdX(std),DmsdY(mean),DmsdY(std),DmsdZ(mean),DmsdZ(std)
227.9253405,0,251.27525825000001,0,208.06446475000001,0,0.42239685044477387,0,0.46566949267976276,0,0.38559018671237955,0