msdX(mean),msdX(std),msdY(mean),msdY(std),msdZ(mean),msdZ(std),DmsdX(mean),DmsdX(std),DmsdY(mean),DmsdY(std),DmsdZ(mean),DmsdZ(std)
86.346129000000005,0,92.396097999999995,0,77.183532999999997,0,0.63365554549902159,0,0.67805355675146772,0,0.5664153595890411,0