msdX(mean),msdX(std),msdY(mean),msdY(std),msdZ(mean),msdZ(std),DmsdX(mean),DmsdX(std),DmsdY(mean),DmsdY(std),DmsdZ(mean),DmsdZ(std)
440.61607400000003,0,494.44562574999998,0,407.99984325000003,0,0.31289310751313737,0,0.35111889344553326,0,0.28973146090754154,0