msdX(mean),msdX(std),msdY(mean),msdY(std),msdZ(mean),msdZ(std),DmsdX(mean),DmsdX(std),DmsdY(mean),DmsdY(std),DmsdZ(mean),DmsdZ(std)
902.56609249999997,0,1047.8278955000001,0,862.87796575000004,0,0.21670254321728691,0,0.2515793266506603,0,0.207173581212485,0