msdX(mean),msdX(std),msdY(mean),msdY(std),msdZ(mean),msdZ(std),DmsdX(mean),DmsdX(std),DmsdY(mean),DmsdY(std),DmsdZ(mean),DmsdZ(std)
31.180922249999998,0,32.502380000000002,0,27.589538999999998,0,0.94487643181818182,0,0.98492060606060616,0,0.8360466363636363,0