msdX(mean),msdX(std),msdY(mean),msdY(std),msdZ(mean),msdZ(std),DmsdX(mean),DmsdX(std),DmsdY(mean),DmsdY(std),DmsdZ(mean),DmsdZ(std)
97.096404250000006,0,104.41306575,0,87.192067249999994,0,0.6030832562111802,0,0.64852835869565217,0,0.54156563509316769,0