msdX(mean),msdX(std),msdY(mean),msdY(std),msdZ(mean),msdZ(std),DmsdX(mean),DmsdX(std),DmsdY(mean),DmsdY(std),DmsdZ(mean),DmsdZ(std)
134.73262775000001,0,145.87954575000001,0,121.217378,0,0.52891636122742747,0,0.57267552636744312,0,0.4758598979324784,0