msdX(mean),msdX(std),msdY(mean),msdY(std),msdZ(mean),msdZ(std),DmsdX(mean),DmsdX(std),DmsdY(mean),DmsdY(std),DmsdZ(mean),DmsdZ(std)
3958.206185,0,3973.3726900000001,0,2679.0613374999998,0,0.44019523257882998,0,0.4418819115651807,0,0.29794052493345891,0