msdX(mean),msdX(std),msdY(mean),msdY(std),msdZ(mean),msdZ(std),DmsdX(mean),DmsdX(std),DmsdY(mean),DmsdY(std),DmsdZ(mean),DmsdZ(std)
3990.7086650000001,0,4011.8057574999998,0,2694.0257575000001,0,0.43888988258022887,0,0.44121009716550208,0,0.29628337912692188,0