msdX(mean),msdX(std),msdY(mean),msdY(std),msdZ(mean),msdZ(std),DmsdX(mean),DmsdX(std),DmsdY(mean),DmsdY(std),DmsdZ(mean),DmsdZ(std)
2335.0878550000002,0,2330.6967450000002,0,1610.9871450000001,0,0.52407932826106474,0,0.52309380218152435,0,0.36156458052787499,0