msdX(mean),msdX(std),msdY(mean),msdY(std),msdZ(mean),msdZ(std),DmsdX(mean),DmsdX(std),DmsdY(mean),DmsdY(std),DmsdZ(mean),DmsdZ(std)
3428.5912075000001,0,3422.4985075,0,2315.8601650000001,0,0.46464171398563492,0,0.46381603299905133,0,0.31384471676378911,0