msdX(mean),msdX(std),msdY(mean),msdY(std),msdZ(mean),msdZ(std),DmsdX(mean),DmsdX(std),DmsdY(mean),DmsdY(std),DmsdZ(mean),DmsdZ(std)
4090.1589825000001,0,4112.4236650000003,0,2756.7372099999998,0,0.4353456001468835,0,0.43771539349880789,0,0.29341974731777926,0