msdX(mean),msdX(std),msdY(mean),msdY(std),msdZ(mean),msdZ(std),DmsdX(mean),DmsdX(std),DmsdY(mean),DmsdY(std),DmsdZ(mean),DmsdZ(std)
549.96806000000004,0,542.3431875,0,402.85334999999998,0,0.88013665848714395,0,0.86793425930865253,0,0.64470289661794511,0