msdX(mean),msdX(std),msdY(mean),msdY(std),msdZ(mean),msdZ(std),DmsdX(mean),DmsdX(std),DmsdY(mean),DmsdY(std),DmsdZ(mean),DmsdZ(std)
904.65212750000001,0,909.27428250000003,0,648.89456499999994,0,0.73564902485633743,0,0.73940768933644152,0,0.52767095711807432,0