msdX(mean),msdX(std),msdY(mean),msdY(std),msdZ(mean),msdZ(std),DmsdX(mean),DmsdX(std),DmsdY(mean),DmsdY(std),DmsdZ(mean),DmsdZ(std)
4028.7380199999998,0,4046.4241000000002,0,2714.9257499999999,0,0.43821114906021574,0,0.44013488731291334,0,0.29530605529933862,0