msdX(mean),msdX(std),msdY(mean),msdY(std),msdZ(mean),msdZ(std),DmsdX(mean),DmsdX(std),DmsdY(mean),DmsdY(std),DmsdZ(mean),DmsdZ(std)
963.33433749999995,0,963.40391999999997,0,684.88248250000004,0,0.72402119764004402,0,0.72407349433811008,0,0.51474282180078168,0