msdX(mean),msdX(std),msdY(mean),msdY(std),msdZ(mean),msdZ(std),DmsdX(mean),DmsdX(std),DmsdY(mean),DmsdY(std),DmsdZ(mean),DmsdZ(std)
3464.5171650000002,0,3461.18851,0,2341.0850974999998,0,0.46318312855958715,0,0.46273810930773546,0,0.31298765976363002,0