msdX(mean),msdX(std),msdY(mean),msdY(std),msdZ(mean),msdZ(std),DmsdX(mean),DmsdX(std),DmsdY(mean),DmsdY(std),DmsdZ(mean),DmsdZ(std)
2139.5088500000002,0,2126.7479675,0,1479.8024875000001,0,0.54143763180537519,0,0.53820828222799588,0,0.37448817020397146,0