msdX(mean),msdX(std),msdY(mean),msdY(std),msdZ(mean),msdZ(std),DmsdX(mean),DmsdX(std),DmsdY(mean),DmsdY(std),DmsdZ(mean),DmsdZ(std)
3894.0766775000002,0,3891.6944199999998,0,2630.8492424999999,0,0.44299533701793636,0,0.44272432823935376,0,0.29928890552121645,0