msdX(mean),msdX(std),msdY(mean),msdY(std),msdZ(mean),msdZ(std),DmsdX(mean),DmsdX(std),DmsdY(mean),DmsdY(std),DmsdZ(mean),DmsdZ(std)
2948.872785,0,2944.0342274999998,0,2020.9476325000001,0,0.48592841515797341,0,0.48513109606384852,0,0.33302076819769744,0