msdX(mean),msdX(std),msdY(mean),msdY(std),msdZ(mean),msdZ(std),DmsdX(mean),DmsdX(std),DmsdY(mean),DmsdY(std),DmsdZ(mean),DmsdZ(std)
3098.1102525000001,0,3092.5550524999999,0,2110.9911225000001,0,0.47871413930837692,0,0.47785576030635785,0,0.32618635746734514,0