msdX(mean),msdX(std),msdY(mean),msdY(std),msdZ(mean),msdZ(std),DmsdX(mean),DmsdX(std),DmsdY(mean),DmsdY(std),DmsdZ(mean),DmsdZ(std)
3826.3693075000001,0,3824.5611399999998,0,2585.3382000000001,0,0.44551031671336866,0,0.44529978887069105,0,0.30101507401168975,0