msdX(mean),msdX(std),msdY(mean),msdY(std),msdZ(mean),msdZ(std),DmsdX(mean),DmsdX(std),DmsdY(mean),DmsdY(std),DmsdZ(mean),DmsdZ(std)
2411.7995025,0,2403.9010600000001,0,1667.2807150000001,0,0.51786470465086321,0,0.51616874087434517,0,0.35800066885682386,0