msdX(mean),msdX(std),msdY(mean),msdY(std),msdZ(mean),msdZ(std),DmsdX(mean),DmsdX(std),DmsdY(mean),DmsdY(std),DmsdZ(mean),DmsdZ(std)
2842.0615124999999,0,2835.1765399999999,0,1944.9188174999999,0,0.49289432065185973,0,0.49170027054838072,0,0.33730425434438266,0