msdX(mean),msdX(std),msdY(mean),msdY(std),msdZ(mean),msdZ(std),DmsdX(mean),DmsdX(std),DmsdY(mean),DmsdY(std),DmsdZ(mean),DmsdZ(std)
2682.9597450000001,0,2683.1518424999999,0,1846.6617550000001,0,0.50028462607063384,0,0.50032044599903036,0,0.34434228366669567,0