msdX(mean),msdX(std),msdY(mean),msdY(std),msdZ(mean),msdZ(std),DmsdX(mean),DmsdX(std),DmsdY(mean),DmsdY(std),DmsdZ(mean),DmsdZ(std)
2803.1033825,0,2795.0960300000002,0,1923.2580800000001,0,0.49478754442273976,0,0.49337413302109939,0,0.33948235681756672,0