msdX(mean),msdX(std),msdY(mean),msdY(std),msdZ(mean),msdZ(std),DmsdX(mean),DmsdX(std),DmsdY(mean),DmsdY(std),DmsdZ(mean),DmsdZ(std)
4220.5641724999996,0,4250.9436999999998,0,2843.9482174999998,0,0.43074013844096992,0,0.43384059642390593,0,0.29024618483629977,0