msdX(mean),msdX(std),msdY(mean),msdY(std),msdZ(mean),msdZ(std),DmsdX(mean),DmsdX(std),DmsdY(mean),DmsdY(std),DmsdZ(mean),DmsdZ(std)
2254.0890100000001,0,2254.0566825000001,0,1555.3299225000001,0,0.52987517865538325,0,0.5298675793370945,0,0.36561587270803952,0