msdX(mean),msdX(std),msdY(mean),msdY(std),msdZ(mean),msdZ(std),DmsdX(mean),DmsdX(std),DmsdY(mean),DmsdY(std),DmsdZ(mean),DmsdZ(std)
2979.1211149999999,0,2985.1921750000001,0,2042.3116500000001,0,0.48289190323103526,0,0.48387597390317705,0,0.33104251945104823,0