msdX(mean),msdX(std),msdY(mean),msdY(std),msdZ(mean),msdZ(std),DmsdX(mean),DmsdX(std),DmsdY(mean),DmsdY(std),DmsdZ(mean),DmsdZ(std)
2067.4814449999999,0,2047.9480249999999,0,1423.35609,0,0.55133818690110048,0,0.54612918229657414,0,0.3795683718821668,0