msdX(mean),msdX(std),msdY(mean),msdY(std),msdZ(mean),msdZ(std),DmsdX(mean),DmsdX(std),DmsdY(mean),DmsdY(std),DmsdZ(mean),DmsdZ(std)
3352.2969450000001,0,3345.1478175000002,0,2267.0341749999998,0,0.46706285632680361,0,0.46606679542731355,0,0.31585729860395129,0