msdX(mean),msdX(std),msdY(mean),msdY(std),msdZ(mean),msdZ(std),DmsdX(mean),DmsdX(std),DmsdY(mean),DmsdY(std),DmsdZ(mean),DmsdZ(std)
3732.895485,0,3730.4123224999998,0,2528.5566924999998,0,0.45049183609023769,0,0.45019216404251211,0,0.30515029194892751,0