msdX(mean),msdX(std),msdY(mean),msdY(std),msdZ(mean),msdZ(std),DmsdX(mean),DmsdX(std),DmsdY(mean),DmsdY(std),DmsdZ(mean),DmsdZ(std)
3800.8522674999999,0,3792.3726075,0,2567.2992275000001,0,0.44779478328057876,0,0.44679575799762805,0,0.30246458433148238,0