msdX(mean),msdX(std),msdY(mean),msdY(std),msdZ(mean),msdZ(std),DmsdX(mean),DmsdX(std),DmsdY(mean),DmsdY(std),DmsdZ(mean),DmsdZ(std)
3272.8821174999998,0,3273.7573674999999,0,2225.9253475,0,0.46917659874136297,0,0.46930206822156595,0,0.31909248365778836,0