msdX(mean),msdX(std),msdY(mean),msdY(std),msdZ(mean),msdZ(std),DmsdX(mean),DmsdX(std),DmsdY(mean),DmsdY(std),DmsdZ(mean),DmsdZ(std)
610.91380749999996,0,609.38214500000004,0,449.20189749999997,0,0.84186560519062925,0,0.83975490813045484,0,0.61901961070280198,0