msdX(mean),msdX(std),msdY(mean),msdY(std),msdZ(mean),msdZ(std),DmsdX(mean),DmsdX(std),DmsdY(mean),DmsdY(std),DmsdZ(mean),DmsdZ(std)
385.44861367187502,0,398.01481992187502,0,388.43086289062501,0,2.0264549240142387,0,2.0925204114184011,0,2.0421337808050382,0