msdX(mean),msdX(std),msdY(mean),msdY(std),msdZ(mean),msdZ(std),DmsdX(mean),DmsdX(std),DmsdY(mean),DmsdY(std),DmsdZ(mean),DmsdZ(std)
1897.260292578125,0,2027.5732195312501,0,1979.5383367187501,0,1.6597137605932204,0,1.7737108536085293,0,1.7316901797430291,0