msdX(mean),msdX(std),msdY(mean),msdY(std),msdZ(mean),msdZ(std),DmsdX(mean),DmsdX(std),DmsdY(mean),DmsdY(std),DmsdZ(mean),DmsdZ(std)
56.436711328125,0,57.213443359374999,0,56.239789453124999,0,2.286044003164557,0,2.317506566455696,0,2.2780674208860758,0