msdX(mean),msdX(std),msdY(mean),msdY(std),msdZ(mean),msdZ(std),DmsdX(mean),DmsdX(std),DmsdY(mean),DmsdY(std),DmsdZ(mean),DmsdZ(std)
522.43676875000006,0,542.09393476562502,0,529.75228593750001,0,1.9675923813260101,0,2.0416248622008628,0,1.9951439564535109,0