msdX(mean),msdX(std),msdY(mean),msdY(std),msdZ(mean),msdZ(std),DmsdX(mean),DmsdX(std),DmsdY(mean),DmsdY(std),DmsdZ(mean),DmsdZ(std)
400.58983437500001,0,413.851527734375,0,404.00620820312503,0,2.0197806775210085,0,2.0866463583245798,0,2.0370060917804622,0