msdX(mean),msdX(std),msdY(mean),msdY(std),msdZ(mean),msdZ(std),DmsdX(mean),DmsdX(std),DmsdY(mean),DmsdY(std),DmsdZ(mean),DmsdZ(std)
4413.8359367187504,0,4860.3836218750002,0,4724.2004121093751,0,1.4190497318318822,0,1.5626149621567313,0,1.5188320146098457,0