msdX(mean),msdX(std),msdY(mean),msdY(std),msdZ(mean),msdZ(std),DmsdX(mean),DmsdX(std),DmsdY(mean),DmsdY(std),DmsdZ(mean),DmsdZ(std)
48.154278906249999,0,48.780867578124997,0,48.019937109375,0,2.2999058582089553,0,2.3298324813432836,0,2.2934895335820897,0