msdX(mean),msdX(std),msdY(mean),msdY(std),msdZ(mean),msdZ(std),DmsdX(mean),DmsdX(std),DmsdY(mean),DmsdY(std),DmsdZ(mean),DmsdZ(std)
6689.484168359375,0,7470.7435421874998,0,7243.6383347656247,0,1.3038076949802049,0,1.456078327174906,0,1.411814597781951,0