msdX(mean),msdX(std),msdY(mean),msdY(std),msdZ(mean),msdZ(std),DmsdX(mean),DmsdX(std),DmsdY(mean),DmsdY(std),DmsdZ(mean),DmsdZ(std)
87.499882421875,0,89.048807031250007,0,87.326671875000002,0,2.2399969899999999,0,2.2796494600000003,0,2.2355627999999999,0