msdX(mean),msdX(std),msdY(mean),msdY(std),msdZ(mean),msdZ(std),DmsdX(mean),DmsdX(std),DmsdY(mean),DmsdY(std),DmsdZ(mean),DmsdZ(std)
1144.248438671875,0,1208.4259218750001,0,1176.028237890625,0,1.7946062753226595,0,1.8952603904590752,0,1.8444487965610192,0