msdX(mean),msdX(std),msdY(mean),msdY(std),msdZ(mean),msdZ(std),DmsdX(mean),DmsdX(std),DmsdY(mean),DmsdY(std),DmsdZ(mean),DmsdZ(std)
50.009455468749998,0,50.662906640625003,0,49.837653515625,0,2.2970850358851673,0,2.3271000179425836,0,2.2891936543062199,0