msdX(mean),msdX(std),msdY(mean),msdY(std),msdZ(mean),msdZ(std),DmsdX(mean),DmsdX(std),DmsdY(mean),DmsdY(std),DmsdZ(mean),DmsdZ(std)
91.074981640624998,0,92.695225781250002,0,90.9425796875,0,2.2361120812020459,0,2.2758930115089511,0,2.232861291560102,0