msdX(mean),msdX(std),msdY(mean),msdY(std),msdZ(mean),msdZ(std),DmsdX(mean),DmsdX(std),DmsdY(mean),DmsdY(std),DmsdZ(mean),DmsdZ(std)
1103.2336835937499,0,1163.5036035156249,0,1131.13402421875,0,1.8039590125191618,0,1.9025097247061828,0,1.8495804177312214,0