msdX(mean),msdX(std),msdY(mean),msdY(std),msdZ(mean),msdZ(std),DmsdX(mean),DmsdX(std),DmsdY(mean),DmsdY(std),DmsdZ(mean),DmsdZ(std)
71.670155078125006,0,72.714720703124996,0,71.415636328125004,0,2.2632680550986843,0,2.296254337993421,0,2.2552306208881578,0