msdX(mean),msdX(std),msdY(mean),msdY(std),msdZ(mean),msdZ(std),DmsdX(mean),DmsdX(std),DmsdY(mean),DmsdY(std),DmsdZ(mean),DmsdZ(std)
9112.3253425781259,0,10288.7488125,0,9983.9178101562502,0,1.2201794218229116,0,1.377707566987014,0,1.3368893891663063,0