msdX(mean),msdX(std),msdY(mean),msdY(std),msdZ(mean),msdZ(std),DmsdX(mean),DmsdX(std),DmsdY(mean),DmsdY(std),DmsdZ(mean),DmsdZ(std)
655.94604218749998,0,682.53258984374997,0,666.23585390624999,0,1.9233604169211971,0,2.0013173068112398,0,1.9535321311850946,0