msdX(mean),msdX(std),msdY(mean),msdY(std),msdZ(mean),msdZ(std),DmsdX(mean),DmsdX(std),DmsdY(mean),DmsdY(std),DmsdZ(mean),DmsdZ(std)
61.201292578124999,0,62.123171874999997,0,61.03714453125,0,2.2772573982558137,0,2.3115598837209301,0,2.2711495639534882,0