msdX(mean),msdX(std),msdY(mean),msdY(std),msdZ(mean),msdZ(std),DmsdX(mean),DmsdX(std),DmsdY(mean),DmsdY(std),DmsdZ(mean),DmsdZ(std)
10456.422677343749,0,11851.653017968751,0,11505.36830625,0,1.1850176215337211,0,1.3431379070995997,0,1.3038937508411148,0