msdX(mean),msdX(std),msdY(mean),msdY(std),msdZ(mean),msdZ(std),DmsdX(mean),DmsdX(std),DmsdY(mean),DmsdY(std),DmsdZ(mean),DmsdZ(std)
4120.6695785156253,0,4521.5767515625002,0,4397.2939570312501,0,1.4400592629686932,0,1.580165155260284,0,1.5367317796687294,0