msdX(mean),msdX(std),msdY(mean),msdY(std),msdZ(mean),msdZ(std),DmsdX(mean),DmsdX(std),DmsdY(mean),DmsdY(std),DmsdZ(mean),DmsdZ(std)
1968.508435546875,0,2103.222805078125,0,2053.7877980468752,0,1.651750806856918,0,1.7647879493706842,0,1.723307653286426,0