msdX(mean),msdX(std),msdY(mean),msdY(std),msdZ(mean),msdZ(std),DmsdX(mean),DmsdX(std),DmsdY(mean),DmsdY(std),DmsdZ(mean),DmsdZ(std)
792.31509023437502,0,827.66666601562497,0,805.43837578124999,0,1.8859967434292091,0,1.970146291532358,0,1.917234913835854,0