msdX(mean),msdX(std),msdY(mean),msdY(std),msdZ(mean),msdZ(std),DmsdX(mean),DmsdX(std),DmsdY(mean),DmsdY(std),DmsdZ(mean),DmsdZ(std)
3465.0212953125001,0,3776.00171328125,0,3671.5794386718749,0,1.4917352542714921,0,1.625616236041975,0,1.5806611332907305,0