msdX(mean),msdX(std),msdY(mean),msdY(std),msdZ(mean),msdZ(std),DmsdX(mean),DmsdX(std),DmsdY(mean),DmsdY(std),DmsdZ(mean),DmsdZ(std)
306.49756289062498,0,315.15221250000002,0,307.87952304687502,0,2.0691818591772151,0,2.1276098734177218,0,2.0785115479957805,0