msdX(mean),msdX(std),msdY(mean),msdY(std),msdZ(mean),msdZ(std),DmsdX(mean),DmsdX(std),DmsdY(mean),DmsdY(std),DmsdZ(mean),DmsdZ(std)
216.22410468749999,0,221.168670703125,0,216.7483328125,0,2.1246176100307061,0,2.1732029055783006,0,2.1297686745138176,0