msdX(mean),msdX(std),msdY(mean),msdY(std),msdZ(mean),msdZ(std),DmsdX(mean),DmsdX(std),DmsdY(mean),DmsdY(std),DmsdZ(mean),DmsdZ(std)
94.671791796874999,0,96.328655078124996,0,94.489898046874998,0,2.2330447205159705,0,2.2721255251842751,0,2.2287543519656019,0