msdX(mean),msdX(std),msdY(mean),msdY(std),msdZ(mean),msdZ(std),DmsdX(mean),DmsdX(std),DmsdY(mean),DmsdY(std),DmsdZ(mean),DmsdZ(std)
608.19977031250005,0,632.27891718750004,0,617.19173242187503,0,1.9384853237051793,0,2.0152316085657374,0,1.9671449638944225,0