msdX(mean),msdX(std),msdY(mean),msdY(std),msdZ(mean),msdZ(std),DmsdX(mean),DmsdX(std),DmsdY(mean),DmsdY(std),DmsdZ(mean),DmsdZ(std)
1025.636834375,0,1079.3172597656251,0,1049.5545953124999,0,1.823016776522866,0,1.918430974588039,0,1.8655293677096831,0