msdX(mean),msdX(std),msdY(mean),msdY(std),msdZ(mean),msdZ(std),DmsdX(mean),DmsdX(std),DmsdY(mean),DmsdY(std),DmsdZ(mean),DmsdZ(std)
110.837244921875,0,112.91604765625,0,110.749852734375,0,2.2121362811850309,0,2.2536258991683988,0,2.2103920712058209,0