msdX(mean),msdX(std),msdY(mean),msdY(std),msdZ(mean),msdZ(std),DmsdX(mean),DmsdX(std),DmsdY(mean),DmsdY(std),DmsdZ(mean),DmsdZ(std)
119.898190625,0,122.31716484375001,0,119.94588593749999,0,2.2008080879541105,0,2.2452099091778202,0,2.2016835659655829,0