msdX(mean),msdX(std),msdY(mean),msdY(std),msdZ(mean),msdZ(std),DmsdX(mean),DmsdX(std),DmsdY(mean),DmsdY(std),DmsdZ(mean),DmsdZ(std)
371.06620859374999,0,383.19290390625002,0,373.63154687500003,0,2.0332394991438356,0,2.0996871446917811,0,2.047296147260274,0