msdX(mean),msdX(std),msdY(mean),msdY(std),msdZ(mean),msdZ(std),DmsdX(mean),DmsdX(std),DmsdY(mean),DmsdY(std),DmsdZ(mean),DmsdZ(std)
763.67139179687501,0,796.12507070312495,0,775.23988789062503,0,1.8948682763634013,0,1.975394334130266,0,1.9235727381106227,0