msdX(mean),msdX(std),msdY(mean),msdY(std),msdZ(mean),msdZ(std),DmsdX(mean),DmsdX(std),DmsdY(mean),DmsdY(std),DmsdZ(mean),DmsdZ(std)
8512.4323359374994,0,9575.1212105468749,0,9294.5185265625005,0,1.2390167602911075,0,1.3936951500454855,0,1.3528523668410279,0