msdX(mean),msdX(std),msdY(mean),msdY(std),msdZ(mean),msdZ(std),DmsdX(mean),DmsdX(std),DmsdY(mean),DmsdY(std),DmsdZ(mean),DmsdZ(std)
10820.931463281249,0,12270.718067578126,0,11929.058003124999,0,1.1762281559326064,0,1.3338190093498421,0,1.2966807843337069,0