msdX(mean),msdX(std),msdY(mean),msdY(std),msdZ(mean),msdZ(std),DmsdX(mean),DmsdX(std),DmsdY(mean),DmsdY(std),DmsdZ(mean),DmsdZ(std)
207.85806054687501,0,212.55982929687499,0,208.32349140625001,0,2.1296023279082177,0,2.1777741315368195,0,2.1343708831376733,0