msdX(mean),msdX(std),msdY(mean),msdY(std),msdZ(mean),msdZ(std),DmsdX(mean),DmsdX(std),DmsdY(mean),DmsdY(std),DmsdZ(mean),DmsdZ(std)
135.26458359374999,0,137.94063671875,0,135.14543398437499,0,2.1897807799325459,0,2.2331030564924115,0,2.18785188237774,0