msdX(mean),msdX(std),msdY(mean),msdY(std),msdZ(mean),msdZ(std),DmsdX(mean),DmsdX(std),DmsdY(mean),DmsdY(std),DmsdZ(mean),DmsdZ(std)
3013.7577753906248,0,3264.713622265625,0,3185.1689781250002,0,1.5329875824590684,0,1.6606395789620092,0,1.6201781481481483,0