msdX(mean),msdX(std),msdY(mean),msdY(std),msdZ(mean),msdZ(std),DmsdX(mean),DmsdX(std),DmsdY(mean),DmsdY(std),DmsdZ(mean),DmsdZ(std)
7163.9468906250004,0,8020.2088660156251,0,7774.4634382812501,0,1.2845328754202465,0,1.4380650936449382,0,1.3940016624486364,0