msdX(mean),msdX(std),msdY(mean),msdY(std),msdZ(mean),msdZ(std),DmsdX(mean),DmsdX(std),DmsdY(mean),DmsdY(std),DmsdZ(mean),DmsdZ(std)
7419.60172421875,0,8315.2027984375,0,8057.0169882812497,0,1.2760104002525932,0,1.4300343394958885,0,1.3856319859461492,0