msdX(mean),msdX(std),msdY(mean),msdY(std),msdZ(mean),msdZ(std),DmsdX(mean),DmsdX(std),DmsdY(mean),DmsdY(std),DmsdZ(mean),DmsdZ(std)
7679.1217628906252,0,8611.4856515624997,0,8343.8133023437495,0,1.266702789163717,0,1.4205000559297569,0,1.3763463985446234,0