msdX(mean),msdX(std),msdY(mean),msdY(std),msdZ(mean),msdZ(std),DmsdX(mean),DmsdX(std),DmsdY(mean),DmsdY(std),DmsdZ(mean),DmsdZ(std)
2614.4859523437499,0,2819.5347222656251,0,2753.4700542968749,0,1.5713432130783196,0,1.6945804378482439,0,1.6548746335221935,0