msdX(mean),msdX(std),msdY(mean),msdY(std),msdZ(mean),msdZ(std),DmsdX(mean),DmsdX(std),DmsdY(mean),DmsdY(std),DmsdZ(mean),DmsdZ(std)
853.57321445312505,0,893.21233359375003,0,869.27489804687502,0,1.8691384258097627,0,1.9559394166286497,0,1.9035216745552006,0