msdX(mean),msdX(std),msdY(mean),msdY(std),msdZ(mean),msdZ(std),DmsdX(mean),DmsdX(std),DmsdY(mean),DmsdY(std),DmsdZ(mean),DmsdZ(std)
2436.1262460937501,0,2620.8508992187499,0,2558.799808984375,0,1.591480909322899,0,1.7121584642735623,0,1.6716215152262672,0