msdX(mean),msdX(std),msdY(mean),msdY(std),msdZ(mean),msdZ(std),DmsdX(mean),DmsdX(std),DmsdY(mean),DmsdY(std),DmsdZ(mean),DmsdZ(std)
918.81791835937497,0,963.33836054687504,0,938.02687421874998,0,1.850745282469576,0,1.9404213724821653,0,1.8894372623793536,0