msdX(mean),msdX(std),msdY(mean),msdY(std),msdZ(mean),msdZ(std),DmsdX(mean),DmsdX(std),DmsdY(mean),DmsdY(std),DmsdZ(mean),DmsdZ(std)
735.31743320312501,0,766.59325898437498,0,746.21731796874997,0,1.9021954618027486,0,1.9831030143492319,0,1.9303924151172189,0