msdX(mean),msdX(std),msdY(mean),msdY(std),msdZ(mean),msdZ(std),DmsdX(mean),DmsdX(std),DmsdY(mean),DmsdY(std),DmsdZ(mean),DmsdZ(std)
1275.9074296875001,0,1352.1046855468751,0,1314.9387945312501,0,1.765961840397924,0,1.8714251703070937,0,1.8199844907006921,0