msdX(mean),msdX(std),msdY(mean),msdY(std),msdZ(mean),msdZ(std),DmsdX(mean),DmsdX(std),DmsdY(mean),DmsdY(std),DmsdZ(mean),DmsdZ(std)
124.73598632812499,0,127.237964453125,0,124.70942421875,0,2.1971843463302752,0,2.2412558876146789,0,2.1967164633027521,0