msdX(mean),msdX(std),msdY(mean),msdY(std),msdZ(mean),msdZ(std),DmsdX(mean),DmsdX(std),DmsdY(mean),DmsdY(std),DmsdZ(mean),DmsdZ(std)
822.63570039062495,0,860.039665625,0,836.42986484375001,0,1.8780743695005941,0,1.9634674887039236,0,1.9095663977407846,0