msdX(mean),msdX(std),msdY(mean),msdY(std),msdZ(mean),msdZ(std),DmsdX(mean),DmsdX(std),DmsdY(mean),DmsdY(std),DmsdZ(mean),DmsdZ(std)
11612.057974609375,0,13155.576583984375,0,12801.860139062501,0,1.1612057974609375,0,1.3155576583984376,0,1.28018601390625,0