msdX(mean),msdX(std),msdY(mean),msdY(std),msdZ(mean),msdZ(std),DmsdX(mean),DmsdX(std),DmsdY(mean),DmsdY(std),DmsdZ(mean),DmsdZ(std)
1704.0505394531251,0,1817.382453515625,0,1770.330820703125,0,1.689443889161417,0,1.8018043533770525,0,1.7551560341578023,0