msdX(mean),msdX(std),msdY(mean),msdY(std),msdZ(mean),msdZ(std),DmsdX(mean),DmsdX(std),DmsdY(mean),DmsdY(std),DmsdZ(mean),DmsdZ(std)
3711.8842519531249,0,4057.5385281250001,0,3943.76576953125,0,1.470113817350138,0,1.607012247617476,0,1.561951870436074,0