msdX(mean),msdX(std),msdY(mean),msdY(std),msdZ(mean),msdZ(std),DmsdX(mean),DmsdX(std),DmsdY(mean),DmsdY(std),DmsdZ(mean),DmsdZ(std)
170.88868124999999,0,174.616286328125,0,171.14727578124999,0,2.1557573455978973,0,2.2027810101839682,0,2.1590195105124832,0