msdX(mean),msdX(std),msdY(mean),msdY(std),msdZ(mean),msdZ(std),DmsdX(mean),DmsdX(std),DmsdY(mean),DmsdY(std),DmsdZ(mean),DmsdZ(std)
74.616520703125005,0,75.701043749999997,0,74.319688281249995,0,2.2596801222397476,0,2.2925237223974761,0,2.2506908753943216,0