msdX(mean),msdX(std),msdY(mean),msdY(std),msdZ(mean),msdZ(std),DmsdX(mean),DmsdX(std),DmsdY(mean),DmsdY(std),DmsdZ(mean),DmsdZ(std)
503.2978921875,0,521.51029687499999,0,509.944697265625,0,1.976138963190184,0,2.0476477914110429,0,2.0022368481595092,0