msdX(mean),msdX(std),msdY(mean),msdY(std),msdZ(mean),msdZ(std),DmsdX(mean),DmsdX(std),DmsdY(mean),DmsdY(std),DmsdZ(mean),DmsdZ(std)
1585.704708984375,0,1689.1548359374999,0,1643.1484925781249,0,1.7088869786989223,0,1.8203734199595867,0,1.7707931666760213,0