msdX(mean),msdX(std),msdY(mean),msdY(std),msdZ(mean),msdZ(std),DmsdX(mean),DmsdX(std),DmsdY(mean),DmsdY(std),DmsdZ(mean),DmsdZ(std)
11209.726213671875,0,12704.26046484375,0,12359.569100781249,0,1.1687069978089466,0,1.3245245980353826,0,1.2885876624148829,0