msdX(mean),msdX(std),msdY(mean),msdY(std),msdZ(mean),msdZ(std),DmsdX(mean),DmsdX(std),DmsdY(mean),DmsdY(std),DmsdZ(mean),DmsdZ(std)
102.45274609374999,0,104.33109609375001,0,102.442841796875,0,2.2201949492099322,0,2.2608995993227992,0,2.2199803188487586,0