msdX(mean),msdX(std),msdY(mean),msdY(std),msdZ(mean),msdZ(std),DmsdX(mean),DmsdX(std),DmsdY(mean),DmsdY(std),DmsdZ(mean),DmsdZ(std)
5623.730100390625,0,6250.9410910156248,0,6062.7536648437499,0,1.3502353182210385,0,1.5008261923206783,0,1.4556431368172269,0