msdX(mean),msdX(std),msdY(mean),msdY(std),msdZ(mean),msdZ(std),DmsdX(mean),DmsdX(std),DmsdY(mean),DmsdY(std),DmsdZ(mean),DmsdZ(std)
224.66120624999999,0,230.22713984375,0,225.559282421875,0,2.1165334445534834,0,2.1689701104023551,0,2.124994221050049,0