msdX(mean),msdX(std),msdY(mean),msdY(std),msdZ(mean),msdZ(std),DmsdX(mean),DmsdX(std),DmsdY(mean),DmsdY(std),DmsdZ(mean),DmsdZ(std)
416.308101953125,0,430.03752304687498,0,420.02440703125001,0,2.0133792336272038,0,2.0797784489924434,0,2.0313522959697732,0