msdX(mean),msdX(std),msdY(mean),msdY(std),msdZ(mean),msdZ(std),DmsdX(mean),DmsdX(std),DmsdY(mean),DmsdY(std),DmsdZ(mean),DmsdZ(std)
1829.4028878906249,0,1955.6191417968751,0,1906.926748046875,0,1.6684654877208813,0,1.7835781646636897,0,1.7391693692998287,0