msdX(mean),msdX(std),msdY(mean),msdY(std),msdZ(mean),msdZ(std),DmsdX(mean),DmsdX(std),DmsdY(mean),DmsdY(std),DmsdZ(mean),DmsdZ(std)
3230.3760949218749,0,3508.9634296875001,0,3419.5476968749999,0,1.5116553990372896,0,1.6420204204240798,0,1.6001783031927854,0