msdX(mean),msdX(std),msdY(mean),msdY(std),msdZ(mean),msdZ(std),DmsdX(mean),DmsdX(std),DmsdY(mean),DmsdY(std),DmsdZ(mean),DmsdZ(std)
8802.1606949218749,0,9923.0747406249993,0,9633.7416843749997,0,1.2288514727364608,0,1.3853399672793902,0,1.3449467769472399,0