msdX(mean),msdX(std),msdY(mean),msdY(std),msdZ(mean),msdZ(std),DmsdX(mean),DmsdX(std),DmsdY(mean),DmsdY(std),DmsdZ(mean),DmsdZ(std)
707.80145234375004,0,737.64711171875001,0,718.96244804687501,0,1.9092143699072774,0,1.9897196607193031,0,1.9393198935796572,0