msdX(mean),msdX(std),msdY(mean),msdY(std),msdZ(mean),msdZ(std),DmsdX(mean),DmsdX(std),DmsdY(mean),DmsdY(std),DmsdZ(mean),DmsdZ(std)
199.779826953125,0,204.42551328125001,0,200.48897421875,0,2.1333552155172413,0,2.1829643242491654,0,2.1409278670745269,0