msdX(mean),msdX(std),msdY(mean),msdY(std),msdZ(mean),msdZ(std),DmsdX(mean),DmsdX(std),DmsdY(mean),DmsdY(std),DmsdZ(mean),DmsdZ(std)
318.78859699999998,0,322.09176343749999,0,284.06776662499999,0,1.4789542890280678,0,1.494278651994897,0,1.3178741202737185,0