msdX(mean),msdX(std),msdY(mean),msdY(std),msdZ(mean),msdZ(std),DmsdX(mean),DmsdX(std),DmsdY(mean),DmsdY(std),DmsdZ(mean),DmsdZ(std)
47.604997562500003,0,47.778245499999997,0,42.842915062499998,0,1.9312372236308319,0,1.938265537525355,0,1.7380492925963489,0