msdX(mean),msdX(std),msdY(mean),msdY(std),msdZ(mean),msdZ(std),DmsdX(mean),DmsdX(std),DmsdY(mean),DmsdY(std),DmsdZ(mean),DmsdZ(std)
896.31332331249996,0,918.74908143749997,0,796.11422268750005,0,1.1899280760869564,0,1.2197133507301692,0,1.0569057055260538,0