msdX(mean),msdX(std),msdY(mean),msdY(std),msdZ(mean),msdZ(std),DmsdX(mean),DmsdX(std),DmsdY(mean),DmsdY(std),DmsdZ(mean),DmsdZ(std)
93.228982437499994,0,93.711983375000003,0,83.520204812499998,0,1.7859958321360154,0,1.795248723659004,0,1.6000039236111112,0