msdX(mean),msdX(std),msdY(mean),msdY(std),msdZ(mean),msdZ(std),DmsdX(mean),DmsdX(std),DmsdY(mean),DmsdY(std),DmsdZ(mean),DmsdZ(std)
1099.1548651875,0,1128.5409028125,0,975.32947943750003,0,1.1361360950824333,0,1.1665108303400693,0,1.0081445857021036,0