msdX(mean),msdX(std),msdY(mean),msdY(std),msdZ(mean),msdZ(std),DmsdX(mean),DmsdX(std),DmsdY(mean),DmsdY(std),DmsdZ(mean),DmsdZ(std)
248.66753406250001,0,250.95113112499999,0,221.743103375,0,1.5448386874870574,0,1.5590254573928348,0,1.3775715678711948,0