msdX(mean),msdX(std),msdY(mean),msdY(std),msdZ(mean),msdZ(std),DmsdX(mean),DmsdX(std),DmsdY(mean),DmsdY(std),DmsdZ(mean),DmsdZ(std)
40.9088110625,0,41.045129562500001,0,36.905837187499998,0,1.960486153154952,0,1.9670189886182108,0,1.7686503444488817,0