msdX(mean),msdX(std),msdY(mean),msdY(std),msdZ(mean),msdZ(std),DmsdX(mean),DmsdX(std),DmsdY(mean),DmsdY(std),DmsdZ(mean),DmsdZ(std)
53.243990312500003,0,53.549631187499998,0,47.927487187499999,0,1.9061094383949881,0,1.9170512358293554,0,1.7157811642303102,0