msdX(mean),msdX(std),msdY(mean),msdY(std),msdZ(mean),msdZ(std),DmsdX(mean),DmsdX(std),DmsdY(mean),DmsdY(std),DmsdZ(mean),DmsdZ(std)
6208.0441350000001,0,6292.6656248749996,0,5377.5058915,0,0.79732908663571389,0,0.80819743321388882,0,0.69065904938961342,0