msdX(mean),msdX(std),msdY(mean),msdY(std),msdZ(mean),msdZ(std),DmsdX(mean),DmsdX(std),DmsdY(mean),DmsdY(std),DmsdZ(mean),DmsdZ(std)
64.313371562499995,0,64.621690125000001,0,57.757537249999999,0,1.8695747547238371,0,1.8785375036337211,0,1.6789981758720931,0