msdX(mean),msdX(std),msdY(mean),msdY(std),msdZ(mean),msdZ(std),DmsdX(mean),DmsdX(std),DmsdY(mean),DmsdY(std),DmsdZ(mean),DmsdZ(std)
180.3663405625,0,181.91731275000001,0,160.87959881250001,0,1.6307987392631105,0,1.644821995931284,0,1.4546075841998194,0