msdX(mean),msdX(std),msdY(mean),msdY(std),msdZ(mean),msdZ(std),DmsdX(mean),DmsdX(std),DmsdY(mean),DmsdY(std),DmsdZ(mean),DmsdZ(std)
2032.1433025624999,0,2089.1134726250002,0,1795.8356444374999,0,0.99147481361352108,0,1.0192703380103596,0,0.87618122629638051,0