msdX(mean),msdX(std),msdY(mean),msdY(std),msdZ(mean),msdZ(std),DmsdX(mean),DmsdX(std),DmsdY(mean),DmsdY(std),DmsdZ(mean),DmsdZ(std)
992.57070593749995,0,1018.3554321875,0,880.5075891875,0,1.1627146106257322,0,1.1929192879978525,0,1.0314419240775088,0