msdX(mean),msdX(std),msdY(mean),msdY(std),msdZ(mean),msdZ(std),DmsdX(mean),DmsdX(std),DmsdY(mean),DmsdY(std),DmsdZ(mean),DmsdZ(std)
3522.8980844375001,0,3600.865606375,0,3095.56705625,0,0.88187095334872845,0,0.90138820626189053,0,0.77489913293531598,0