msdX(mean),msdX(std),msdY(mean),msdY(std),msdZ(mean),msdZ(std),DmsdX(mean),DmsdX(std),DmsdY(mean),DmsdY(std),DmsdZ(mean),DmsdZ(std)
682.20795143750001,0,696.10353287500004,0,606.11736856250002,0,1.2644017263228617,0,1.2901557462237052,0,1.1233757178435735,0