msdX(mean),msdX(std),msdY(mean),msdY(std),msdZ(mean),msdZ(std),DmsdX(mean),DmsdX(std),DmsdY(mean),DmsdY(std),DmsdZ(mean),DmsdZ(std)
266.64477275000002,0,269.57139118750001,0,237.86649493749999,0,1.5239746966088779,0,1.5407014165793484,0,1.3594960655601067,0