msdX(mean),msdX(std),msdY(mean),msdY(std),msdZ(mean),msdZ(std),DmsdX(mean),DmsdX(std),DmsdY(mean),DmsdY(std),DmsdZ(mean),DmsdZ(std)
1545.2684023125,0,1588.216307125,0,1369.7692391875,0,1.0525395529328627,0,1.0817929618960584,0,0.93300057160169381,0