msdX(mean),msdX(std),msdY(mean),msdY(std),msdZ(mean),msdZ(std),DmsdX(mean),DmsdX(std),DmsdY(mean),DmsdY(std),DmsdZ(mean),DmsdZ(std)
89.848898062499998,0,90.284435250000001,0,80.461615062500002,0,1.7945851810086553,0,1.8032843258988018,0,1.6070895152296938,0