msdX(mean),msdX(std),msdY(mean),msdY(std),msdZ(mean),msdZ(std),DmsdX(mean),DmsdX(std),DmsdY(mean),DmsdY(std),DmsdZ(mean),DmsdZ(std)
42.501321437500003,0,42.628732374999998,0,38.308612687500002,0,1.9540837442528738,0,1.9599417183908046,0,1.761315525862069,0