msdX(mean),msdX(std),msdY(mean),msdY(std),msdZ(mean),msdZ(std),DmsdX(mean),DmsdX(std),DmsdY(mean),DmsdY(std),DmsdZ(mean),DmsdZ(std)
5986.9039222499996,0,6078.1712416874998,0,5194.4025592500002,0,0.80167612259222143,0,0.81389726923433137,0,0.69555626029115403,0