msdX(mean),msdX(std),msdY(mean),msdY(std),msdZ(mean),msdZ(std),DmsdX(mean),DmsdX(std),DmsdY(mean),DmsdY(std),DmsdZ(mean),DmsdZ(std)
2960.5645885624999,0,3034.5340348125001,0,2612.0921276875001,0,0.91295144350262891,0,0.93576145514362374,0,0.80549273869821303,0