msdX(mean),msdX(std),msdY(mean),msdY(std),msdZ(mean),msdZ(std),DmsdX(mean),DmsdX(std),DmsdY(mean),DmsdY(std),DmsdZ(mean),DmsdZ(std)
167.80062481249999,0,169.2927730625,0,149.66969775000001,0,1.6491461898034396,0,1.6638110374692876,0,1.4709552604422607,0