msdX(mean),msdX(std),msdY(mean),msdY(std),msdZ(mean),msdZ(std),DmsdX(mean),DmsdX(std),DmsdY(mean),DmsdY(std),DmsdZ(mean),DmsdZ(std)
223.44913725000001,0,225.54248162499999,0,199.19369656250001,0,1.5732161740201831,0,1.5879545760971603,0,1.4024432989615114,0