msdX(mean),msdX(std),msdY(mean),msdY(std),msdZ(mean),msdZ(std),DmsdX(mean),DmsdX(std),DmsdY(mean),DmsdY(std),DmsdZ(mean),DmsdZ(std)
4053.8266383125001,0,4139.9597457500004,0,3548.4617100625001,0,0.85884338007934147,0,0.87709153317726318,0,0.75177680770799338,0