msdX(mean),msdX(std),msdY(mean),msdY(std),msdZ(mean),msdZ(std),DmsdX(mean),DmsdX(std),DmsdY(mean),DmsdY(std),DmsdZ(mean),DmsdZ(std)
6916.1980974999997,0,7002.2269948125004,0,5982.3255018749996,0,0.7838058255828888,0,0.79355539462811087,0,0.67797097665517003,0