msdX(mean),msdX(std),msdY(mean),msdY(std),msdZ(mean),msdZ(std),DmsdX(mean),DmsdX(std),DmsdY(mean),DmsdY(std),DmsdZ(mean),DmsdZ(std)
636.98373800000002,0,649.66471837500001,0,565.86383493749997,0,1.2832927365522799,0,1.3088403432442415,0,1.1400117552968234,0