msdX(mean),msdX(std),msdY(mean),msdY(std),msdZ(mean),msdZ(std),DmsdX(mean),DmsdX(std),DmsdY(mean),DmsdY(std),DmsdZ(mean),DmsdZ(std)
80.356964312499997,0,80.798329437500001,0,72.099334249999998,0,1.8187166573934366,0,1.8287060604488874,0,1.6318219747265184,0