msdX(mean),msdX(std),msdY(mean),msdY(std),msdZ(mean),msdZ(std),DmsdX(mean),DmsdX(std),DmsdY(mean),DmsdY(std),DmsdZ(mean),DmsdZ(std)
3173.8313150624999,0,3249.0934408749999,0,2797.55918075,0,0.9003904495276529,0,0.92174171005971717,0,0.79364506751868824,0