msdX(mean),msdX(std),msdY(mean),msdY(std),msdZ(mean),msdZ(std),DmsdX(mean),DmsdX(std),DmsdY(mean),DmsdY(std),DmsdZ(mean),DmsdZ(std)
150.4696818125,0,151.78333181249999,0,134.36655612499999,0,1.6759199756357899,0,1.690551310330425,0,1.4965645753666232,0