msdX(mean),msdX(std),msdY(mean),msdY(std),msdZ(mean),msdZ(std),DmsdX(mean),DmsdX(std),DmsdY(mean),DmsdY(std),DmsdZ(mean),DmsdZ(std)
730.40027331249996,0,746.1447663125,0,648.60290974999998,0,1.2453896501392481,0,1.2722352433644035,0,1.1059187412259512,0