msdX(mean),msdX(std),msdY(mean),msdY(std),msdZ(mean),msdZ(std),DmsdX(mean),DmsdX(std),DmsdY(mean),DmsdY(std),DmsdZ(mean),DmsdZ(std)
7702.7494103125,0,7778.6090800000002,0,6647.5891276875,0,0.77027494103125005,0,0.77786090800000007,0,0.66475891276874999,0