msdX(mean),msdX(std),msdY(mean),msdY(std),msdZ(mean),msdZ(std),DmsdX(mean),DmsdX(std),DmsdY(mean),DmsdY(std),DmsdZ(mean),DmsdZ(std)
1027.3480591875,0,1054.1657393124999,0,910.24859681249995,0,1.154302045865246,0,1.1844337064614894,0,1.0227320800874515,0