msdX(mean),msdX(std),msdY(mean),msdY(std),msdZ(mean),msdZ(std),DmsdX(mean),DmsdX(std),DmsdY(mean),DmsdY(std),DmsdZ(mean),DmsdZ(std)
1896.096871125,0,1950.5400498125,0,1678.6689845000001,0,1.0055757481548593,0,1.0344491358885404,0,0.89026507331948568,0