msdX(mean),msdX(std),msdY(mean),msdY(std),msdZ(mean),msdZ(std),DmsdX(mean),DmsdX(std),DmsdY(mean),DmsdY(std),DmsdZ(mean),DmsdZ(std)
4672.3485284999997,0,4757.8533859375002,0,4067.3737688750002,0,0.8377788554018839,0,0.85311036613109048,0,0.72930341557240375,0