msdX(mean),msdX(std),msdY(mean),msdY(std),msdZ(mean),msdZ(std),DmsdX(mean),DmsdX(std),DmsdY(mean),DmsdY(std),DmsdZ(mean),DmsdZ(std)
393.09527056249999,0,398.28104024999999,0,349.67746449999999,0,1.419970875,0,1.4387033362432271,0,1.2631335261890428,0