msdX(mean),msdX(std),msdY(mean),msdY(std),msdZ(mean),msdZ(std),DmsdX(mean),DmsdX(std),DmsdY(mean),DmsdY(std),DmsdZ(mean),DmsdZ(std)
5381.5671654375001,0,5471.3509740625004,0,4672.2409587499997,0,0.81667171649977999,0,0.83029672476402339,0,0.70902897360247663,0