msdX(mean),msdX(std),msdY(mean),msdY(std),msdZ(mean),msdZ(std),DmsdX(mean),DmsdX(std),DmsdY(mean),DmsdY(std),DmsdZ(mean),DmsdZ(std)
959.21583856250004,0,983.79769768749998,0,851.77500768749996,0,1.1715136343304091,0,1.2015360567763145,0,1.0402935343344799,0