msdX(mean),msdX(std),msdY(mean),msdY(std),msdZ(mean),msdZ(std),DmsdX(mean),DmsdX(std),DmsdY(mean),DmsdY(std),DmsdZ(mean),DmsdZ(std)
1137.2244759375001,0,1168.4954851875,0,1009.2232365,0,1.1274718444827245,0,1.1584746792123135,0,1.0005683205274376,0