msdX(mean),msdX(std),msdY(mean),msdY(std),msdZ(mean),msdZ(std),DmsdX(mean),DmsdX(std),DmsdY(mean),DmsdY(std),DmsdZ(mean),DmsdZ(std)
145.07561325,0,146.39889693750001,0,129.66046131249999,0,1.6846403706212505,0,1.7000065446584094,0,1.5056372515482872,0