msdX(mean),msdX(std),msdY(mean),msdY(std),msdZ(mean),msdZ(std),DmsdX(mean),DmsdX(std),DmsdY(mean),DmsdY(std),DmsdZ(mean),DmsdZ(std)
57.453530749999999,0,57.759212562499997,0,51.670116937499998,0,1.8919933287596047,0,1.902059689215148,0,1.7015406236278814,0