msdX(mean),msdX(std),msdY(mean),msdY(std),msdZ(mean),msdZ(std),DmsdX(mean),DmsdX(std),DmsdY(mean),DmsdY(std),DmsdZ(mean),DmsdZ(std)
96.766592250000002,0,97.276511624999998,0,86.731268437500006,0,1.7777083695652176,0,1.7870761474280465,0,1.5933484709889776,0