msdX(mean),msdX(std),msdY(mean),msdY(std),msdZ(mean),msdZ(std),DmsdX(mean),DmsdX(std),DmsdY(mean),DmsdY(std),DmsdZ(mean),DmsdZ(std)
39.328500624999997,0,39.486316437500001,0,35.535610499999997,0,1.9664250312499998,0,1.9743158218750001,0,1.7767805249999999,0