msdX(mean),msdX(std),msdY(mean),msdY(std),msdZ(mean),msdZ(std),DmsdX(mean),DmsdX(std),DmsdY(mean),DmsdY(std),DmsdZ(mean),DmsdZ(std)
7173.5782186875003,0,7254.0077494999996,0,6195.5188034374996,0,0.77976360259003497,0,0.78850624381998657,0,0.67344913720988586,0