msdX(mean),msdX(std),msdY(mean),msdY(std),msdZ(mean),msdZ(std),DmsdX(mean),DmsdX(std),DmsdY(mean),DmsdY(std),DmsdZ(mean),DmsdZ(std)
366.83399043750001,0,370.93933518749998,0,326.45259149999998,0,1.4403533424677704,0,1.4564727512106537,0,1.2817980164910672,0