msdX(mean),msdX(std),msdY(mean),msdY(std),msdZ(mean),msdZ(std),DmsdX(mean),DmsdX(std),DmsdY(mean),DmsdY(std),DmsdZ(mean),DmsdZ(std)
161.794200875,0,163.21305756250001,0,144.31288343750001,0,1.6580105982066611,0,1.672550547181896,0,1.4788681479504697,0