msdX(mean),msdX(std),msdY(mean),msdY(std),msdZ(mean),msdZ(std),DmsdX(mean),DmsdX(std),DmsdY(mean),DmsdY(std),DmsdZ(mean),DmsdZ(std)
1596.9410414375,0,1643.9240731249999,0,1416.2411204375001,0,1.0433090787818899,0,1.0740039023454087,0,0.92525470906967622,0