msdX(mean),msdX(std),msdY(mean),msdY(std),msdZ(mean),msdZ(std),DmsdX(mean),DmsdX(std),DmsdY(mean),DmsdY(std),DmsdZ(mean),DmsdZ(std)
55.287446125000002,0,55.609038374999997,0,49.758227687500003,0,1.8988247095020034,0,1.9098696637092156,0,1.708925965226102,0