msdX(mean),msdX(std),msdY(mean),msdY(std),msdZ(mean),msdZ(std),DmsdX(mean),DmsdX(std),DmsdY(mean),DmsdY(std),DmsdZ(mean),DmsdZ(std)
1302.5778891875,0,1339.493301,0,1154.9747065624999,0,1.0929653509621435,0,1.1239402864055268,0,0.96911466560966053,0