msdX(mean),msdX(std),msdY(mean),msdY(std),msdZ(mean),msdZ(std),DmsdX(mean),DmsdX(std),DmsdY(mean),DmsdY(std),DmsdZ(mean),DmsdZ(std)
1492.2408498125001,0,1536.1365940625001,0,1323.6150118749999,0,1.0597172530003907,0,1.0908898867752015,0,0.93996734145865135,0