msdX(mean),msdX(std),msdY(mean),msdY(std),msdZ(mean),msdZ(std),DmsdX(mean),DmsdX(std),DmsdY(mean),DmsdY(std),DmsdZ(mean),DmsdZ(std)
2408.8891150625,0,2473.5784395625001,0,2128.8090493750001,0,0.95405327540199603,0,0.97967382453265472,0,0.84312608395381994,0