msdX(mean),msdX(std),msdY(mean),msdY(std),msdZ(mean),msdZ(std),DmsdX(mean),DmsdX(std),DmsdY(mean),DmsdY(std),DmsdZ(mean),DmsdZ(std)
215.74765487499999,0,217.73856724999999,0,192.127483625,0,1.5836627468191828,0,1.5982767353804748,0,1.4102824831783705,0