msdX(mean),msdX(std),msdY(mean),msdY(std),msdZ(mean),msdZ(std),DmsdX(mean),DmsdX(std),DmsdY(mean),DmsdY(std),DmsdZ(mean),DmsdZ(std)
6435.8194033749996,0,6520.8915578750002,0,5573.1643559374997,0,0.79281641728431806,0,0.80329629506118339,0,0.68654757392569699,0