msdX(mean),msdX(std),msdY(mean),msdY(std),msdZ(mean),msdZ(std),DmsdX(mean),DmsdX(std),DmsdY(mean),DmsdY(std),DmsdZ(mean),DmsdZ(std)
74.646374937499999,0,75.000276624999998,0,66.963114875000002,0,1.8363191866543667,0,1.8450252552275523,0,1.6473090990159902,0