msdX(mean),msdX(std),msdY(mean),msdY(std),msdZ(mean),msdZ(std),DmsdX(mean),DmsdX(std),DmsdY(mean),DmsdY(std),DmsdZ(mean),DmsdZ(std)
1217.1309588125,0,1250.950316875,0,1080.2320170625001,0,1.1101157960712331,0,1.140961616996534,0,0.98525357265824509,0