msdX(mean),msdX(std),msdY(mean),msdY(std),msdZ(mean),msdZ(std),DmsdX(mean),DmsdX(std),DmsdY(mean),DmsdY(std),DmsdZ(mean),DmsdZ(std)
782.12200493750004,0,799.62767293750005,0,694.09561525000004,0,1.2268259730791353,0,1.2542851265653188,0,1.0887489716608716,0