msdX(mean),msdX(std),msdY(mean),msdY(std),msdZ(mean),msdZ(std),DmsdX(mean),DmsdX(std),DmsdY(mean),DmsdY(std),DmsdZ(mean),DmsdZ(std)
615.113782625,0,627.73670443749995,0,546.61916081250001,0,1.2919844205524051,0,1.3184975938615837,0,1.1481183801984878,0