msdX(mean),msdX(std),msdY(mean),msdY(std),msdZ(mean),msdZ(std),DmsdX(mean),DmsdX(std),DmsdY(mean),DmsdY(std),DmsdZ(mean),DmsdZ(std)
156.00582768749999,0,157.45385243749999,0,139.2574058125,0,1.6667289282852564,0,1.6821992781784187,0,1.4877927971420941,0