msdX(mean),msdX(std),msdY(mean),msdY(std),msdZ(mean),msdZ(std),DmsdX(mean),DmsdX(std),DmsdY(mean),DmsdY(std),DmsdZ(mean),DmsdZ(std)
7438.7673328125002,0,7510.1820314375,0,6412.2567744375001,0,0.77555828940337801,0,0.78300391298936556,0,0.66853534634181311,0