msdX(mean),msdX(std),msdY(mean),msdY(std),msdZ(mean),msdZ(std),DmsdX(mean),DmsdX(std),DmsdY(mean),DmsdY(std),DmsdZ(mean),DmsdZ(std)
83.379344562499995,0,83.888361937499994,0,74.781755000000004,0,1.809971300198987,0,1.8210208814218525,0,1.6233376628075256,0