msdX(mean),msdX(std),msdY(mean),msdY(std),msdZ(mean),msdZ(std),DmsdX(mean),DmsdX(std),DmsdY(mean),DmsdY(std),DmsdZ(mean),DmsdZ(std)
2328.4563353125,0,2392.7921878749999,0,2058.9207245624998,0,0.96147675660679255,0,0.98804260880561567,0,0.85017888905233807,0