msdX(mean),msdX(std),msdY(mean),msdY(std),msdZ(mean),msdZ(std),DmsdX(mean),DmsdX(std),DmsdY(mean),DmsdY(std),DmsdZ(mean),DmsdZ(std)
436.56442349999998,0,442.41982143749999,0,388.12809056250001,0,1.3915143120484486,0,1.4101779263838716,0,1.2371273604839566,0