msdX(mean),msdX(std),msdY(mean),msdY(std),msdZ(mean),msdZ(std),DmsdX(mean),DmsdX(std),DmsdY(mean),DmsdY(std),DmsdZ(mean),DmsdZ(std)
240.0411428125,0,242.13314750000001,0,214.08003062500001,0,1.5546706140705957,0,1.5682198672279792,0,1.386528695757772,0