msdX(mean),msdX(std),msdY(mean),msdY(std),msdZ(mean),msdZ(std),DmsdX(mean),DmsdX(std),DmsdY(mean),DmsdY(std),DmsdZ(mean),DmsdZ(std)
467.29665462499997,0,474.78487593749998,0,416.060241625,0,1.3703044463858072,0,1.3922629664361468,0,1.2200583792336641,0