msdX(mean),msdX(std),msdY(mean),msdY(std),msdZ(mean),msdZ(std),DmsdX(mean),DmsdX(std),DmsdY(mean),DmsdY(std),DmsdZ(mean),DmsdZ(std)
6671.7640369999999,0,6753.7971799999996,0,5776.0201600624996,0,0.78830777666186169,0,0.79800047026017906,0,0.68247042087842946,0