msdX(mean),msdX(std),msdY(mean),msdY(std),msdZ(mean),msdZ(std),DmsdX(mean),DmsdX(std),DmsdY(mean),DmsdY(std),DmsdZ(mean),DmsdZ(std)
3404.70973,0,3478.0575783125,0,2993.1858683125001,0,0.88858307763911659,0,0.90772587158053386,0,0.78118092928028637,0