msdX(mean),msdX(std),msdY(mean),msdY(std),msdZ(mean),msdZ(std),DmsdX(mean),DmsdX(std),DmsdY(mean),DmsdY(std),DmsdZ(mean),DmsdZ(std)
555.35249812500001,0,565.26984806250005,0,493.418673125,0,1.3219531019400144,0,1.3455602191442515,0,1.1745267153653893,0