msdX(mean),msdX(std),msdY(mean),msdY(std),msdZ(mean),msdZ(std),DmsdX(mean),DmsdX(std),DmsdY(mean),DmsdY(std),DmsdZ(mean),DmsdZ(std)
106.53497631250001,0,104.17264681250001,0,100.01761725,0,2.2179384381505902,0,2.1687573937369886,0,2.0822543494101318,0