msdX(mean),msdX(std),msdY(mean),msdY(std),msdZ(mean),msdZ(std),DmsdX(mean),DmsdX(std),DmsdY(mean),DmsdY(std),DmsdZ(mean),DmsdZ(std)
5393.8656229999997,0,4581.7799769374997,0,4450.0184073749997,0,1.5301963497354572,0,1.2998141752187975,0,1.2624344763400899,0