msdX(mean),msdX(std),msdY(mean),msdY(std),msdZ(mean),msdZ(std),DmsdX(mean),DmsdX(std),DmsdY(mean),DmsdY(std),DmsdZ(mean),DmsdZ(std)
9272.0510195624993,0,7646.8062663749997,0,7401.0093888125002,0,1.4070663040779963,0,1.160429705199834,0,1.1231291658330762,0