msdX(mean),msdX(std),msdY(mean),msdY(std),msdZ(mean),msdZ(std),DmsdX(mean),DmsdX(std),DmsdY(mean),DmsdY(std),DmsdZ(mean),DmsdZ(std)
2166.2753950000001,0,1931.5135505000001,0,1871.7194633125,0,1.7434344310011805,0,1.5544963653557249,0,1.5063736425414476,0