msdX(mean),msdX(std),msdY(mean),msdY(std),msdZ(mean),msdZ(std),DmsdX(mean),DmsdX(std),DmsdY(mean),DmsdY(std),DmsdZ(mean),DmsdZ(std)
556.57430618750004,0,522.78337612500002,0,505.02532356249998,0,2.0105032131998799,0,1.8884408529500303,0,1.8242937636213126,0