msdX(mean),msdX(std),msdY(mean),msdY(std),msdZ(mean),msdZ(std),DmsdX(mean),DmsdX(std),DmsdY(mean),DmsdY(std),DmsdZ(mean),DmsdZ(std)
458.59712787500001,0,433.391802875,0,418.91790887500002,0,2.0406279792717297,0,1.9284713862726195,0,1.8640666369400773,0