msdX(mean),msdX(std),msdY(mean),msdY(std),msdZ(mean),msdZ(std),DmsdX(mean),DmsdX(std),DmsdY(mean),DmsdY(std),DmsdZ(mean),DmsdZ(std)
3131.0388907500001,0,2743.6583044375002,0,2656.4232065625001,0,1.6605147252839529,0,1.4550713595814737,0,1.4088071100344721,0