msdX(mean),msdX(std),msdY(mean),msdY(std),msdZ(mean),msdZ(std),DmsdX(mean),DmsdX(std),DmsdY(mean),DmsdY(std),DmsdZ(mean),DmsdZ(std)
254.95533037499999,0,245.423829875,0,235.99651274999999,0,2.1207985335505337,0,2.0415125180230138,0,1.9630931325384722,0