msdX(mean),msdX(std),msdY(mean),msdY(std),msdZ(mean),msdZ(std),DmsdX(mean),DmsdX(std),DmsdY(mean),DmsdY(std),DmsdZ(mean),DmsdZ(std)
9967.5249939999994,0,8190.7024185624996,0,7920.6114218749999,0,1.3915488131901883,0,1.1434897064823606,0,1.1057827726025773,0