msdX(mean),msdX(std),msdY(mean),msdY(std),msdZ(mean),msdZ(std),DmsdX(mean),DmsdX(std),DmsdY(mean),DmsdY(std),DmsdZ(mean),DmsdZ(std)
784.86894231250005,0,729.47119331249996,0,705.38689824999994,0,1.9478878449185144,0,1.8104017041177198,0,1.7506292974437456,0