msdX(mean),msdX(std),msdY(mean),msdY(std),msdZ(mean),msdZ(std),DmsdX(mean),DmsdX(std),DmsdY(mean),DmsdY(std),DmsdZ(mean),DmsdZ(std)
4505.0401024374996,0,3866.6883020625,0,3755.5046170625001,0,1.5743998121352352,0,1.3513116860067216,0,1.312455744928241,0