msdX(mean),msdX(std),msdY(mean),msdY(std),msdZ(mean),msdZ(std),DmsdX(mean),DmsdX(std),DmsdY(mean),DmsdY(std),DmsdZ(mean),DmsdZ(std)
348.66872818749999,0,332.56623524999998,0,321.13316968750001,0,2.0774700785749749,0,1.9815267244289967,0,1.9134051818520357,0