msdX(mean),msdX(std),msdY(mean),msdY(std),msdZ(mean),msdZ(std),DmsdX(mean),DmsdX(std),DmsdY(mean),DmsdY(std),DmsdZ(mean),DmsdZ(std)
648.73827456250001,0,606.11023824999995,0,586.39400250000006,0,1.9833025819703454,0,1.8529814682054415,0,1.7927056022623051,0