msdX(mean),msdX(std),msdY(mean),msdY(std),msdZ(mean),msdZ(std),DmsdX(mean),DmsdX(std),DmsdY(mean),DmsdY(std),DmsdZ(mean),DmsdZ(std)
3624.865547375,0,3150.7820729374998,0,3057.2272680000001,0,1.6270080855389148,0,1.4142173941189891,0,1.3722256506777581,0