msdX(mean),msdX(std),msdY(mean),msdY(std),msdZ(mean),msdZ(std),DmsdX(mean),DmsdX(std),DmsdY(mean),DmsdY(std),DmsdZ(mean),DmsdZ(std)
140.99949606249999,0,137.17933268749999,0,131.6815638125,0,2.1922699569188908,0,2.1328737914615186,0,2.0473940991837267,0