msdX(mean),msdX(std),msdY(mean),msdY(std),msdZ(mean),msdZ(std),DmsdX(mean),DmsdX(std),DmsdY(mean),DmsdY(std),DmsdZ(mean),DmsdZ(std)
2909.024536375,0,2557.6360421250001,0,2479.6130596875,0,1.676977279066304,0,1.4744109158011549,0,1.4294326878224652,0