msdX(mean),msdX(std),msdY(mean),msdY(std),msdZ(mean),msdZ(std),DmsdX(mean),DmsdX(std),DmsdY(mean),DmsdY(std),DmsdZ(mean),DmsdZ(std)
2333.4993290000002,0,2071.2718135625,0,2010.568063875,0,1.7277074920407713,0,1.5335559714424098,0,1.4886113160801107,0