msdX(mean),msdX(std),msdY(mean),msdY(std),msdZ(mean),msdZ(std),DmsdX(mean),DmsdX(std),DmsdY(mean),DmsdY(std),DmsdZ(mean),DmsdZ(std)
950.21252387499999,0,877.35380943749999,0,847.61599393749998,0,1.9143358885400577,0,1.7675518288311731,0,1.7076408446796723,0