msdX(mean),msdX(std),msdY(mean),msdY(std),msdZ(mean),msdZ(std),DmsdX(mean),DmsdX(std),DmsdY(mean),DmsdY(std),DmsdZ(mean),DmsdZ(std)
47.7325880625,0,47.129432125000001,0,45.257736250000001,0,2.2875042202476039,0,2.2585989836261979,0,2.1689010982428116,0