msdX(mean),msdX(std),msdY(mean),msdY(std),msdZ(mean),msdZ(std),DmsdX(mean),DmsdX(std),DmsdY(mean),DmsdY(std),DmsdZ(mean),DmsdZ(std)
987.55098537499998,0,910.41017837499999,0,878.92173918749995,0,1.9082496255354096,0,1.7591900648127274,0,1.6983447989195195,0