msdX(mean),msdX(std),msdY(mean),msdY(std),msdZ(mean),msdZ(std),DmsdX(mean),DmsdX(std),DmsdY(mean),DmsdY(std),DmsdZ(mean),DmsdZ(std)
7194.8199553124996,0,6031.6580399374998,0,5837.1778018124996,0,1.4620249987088001,0,1.2256644214620278,0,1.1861450211629774,0