msdX(mean),msdX(std),msdY(mean),msdY(std),msdZ(mean),msdZ(std),DmsdX(mean),DmsdX(std),DmsdY(mean),DmsdY(std),DmsdZ(mean),DmsdZ(std)
10712.7895891875,0,8762.7518801874994,0,8468.6224861249993,0,1.3758952985387327,0,1.1254425389237803,0,1.0876660805061615,0