msdX(mean),msdX(std),msdY(mean),msdY(std),msdZ(mean),msdZ(std),DmsdX(mean),DmsdX(std),DmsdY(mean),DmsdY(std),DmsdZ(mean),DmsdZ(std)
8935.1136921249999,0,7393.6157800000001,0,7161.0183201874997,0,1.4136831542255694,0,1.1697926223607498,0,1.13299184712916,0