msdX(mean),msdX(std),msdY(mean),msdY(std),msdZ(mean),msdZ(std),DmsdX(mean),DmsdX(std),DmsdY(mean),DmsdY(std),DmsdZ(mean),DmsdZ(std)
6694.1450505624998,0,5630.9908558124998,0,5450.6237713125001,0,1.4786283962131308,0,1.2437948259757543,0,1.2039546535759251,0