msdX(mean),msdX(std),msdY(mean),msdY(std),msdZ(mean),msdZ(std),DmsdX(mean),DmsdX(std),DmsdY(mean),DmsdY(std),DmsdZ(mean),DmsdZ(std)
756.24383443750003,0,703.48982550000005,0,679.57014362500001,0,1.9567307803807841,0,1.82023328000345,0,1.7583426890982794,0