msdX(mean),msdX(std),msdY(mean),msdY(std),msdZ(mean),msdZ(std),DmsdX(mean),DmsdX(std),DmsdY(mean),DmsdY(std),DmsdZ(mean),DmsdZ(std)
53.894590687499999,0,53.104308312500002,0,50.973735875000003,0,2.2804481249999999,0,2.247008814351199,0,2.1568576533850496,0