msdX(mean),msdX(std),msdY(mean),msdY(std),msdZ(mean),msdZ(std),DmsdX(mean),DmsdX(std),DmsdY(mean),DmsdY(std),DmsdZ(mean),DmsdZ(std)
146.670204625,0,142.73275237499999,0,136.98632799999999,0,2.1874750876211784,0,2.1287509675615213,0,2.0430473974645786,0