msdX(mean),msdX(std),msdY(mean),msdY(std),msdZ(mean),msdZ(std),DmsdX(mean),DmsdX(std),DmsdY(mean),DmsdY(std),DmsdZ(mean),DmsdZ(std)
2606.58320525,0,2302.7116289999999,0,2235.0832850000002,0,1.7029256885963477,0,1.5044011557181587,0,1.4602183941462779,0