msdX(mean),msdX(std),msdY(mean),msdY(std),msdZ(mean),msdZ(std),DmsdX(mean),DmsdX(std),DmsdY(mean),DmsdY(std),DmsdZ(mean),DmsdZ(std)
5017.2353323750003,0,4281.7848916875,0,4160.9260357499998,0,1.5471684883281682,0,1.3203771039941719,0,1.2831077711735048,0