msdX(mean),msdX(std),msdY(mean),msdY(std),msdZ(mean),msdZ(std),DmsdX(mean),DmsdX(std),DmsdY(mean),DmsdY(std),DmsdZ(mean),DmsdZ(std)
11108.47031875,0,9070.6707663124998,0,8764.8912913125005,0,1.3684314440212704,0,1.1173987721815586,0,1.0797303771172957,0