msdX(mean),msdX(std),msdY(mean),msdY(std),msdZ(mean),msdZ(std),DmsdX(mean),DmsdX(std),DmsdY(mean),DmsdY(std),DmsdZ(mean),DmsdZ(std)
408.18886768750002,0,386.85238668749997,0,373.97886312499998,0,2.0584410876828039,0,1.9508441083585475,0,1.8859246753656074,0