msdX(mean),msdX(std),msdY(mean),msdY(std),msdZ(mean),msdZ(std),DmsdX(mean),DmsdX(std),DmsdY(mean),DmsdY(std),DmsdZ(mean),DmsdZ(std)
56.100029687499998,0,55.290418562500001,0,53.058342875000001,0,2.2758632733265722,0,2.2430190086206898,0,2.1524682707910752,0