msdX(mean),msdX(std),msdY(mean),msdY(std),msdZ(mean),msdZ(std),DmsdX(mean),DmsdX(std),DmsdY(mean),DmsdY(std),DmsdZ(mean),DmsdZ(std)
152.73062056250001,0,148.37902199999999,0,142.4464933125,0,2.1849874186337623,0,2.1227327896995707,0,2.037861134656652,0