msdX(mean),msdX(std),msdY(mean),msdY(std),msdZ(mean),msdZ(std),DmsdX(mean),DmsdX(std),DmsdY(mean),DmsdY(std),DmsdZ(mean),DmsdZ(std)
1239.1368919375,0,1132.9063477499999,0,1094.1142602499999,0,1.8642982326040622,0,1.704472940446339,0,1.6461097195336007,0