msdX(mean),msdX(std),msdY(mean),msdY(std),msdZ(mean),msdZ(std),DmsdX(mean),DmsdX(std),DmsdY(mean),DmsdY(std),DmsdZ(mean),DmsdZ(std)
2088.1348982499999,0,1865.5496543125,0,1806.3540549375,0,1.7521094983008656,0,1.5653429630490723,0,1.515673196977219,0