msdX(mean),msdX(std),msdY(mean),msdY(std),msdZ(mean),msdZ(std),DmsdX(mean),DmsdX(std),DmsdY(mean),DmsdY(std),DmsdZ(mean),DmsdZ(std)
298.13612262499998,0,285.84550087500003,0,275.12333731249998,0,2.0990574228467493,0,2.0125240615465856,0,1.9370335882128606,0