msdX(mean),msdX(std),msdY(mean),msdY(std),msdZ(mean),msdZ(std),DmsdX(mean),DmsdX(std),DmsdY(mean),DmsdY(std),DmsdZ(mean),DmsdZ(std)
124.98037256249999,0,121.8596811875,0,117.1165561875,0,2.202297313876652,0,2.1473071574889868,0,2.0637278623348019,0