msdX(mean),msdX(std),msdY(mean),msdY(std),msdZ(mean),msdZ(std),DmsdX(mean),DmsdX(std),DmsdY(mean),DmsdY(std),DmsdZ(mean),DmsdZ(std)
65.835865437500004,0,64.856313437500006,0,62.155775062499998,0,2.2611058536061823,0,2.2274635410704064,0,2.1347146558385801,0