msdX(mean),msdX(std),msdY(mean),msdY(std),msdZ(mean),msdZ(std),DmsdX(mean),DmsdX(std),DmsdY(mean),DmsdY(std),DmsdZ(mean),DmsdZ(std)
914.79207062499995,0,846.02194812499999,0,817.09931387500001,0,1.9214284197122453,0,1.7769837179689143,0,1.7162346437198068,0