msdX(mean),msdX(std),msdY(mean),msdY(std),msdZ(mean),msdZ(std),DmsdX(mean),DmsdX(std),DmsdY(mean),DmsdY(std),DmsdZ(mean),DmsdZ(std)
6461.0793410625001,0,5440.6823321874999,0,5270.3981978125003,0,1.487927997481193,0,1.2529398170386505,0,1.213724924651685,0