msdX(mean),msdX(std),msdY(mean),msdY(std),msdZ(mean),msdZ(std),DmsdX(mean),DmsdX(std),DmsdY(mean),DmsdY(std),DmsdZ(mean),DmsdZ(std)
12361.767062937501,0,10040.4361865625,0,9708.4522823125008,0,1.3437165840422951,0,1.0913893253458906,0,1.0553028762561576,0