msdX(mean),msdX(std),msdY(mean),msdY(std),msdZ(mean),msdZ(std),DmsdX(mean),DmsdX(std),DmsdY(mean),DmsdY(std),DmsdZ(mean),DmsdZ(std)
83.802160812500006,0,82.219888937500002,0,78.929720625000002,0,2.2406994869652408,0,2.1983927523395725,0,2.1104203375668451,0