msdX(mean),msdX(std),msdY(mean),msdY(std),msdZ(mean),msdZ(std),DmsdX(mean),DmsdX(std),DmsdY(mean),DmsdY(std),DmsdZ(mean),DmsdZ(std)
11505.8614268125,0,9385.9924451874995,0,9072.484356125,0,1.3594845365707044,0,1.1090096704855614,0,1.0719668639228916,0