msdX(mean),msdX(std),msdY(mean),msdY(std),msdZ(mean),msdZ(std),DmsdX(mean),DmsdX(std),DmsdY(mean),DmsdY(std),DmsdZ(mean),DmsdZ(std)
1193.9028148125001,0,1092.3315805,0,1055.6017490624999,0,1.8727397686008211,0,1.7134165075422865,0,1.6558025919257013,0