msdX(mean),msdX(std),msdY(mean),msdY(std),msdZ(mean),msdZ(std),DmsdX(mean),DmsdX(std),DmsdY(mean),DmsdY(std),DmsdZ(mean),DmsdZ(std)
193.66253574999999,0,187.448616375,0,180.0087445625,0,2.1569987274921107,0,2.0877885618154819,0,2.0049238302858736,0