msdX(mean),msdX(std),msdY(mean),msdY(std),msdZ(mean),msdZ(std),DmsdX(mean),DmsdX(std),DmsdY(mean),DmsdY(std),DmsdZ(mean),DmsdZ(std)
815.93820781249997,0,756.45594737500005,0,731.98527687499995,0,1.9422475787014997,0,1.8006568611640088,0,1.7424072289335872,0