msdX(mean),msdX(std),msdY(mean),msdY(std),msdZ(mean),msdZ(std),DmsdX(mean),DmsdX(std),DmsdY(mean),DmsdY(std),DmsdZ(mean),DmsdZ(std)
135.42002425000001,0,131.88100331250001,0,126.65688618750001,0,2.1954070399891923,0,2.1380330177654692,0,2.0533404947987033,0