msdX(mean),msdX(std),msdY(mean),msdY(std),msdZ(mean),msdZ(std),DmsdX(mean),DmsdX(std),DmsdY(mean),DmsdY(std),DmsdZ(mean),DmsdZ(std)
60.685267062500003,0,59.896972187499998,0,57.416334749999997,0,2.2657847067517114,0,2.2363524152146859,0,2.1437337181082765,0