msdX(mean),msdX(std),msdY(mean),msdY(std),msdZ(mean),msdZ(std),DmsdX(mean),DmsdX(std),DmsdY(mean),DmsdY(std),DmsdZ(mean),DmsdZ(std)
1065.2597548125,0,979.63984362500003,0,946.21631824999997,0,1.8936829014206567,0,1.7414787454817493,0,1.6820626657679545,0