msdX(mean),msdX(std),msdY(mean),msdY(std),msdZ(mean),msdZ(std),DmsdX(mean),DmsdX(std),DmsdY(mean),DmsdY(std),DmsdZ(mean),DmsdZ(std)
77.359232812499997,0,75.995704312499996,0,72.879767624999999,0,2.2488149073401162,0,2.2091774509447673,0,2.1185978960755816,0