msdX(mean),msdX(std),msdY(mean),msdY(std),msdZ(mean),msdZ(std),DmsdX(mean),DmsdX(std),DmsdY(mean),DmsdY(std),DmsdZ(mean),DmsdZ(std)
1286.7232605624999,0,1174.60530625,0,1134.6893226875,0,1.8568328354839096,0,1.6950386833181008,0,1.6374370907992206,0