msdX(mean),msdX(std),msdY(mean),msdY(std),msdZ(mean),msdZ(std),DmsdX(mean),DmsdX(std),DmsdY(mean),DmsdY(std),DmsdZ(mean),DmsdZ(std)
58.371934812500001,0,57.540777937500003,0,55.234249437499997,0,2.271281510214008,0,2.2389407757782105,0,2.1491925851167313,0