msdX(mean),msdX(std),msdY(mean),msdY(std),msdZ(mean),msdZ(std),DmsdX(mean),DmsdX(std),DmsdY(mean),DmsdY(std),DmsdZ(mean),DmsdZ(std)
3901.4038709375,0,3377.3946411249999,0,3276.8081441250001,0,1.6109853911169609,0,1.3946091219675854,0,1.3530744891607309,0