msdX(mean),msdX(std),msdY(mean),msdY(std),msdZ(mean),msdZ(std),DmsdX(mean),DmsdX(std),DmsdY(mean),DmsdY(std),DmsdZ(mean),DmsdZ(std)
1611.2818817499999,0,1455.0580275625,0,1406.5589343125,0,1.8103951780865526,0,1.6348660447135821,0,1.5803737019671917,0