msdX(mean),msdX(std),msdY(mean),msdY(std),msdZ(mean),msdZ(std),DmsdX(mean),DmsdX(std),DmsdY(mean),DmsdY(std),DmsdZ(mean),DmsdZ(std)
2392.623568125,0,2352.1818106249998,0,2239.0356499999998,0,0.33335596790729211,0,0.32772135768490374,0,0.31195709439141001,0