msdX(mean),msdX(std),msdY(mean),msdY(std),msdZ(mean),msdZ(std),DmsdX(mean),DmsdX(std),DmsdY(mean),DmsdY(std),DmsdZ(mean),DmsdZ(std)
2698.5675643750001,0,2678.2107506249999,0,2537.252115625,0,0.31419976997391919,0,0.31182958429389779,0,0.29541748059950862,0