msdX(mean),msdX(std),msdY(mean),msdY(std),msdZ(mean),msdZ(std),DmsdX(mean),DmsdX(std),DmsdY(mean),DmsdY(std),DmsdZ(mean),DmsdZ(std)
566.09782062500005,0,553.29207874999997,0,509.78857249999999,0,0.61049066695724075,0,0.59668071112748711,0,0.54976570178118878,0