msdX(mean),msdX(std),msdY(mean),msdY(std),msdZ(mean),msdZ(std),DmsdX(mean),DmsdX(std),DmsdY(mean),DmsdY(std),DmsdZ(mean),DmsdZ(std)
2651.6197874999998,0,2635.9985575000001,0,2495.43254875,0,0.31615517363008588,0,0.31429263937602464,0,0.29753281916637686,0