msdX(mean),msdX(std),msdY(mean),msdY(std),msdZ(mean),msdZ(std),DmsdX(mean),DmsdX(std),DmsdY(mean),DmsdY(std),DmsdZ(mean),DmsdZ(std)
1585.9865924999999,0,1577.5431424999999,0,1493.3318475000001,0,0.39137614357983053,0,0.38929254153985354,0,0.36851160175207698,0