msdX(mean),msdX(std),msdY(mean),msdY(std),msdZ(mean),msdZ(std),DmsdX(mean),DmsdX(std),DmsdY(mean),DmsdY(std),DmsdZ(mean),DmsdZ(std)
2370.3523212499999,0,2325.1773524999999,0,2211.714564375,0,0.33495795813176821,0,0.32857421713448609,0,0.31254062436704239,0