msdX(mean),msdX(std),msdY(mean),msdY(std),msdZ(mean),msdZ(std),DmsdX(mean),DmsdX(std),DmsdY(mean),DmsdY(std),DmsdZ(mean),DmsdZ(std)
1425.1759218750001,0,1406.0586699999999,0,1325.9390618750001,0,0.41339602953120397,0,0.40785075199783416,0,0.38461072430855364,0