msdX(mean),msdX(std),msdY(mean),msdY(std),msdZ(mean),msdZ(std),DmsdX(mean),DmsdX(std),DmsdY(mean),DmsdY(std),DmsdZ(mean),DmsdZ(std)
2613.870508125,0,2583.8155350000002,0,2454.0367943750002,0,0.31933066428202017,0,0.31565891600560347,0,0.29980413998489197,0