msdX(mean),msdX(std),msdY(mean),msdY(std),msdZ(mean),msdZ(std),DmsdX(mean),DmsdX(std),DmsdY(mean),DmsdY(std),DmsdZ(mean),DmsdZ(std)
1243.82521875,0,1226.52206125,0,1155.1177031249999,0,0.43756090670036002,0,0.43147388967389394,0,0.40635480122597589,0