msdX(mean),msdX(std),msdY(mean),msdY(std),msdZ(mean),msdZ(std),DmsdX(mean),DmsdX(std),DmsdY(mean),DmsdY(std),DmsdZ(mean),DmsdZ(std)
1481.3739525000001,0,1463.7762062500001,0,1380.978148125,0,0.40595597613110085,0,0.40113348668164756,0,0.37844349240223618,0