msdX(mean),msdX(std),msdY(mean),msdY(std),msdZ(mean),msdZ(std),DmsdX(mean),DmsdX(std),DmsdY(mean),DmsdY(std),DmsdZ(mean),DmsdZ(std)
1612.239081875,0,1605.7531550000001,0,1518.142173125,0,0.38819824755806864,0,0.38663655272324515,0,0.36554140001725605,0