msdX(mean),msdX(std),msdY(mean),msdY(std),msdZ(mean),msdZ(std),DmsdX(mean),DmsdX(std),DmsdY(mean),DmsdY(std),DmsdZ(mean),DmsdZ(std)
1908.4845037499999,0,1900.84566875,0,1796.6480212500001,0,0.36268955037976447,0,0.36123786155225168,0,0.34143607754606903,0