msdX(mean),msdX(std),msdY(mean),msdY(std),msdZ(mean),msdZ(std),DmsdX(mean),DmsdX(std),DmsdY(mean),DmsdY(std),DmsdZ(mean),DmsdZ(std)
319.06463374999998,0,311.43016,0,282.82427124999998,0,0.7538740657241868,0,0.73583561471213665,0,0.66824668327163894,0