msdX(mean),msdX(std),msdY(mean),msdY(std),msdZ(mean),msdZ(std),DmsdX(mean),DmsdX(std),DmsdY(mean),DmsdY(std),DmsdZ(mean),DmsdZ(std)
1881.58989875,0,1875.6105762499999,0,1776.1738425000001,0,0.36456324550412855,0,0.36340473523684663,0,0.34413859312888118,0