msdX(mean),msdX(std),msdY(mean),msdY(std),msdZ(mean),msdZ(std),DmsdX(mean),DmsdX(std),DmsdY(mean),DmsdY(std),DmsdZ(mean),DmsdZ(std)
2923.9794543749999,0,2891.2989412500001,0,2749.1539499999999,0,0.30468328322250338,0,0.30127792207284737,0,0.28646618919186462,0