msdX(mean),msdX(std),msdY(mean),msdY(std),msdZ(mean),msdZ(std),DmsdX(mean),DmsdX(std),DmsdY(mean),DmsdY(std),DmsdZ(mean),DmsdZ(std)
1959.44549375,0,1947.3720812500001,0,1850.1727725000001,0,0.35863305551234065,0,0.35642328502923876,0,0.33863310653134815,0