msdX(mean),msdX(std),msdY(mean),msdY(std),msdZ(mean),msdZ(std),DmsdX(mean),DmsdX(std),DmsdY(mean),DmsdY(std),DmsdZ(mean),DmsdZ(std)
2417.1609418749999,0,2375.3059687499999,0,2258.9840393750001,0,0.33211047746003464,0,0.32635973291183007,0,0.310377457658848,0