msdX(mean),msdX(std),msdY(mean),msdY(std),msdZ(mean),msdZ(std),DmsdX(mean),DmsdX(std),DmsdY(mean),DmsdY(std),DmsdZ(mean),DmsdZ(std)
2677.6321056249999,0,2653.9081012500001,0,2508.5147968749998,0,0.31546523443712898,0,0.31267019079157937,0,0.29554067820697344,0