msdX(mean),msdX(std),msdY(mean),msdY(std),msdZ(mean),msdZ(std),DmsdX(mean),DmsdX(std),DmsdY(mean),DmsdY(std),DmsdZ(mean),DmsdZ(std)
2724.2082593750001,0,2701.5225312500002,0,2558.3270843750001,0,0.31350575514989354,0,0.31089504934115891,0,0.29441591396225331,0