msdX(mean),msdX(std),msdY(mean),msdY(std),msdZ(mean),msdZ(std),DmsdX(mean),DmsdX(std),DmsdY(mean),DmsdY(std),DmsdZ(mean),DmsdZ(std)
427.97628937500002,0,415.67301500000002,0,376.5797925,0,0.68492644534688329,0,0.66523648075538133,0,0.60267230935424498,0