msdX(mean),msdX(std),msdY(mean),msdY(std),msdZ(mean),msdZ(std),DmsdX(mean),DmsdX(std),DmsdY(mean),DmsdY(std),DmsdZ(mean),DmsdZ(std)
2964.1209537499999,0,2938.533184375,0,2790.3128887500002,0,0.30251071131511265,0,0.29989928808529964,0,0.28477229841096507,0