msdX(mean),msdX(std),msdY(mean),msdY(std),msdZ(mean),msdZ(std),DmsdX(mean),DmsdX(std),DmsdY(mean),DmsdY(std),DmsdZ(mean),DmsdZ(std)
1395.7304168749999,0,1377.9727787500001,0,1296.5916775000001,0,0.41705092137699201,0,0.41174485420816737,0,0.38742779208167333,0