msdX(mean),msdX(std),msdY(mean),msdY(std),msdZ(mean),msdZ(std),DmsdX(mean),DmsdX(std),DmsdY(mean),DmsdY(std),DmsdZ(mean),DmsdZ(std)
1111.9477875,0,1100.4070893749999,0,1033.3895787500001,0,0.45582839530212343,0,0.45109743763835364,0,0.42362448911617612,0