msdX(mean),msdX(std),msdY(mean),msdY(std),msdZ(mean),msdZ(std),DmsdX(mean),DmsdX(std),DmsdY(mean),DmsdY(std),DmsdZ(mean),DmsdZ(std)
2348.2131424999998,0,2298.8144106250002,0,2190.8963068749999,0,0.33662438190784283,0,0.32954290481213538,0,0.31407247569562247,0