msdX(mean),msdX(std),msdY(mean),msdY(std),msdZ(mean),msdZ(std),DmsdX(mean),DmsdX(std),DmsdY(mean),DmsdY(std),DmsdZ(mean),DmsdZ(std)
842.59219562500004,0,838.86194062499999,0,769.67675562500006,0,0.51599913996795133,0,0.51371475093390218,0,0.47134609840675268,0