msdX(mean),msdX(std),msdY(mean),msdY(std),msdZ(mean),msdZ(std),DmsdX(mean),DmsdX(std),DmsdY(mean),DmsdY(std),DmsdZ(mean),DmsdZ(std)
2634.32731375,0,2613.4384706249998,0,2471.8620581250002,0,0.3179148607837064,0,0.31539396156994703,0,0.2983082922093987,0