msdX(mean),msdX(std),msdY(mean),msdY(std),msdZ(mean),msdZ(std),DmsdX(mean),DmsdX(std),DmsdY(mean),DmsdY(std),DmsdZ(mean),DmsdZ(std)
1174.292041875,0,1164.626430625,0,1092.6551568750001,0,0.44463636170729709,0,0.4409765547200889,0,0.41372520312569033,0