msdX(mean),msdX(std),msdY(mean),msdY(std),msdZ(mean),msdZ(std),DmsdX(mean),DmsdX(std),DmsdY(mean),DmsdY(std),DmsdZ(mean),DmsdZ(std)
1208.64675375,0,1198.321545,0,1125.3141331249999,0,0.44081700337365509,0,0.43705119871132453,0,0.41042397415050752,0