msdX(mean),msdX(std),msdY(mean),msdY(std),msdZ(mean),msdZ(std),DmsdX(mean),DmsdX(std),DmsdY(mean),DmsdY(std),DmsdZ(mean),DmsdZ(std)
2805.8978950000001,0,2788.730513125,0,2640.2339012500001,0,0.30858684535636516,0,0.3066988122154321,0,0.2903674620667786,0