msdX(mean),msdX(std),msdY(mean),msdY(std),msdZ(mean),msdZ(std),DmsdX(mean),DmsdX(std),DmsdY(mean),DmsdY(std),DmsdZ(mean),DmsdZ(std)
1363.8080512500001,0,1352.0967499999999,0,1268.30674,0,0.42016761355467469,0,0.41655954752711138,0,0.39074517540256326,0