msdX(mean),msdX(std),msdY(mean),msdY(std),msdZ(mean),msdZ(std),DmsdX(mean),DmsdX(std),DmsdY(mean),DmsdY(std),DmsdZ(mean),DmsdZ(std)
2596.8395018750002,0,2560.5694643749998,0,2433.3476068750001,0,0.32120617489625408,0,0.31671989070336998,0,0.30098366742839827,0