msdX(mean),msdX(std),msdY(mean),msdY(std),msdZ(mean),msdZ(std),DmsdX(mean),DmsdX(std),DmsdY(mean),DmsdY(std),DmsdZ(mean),DmsdZ(std)
2273.95586,0,2230.5899937499998,0,2123.2493868749998,0,0.34075262637362641,0,0.33425424481768229,0,0.31816923879245751,0