msdX(mean),msdX(std),msdY(mean),msdY(std),msdZ(mean),msdZ(std),DmsdX(mean),DmsdX(std),DmsdY(mean),DmsdY(std),DmsdZ(mean),DmsdZ(std)
1304.7054000000001,0,1286.8210750000001,0,1215.8462775,0,0.42858024143877804,0,0.42270545290301392,0,0.39939107415619612,0