msdX(mean),msdX(std),msdY(mean),msdY(std),msdZ(mean),msdZ(std),DmsdX(mean),DmsdX(std),DmsdY(mean),DmsdY(std),DmsdZ(mean),DmsdZ(std)
1082.063545625,0,1069.8028543749999,0,1001.919485,0,0.46269714599546735,0,0.45745439766313178,0,0.42842704395792358,0