msdX(mean),msdX(std),msdY(mean),msdY(std),msdZ(mean),msdZ(std),DmsdX(mean),DmsdX(std),DmsdY(mean),DmsdY(std),DmsdZ(mean),DmsdZ(std)
728.46210437499997,0,715.597300625,0,661.13002187500001,0,0.54750317874635168,0,0.53783415011085922,0,0.49689721176610591,0