msdX(mean),msdX(std),msdY(mean),msdY(std),msdZ(mean),msdZ(std),DmsdX(mean),DmsdX(std),DmsdY(mean),DmsdY(std),DmsdZ(mean),DmsdZ(std)
1932.4357781250001,0,1924.9791968750001,0,1825.4769368750001,0,0.36033858559685494,0,0.35894816736333407,0,0.34039412068402902,0