msdX(mean),msdX(std),msdY(mean),msdY(std),msdZ(mean),msdZ(std),DmsdX(mean),DmsdX(std),DmsdY(mean),DmsdY(std),DmsdZ(mean),DmsdZ(std)
1455.7888600000001,0,1436.4503412500001,0,1353.57482125,0,0.41027976721137455,0,0.40482966164389356,0,0.381473150279243,0