msdX(mean),msdX(std),msdY(mean),msdY(std),msdZ(mean),msdZ(std),DmsdX(mean),DmsdX(std),DmsdY(mean),DmsdY(std),DmsdZ(mean),DmsdZ(std)
3693.5299125000001,0,3524.8771725000001,0,3212.4411100000002,0,1.137917940508955,0,1.0859587082546007,0,0.98970211653795603,0