msdX(mean),msdX(std),msdY(mean),msdY(std),msdZ(mean),msdZ(std),DmsdX(mean),DmsdX(std),DmsdY(mean),DmsdY(std),DmsdZ(mean),DmsdZ(std)
1651.8262199999999,0,1560.4869100000001,0,1452.3550025,0,1.3432393635476525,0,1.268963658787813,0,1.1810324751978749,0