msdX(mean),msdX(std),msdY(mean),msdY(std),msdZ(mean),msdZ(std),DmsdX(mean),DmsdX(std),DmsdY(mean),DmsdY(std),DmsdZ(mean),DmsdZ(std)
7341.4365349999998,0,6897.5708750000003,0,6229.7552674999997,0,1.0086884854771785,0,0.94770284891868872,0,0.85594724897639529,0