msdX(mean),msdX(std),msdY(mean),msdY(std),msdZ(mean),msdZ(std),DmsdX(mean),DmsdX(std),DmsdY(mean),DmsdY(std),DmsdZ(mean),DmsdZ(std)
6898.1849824999999,0,6484.7718075000003,0,5856.0760499999997,0,1.0183025276047357,0,0.95727492655959379,0,0.86446754598328956,0