msdX(mean),msdX(std),msdY(mean),msdY(std),msdZ(mean),msdZ(std),DmsdX(mean),DmsdX(std),DmsdY(mean),DmsdY(std),DmsdZ(mean),DmsdZ(std)
7756.0418449999997,0,7318.0795099999996,0,6568.8206424999998,0,0.9966301820806277,0,0.94035321885654566,0,0.84407550188890978,0