msdX(mean),msdX(std),msdY(mean),msdY(std),msdZ(mean),msdZ(std),DmsdX(mean),DmsdX(std),DmsdY(mean),DmsdY(std),DmsdZ(mean),DmsdZ(std)
5728.0233824999996,0,5414.4790899999998,0,4940.9410225000001,0,1.0483844882862545,0,0.99099733207247875,0,0.90432695183332312,0