msdX(mean),msdX(std),msdY(mean),msdY(std),msdZ(mean),msdZ(std),DmsdX(mean),DmsdX(std),DmsdY(mean),DmsdY(std),DmsdZ(mean),DmsdZ(std)
3789.7494750000001,0,3609.0441700000001,0,3298.3391324999998,0,1.1323952614541832,0,1.0783996523904382,0,0.98555950174302787,0