msdX(mean),msdX(std),msdY(mean),msdY(std),msdZ(mean),msdZ(std),DmsdX(mean),DmsdX(std),DmsdY(mean),DmsdY(std),DmsdZ(mean),DmsdZ(std)
3984.2466975000002,0,3779.4133099999999,0,3464.4345024999998,0,1.1228501730859559,0,1.0651235255988727,0,0.97635542578675427,0