msdX(mean),msdX(std),msdY(mean),msdY(std),msdZ(mean),msdZ(std),DmsdX(mean),DmsdX(std),DmsdY(mean),DmsdY(std),DmsdZ(mean),DmsdZ(std)
4903.5076099999997,0,4658.0266000000001,0,4253.7748924999996,0,1.0761802322008602,0,1.022304143622158,0,0.93358240990694408,0