msdX(mean),msdX(std),msdY(mean),msdY(std),msdZ(mean),msdZ(std),DmsdX(mean),DmsdX(std),DmsdY(mean),DmsdY(std),DmsdZ(mean),DmsdZ(std)
4183.6159150000003,0,3962.6489900000001,0,3629.0448175000001,0,1.1156507444576793,0,1.0567251835588189,0,0.96776248933314368,0