msdX(mean),msdX(std),msdY(mean),msdY(std),msdZ(mean),msdZ(std),DmsdX(mean),DmsdX(std),DmsdY(mean),DmsdY(std),DmsdZ(mean),DmsdZ(std)
2597.7672275,0,2483.8603575000002,0,2276.3290400000001,0,1.2156140512400562,0,1.1623118191389801,0,1.0651984277023865,0