msdX(mean),msdX(std),msdY(mean),msdY(std),msdZ(mean),msdZ(std),DmsdX(mean),DmsdX(std),DmsdY(mean),DmsdY(std),DmsdZ(mean),DmsdZ(std)
5451.4172774999997,0,5142.7370074999999,0,4712.5750125000004,0,1.0562169385099265,0,0.9964098620816596,0,0.9130655935558456,0