msdX(mean),msdX(std),msdY(mean),msdY(std),msdZ(mean),msdZ(std),DmsdX(mean),DmsdX(std),DmsdY(mean),DmsdY(std),DmsdZ(mean),DmsdZ(std)
6013.9321024999999,0,5673.8567825,0,5169.1062025000001,0,1.0429869181475528,0,0.98400818278780455,0,0.89647007246418708,0