msdX(mean),msdX(std),msdY(mean),msdY(std),msdZ(mean),msdZ(std),DmsdX(mean),DmsdX(std),DmsdY(mean),DmsdY(std),DmsdZ(mean),DmsdZ(std)
6381.7852775000001,0,6007.2677224999998,0,5441.9147899999998,0,1.0344367750432246,0,0.97373044994056623,0,0.88209122379511562,0