msdX(mean),msdX(std),msdY(mean),msdY(std),msdZ(mean),msdZ(std),DmsdX(mean),DmsdX(std),DmsdY(mean),DmsdY(std),DmsdZ(mean),DmsdZ(std)
1182.453585,0,1115.2207550000001,0,1050.5859774999999,0,1.4307335464225215,0,1.3493838287488908,0,1.2711776770589658,0