msdX(mean),msdX(std),msdY(mean),msdY(std),msdZ(mean),msdZ(std),DmsdX(mean),DmsdX(std),DmsdY(mean),DmsdY(std),DmsdZ(mean),DmsdZ(std)
5543.3036199999997,0,5240.6254349999999,0,4787.6404725000002,0,1.0534461022918751,0,0.9959253211665885,0,0.90984033000342079,0