msdX(mean),msdX(std),msdY(mean),msdY(std),msdZ(mean),msdZ(std),DmsdX(mean),DmsdX(std),DmsdY(mean),DmsdY(std),DmsdZ(mean),DmsdZ(std)
523.81150000000002,0,506.43221249999999,0,475.27797249999998,0,1.6243896009923509,0,1.5704947669009717,0,1.4738824865619187,0