msdX(mean),msdX(std),msdY(mean),msdY(std),msdZ(mean),msdZ(std),DmsdX(mean),DmsdX(std),DmsdY(mean),DmsdY(std),DmsdZ(mean),DmsdZ(std)
6990.4713474999999,0,6554.7263350000003,0,5935.0756899999997,0,1.0167958323636364,0,0.9534147396363637,0,0.86328373672727265,0