msdX(mean),msdX(std),msdY(mean),msdY(std),msdZ(mean),msdZ(std),DmsdX(mean),DmsdX(std),DmsdY(mean),DmsdY(std),DmsdZ(mean),DmsdZ(std)
8297.3749050000006,0,7796.2286350000004,0,7002.0924725000004,0,0.98929808019426591,0,0.92954628538157658,0,0.83486123258244782,0