msdX(mean),msdX(std),msdY(mean),msdY(std),msdZ(mean),msdZ(std),DmsdX(mean),DmsdX(std),DmsdY(mean),DmsdY(std),DmsdZ(mean),DmsdZ(std)
8374.8183850000005,0,7872.7357574999996,0,7085.0564274999997,0,0.98667344053126416,0,0.92752092274130338,0,0.83472102681060967,0