msdX(mean),msdX(std),msdY(mean),msdY(std),msdZ(mean),msdZ(std),DmsdX(mean),DmsdX(std),DmsdY(mean),DmsdY(std),DmsdZ(mean),DmsdZ(std)
8890.4190524999995,0,8341.1956300000002,0,7494.7517175000003,0,0.97774989396294465,0,0.91734743824739173,0,0.82425728796254882,0