msdX(mean),msdX(std),msdY(mean),msdY(std),msdZ(mean),msdZ(std),DmsdX(mean),DmsdX(std),DmsdY(mean),DmsdY(std),DmsdZ(mean),DmsdZ(std)
7498.3986100000002,0,7062.6023375000004,0,6366.2340375000003,0,1.002486511671435,0,0.94422342007807702,0,0.85112356446696436,0