msdX(mean),msdX(std),msdY(mean),msdY(std),msdZ(mean),msdZ(std),DmsdX(mean),DmsdX(std),DmsdY(mean),DmsdY(std),DmsdZ(mean),DmsdZ(std)
9660.2028375000009,0,9087.5985500000006,0,8080.9067400000004,0,0.96602028375000004,0,0.90875985500000012,0,0.80809067400000001,0