msdX(mean),msdX(std),msdY(mean),msdY(std),msdZ(mean),msdZ(std),DmsdX(mean),DmsdX(std),DmsdY(mean),DmsdY(std),DmsdZ(mean),DmsdZ(std)
5819.7246025000004,0,5506.2849475000003,0,5018.2302749999999,0,1.0458728484011648,0,0.98954406187475297,0,0.90183490631027841,0