msdX(mean),msdX(std),msdY(mean),msdY(std),msdZ(mean),msdZ(std),DmsdX(mean),DmsdX(std),DmsdY(mean),DmsdY(std),DmsdZ(mean),DmsdZ(std)
4992.5846325000002,0,4745.4536374999998,0,4328.3524699999998,0,1.0720142215279569,0,1.0189499350468092,0,0.92938943356523229,0