msdX(mean),msdX(std),msdY(mean),msdY(std),msdZ(mean),msdZ(std),DmsdX(mean),DmsdX(std),DmsdY(mean),DmsdY(std),DmsdZ(mean),DmsdZ(std)
3888.4798774999999,0,3701.1187799999998,0,3382.9888675000002,0,1.1279020393808132,0,1.0735556185098525,0,0.98127807345348372,0