msdX(mean),msdX(std),msdY(mean),msdY(std),msdZ(mean),msdZ(std),DmsdX(mean),DmsdX(std),DmsdY(mean),DmsdY(std),DmsdZ(mean),DmsdZ(std)
8206.4841125000003,0,7724.8869425000003,0,6933.1165899999996,0,0.99037171293465498,0,0.93225179121679247,0,0.83669967053920546,0