msdX(mean),msdX(std),msdY(mean),msdY(std),msdZ(mean),msdZ(std),DmsdX(mean),DmsdX(std),DmsdY(mean),DmsdY(std),DmsdZ(mean),DmsdZ(std)
3107.1775950000001,0,2971.4632900000001,0,2700.8900675,0,1.1764858624040793,0,1.1250996907815025,0,1.0226512270925889,0