msdX(mean),msdX(std),msdY(mean),msdY(std),msdZ(mean),msdZ(std),DmsdX(mean),DmsdX(std),DmsdY(mean),DmsdY(std),DmsdZ(mean),DmsdZ(std)
3498.9631875,0,3336.6879399999998,0,3046.8572049999998,0,1.1493615936514543,0,1.0960563923440785,0,1.0008509564427119,0