msdX(mean),msdX(std),msdY(mean),msdY(std),msdZ(mean),msdZ(std),DmsdX(mean),DmsdX(std),DmsdY(mean),DmsdY(std),DmsdZ(mean),DmsdZ(std)
9047.0328575000003,0,8506.7069699999993,0,7634.1350874999998,0,0.97338535650499236,0,0.91525079295059386,0,0.8213693285741952,0