msdX(mean),msdX(std),msdY(mean),msdY(std),msdZ(mean),msdZ(std),DmsdX(mean),DmsdX(std),DmsdY(mean),DmsdY(std),DmsdZ(mean),DmsdZ(std)
3009.3273125000001,0,2875.18714,0,2615.6354150000002,0,1.1846501597601302,0,1.1318446121142138,0,1.0296696206435021,0