msdX(mean),msdX(std),msdY(mean),msdY(std),msdZ(mean),msdZ(std),DmsdX(mean),DmsdX(std),DmsdY(mean),DmsdY(std),DmsdZ(mean),DmsdZ(std)
4806.1945624999998,0,4568.2645675000003,0,4181.5047875,0,1.0786862740147229,0,1.0252860596777089,0,0.93848298489541249,0