msdX(mean),msdX(std),msdY(mean),msdY(std),msdZ(mean),msdZ(std),DmsdX(mean),DmsdX(std),DmsdY(mean),DmsdY(std),DmsdZ(mean),DmsdZ(std)
4265.4140674999999,0,4050.9858549999999,0,3708.9676525,0,1.1076887694551687,0,1.0520037365177195,0,0.96318475766520673,0