msdX(mean),msdX(std),msdY(mean),msdY(std),msdZ(mean),msdZ(std),DmsdX(mean),DmsdX(std),DmsdY(mean),DmsdY(std),DmsdZ(mean),DmsdZ(std)
6471.1112549999998,0,6081.9348675000001,0,5515.1148425000001,0,1.0320532133819589,0,0.96998493399927699,0,0.87958493851805386,0