msdX(mean),msdX(std),msdY(mean),msdY(std),msdZ(mean),msdZ(std),DmsdX(mean),DmsdX(std),DmsdY(mean),DmsdY(std),DmsdZ(mean),DmsdZ(std)
1057.8224600000001,0,1001.8865950000001,0,941.2641625,0,1.4577250252641252,0,1.3806429880569593,0,1.2971026584749656,0