msdX(mean),msdX(std),msdY(mean),msdY(std),msdZ(mean),msdZ(std),DmsdX(mean),DmsdX(std),DmsdY(mean),DmsdY(std),DmsdZ(mean),DmsdZ(std)
7069.5542750000004,0,6630.1664225000004,0,6015.72307,0,1.0134399316207461,0,0.95045248179420283,0,0.86237034748702657,0