msdX(mean),msdX(std),msdY(mean),msdY(std),msdZ(mean),msdZ(std),DmsdX(mean),DmsdX(std),DmsdY(mean),DmsdY(std),DmsdZ(mean),DmsdZ(std)
6727.9269800000002,0,6312.9601025000002,0,5725.5084100000004,0,1.0236428845295575,0,0.96050636525236344,0,0.87112656864932869,0