msdX(mean),msdX(std),msdY(mean),msdY(std),msdZ(mean),msdZ(std),DmsdX(mean),DmsdX(std),DmsdY(mean),DmsdY(std),DmsdZ(mean),DmsdZ(std)
1402.4191552499999,0,1400.2309312499999,0,1256.3695917499999,0,1.449578785057194,0,1.4473169768984286,0,1.2986179628066428,0