msdX(mean),msdX(std),msdY(mean),msdY(std),msdZ(mean),msdZ(std),DmsdX(mean),DmsdX(std),DmsdY(mean),DmsdY(std),DmsdZ(mean),DmsdZ(std)
581.10616174999996,0,583.25261924999995,0,528.29384775000005,0,1.7037905446149335,0,1.7100839110144643,0,1.5489459961395624,0