msdX(mean),msdX(std),msdY(mean),msdY(std),msdZ(mean),msdZ(std),DmsdX(mean),DmsdX(std),DmsdY(mean),DmsdY(std),DmsdZ(mean),DmsdZ(std)
269.83922775000002,0,270.30862574999998,0,247.917374,0,1.8993845219380574,0,1.9026885904504927,0,1.7450777146879399,0