msdX(mean),msdX(std),msdY(mean),msdY(std),msdZ(mean),msdZ(std),DmsdX(mean),DmsdX(std),DmsdY(mean),DmsdY(std),DmsdZ(mean),DmsdZ(std)
5917.3014897499997,0,5884.2373255000002,0,5081.3629355000003,0,1.0610060527188725,0,1.0550774586700298,0,0.91111748150162575,0