msdX(mean),msdX(std),msdY(mean),msdY(std),msdZ(mean),msdZ(std),DmsdX(mean),DmsdX(std),DmsdY(mean),DmsdY(std),DmsdZ(mean),DmsdZ(std)
404.20446550000003,0,405.04554050000002,0,369.99407300000001,0,1.7985959603975084,0,1.8023385071195492,0,1.6463693547908633,0