msdX(mean),msdX(std),msdY(mean),msdY(std),msdZ(mean),msdZ(std),DmsdX(mean),DmsdX(std),DmsdY(mean),DmsdY(std),DmsdZ(mean),DmsdZ(std)
4981.3503527499997,0,4958.6050514999997,0,4299.28496,0,1.1002997436459085,0,1.0952756743951464,0,0.94964252750003686,0