msdX(mean),msdX(std),msdY(mean),msdY(std),msdZ(mean),msdZ(std),DmsdX(mean),DmsdX(std),DmsdY(mean),DmsdY(std),DmsdZ(mean),DmsdZ(std)
250.31214299999999,0,250.99514775,0,230.35428924999999,0,1.9156541556122451,0,1.9208812327806124,0,1.7629154789540817,0