msdX(mean),msdX(std),msdY(mean),msdY(std),msdZ(mean),msdZ(std),DmsdX(mean),DmsdX(std),DmsdY(mean),DmsdY(std),DmsdZ(mean),DmsdZ(std)
9615.8637600000002,0,9536.1355664999992,0,8128.487513,0,0.96158637599999996,0,0.95361355664999992,0,0.81284875130000001,0