msdX(mean),msdX(std),msdY(mean),msdY(std),msdZ(mean),msdZ(std),DmsdX(mean),DmsdX(std),DmsdY(mean),DmsdY(std),DmsdZ(mean),DmsdZ(std)
58.427368999999999,0,58.676895999999999,0,55.017316999999998,0,2.1801257089552237,0,2.1894364179104477,0,2.0528849626865671,0