msdX(mean),msdX(std),msdY(mean),msdY(std),msdZ(mean),msdZ(std),DmsdX(mean),DmsdX(std),DmsdY(mean),DmsdY(std),DmsdZ(mean),DmsdZ(std)
104.586258,0,105.02215750000001,0,97.510345000000001,0,2.0889399067909458,0,2.0976462882822906,0,1.9476100865512651,0