msdX(mean),msdX(std),msdY(mean),msdY(std),msdZ(mean),msdZ(std),DmsdX(mean),DmsdX(std),DmsdY(mean),DmsdY(std),DmsdZ(mean),DmsdZ(std)
4816.3365100000001,0,4789.3801174999999,0,4158.1345375000001,0,1.1091586343747601,0,1.1029508215629078,0,0.95758068722652956,0