msdX(mean),msdX(std),msdY(mean),msdY(std),msdZ(mean),msdZ(std),DmsdX(mean),DmsdX(std),DmsdY(mean),DmsdY(std),DmsdZ(mean),DmsdZ(std)
9282.4783592500007,0,9213.7089809999998,0,7862.3721425000003,0,0.96777835583292227,0,0.96060855556636759,0,0.81972004571740364,0