msdX(mean),msdX(std),msdY(mean),msdY(std),msdZ(mean),msdZ(std),DmsdX(mean),DmsdX(std),DmsdY(mean),DmsdY(std),DmsdZ(mean),DmsdZ(std)
1264.6861315000001,0,1262.052684,0,1135.8446960000001,0,1.4814753590394378,0,1.4783904927762594,0,1.3305482577118315,0