msdX(mean),msdX(std),msdY(mean),msdY(std),msdZ(mean),msdZ(std),DmsdX(mean),DmsdX(std),DmsdY(mean),DmsdY(std),DmsdZ(mean),DmsdZ(std)
828.65393700000004,0,832.12984300000005,0,749.11531600000001,0,1.6011605120443129,0,1.6078768060028341,0,1.4474725930696897,0