msdX(mean),msdX(std),msdY(mean),msdY(std),msdZ(mean),msdZ(std),DmsdX(mean),DmsdX(std),DmsdY(mean),DmsdY(std),DmsdZ(mean),DmsdZ(std)
419.47537925,0,420.43319524999998,0,383.74762099999998,0,1.7900798545519203,0,1.7941672628022758,0,1.6376143143669983,0