msdX(mean),msdX(std),msdY(mean),msdY(std),msdZ(mean),msdZ(std),DmsdX(mean),DmsdX(std),DmsdY(mean),DmsdY(std),DmsdZ(mean),DmsdZ(std)
7532.6196122499996,0,7482.2429609999999,0,6416.0624577500002,0,1.0086528672000534,0,1.0019071988484198,0,0.85914066118773436,0