msdX(mean),msdX(std),msdY(mean),msdY(std),msdZ(mean),msdZ(std),DmsdX(mean),DmsdX(std),DmsdY(mean),DmsdY(std),DmsdZ(mean),DmsdZ(std)
301.43302725000001,0,301.58990275000002,0,276.90248075,0,1.8722548276397517,0,1.8732292096273293,0,1.7198911847826086,0