msdX(mean),msdX(std),msdY(mean),msdY(std),msdZ(mean),msdZ(std),DmsdX(mean),DmsdX(std),DmsdY(mean),DmsdY(std),DmsdZ(mean),DmsdZ(std)
86.320215250000004,0,86.625913249999996,0,80.670788250000001,0,2.1226282438524593,0,2.1301454077868853,0,1.9837079077868853,0