msdX(mean),msdX(std),msdY(mean),msdY(std),msdZ(mean),msdZ(std),DmsdX(mean),DmsdX(std),DmsdY(mean),DmsdY(std),DmsdZ(mean),DmsdZ(std)
79.744518749999997,0,80.058580750000004,0,74.716010749999995,0,2.1322063836898395,0,2.1406037633689841,0,1.9977542981283423,0