msdX(mean),msdX(std),msdY(mean),msdY(std),msdZ(mean),msdZ(std),DmsdX(mean),DmsdX(std),DmsdY(mean),DmsdY(std),DmsdZ(mean),DmsdZ(std)
56.21314675,0,56.479308000000003,0,52.958504750000003,0,2.1844487079015544,0,2.1947917616580312,0,2.0579729825129536,0