msdX(mean),msdX(std),msdY(mean),msdY(std),msdZ(mean),msdZ(std),DmsdX(mean),DmsdX(std),DmsdY(mean),DmsdY(std),DmsdZ(mean),DmsdZ(std)
8066.9659154999999,0,8017.1386427500001,0,6867.8020505000004,0,0.99375427037736619,0,0.98761614290847122,0,0.8460315423767093,0