msdX(mean),msdX(std),msdY(mean),msdY(std),msdZ(mean),msdZ(std),DmsdX(mean),DmsdX(std),DmsdY(mean),DmsdY(std),DmsdZ(mean),DmsdZ(std)
954.03849400000001,0,955.90677525000001,0,862.07839049999995,0,1.5602461197121673,0,1.5633015295191888,0,1.4098534515372874,0