msdX(mean),msdX(std),msdY(mean),msdY(std),msdZ(mean),msdZ(std),DmsdX(mean),DmsdX(std),DmsdY(mean),DmsdY(std),DmsdZ(mean),DmsdZ(std)
4501.4203925000002,0,4475.8202822499998,0,3887.0707969999999,0,1.1268199640783019,0,1.1204116056498448,0,0.97303264168418946,0