msdX(mean),msdX(std),msdY(mean),msdY(std),msdZ(mean),msdZ(std),DmsdX(mean),DmsdX(std),DmsdY(mean),DmsdY(std),DmsdZ(mean),DmsdZ(std)
694.80797250000001,0,698.02940550000005,0,629.24383175000003,0,1.6537796870041257,0,1.6614473314027294,0,1.4977241314265313,0