msdX(mean),msdX(std),msdY(mean),msdY(std),msdZ(mean),msdZ(std),DmsdX(mean),DmsdX(std),DmsdY(mean),DmsdY(std),DmsdZ(mean),DmsdZ(std)
324.29627675,0,324.92062225000001,0,297.64597450000002,0,1.8531215814285715,0,1.8566892699999999,0,1.7008341400000002,0