msdX(mean),msdX(std),msdY(mean),msdY(std),msdZ(mean),msdZ(std),DmsdX(mean),DmsdX(std),DmsdY(mean),DmsdY(std),DmsdZ(mean),DmsdZ(std)
171.93751750000001,0,172.61669699999999,0,158.97834349999999,0,1.9961786087461304,0,2.0040638196594429,0,1.8457238022445821,0