msdX(mean),msdX(std),msdY(mean),msdY(std),msdZ(mean),msdZ(std),DmsdX(mean),DmsdX(std),DmsdY(mean),DmsdY(std),DmsdZ(mean),DmsdZ(std)
1783.7618689999999,0,1783.4436882499999,0,1589.2050247499999,0,1.376926103077398,0,1.3766804921649856,0,1.2267432776476943,0