msdX(mean),msdX(std),msdY(mean),msdY(std),msdZ(mean),msdZ(std),DmsdX(mean),DmsdX(std),DmsdY(mean),DmsdY(std),DmsdZ(mean),DmsdZ(std)
348.94789774999998,0,349.70544825000002,0,320.18025625000001,0,1.834636686382755,0,1.838619601735016,0,1.6833872568349109,0