msdX(mean),msdX(std),msdY(mean),msdY(std),msdZ(mean),msdZ(std),DmsdX(mean),DmsdX(std),DmsdY(mean),DmsdY(std),DmsdZ(mean),DmsdZ(std)
3421.8272105000001,0,3415.12468175,0,2986.9844109999999,0,1.1958298345254181,0,1.1934874942046036,0,1.0438648284096734,0