msdX(mean),msdX(std),msdY(mean),msdY(std),msdZ(mean),msdZ(std),DmsdX(mean),DmsdX(std),DmsdY(mean),DmsdY(std),DmsdZ(mean),DmsdZ(std)
51.999583000000001,0,52.173001999999997,0,49.005219750000002,0,2.1971654788732393,0,2.2044930422535209,0,2.0706430880281692,0