msdX(mean),msdX(std),msdY(mean),msdY(std),msdZ(mean),msdZ(std),DmsdX(mean),DmsdX(std),DmsdY(mean),DmsdY(std),DmsdZ(mean),DmsdZ(std)
2980.1635565000001,0,2978.6291672500001,0,2617.5284402500001,0,1.2305572534891402,0,1.2299236795978197,0,1.0808194071558346,0