msdX(mean),msdX(std),msdY(mean),msdY(std),msdZ(mean),msdZ(std),DmsdX(mean),DmsdX(std),DmsdY(mean),DmsdY(std),DmsdZ(mean),DmsdZ(std)
2597.7315589999998,0,2599.4650780000002,0,2290.7217207499998,0,1.2673922063750203,0,1.2682379629208003,0,1.1176069543421694,0