msdX(mean),msdX(std),msdY(mean),msdY(std),msdZ(mean),msdZ(std),DmsdX(mean),DmsdX(std),DmsdY(mean),DmsdY(std),DmsdZ(mean),DmsdZ(std)
46.163728499999998,0,46.281277000000003,0,43.589475499999999,0,2.2123192571884984,0,2.2179525718849842,0,2.0889525,0