msdX(mean),msdX(std),msdY(mean),msdY(std),msdZ(mean),msdZ(std),DmsdX(mean),DmsdX(std),DmsdY(mean),DmsdY(std),DmsdZ(mean),DmsdZ(std)
7031.4602930000001,0,6980.9886655,0,6005.5948792500003,0,1.0234525679976711,0,1.0161062537722576,0,0.87413442519771001,0