msdX(mean),msdX(std),msdY(mean),msdY(std),msdZ(mean),msdZ(std),DmsdX(mean),DmsdX(std),DmsdY(mean),DmsdY(std),DmsdZ(mean),DmsdZ(std)
60.745712249999997,0,61.021312999999999,0,57.181584000000001,0,2.1746675029832936,0,2.184533878281623,0,2.0470734128878281,0