msdX(mean),msdX(std),msdY(mean),msdY(std),msdZ(mean),msdZ(std),DmsdX(mean),DmsdX(std),DmsdY(mean),DmsdY(std),DmsdZ(mean),DmsdZ(std)
1725.4481597500001,0,1722.7746367499999,0,1536.2290062500001,0,1.3886534175474836,0,1.3865017464990879,0,1.2363684458498767,0