msdX(mean),msdX(std),msdY(mean),msdY(std),msdZ(mean),msdZ(std),DmsdX(mean),DmsdX(std),DmsdY(mean),DmsdY(std),DmsdZ(mean),DmsdZ(std)
6793.8108267500002,0,6740.2168595000003,0,5812.0375402500003,0,1.0309794365041225,0,1.0228464049016137,0,0.88199264609995454,0