msdX(mean),msdX(std),msdY(mean),msdY(std),msdZ(mean),msdZ(std),DmsdX(mean),DmsdX(std),DmsdY(mean),DmsdY(std),DmsdZ(mean),DmsdZ(std)
112.96332875,0,113.49765575000001,0,105.32035449999999,0,2.0739901239290086,0,2.0838002891676868,0,1.9336662392900854,0