msdX(mean),msdX(std),msdY(mean),msdY(std),msdZ(mean),msdZ(std),DmsdX(mean),DmsdX(std),DmsdY(mean),DmsdY(std),DmsdZ(mean),DmsdZ(std)
6123.733776,0,6082.2456117499996,0,5251.2658744999999,0,1.0531650975131566,0,1.0460299266931516,0,0.90311730376982069,0