msdX(mean),msdX(std),msdY(mean),msdY(std),msdZ(mean),msdZ(std),DmsdX(mean),DmsdX(std),DmsdY(mean),DmsdY(std),DmsdZ(mean),DmsdZ(std)
451.57239750000002,0,452.40016724999998,0,411.70501999999999,0,1.7727259781470821,0,1.7759755322559541,0,1.6162196545406962,0