msdX(mean),msdX(std),msdY(mean),msdY(std),msdZ(mean),msdZ(std),DmsdX(mean),DmsdX(std),DmsdY(mean),DmsdY(std),DmsdZ(mean),DmsdZ(std)
100.70262674999999,0,101.15099675,0,93.950973250000004,0,2.0950615828710126,0,2.1043896688626909,0,1.9545972243411931,0