msdX(mean),msdX(std),msdY(mean),msdY(std),msdZ(mean),msdZ(std),DmsdX(mean),DmsdX(std),DmsdY(mean),DmsdY(std),DmsdZ(mean),DmsdZ(std)
987.66916775000004,0,989.48308299999997,0,892.56107699999995,0,1.5492039648907248,0,1.5520491733765556,0,1.4000226032625744,0