msdX(mean),msdX(std),msdY(mean),msdY(std),msdZ(mean),msdZ(std),DmsdX(mean),DmsdX(std),DmsdY(mean),DmsdY(std),DmsdZ(mean),DmsdZ(std)
3921.4385447499999,0,3911.8151969999999,0,3405.4274770000002,0,1.1598457689293109,0,1.1569994667258208,0,1.0072249266489204,0