msdX(mean),msdX(std),msdY(mean),msdY(std),msdZ(mean),msdZ(std),DmsdX(mean),DmsdX(std),DmsdY(mean),DmsdY(std),DmsdZ(mean),DmsdZ(std)
7795.7497382499996,0,7748.2657017499996,0,6635.3132624999998,0,1.0012436409804693,0,0.99514504992893282,0,0.85220349973456855,0