msdX(mean),msdX(std),msdY(mean),msdY(std),msdZ(mean),msdZ(std),DmsdX(mean),DmsdX(std),DmsdY(mean),DmsdY(std),DmsdZ(mean),DmsdZ(std)
772.66365299999995,0,775.67858750000005,0,698.87693775000002,0,1.622788405908709,0,1.6291205282133858,0,1.4678177073998881,0