msdX(mean),msdX(std),msdY(mean),msdY(std),msdZ(mean),msdZ(std),DmsdX(mean),DmsdX(std),DmsdY(mean),DmsdY(std),DmsdZ(mean),DmsdZ(std)
670.42545574999997,0,673.27778624999996,0,607.34637774999999,0,1.6638619848196559,0,1.6709408990320977,0,1.5073123206899404,0