msdX(mean),msdX(std),msdY(mean),msdY(std),msdZ(mean),msdZ(std),DmsdX(mean),DmsdX(std),DmsdY(mean),DmsdY(std),DmsdZ(mean),DmsdZ(std)
2043.9308225,0,2047.1170132499999,0,1813.7796920000001,0,1.3353206592987803,0,1.3374022299107142,0,1.1849606001742161,0