msdX(mean),msdX(std),msdY(mean),msdY(std),msdZ(mean),msdZ(std),DmsdX(mean),DmsdX(std),DmsdY(mean),DmsdY(std),DmsdZ(mean),DmsdZ(std)
7279.5773614999998,0,7228.1414844999999,0,6207.7583137499996,0,1.016284393940099,0,1.0091035541072559,0,0.86665029881845423,0