msdX(mean),msdX(std),msdY(mean),msdY(std),msdZ(mean),msdZ(std),DmsdX(mean),DmsdX(std),DmsdY(mean),DmsdY(std),DmsdZ(mean),DmsdZ(std)
65.699327499999995,0,65.983245499999995,0,61.797612000000001,0,2.1611620888157894,0,2.1705014967105263,0,2.0328161842105263,0