msdX(mean),msdX(std),msdY(mean),msdY(std),msdZ(mean),msdZ(std),DmsdX(mean),DmsdX(std),DmsdY(mean),DmsdY(std),DmsdZ(mean),DmsdZ(std)
435.22686700000003,0,436.15707275,0,397.50229174999998,0,1.7817693790938867,0,1.7855775358215067,0,1.6273292511599344,0