msdX(mean),msdX(std),msdY(mean),msdY(std),msdZ(mean),msdZ(std),DmsdX(mean),DmsdX(std),DmsdY(mean),DmsdY(std),DmsdZ(mean),DmsdZ(std)
4834.4172225000002,0,4306.0057699999998,0,4605.7755500000003,0,0.79663684072483198,0,0.70956284385024393,0,0.75896024574856102,0