msdX(mean),msdX(std),msdY(mean),msdY(std),msdZ(mean),msdZ(std),DmsdX(mean),DmsdX(std),DmsdY(mean),DmsdY(std),DmsdZ(mean),DmsdZ(std)
3644.5524525000001,0,3171.0428750000001,0,3374.6355174999999,0,0.9223134781013278,0,0.80248415172169452,0,0.85400659258853096,0