msdX(mean),msdX(std),msdY(mean),msdY(std),msdZ(mean),msdZ(std),DmsdX(mean),DmsdX(std),DmsdY(mean),DmsdY(std),DmsdZ(mean),DmsdZ(std)
5365.7690000000002,0,4771.3329775000002,0,5132.7606699999997,0,0.75824110448520488,0,0.67424087520843345,0,0.72531451120594637,0