msdX(mean),msdX(std),msdY(mean),msdY(std),msdZ(mean),msdZ(std),DmsdX(mean),DmsdX(std),DmsdY(mean),DmsdY(std),DmsdZ(mean),DmsdZ(std)
4409.9476775000003,0,3903.6460075,0,4154.4029774999999,0,0.83806381728978485,0,0.74184655094322893,0,0.78950025544462887,0