msdX(mean),msdX(std),msdY(mean),msdY(std),msdZ(mean),msdZ(std),DmsdX(mean),DmsdX(std),DmsdY(mean),DmsdY(std),DmsdZ(mean),DmsdZ(std)
1543.4132675000001,0,1385.7340274999999,0,1397.0945449999999,0,1.2550796385395209,0,1.1268573356012144,0,1.1360955315515557,0