msdX(mean),msdX(std),msdY(mean),msdY(std),msdZ(mean),msdZ(std),DmsdX(mean),DmsdX(std),DmsdY(mean),DmsdY(std),DmsdZ(mean),DmsdZ(std)
2882.0015125,0,2520.4205925000001,0,2646.3393299999998,0,1.01383730505394,0,0.88663951424718579,0,0.93093550539399628,0