msdX(mean),msdX(std),msdY(mean),msdY(std),msdZ(mean),msdZ(std),DmsdX(mean),DmsdX(std),DmsdY(mean),DmsdY(std),DmsdZ(mean),DmsdZ(std)
1343.0507700000001,0,1205.8031225,0,1207.3148275000001,0,1.3063001912851773,0,1.1728081207041889,0,1.1742784601543252,0