msdX(mean),msdX(std),msdY(mean),msdY(std),msdZ(mean),msdZ(std),DmsdX(mean),DmsdX(std),DmsdY(mean),DmsdY(std),DmsdZ(mean),DmsdZ(std)
4071.8050549999998,0,3568.1219624999999,0,3784.9881224999999,0,0.87430324121789915,0,0.76615175695696991,0,0.81271753897191445,0