msdX(mean),msdX(std),msdY(mean),msdY(std),msdZ(mean),msdZ(std),DmsdX(mean),DmsdX(std),DmsdY(mean),DmsdY(std),DmsdZ(mean),DmsdZ(std)
6424.3569525000003,0,5752.9685474999997,0,6196.8807550000001,0,0.69120728099715967,0,0.61897148255939061,0,0.66673273745481154,0