msdX(mean),msdX(std),msdY(mean),msdY(std),msdZ(mean),msdZ(std),DmsdX(mean),DmsdX(std),DmsdY(mean),DmsdY(std),DmsdZ(mean),DmsdZ(std)
2001.9146000000001,0,1772.940705,0,1819.4809525000001,0,1.154639866189872,0,1.0225750980505248,0,1.0494180139001039,0