msdX(mean),msdX(std),msdY(mean),msdY(std),msdZ(mean),msdZ(std),DmsdX(mean),DmsdX(std),DmsdY(mean),DmsdY(std),DmsdZ(mean),DmsdZ(std)
4573.5337774999998,0,4060.1277475000002,0,4327.1782199999998,0,0.82191772392083107,0,0.7296526317287072,0,0.77764473744114437,0