msdX(mean),msdX(std),msdY(mean),msdY(std),msdZ(mean),msdZ(std),DmsdX(mean),DmsdX(std),DmsdY(mean),DmsdY(std),DmsdZ(mean),DmsdZ(std)
6273.2290800000001,0,5620.4084050000001,0,6077.0441325000002,0,0.69765075512125685,0,0.62505005282512482,0,0.67583287233372147,0