msdX(mean),msdX(std),msdY(mean),msdY(std),msdZ(mean),msdZ(std),DmsdX(mean),DmsdX(std),DmsdY(mean),DmsdY(std),DmsdZ(mean),DmsdZ(std)
5714.4891699999998,0,5090.3211924999996,0,5502.0073375000002,0,0.73429624231158019,0,0.65409236287199957,0,0.70699290748625088,0