msdX(mean),msdX(std),msdY(mean),msdY(std),msdZ(mean),msdZ(std),DmsdX(mean),DmsdX(std),DmsdY(mean),DmsdY(std),DmsdZ(mean),DmsdZ(std)
4242.4947050000001,0,3725.8002575,0,3979.0440374999998,0,0.85541065912573588,0,0.75122998981772715,0,0.80229132137672388,0