msdX(mean),msdX(std),msdY(mean),msdY(std),msdZ(mean),msdZ(std),DmsdX(mean),DmsdX(std),DmsdY(mean),DmsdY(std),DmsdZ(mean),DmsdZ(std)
5209.4237499999999,0,4639.4759274999997,0,4979.6777199999997,0,0.76900944022910456,0,0.68487436560774706,0,0.73509458238611203,0