msdX(mean),msdX(std),msdY(mean),msdY(std),msdZ(mean),msdZ(std),DmsdX(mean),DmsdX(std),DmsdY(mean),DmsdY(std),DmsdZ(mean),DmsdZ(std)
2658.5431899999999,0,2334.09564,0,2431.7809750000001,0,1.0465606721079153,0,0.91883882532017647,0,0.95729358138253218,0