msdX(mean),msdX(std),msdY(mean),msdY(std),msdZ(mean),msdZ(std),DmsdX(mean),DmsdX(std),DmsdY(mean),DmsdY(std),DmsdZ(mean),DmsdZ(std)
6523.3330475000002,0,5831.1355549999998,0,6294.9083524999996,0,0.68695588116048867,0,0.61406229517691657,0,0.66290104807287276,0