msdX(mean),msdX(std),msdY(mean),msdY(std),msdZ(mean),msdZ(std),DmsdX(mean),DmsdX(std),DmsdY(mean),DmsdY(std),DmsdZ(mean),DmsdZ(std)
1642.5317600000001,0,1467.5862649999999,0,1483.3626225,0,1.2344912516284197,0,1.1030060113738851,0,1.1148631795520594,0