msdX(mean),msdX(std),msdY(mean),msdY(std),msdZ(mean),msdZ(std),DmsdX(mean),DmsdX(std),DmsdY(mean),DmsdY(std),DmsdZ(mean),DmsdZ(std)
6687.7927275000002,0,5995.9348950000003,0,6478.0819250000004,0,0.67558921200703081,0,0.60569893476240499,0,0.65440459077501212,0