msdX(mean),msdX(std),msdY(mean),msdY(std),msdZ(mean),msdZ(std),DmsdX(mean),DmsdX(std),DmsdY(mean),DmsdY(std),DmsdZ(mean),DmsdZ(std)
4528.2944600000001,0,4001.6396650000002,0,4279.7307575000004,0,0.82880137758526018,0,0.7324091876639619,0,0.78330744143127329,0