msdX(mean),msdX(std),msdY(mean),msdY(std),msdZ(mean),msdZ(std),DmsdX(mean),DmsdX(std),DmsdY(mean),DmsdY(std),DmsdZ(mean),DmsdZ(std)
6561.7944600000001,0,5876.6333475000001,0,6355.6641275000002,0,0.6837481723074359,0,0.61235342483952993,0,0.66226910298224417,0