msdX(mean),msdX(std),msdY(mean),msdY(std),msdZ(mean),msdZ(std),DmsdX(mean),DmsdX(std),DmsdY(mean),DmsdY(std),DmsdZ(mean),DmsdZ(std)
5516.8858899999996,0,4901.5473375000001,0,5299.81783,0,0.74764682070741284,0,0.66425631352486791,0,0.71822981840357769,0