msdX(mean),msdX(std),msdY(mean),msdY(std),msdZ(mean),msdZ(std),DmsdX(mean),DmsdX(std),DmsdY(mean),DmsdY(std),DmsdZ(mean),DmsdZ(std)
4937.9228924999998,0,4405.1423624999998,0,4717.0637774999996,0,0.78753076369986819,0,0.70255959934397993,0,0.75230677351358821,0