msdX(mean),msdX(std),msdY(mean),msdY(std),msdZ(mean),msdZ(std),DmsdX(mean),DmsdX(std),DmsdY(mean),DmsdY(std),DmsdZ(mean),DmsdZ(std)
2341.1758224999999,0,2065.9261074999999,0,2138.252,0,1.0955432019185773,0,0.96674127632194662,0,1.0005858680393074,0