msdX(mean),msdX(std),msdY(mean),msdY(std),msdZ(mean),msdZ(std),DmsdX(mean),DmsdX(std),DmsdY(mean),DmsdY(std),DmsdZ(mean),DmsdZ(std)
3245.9547050000001,0,2823.8749499999999,0,2979.7261275000001,0,0.96990678436254985,0,0.84378733565737052,0,0.89035641259960163,0