msdX(mean),msdX(std),msdY(mean),msdY(std),msdZ(mean),msdZ(std),DmsdX(mean),DmsdX(std),DmsdY(mean),DmsdY(std),DmsdZ(mean),DmsdZ(std)
3447.7061975000001,0,3004.7371250000001,0,3182.6658025000002,0,0.94480137681093235,0,0.82341116383798896,0,0.87217032423223784,0