msdX(mean),msdX(std),msdY(mean),msdY(std),msdZ(mean),msdZ(std),DmsdX(mean),DmsdX(std),DmsdY(mean),DmsdY(std),DmsdZ(mean),DmsdZ(std)
657.89558499999998,0,614.2757325,0,578.09581749999995,0,1.5543288352496456,0,1.4512735844227438,0,1.3657957572058592,0