msdX(mean),msdX(std),msdY(mean),msdY(std),msdZ(mean),msdZ(std),DmsdX(mean),DmsdX(std),DmsdY(mean),DmsdY(std),DmsdZ(mean),DmsdZ(std)
6002.2220925000001,0,5357.5264475000004,0,5772.8640450000003,0,0.71564643769822034,0,0.63877921508739588,0,0.68830002046785954,0