msdX(mean),msdX(std),msdY(mean),msdY(std),msdZ(mean),msdZ(std),DmsdX(mean),DmsdX(std),DmsdY(mean),DmsdY(std),DmsdZ(mean),DmsdZ(std)
6086.3142324999999,0,5446.3451500000001,0,5878.3863099999999,0,0.70863932972265986,0,0.6341267028122114,0,0.68442994814912561,0