msdX(mean),msdX(std),msdY(mean),msdY(std),msdZ(mean),msdZ(std),DmsdX(mean),DmsdX(std),DmsdY(mean),DmsdY(std),DmsdZ(mean),DmsdZ(std)
906.62648750000005,0,830.86342749999994,0,800.68035499999996,0,1.4509119078736799,0,1.3296651458977915,0,1.2813619252107116,0