msdX(mean),msdX(std),msdY(mean),msdY(std),msdZ(mean),msdZ(std),DmsdX(mean),DmsdX(std),DmsdY(mean),DmsdY(std),DmsdZ(mean),DmsdZ(std)
2173.6347125000002,0,1926.3478,0,1980.0943024999999,0,1.1230932688333164,0,0.99532282732251742,0,1.023093056990803,0