msdX(mean),msdX(std),msdY(mean),msdY(std),msdZ(mean),msdZ(std),DmsdX(mean),DmsdX(std),DmsdY(mean),DmsdY(std),DmsdZ(mean),DmsdZ(std)
6472.1305425,0,5788.6687924999997,0,6244.7097574999998,0,0.68887629241527581,0,0.61613044879300061,0,0.66467023134153602,0