msdX(mean),msdX(std),msdY(mean),msdY(std),msdZ(mean),msdZ(std),DmsdX(mean),DmsdX(std),DmsdY(mean),DmsdY(std),DmsdZ(mean),DmsdZ(std)
6729.8687149999996,0,6032.0919224999998,0,6529.4949699999997,0,0.67298687149999992,0,0.60320919225000003,0,0.65294949699999993,0