msdX(mean),msdX(std),msdY(mean),msdY(std),msdZ(mean),msdZ(std),DmsdX(mean),DmsdX(std),DmsdY(mean),DmsdY(std),DmsdZ(mean),DmsdZ(std)
2420.7468475000001,0,2127.0149649999998,0,2216.0546650000001,0,1.0817529928948073,0,0.95049377290195713,0,0.99028271740101881,0