msdX(mean),msdX(std),msdY(mean),msdY(std),msdZ(mean),msdZ(std),DmsdX(mean),DmsdX(std),DmsdY(mean),DmsdY(std),DmsdZ(mean),DmsdZ(std)
1256.5499378125,0,1285.7938411875,0,1250.5335695624999,0,0.82092570986998981,0,0.84003125547153168,0,0.8169951129013816,0