msdX(mean),msdX(std),msdY(mean),msdY(std),msdZ(mean),msdZ(std),DmsdX(mean),DmsdX(std),DmsdY(mean),DmsdY(std),DmsdZ(mean),DmsdZ(std)
175.8648355,0,175.46248231249999,0,158.69424093750001,0,1.4628989505060308,0,1.4595520502911408,0,1.3200685507070569,0