msdX(mean),msdX(std),msdY(mean),msdY(std),msdZ(mean),msdZ(std),DmsdX(mean),DmsdX(std),DmsdY(mean),DmsdY(std),DmsdZ(mean),DmsdZ(std)
326.51898718749999,0,325.87553956250002,0,301.1865459375,0,1.2820587154800078,0,1.2795322540246057,0,1.182592288217394,0