msdX(mean),msdX(std),msdY(mean),msdY(std),msdZ(mean),msdZ(std),DmsdX(mean),DmsdX(std),DmsdY(mean),DmsdY(std),DmsdZ(mean),DmsdZ(std)
1118.9593351875001,0,1140.350239375,0,1104.456851125,0,0.86376111404338263,0,0.88027344889806625,0,0.85256617478482377,0