msdX(mean),msdX(std),msdY(mean),msdY(std),msdZ(mean),msdZ(std),DmsdX(mean),DmsdX(std),DmsdY(mean),DmsdY(std),DmsdZ(mean),DmsdZ(std)
2502.5612428750001,0,2562.0818663125001,0,2556.919166875,0,0.57631716654832277,0,0.59002422652471798,0,0.58883530364819225,0