msdX(mean),msdX(std),msdY(mean),msdY(std),msdZ(mean),msdZ(std),DmsdX(mean),DmsdX(std),DmsdY(mean),DmsdY(std),DmsdZ(mean),DmsdZ(std)
884.00854831250001,0,893.79943343750006,0,855.46190112500005,0,0.95268096809609348,0,0.96323243837000461,0,0.9219167322406826,0