msdX(mean),msdX(std),msdY(mean),msdY(std),msdZ(mean),msdZ(std),DmsdX(mean),DmsdX(std),DmsdY(mean),DmsdY(std),DmsdZ(mean),DmsdZ(std)
1715.4564043124999,0,1763.5141991875,0,1735.2986205,0,0.70835404327965312,0,0.72819828602766601,0,0.71654738123257977,0