msdX(mean),msdX(std),msdY(mean),msdY(std),msdZ(mean),msdZ(std),DmsdX(mean),DmsdX(std),DmsdY(mean),DmsdY(std),DmsdZ(mean),DmsdZ(std)
966.26087656250002,0,980.26417787499997,0,941.75462468750004,0,0.91884830407236606,0,0.93216449018162806,0,0.89554452708967303,0