msdX(mean),msdX(std),msdY(mean),msdY(std),msdZ(mean),msdZ(std),DmsdX(mean),DmsdX(std),DmsdY(mean),DmsdY(std),DmsdZ(mean),DmsdZ(std)
995.28608574999998,0,1010.5210051875,0,972.24583581249999,0,0.90777643720357526,0,0.92167183982807366,0,0.88676198085780733,0