msdX(mean),msdX(std),msdY(mean),msdY(std),msdZ(mean),msdZ(std),DmsdX(mean),DmsdX(std),DmsdY(mean),DmsdY(std),DmsdZ(mean),DmsdZ(std)
3165.1382405625,0,3211.140179125,0,3238.9424103749998,0,0.50077735613168362,0,0.50805562564769913,0,0.51245439966695405,0