msdX(mean),msdX(std),msdY(mean),msdY(std),msdZ(mean),msdZ(std),DmsdX(mean),DmsdX(std),DmsdY(mean),DmsdY(std),DmsdZ(mean),DmsdZ(std)
648.52909362499997,0,651.77316093750005,0,616.36675075000005,0,1.0606123423871565,0,1.0659177294006215,0,1.0080136569177933,0