msdX(mean),msdX(std),msdY(mean),msdY(std),msdZ(mean),msdZ(std),DmsdX(mean),DmsdX(std),DmsdY(mean),DmsdY(std),DmsdZ(mean),DmsdZ(std)
224.16774799999999,0,223.44234868749999,0,203.7002009375,0,1.3926345910126319,0,1.3881280721940359,0,1.2654806436373991,0