msdX(mean),msdX(std),msdY(mean),msdY(std),msdZ(mean),msdZ(std),DmsdX(mean),DmsdX(std),DmsdY(mean),DmsdY(std),DmsdZ(mean),DmsdZ(std)
690.26429050000002,0,694.99293312500004,0,658.22646268749997,0,1.0385119716649951,0,1.0456262785230692,0,0.990310625908977,0