msdX(mean),msdX(std),msdY(mean),msdY(std),msdZ(mean),msdZ(std),DmsdX(mean),DmsdX(std),DmsdY(mean),DmsdY(std),DmsdZ(mean),DmsdZ(std)
440.63226793749999,0,440.45323999999999,0,410.88706243749999,0,1.1887026696753742,0,1.1882197023515129,0,1.108458421215323,0