msdX(mean),msdX(std),msdY(mean),msdY(std),msdZ(mean),msdZ(std),DmsdX(mean),DmsdX(std),DmsdY(mean),DmsdY(std),DmsdZ(mean),DmsdZ(std)
49.580237124999996,0,49.754983562500001,0,44.405435187499997,0,1.774948823090692,0,1.7812046621420048,0,1.5896933838007159,0