msdX(mean),msdX(std),msdY(mean),msdY(std),msdZ(mean),msdZ(std),DmsdX(mean),DmsdX(std),DmsdY(mean),DmsdY(std),DmsdZ(mean),DmsdZ(std)
831.63648224999997,0,838.80670437499998,0,800.80851762500004,0,0.97419345831706361,0,0.9825927813842249,0,0.93808104368410783,0