msdX(mean),msdX(std),msdY(mean),msdY(std),msdZ(mean),msdZ(std),DmsdX(mean),DmsdX(std),DmsdY(mean),DmsdY(std),DmsdZ(mean),DmsdZ(std)
92.602172312500002,0,92.513896250000002,0,82.874503812499995,0,1.6317563403083701,0,1.6302008149779736,0,1.4603436795154183,0