msdX(mean),msdX(std),msdY(mean),msdY(std),msdZ(mean),msdZ(std),DmsdX(mean),DmsdX(std),DmsdY(mean),DmsdY(std),DmsdZ(mean),DmsdZ(std)
3083.2551063125002,0,3131.5208776250001,0,3153.3826051249998,0,0.5085991350261867,0,0.51656082768361589,0,0.52016703453750668,0