msdX(mean),msdX(std),msdY(mean),msdY(std),msdZ(mean),msdZ(std),DmsdX(mean),DmsdX(std),DmsdY(mean),DmsdY(std),DmsdZ(mean),DmsdZ(std)
275.66303125000002,0,274.69033174999998,0,252.40619356249999,0,1.3334232404869399,0,1.3287181477749113,0,1.2209264441913898,0