msdX(mean),msdX(std),msdY(mean),msdY(std),msdZ(mean),msdZ(std),DmsdX(mean),DmsdX(std),DmsdY(mean),DmsdY(std),DmsdZ(mean),DmsdZ(std)
1762.9639366250001,0,1811.960147125,0,1786.5821626874999,0,0.69823119197790018,0,0.71763640030298226,0,0.7075853153342706,0