msdX(mean),msdX(std),msdY(mean),msdY(std),msdZ(mean),msdZ(std),DmsdX(mean),DmsdX(std),DmsdY(mean),DmsdY(std),DmsdZ(mean),DmsdZ(std)
51.478075750000002,0,51.590642375000002,0,46.058451312499997,0,1.7679934430452204,0,1.7718594977103606,0,1.5818586598454492,0