msdX(mean),msdX(std),msdY(mean),msdY(std),msdZ(mean),msdZ(std),DmsdX(mean),DmsdX(std),DmsdY(mean),DmsdY(std),DmsdZ(mean),DmsdZ(std)
80.073145749999995,0,80.041515625000002,0,71.663289812499997,0,1.667032874739764,0,1.6663743710964609,0,1.4919491286433033,0