msdX(mean),msdX(std),msdY(mean),msdY(std),msdZ(mean),msdZ(std),DmsdX(mean),DmsdX(std),DmsdY(mean),DmsdY(std),DmsdZ(mean),DmsdZ(std)
628.65644993750004,0,630.90242056249997,0,596.01517981250004,0,1.07190846560715,0,1.07573802136321,0,1.016252544509648,0