msdX(mean),msdX(std),msdY(mean),msdY(std),msdZ(mean),msdZ(std),DmsdX(mean),DmsdX(std),DmsdY(mean),DmsdY(std),DmsdZ(mean),DmsdZ(std)
195.3076506875,0,194.6864454375,0,176.64083324999999,0,1.4336260143442625,0,1.429066151975777,0,1.2966050886958649,0