msdX(mean),msdX(std),msdY(mean),msdY(std),msdZ(mean),msdZ(std),DmsdX(mean),DmsdX(std),DmsdY(mean),DmsdY(std),DmsdZ(mean),DmsdZ(std)
36.856900375000002,0,36.9881406875,0,33.071415125000001,0,1.8428450187500001,0,1.849407034375,0,1.6535707562500002,0