msdX(mean),msdX(std),msdY(mean),msdY(std),msdZ(mean),msdZ(std),DmsdX(mean),DmsdX(std),DmsdY(mean),DmsdY(std),DmsdZ(mean),DmsdZ(std)
1055.8956711875001,0,1075.396677875,0,1037.1286204999999,0,0.8859795582425497,0,0.90234243741871434,0,0.87023252590655453,0