msdX(mean),msdX(std),msdY(mean),msdY(std),msdZ(mean),msdZ(std),DmsdX(mean),DmsdX(std),DmsdY(mean),DmsdY(std),DmsdZ(mean),DmsdZ(std)
1151.7879853125,0,1175.4110936874999,0,1140.2093605625,0,0.85277621756151445,0,0.87026661098805502,0,0.84420348026543113,0