msdX(mean),msdX(std),msdY(mean),msdY(std),msdZ(mean),msdZ(std),DmsdX(mean),DmsdX(std),DmsdY(mean),DmsdY(std),DmsdZ(mean),DmsdZ(std)
361.10621962499999,0,360.69473612500002,0,334.42984481249999,0,1.2511620475544263,0,1.2497363381359359,0,1.1587336541404401,0