msdX(mean),msdX(std),msdY(mean),msdY(std),msdZ(mean),msdZ(std),DmsdX(mean),DmsdX(std),DmsdY(mean),DmsdY(std),DmsdZ(mean),DmsdZ(std)
1333.0437246874999,0,1362.6137195624999,0,1327.8466981250001,0,0.80119628045207303,0,0.81896866816005365,0,0.79807272323172629,0