msdX(mean),msdX(std),msdY(mean),msdY(std),msdZ(mean),msdZ(std),DmsdX(mean),DmsdX(std),DmsdY(mean),DmsdY(std),DmsdZ(mean),DmsdZ(std)
758.04817624999998,0,764.05566456250006,0,727.26133862500001,0,1.0063699651510123,0,1.0143453893959509,0,0.96549796033853308,0