msdX(mean),msdX(std),msdY(mean),msdY(std),msdZ(mean),msdZ(std),DmsdX(mean),DmsdX(std),DmsdY(mean),DmsdY(std),DmsdZ(mean),DmsdZ(std)
82.985866062499994,0,82.952989187499995,0,74.334027000000006,0,1.6575073115013315,0,1.6568506495505992,0,1.4847009387483359,0