msdX(mean),msdX(std),msdY(mean),msdY(std),msdZ(mean),msdZ(std),DmsdX(mean),DmsdX(std),DmsdY(mean),DmsdY(std),DmsdZ(mean),DmsdZ(std)
53.4285785625,0,53.526849187499998,0,47.822946937499999,0,1.7594482512349068,0,1.7626843859769483,0,1.5748500638035126,0