msdX(mean),msdX(std),msdY(mean),msdY(std),msdZ(mean),msdZ(std),DmsdX(mean),DmsdX(std),DmsdY(mean),DmsdY(std),DmsdZ(mean),DmsdZ(std)
111.10300562499999,0,110.90302431249999,0,99.313502749999998,0,1.5894564467095849,0,1.5865954837267522,0,1.4207940307582259,0