msdX(mean),msdX(std),msdY(mean),msdY(std),msdZ(mean),msdZ(std),DmsdX(mean),DmsdX(std),DmsdY(mean),DmsdY(std),DmsdZ(mean),DmsdZ(std)
469.95931849999999,0,470.13877918750001,0,439.89621599999998,0,1.1663450988583719,0,1.1667904844163632,0,1.0917344870946393,0