msdX(mean),msdX(std),msdY(mean),msdY(std),msdZ(mean),msdZ(std),DmsdX(mean),DmsdX(std),DmsdY(mean),DmsdY(std),DmsdZ(mean),DmsdZ(std)
39.762289500000001,0,39.846294562499999,0,35.602539562499999,0,1.8281512413793104,0,1.8320135431034483,0,1.6368983706896552,0