msdX(mean),msdX(std),msdY(mean),msdY(std),msdZ(mean),msdZ(std),DmsdX(mean),DmsdX(std),DmsdY(mean),DmsdY(std),DmsdZ(mean),DmsdZ(std)
386.14121543750002,0,385.47977262500001,0,358.23062281249997,0,1.2307943543481725,0,1.2286860580907353,0,1.1418315644257329,0