msdX(mean),msdX(std),msdY(mean),msdY(std),msdZ(mean),msdZ(std),DmsdX(mean),DmsdX(std),DmsdY(mean),DmsdY(std),DmsdZ(mean),DmsdZ(std)
426.31457549999999,0,426.01872956250003,0,397.07315356250001,0,1.1990284784137251,0,1.1981963987132611,0,1.1167856941710026,0