msdX(mean),msdX(std),msdY(mean),msdY(std),msdZ(mean),msdZ(std),DmsdX(mean),DmsdX(std),DmsdY(mean),DmsdY(std),DmsdZ(mean),DmsdZ(std)
1185.8416340624999,0,1212.0274523749999,0,1176.4735330625001,0,0.84212735437453379,0,0.86072325560132079,0,0.83547458229769556,0