msdX(mean),msdX(std),msdY(mean),msdY(std),msdZ(mean),msdZ(std),DmsdX(mean),DmsdX(std),DmsdY(mean),DmsdY(std),DmsdZ(mean),DmsdZ(std)
96.067473875000005,0,95.985825687499997,0,86.014437125000001,0,1.6236756147887326,0,1.6222956454225352,0,1.4537651345070424,0