msdX(mean),msdX(std),msdY(mean),msdY(std),msdZ(mean),msdZ(std),DmsdX(mean),DmsdX(std),DmsdY(mean),DmsdY(std),DmsdZ(mean),DmsdZ(std)
41.268752249999999,0,41.331854437499999,0,36.9306104375,0,1.8206802463235292,0,1.823464166360294,0,1.6292916369485293,0