msdX(mean),msdX(std),msdY(mean),msdY(std),msdZ(mean),msdZ(std),DmsdX(mean),DmsdX(std),DmsdY(mean),DmsdY(std),DmsdZ(mean),DmsdZ(std)
266.40282893749998,0,265.46470937499998,0,243.54807049999999,0,1.3434333279752897,0,1.3387025182803831,0,1.2281798814926876,0