msdX(mean),msdX(std),msdY(mean),msdY(std),msdZ(mean),msdZ(std),DmsdX(mean),DmsdX(std),DmsdY(mean),DmsdY(std),DmsdZ(mean),DmsdZ(std)
782.280124,0,788.30100631250002,0,750.94066024999995,0,0.99611221222410862,0,1.0037788705167656,0,0.95620627366298805,0