msdX(mean),msdX(std),msdY(mean),msdY(std),msdZ(mean),msdZ(std),DmsdX(mean),DmsdX(std),DmsdY(mean),DmsdY(std),DmsdZ(mean),DmsdZ(std)
589.72901687499996,0,591.16949431249998,0,557.34884687500005,0,1.09300160666296,0,1.0956713822861643,0,1.0329883178111392,0