msdX(mean),msdX(std),msdY(mean),msdY(std),msdZ(mean),msdZ(std),DmsdX(mean),DmsdX(std),DmsdY(mean),DmsdY(std),DmsdZ(mean),DmsdZ(std)
2779.0143961875001,0,2834.1155186874998,0,2840.5870365625001,0,0.54164253782366345,0,0.55238199706100188,0,0.55364332531111649,0