msdX(mean),msdX(std),msdY(mean),msdY(std),msdZ(mean),msdZ(std),DmsdX(mean),DmsdX(std),DmsdY(mean),DmsdY(std),DmsdZ(mean),DmsdZ(std)
1667.9914964375,0,1713.0336426250001,0,1686.0001705,0,0.71809003283549433,0,0.73748120857220767,0,0.72584297964396671,0