msdX(mean),msdX(std),msdY(mean),msdY(std),msdZ(mean),msdZ(std),DmsdX(mean),DmsdX(std),DmsdY(mean),DmsdY(std),DmsdZ(mean),DmsdZ(std)
1370.5428384375,0,1403.7732209374999,0,1369.409234625,0,0.79008243873761774,0,0.80923889332587107,0,0.78942894550878639,0