msdX(mean),msdX(std),msdY(mean),msdY(std),msdZ(mean),msdZ(std),DmsdX(mean),DmsdX(std),DmsdY(mean),DmsdY(std),DmsdZ(mean),DmsdZ(std)
59.734585187500002,0,59.779855124999997,0,53.374810937500001,0,1.736470499636628,0,1.7377864861918604,0,1.5515933412063954,0