msdX(mean),msdX(std),msdY(mean),msdY(std),msdZ(mean),msdZ(std),DmsdX(mean),DmsdX(std),DmsdY(mean),DmsdY(std),DmsdZ(mean),DmsdZ(std)
2373.3266826250001,0,2430.7632185000002,0,2428.0579736875002,0,0.59410400586387313,0,0.60848183100530695,0,0.60780463945316421,0