msdX(mean),msdX(std),msdY(mean),msdY(std),msdZ(mean),msdZ(std),DmsdX(mean),DmsdX(std),DmsdY(mean),DmsdY(std),DmsdZ(mean),DmsdZ(std)
534.99314106249994,0,535.93543756250006,0,503.7513199375,0,1.1236990990600715,0,1.1256782977578241,0,1.0580788068420501,0