msdX(mean),msdX(std),msdY(mean),msdY(std),msdZ(mean),msdZ(std),DmsdX(mean),DmsdX(std),DmsdY(mean),DmsdY(std),DmsdZ(mean),DmsdZ(std)
1621.363746,0,1666.4514759374999,0,1635.4891874375,0,0.7277433852000359,0,0.74798085337869169,0,0.73408353964997453,0