msdX(mean),msdX(std),msdY(mean),msdY(std),msdZ(mean),msdZ(std),DmsdX(mean),DmsdX(std),DmsdY(mean),DmsdY(std),DmsdZ(mean),DmsdZ(std)
570.70427031249994,0,572.60829487499996,0,538.96299331249998,0,1.1027746680863739,0,1.1064538241119448,0,1.0414408424446877,0