msdX(mean),msdX(std),msdY(mean),msdY(std),msdZ(mean),msdZ(std),DmsdX(mean),DmsdX(std),DmsdY(mean),DmsdY(std),DmsdZ(mean),DmsdZ(std)
103.3518580625,0,103.1649931875,0,92.378050437499994,0,1.6069218667400882,0,1.6040164786861884,0,1.4363003436771185,0