msdX(mean),msdX(std),msdY(mean),msdY(std),msdZ(mean),msdZ(std),DmsdX(mean),DmsdX(std),DmsdY(mean),DmsdY(std),DmsdZ(mean),DmsdZ(std)
89.269987437500006,0,89.206815312499998,0,79.941149312500002,0,1.639987521815677,0,1.6388269806338029,0,1.4686065397274954,0