msdX(mean),msdX(std),msdY(mean),msdY(std),msdZ(mean),msdZ(std),DmsdX(mean),DmsdX(std),DmsdY(mean),DmsdY(std),DmsdZ(mean),DmsdZ(std)
69.129768999999996,0,69.157047750000004,0,61.843532750000001,0,1.7006093234932349,0,1.7012803874538747,0,1.5213661193111931,0