msdX(mean),msdX(std),msdY(mean),msdY(std),msdZ(mean),msdZ(std),DmsdX(mean),DmsdX(std),DmsdY(mean),DmsdY(std),DmsdZ(mean),DmsdZ(std)
44.439292375000001,0,44.535795125,0,39.767958874999998,0,1.8028110496957406,0,1.8067259685598378,0,1.6133046196754564,0