msdX(mean),msdX(std),msdY(mean),msdY(std),msdZ(mean),msdZ(std),DmsdX(mean),DmsdX(std),DmsdY(mean),DmsdY(std),DmsdZ(mean),DmsdZ(std)
734.71503493750004,0,740.35456375000001,0,703.26609206249998,0,1.0169300813455904,0,1.0247358376202449,0,0.97340112860158245,0