msdX(mean),msdX(std),msdY(mean),msdY(std),msdZ(mean),msdZ(std),DmsdX(mean),DmsdX(std),DmsdY(mean),DmsdY(std),DmsdZ(mean),DmsdZ(std)
1024.9989087500001,0,1041.9150944375001,0,1004.3315606875,0,0.89669657395932068,0,0.91149530751986596,0,0.87861622280746521,0