msdX(mean),msdX(std),msdY(mean),msdY(std),msdZ(mean),msdZ(std),DmsdX(mean),DmsdX(std),DmsdY(mean),DmsdY(std),DmsdZ(mean),DmsdZ(std)
1221.8684588125,0,1248.6927744375,0,1212.8108474374999,0,0.83225987113738542,0,0.85053090621026706,0,0.82609039649271188,0