msdX(mean),msdX(std),msdY(mean),msdY(std),msdZ(mean),msdZ(std),DmsdX(mean),DmsdX(std),DmsdY(mean),DmsdY(std),DmsdZ(mean),DmsdZ(std)
1914.2281103124999,0,1966.6320836875,0,1945.1631588124999,0,0.66897526075946778,0,0.68728915008358282,0,0.67978629316746841,0