msdX(mean),msdX(std),msdY(mean),msdY(std),msdZ(mean),msdZ(std),DmsdX(mean),DmsdX(std),DmsdY(mean),DmsdY(std),DmsdZ(mean),DmsdZ(std)
46.077923875000003,0,46.206309687500003,0,41.258803562499999,0,1.7929153258754866,0,1.7979108827821013,0,1.6054009168287937,0