msdX(mean),msdX(std),msdY(mean),msdY(std),msdZ(mean),msdZ(std),DmsdX(mean),DmsdX(std),DmsdY(mean),DmsdY(std),DmsdZ(mean),DmsdZ(std)
937.03959625000005,0,951.02371281249998,0,911.47444618750001,0,0.92900371412283755,0,0.9428679054305259,0,0.9036578061641799,0