msdX(mean),msdX(std),msdY(mean),msdY(std),msdZ(mean),msdZ(std),DmsdX(mean),DmsdX(std),DmsdY(mean),DmsdY(std),DmsdZ(mean),DmsdZ(std)
147.51628131250001,0,147.27758012499999,0,132.56944912500001,0,1.5116954532450899,0,1.509249326643894,0,1.3585255247651582,0