msdX(mean),msdX(std),msdY(mean),msdY(std),msdZ(mean),msdZ(std),DmsdX(mean),DmsdX(std),DmsdY(mean),DmsdY(std),DmsdZ(mean),DmsdZ(std)
2676.8011171875,0,2706.5785234374998,0,2401.5889687499998,0,1.5439371980894017,0,1.5611123422855082,0,1.3851991167988462,0