msdX(mean),msdX(std),msdY(mean),msdY(std),msdZ(mean),msdZ(std),DmsdX(mean),DmsdX(std),DmsdY(mean),DmsdY(std),DmsdZ(mean),DmsdZ(std)
6595.7152617187503,0,6852.0043476562496,0,5831.5253281249998,0,1.2779298157846937,0,1.3275862141256962,0,1.1298668594090577,0