msdX(mean),msdX(std),msdY(mean),msdY(std),msdZ(mean),msdZ(std),DmsdX(mean),DmsdX(std),DmsdY(mean),DmsdY(std),DmsdZ(mean),DmsdZ(std)
9975.4098867187495,0,10388.7605546875,0,8747.9194414062495,0,1.1752483298868488,0,1.2239470488071276,0,1.0306321073769082,0