msdX(mean),msdX(std),msdY(mean),msdY(std),msdZ(mean),msdZ(std),DmsdX(mean),DmsdX(std),DmsdY(mean),DmsdY(std),DmsdZ(mean),DmsdZ(std)
6046.6117148437497,0,6278.3019179687499,0,5369.5429804687501,0,1.2983397629671878,0,1.3480887161980808,0,1.1529582995034557,0