msdX(mean),msdX(std),msdY(mean),msdY(std),msdZ(mean),msdZ(std),DmsdX(mean),DmsdX(std),DmsdY(mean),DmsdY(std),DmsdZ(mean),DmsdZ(std)
4966.6883671875003,0,5089.5261601562497,0,4399.7399335937498,0,1.3610472803436857,0,1.3947091555577755,0,1.2056834711834892,0