msdX(mean),msdX(std),msdY(mean),msdY(std),msdZ(mean),msdZ(std),DmsdX(mean),DmsdX(std),DmsdY(mean),DmsdY(std),DmsdZ(mean),DmsdZ(std)
5066.2760820312496,0,5211.6043242187498,0,4493.3575781250001,0,1.3510069552083332,0,1.389761153125,0,1.1982286875000001,0