msdX(mean),msdX(std),msdY(mean),msdY(std),msdZ(mean),msdZ(std),DmsdX(mean),DmsdX(std),DmsdY(mean),DmsdY(std),DmsdZ(mean),DmsdZ(std)
3927.4908593750001,0,4010.8781445312502,0,3472.3839023437499,0,1.4324106165944837,0,1.4628231208684752,0,1.2664267708570778,0