msdX(mean),msdX(std),msdY(mean),msdY(std),msdZ(mean),msdZ(std),DmsdX(mean),DmsdX(std),DmsdY(mean),DmsdY(std),DmsdZ(mean),DmsdZ(std)
2274.7203828124998,0,2295.0734414062499,0,2041.2736484375,0,1.5892086220071318,0,1.6034280647332799,0,1.4261136034495305,0