msdX(mean),msdX(std),msdY(mean),msdY(std),msdZ(mean),msdZ(std),DmsdX(mean),DmsdX(std),DmsdY(mean),DmsdY(std),DmsdZ(mean),DmsdZ(std)
8481.2159609374994,0,8814.7246015625005,0,7497.1688828124998,0,1.2157996838042049,0,1.2636088307101898,0,1.0747345190986739,0