msdX(mean),msdX(std),msdY(mean),msdY(std),msdZ(mean),msdZ(std),DmsdX(mean),DmsdX(std),DmsdY(mean),DmsdY(std),DmsdZ(mean),DmsdZ(std)
1403.2908749999999,0,1441.7228398437501,0,1298.2403242187499,0,1.6977432136105859,0,1.744239352551985,0,1.5706499196597352,0