msdX(mean),msdX(std),msdY(mean),msdY(std),msdZ(mean),msdZ(std),DmsdX(mean),DmsdX(std),DmsdY(mean),DmsdY(std),DmsdZ(mean),DmsdZ(std)
7347.1368710937504,0,7616.2975937499996,0,6516.5496132812495,0,1.2523084045754769,0,1.2981864440183231,0,1.1107360585117716,0