msdX(mean),msdX(std),msdY(mean),msdY(std),msdZ(mean),msdZ(std),DmsdX(mean),DmsdX(std),DmsdY(mean),DmsdY(std),DmsdZ(mean),DmsdZ(std)
8905.5207578124991,0,9239.4077382812502,0,7827.4376015625003,0,1.2068634406894505,0,1.252111326917376,0,1.060763152712489,0