msdX(mean),msdX(std),msdY(mean),msdY(std),msdZ(mean),msdZ(std),DmsdX(mean),DmsdX(std),DmsdY(mean),DmsdY(std),DmsdZ(mean),DmsdZ(std)
7553.2927265625003,0,7841.6879296875004,0,6714.0201171874996,0,1.244663568522778,0,1.2921865516323938,0,1.1063646730921075,0