msdX(mean),msdX(std),msdY(mean),msdY(std),msdZ(mean),msdZ(std),DmsdX(mean),DmsdX(std),DmsdY(mean),DmsdY(std),DmsdZ(mean),DmsdZ(std)
9398.0168515624991,0,9777.3026640624994,0,8246.0776679687497,0,1.1921689496947592,0,1.2402825864187743,0,1.0460417243122175,0