msdX(mean),msdX(std),msdY(mean),msdY(std),msdZ(mean),msdZ(std),DmsdX(mean),DmsdX(std),DmsdY(mean),DmsdY(std),DmsdZ(mean),DmsdZ(std)
10092.919160156251,0,10494.9370546875,0,8824.0805156250008,0,1.1751324884478243,0,1.2219399859918498,0,1.0273998562800175,0