msdX(mean),msdX(std),msdY(mean),msdY(std),msdZ(mean),msdZ(std),DmsdX(mean),DmsdX(std),DmsdY(mean),DmsdY(std),DmsdZ(mean),DmsdZ(std)
1697.05303515625,0,1735.3676171874999,0,1569.53044140625,0,1.6506290919452886,0,1.6878955547112462,0,1.5265949582066869,0