msdX(mean),msdX(std),msdY(mean),msdY(std),msdZ(mean),msdZ(std),DmsdX(mean),DmsdX(std),DmsdY(mean),DmsdY(std),DmsdZ(mean),DmsdZ(std)
10871.05159375,0,11328.988808593749,0,9488.5407187500005,0,1.1570846763642815,0,1.205826247449941,0,1.0099340410670332,0