msdX(mean),msdX(std),msdY(mean),msdY(std),msdZ(mean),msdZ(std),DmsdX(mean),DmsdX(std),DmsdY(mean),DmsdY(std),DmsdZ(mean),DmsdZ(std)
10498.16352734375,0,10914.731437500001,0,9171.9660664062503,0,1.1675030972336455,0,1.213829707030571,0,1.020016383090254,0