msdX(mean),msdX(std),msdY(mean),msdY(std),msdZ(mean),msdZ(std),DmsdX(mean),DmsdX(std),DmsdY(mean),DmsdY(std),DmsdZ(mean),DmsdZ(std)
2805.87315234375,0,2847.3953085937501,0,2512.1943906249999,0,1.5294334693674767,0,1.552066486628435,0,1.3693541988416986,0