msdX(mean),msdX(std),msdY(mean),msdY(std),msdZ(mean),msdZ(std),DmsdX(mean),DmsdX(std),DmsdY(mean),DmsdY(std),DmsdZ(mean),DmsdZ(std)
6476.1273085937501,0,6738.6996015625,0,5739.3849414062497,0,1.2797616748147385,0,1.331649159633594,0,1.1341724050535198,0