msdX(mean),msdX(std),msdY(mean),msdY(std),msdZ(mean),msdZ(std),DmsdX(mean),DmsdX(std),DmsdY(mean),DmsdY(std),DmsdZ(mean),DmsdZ(std)
1550.112046875,0,1584.9595234374999,0,1435.0000312499999,0,1.6716553190294314,0,1.7092351634464162,0,1.5475174455178609,0