msdX(mean),msdX(std),msdY(mean),msdY(std),msdZ(mean),msdZ(std),DmsdX(mean),DmsdX(std),DmsdY(mean),DmsdY(std),DmsdZ(mean),DmsdZ(std)
4618.5300781249998,0,4732.3327382812504,0,4092.98032421875,0,1.3800388679656372,0,1.4140436468967879,0,1.2230020889099849,0