msdX(mean),msdX(std),msdY(mean),msdY(std),msdZ(mean),msdZ(std),DmsdX(mean),DmsdX(std),DmsdY(mean),DmsdY(std),DmsdZ(mean),DmsdZ(std)
9202.6418671874999,0,9558.09500390625,0,8080.3866992187504,0,1.1980331686827044,0,1.2443073423218789,0,1.0519339360540805,0