msdX(mean),msdX(std),msdY(mean),msdY(std),msdZ(mean),msdZ(std),DmsdX(mean),DmsdX(std),DmsdY(mean),DmsdY(std),DmsdZ(mean),DmsdZ(std)
7134.931046875,0,7392.5923984375004,0,6324.6159765624998,0,1.2594064399580782,0,1.3048869587401402,0,1.1163754826521044,0