msdX(mean),msdX(std),msdY(mean),msdY(std),msdZ(mean),msdZ(std),DmsdX(mean),DmsdX(std),DmsdY(mean),DmsdY(std),DmsdZ(mean),DmsdZ(std)
5936.6576406249997,0,6161.0323828125001,0,5282.9986953124999,0,1.3029105516437289,0,1.352153785263591,0,1.1594528708106624,0