msdX(mean),msdX(std),msdY(mean),msdY(std),msdZ(mean),msdZ(std),DmsdX(mean),DmsdX(std),DmsdY(mean),DmsdY(std),DmsdZ(mean),DmsdZ(std)
6251.9443789062498,0,6500.8441367187497,0,5560.6035000000002,0,1.2867116740808231,0,1.3379376934826883,0,1.144426918212027,0