msdX(mean),msdX(std),msdY(mean),msdY(std),msdZ(mean),msdZ(std),DmsdX(mean),DmsdX(std),DmsdY(mean),DmsdY(std),DmsdZ(mean),DmsdZ(std)
3554.5936523437499,0,3642.1265273437498,0,3167.1984453125001,0,1.4571117068405992,0,1.4929934951321573,0,1.2983092819932531,0