msdX(mean),msdX(std),msdY(mean),msdY(std),msdZ(mean),msdZ(std),DmsdX(mean),DmsdX(std),DmsdY(mean),DmsdY(std),DmsdZ(mean),DmsdZ(std)
3182.8173906249999,0,3243.95891796875,0,2835.1948789062499,0,1.4894002900316838,0,1.5180114848891053,0,1.3267302382403117,0