msdX(mean),msdX(std),msdY(mean),msdY(std),msdZ(mean),msdZ(std),DmsdX(mean),DmsdX(std),DmsdY(mean),DmsdY(std),DmsdZ(mean),DmsdZ(std)
1846.3144765625,0,1874.6369414062499,0,1691.2912578124999,0,1.6354141885034137,0,1.6605014428400071,0,1.4980989181583315,0