msdX(mean),msdX(std),msdY(mean),msdY(std),msdZ(mean),msdZ(std),DmsdX(mean),DmsdX(std),DmsdY(mean),DmsdY(std),DmsdZ(mean),DmsdZ(std)
5293.7273593749997,0,5454.8730078125,0,4681.2014179687503,0,1.3396542151047843,0,1.3804344503756425,0,1.1846456731909847,0