msdX(mean),msdX(std),msdY(mean),msdY(std),msdZ(mean),msdZ(std),DmsdX(mean),DmsdX(std),DmsdY(mean),DmsdY(std),DmsdZ(mean),DmsdZ(std)
2411.3271210937501,0,2425.5112070312498,0,2161.6977812499999,0,1.5737807031409341,0,1.5830381118702834,0,1.4108572098715071,0