msdX(mean),msdX(std),msdY(mean),msdY(std),msdZ(mean),msdZ(std),DmsdX(mean),DmsdX(std),DmsdY(mean),DmsdY(std),DmsdZ(mean),DmsdZ(std)
11267.765941406249,0,11727.797453125,0,9812.2491445312498,0,1.14995538231542,0,1.1969048588741829,0,1.0014095762238877,0