msdX(mean),msdX(std),msdY(mean),msdY(std),msdZ(mean),msdZ(std),DmsdX(mean),DmsdX(std),DmsdY(mean),DmsdY(std),DmsdZ(mean),DmsdZ(std)
8377.5006250000006,0,8704.5066757812492,0,7415.9422929687498,0,1.2185455454545455,0,1.266110061931818,0,1.078682515340909,0