msdX(mean),msdX(std),msdY(mean),msdY(std),msdZ(mean),msdZ(std),DmsdX(mean),DmsdX(std),DmsdY(mean),DmsdY(std),DmsdZ(mean),DmsdZ(std)
7890.3944687499998,0,8159.3483593749997,0,6976.5195117187504,0,1.2384981753077942,0,1.2807139230882425,0,1.0950538302594792,0