msdX(mean),msdX(std),msdY(mean),msdY(std),msdZ(mean),msdZ(std),DmsdX(mean),DmsdX(std),DmsdY(mean),DmsdY(std),DmsdZ(mean),DmsdZ(std)
10392.518203125001,0,10792.862042968751,0,9087.4033398437496,0,1.1688615166071115,0,1.2138887658895203,0,1.0220733649171108,0