msdX(mean),msdX(std),msdY(mean),msdY(std),msdZ(mean),msdZ(std),DmsdX(mean),DmsdX(std),DmsdY(mean),DmsdY(std),DmsdZ(mean),DmsdZ(std)
10779.581105468749,0,11222.90929296875,0,9400.7279062500002,0,1.1597962321800819,0,1.2074947796886557,0,1.0114427173693767,0