msdX(mean),msdX(std),msdY(mean),msdY(std),msdZ(mean),msdZ(std),DmsdX(mean),DmsdX(std),DmsdY(mean),DmsdY(std),DmsdZ(mean),DmsdZ(std)
5389.5782812500001,0,5576.3832304687503,0,4783.9064648437497,0,1.3299733054006118,0,1.3760707146621083,0,1.1805131239878672,0