msdX(mean),msdX(std),msdY(mean),msdY(std),msdZ(mean),msdZ(std),DmsdX(mean),DmsdX(std),DmsdY(mean),DmsdY(std),DmsdZ(mean),DmsdZ(std)
5610.2189453125002,0,5817.5610195312502,0,4973.4738632812496,0,1.3188232008178655,0,1.3675641752167098,0,1.1691402391767469,0