msdX(mean),msdX(std),msdY(mean),msdY(std),msdZ(mean),msdZ(std),DmsdX(mean),DmsdX(std),DmsdY(mean),DmsdY(std),DmsdZ(mean),DmsdZ(std)
9688.25872265625,0,10074.920769531251,0,8496.8471562499999,0,1.1835848835914533,0,1.2308222011364069,0,1.0380337829755284,0