msdX(mean),msdX(std),msdY(mean),msdY(std),msdZ(mean),msdZ(std),DmsdX(mean),DmsdX(std),DmsdY(mean),DmsdY(std),DmsdZ(mean),DmsdZ(std)
2807.86445,0,2456.0342649999998,0,2570.7444125000002,0,1.0240703839233611,0,0.89575262534040057,0,0.9375891409137328,0