msdX(mean),msdX(std),msdY(mean),msdY(std),msdZ(mean),msdZ(std),DmsdX(mean),DmsdX(std),DmsdY(mean),DmsdY(std),DmsdZ(mean),DmsdZ(std)
5950.9361225000002,0,5310.9357950000003,0,5733.2741800000003,0,0.71816855067420793,0,0.6409322809226512,0,0.6919007570759651,0