msdX(mean),msdX(std),msdY(mean),msdY(std),msdZ(mean),msdZ(std),DmsdX(mean),DmsdX(std),DmsdY(mean),DmsdY(std),DmsdZ(mean),DmsdZ(std)
1824.8087250000001,0,1626.3630450000001,0,1657.9135799999999,0,1.1910247530676183,0,1.0615022920111392,0,1.0820948437907929,0