msdX(mean),msdX(std),msdY(mean),msdY(std),msdZ(mean),msdZ(std),DmsdX(mean),DmsdX(std),DmsdY(mean),DmsdY(std),DmsdZ(mean),DmsdZ(std)
4722.3151525000003,0,4213.313795,0,4497.1689999999999,0,0.8049034962899414,0,0.71814584479114585,0,0.7665280555429298,0