msdX(mean),msdX(std),msdY(mean),msdY(std),msdZ(mean),msdZ(std),DmsdX(mean),DmsdX(std),DmsdY(mean),DmsdY(std),DmsdZ(mean),DmsdZ(std)
4292.4053800000002,0,3783.186115,0,4037.0209399999999,0,0.84822322974165765,0,0.74759629184396703,0,0.7977566509017614,0