msdX(mean),msdX(std),msdY(mean),msdY(std),msdZ(mean),msdZ(std),DmsdX(mean),DmsdX(std),DmsdY(mean),DmsdY(std),DmsdZ(mean),DmsdZ(std)
5266.0173775000003,0,4684.5164725000004,0,5036.2599675000001,0,0.76596616400000006,0,0.68138421418181827,0,0.73254690436363634,0