msdX(mean),msdX(std),msdY(mean),msdY(std),msdZ(mean),msdZ(std),DmsdX(mean),DmsdX(std),DmsdY(mean),DmsdY(std),DmsdZ(mean),DmsdZ(std)
5615.3104999999996,0,4994.2923774999999,0,5401.8472874999998,0,0.74074098584117487,0,0.65881967867821645,0,0.71258208875648577,0