msdX(mean),msdX(std),msdY(mean),msdY(std),msdZ(mean),msdZ(std),DmsdX(mean),DmsdX(std),DmsdY(mean),DmsdY(std),DmsdZ(mean),DmsdZ(std)
1022.6487499999999,0,931.06997750000005,0,906.08458499999995,0,1.4092541341295362,0,1.2830546313734499,0,1.2486236816720258,0