msdX(mean),msdX(std),msdY(mean),msdY(std),msdZ(mean),msdZ(std),DmsdX(mean),DmsdX(std),DmsdY(mean),DmsdY(std),DmsdZ(mean),DmsdZ(std)
4464.0421374999996,0,3945.8316525,0,4217.5685050000002,0,0.83239849412006006,0,0.73576911337841699,0,0.78643918768569054,0