msdX(mean),msdX(std),msdY(mean),msdY(std),msdZ(mean),msdZ(std),DmsdX(mean),DmsdX(std),DmsdY(mean),DmsdY(std),DmsdZ(mean),DmsdZ(std)
3581.6919750000002,0,3119.9168049999998,0,3307.1792175,0,0.93013243581309202,0,0.81021367488443763,0,0.85884399962777658,0