msdX(mean),msdX(std),msdY(mean),msdY(std),msdZ(mean),msdZ(std),DmsdX(mean),DmsdX(std),DmsdY(mean),DmsdY(std),DmsdZ(mean),DmsdZ(std)
5852.8998725000001,0,5230.7666374999999,0,5648.5956500000002,0,0.72395067277562464,0,0.64699842964047161,0,0.69868009194359693,0