msdX(mean),msdX(std),msdY(mean),msdY(std),msdZ(mean),msdZ(std),DmsdX(mean),DmsdX(std),DmsdY(mean),DmsdY(std),DmsdZ(mean),DmsdZ(std)
1238.6473000000001,0,1119.4253450000001,0,1112.5349000000001,0,1.3357088066139469,0,1.2071445129403309,0,1.1997141265276781,0