msdX(mean),msdX(std),msdY(mean),msdY(std),msdZ(mean),msdZ(std),DmsdX(mean),DmsdX(std),DmsdY(mean),DmsdY(std),DmsdZ(mean),DmsdZ(std)
6146.6461625000002,0,5483.8929674999999,0,5929.7257849999996,0,0.70736205578742251,0,0.6310917695043079,0,0.68239864645588943,0