msdX(mean),msdX(std),msdY(mean),msdY(std),msdZ(mean),msdZ(std),DmsdX(mean),DmsdX(std),DmsdY(mean),DmsdY(std),DmsdZ(mean),DmsdZ(std)
5907.6761624999999,0,5270.3801199999998,0,5696.2688399999997,0,0.72172747175888974,0,0.64387045169487389,0,0.69590031600723234,0