msdX(mean),msdX(std),msdY(mean),msdY(std),msdZ(mean),msdZ(std),DmsdX(mean),DmsdX(std),DmsdY(mean),DmsdY(std),DmsdZ(mean),DmsdZ(std)
4682.1264600000004,0,4156.8168850000002,0,4446.5915475000002,0,0.81201393092922969,0,0.72091030598559391,0,0.77116547632123578,0