msdX(mean),msdX(std),msdY(mean),msdY(std),msdZ(mean),msdZ(std),DmsdX(mean),DmsdX(std),DmsdY(mean),DmsdY(std),DmsdZ(mean),DmsdZ(std)
6375.9119675000002,0,5701.9203674999999,0,6155.0341374999998,0,0.69351635567133663,0,0.62020540022406889,0,0.66949118272493902,0