msdX(mean),msdX(std),msdY(mean),msdY(std),msdZ(mean),msdZ(std),DmsdX(mean),DmsdX(std),DmsdY(mean),DmsdY(std),DmsdZ(mean),DmsdZ(std)
4987.1182399999998,0,4442.0707750000001,0,4764.0696125000004,0,0.782792407182621,0,0.69724019112845848,0,0.7477820537807125,0