msdX(mean),msdX(std),msdY(mean),msdY(std),msdZ(mean),msdZ(std),DmsdX(mean),DmsdX(std),DmsdY(mean),DmsdY(std),DmsdZ(mean),DmsdZ(std)
222.89579499999999,0,215.8496025,0,197.37974750000001,0,1.8441461252068396,0,1.78584888996139,0,1.6330370725317156,0