msdX(mean),msdX(std),msdY(mean),msdY(std),msdZ(mean),msdZ(std),DmsdX(mean),DmsdX(std),DmsdY(mean),DmsdY(std),DmsdZ(mean),DmsdZ(std)
3105.0354025000001,0,2708.0366875,0,2842.7453799999998,0,0.98727172794429374,0,0.86104269782304566,0,0.9038744425131422,0