msdX(mean),msdX(std),msdY(mean),msdY(std),msdZ(mean),msdZ(std),DmsdX(mean),DmsdX(std),DmsdY(mean),DmsdY(std),DmsdZ(mean),DmsdZ(std)
4631.9595575000003,0,4099.0872424999998,0,4384.3806775000003,0,0.81760662472493217,0,0.72354709560597319,0,0.77390543737276274,0