msdX(mean),msdX(std),msdY(mean),msdY(std),msdZ(mean),msdZ(std),DmsdX(mean),DmsdX(std),DmsdY(mean),DmsdY(std),DmsdZ(mean),DmsdZ(std)
6643.5903799999996,0,5958.4985875000002,0,6431.0449699999999,0,0.67802808417700844,0,0.6081093431070379,0,0.65633623550783804,0