msdX(mean),msdX(std),msdY(mean),msdY(std),msdZ(mean),msdZ(std),DmsdX(mean),DmsdX(std),DmsdY(mean),DmsdY(std),DmsdZ(mean),DmsdZ(std)
3835.9219324999999,0,3339.2692925000001,0,3558.4389900000001,0,0.90172118770568876,0,0.78497162494123185,0,0.83649247531734838,0