msdX(mean),msdX(std),msdY(mean),msdY(std),msdZ(mean),msdZ(std),DmsdX(mean),DmsdX(std),DmsdY(mean),DmsdY(std),DmsdZ(mean),DmsdZ(std)
6595.0286974999999,0,5918.7672974999996,0,6387.4512425000003,0,0.68006813000123734,0,0.61033320589630413,0,0.65866309628155417,0