msdX(mean),msdX(std),msdY(mean),msdY(std),msdZ(mean),msdZ(std),DmsdX(mean),DmsdX(std),DmsdY(mean),DmsdY(std),DmsdZ(mean),DmsdZ(std)
5416.0381749999997,0,4808.6931199999999,0,5194.2745100000002,0,0.75459611767492407,0,0.66997702789310898,0,0.7236986248502244,0