msdX(mean),msdX(std),msdY(mean),msdY(std),msdZ(mean),msdZ(std),DmsdX(mean),DmsdX(std),DmsdY(mean),DmsdY(std),DmsdZ(mean),DmsdZ(std)
4779.3466449999996,0,4260.2584749999996,0,4550.1944649999996,0,0.80086464626435483,0,0.71388217888422167,0,0.76246611750971882,0