msdX(mean),msdX(std),msdY(mean),msdY(std),msdZ(mean),msdZ(std),DmsdX(mean),DmsdX(std),DmsdY(mean),DmsdY(std),DmsdZ(mean),DmsdZ(std)
5049.4896024999998,0,4492.3457774999997,0,4815.8512774999999,0,0.78023758743149696,0,0.694148776860398,0,0.74413623514050842,0