msdX(mean),msdX(std),msdY(mean),msdY(std),msdZ(mean),msdZ(std),DmsdX(mean),DmsdX(std),DmsdY(mean),DmsdY(std),DmsdZ(mean),DmsdZ(std)
5562.3634000000002,0,4950.2025425000002,0,5356.7405575000003,0,0.74365135431428653,0,0.66180947919730471,0,0.71616093445011897,0