msdX(mean),msdX(std),msdY(mean),msdY(std),msdZ(mean),msdZ(std),DmsdX(mean),DmsdX(std),DmsdY(mean),DmsdY(std),DmsdZ(mean),DmsdZ(std)
5763.4471974999997,0,5134.2385850000001,0,5561.4059125000003,0,0.73111739900292605,0,0.65129965305380311,0,0.70548761638871516,0