msdX(mean),msdX(std),msdY(mean),msdY(std),msdZ(mean),msdZ(std),DmsdX(mean),DmsdX(std),DmsdY(mean),DmsdY(std),DmsdZ(mean),DmsdZ(std)
5150.7278050000004,0,4588.9169849999998,0,4929.4762499999997,0,0.77183733341658356,0,0.68764989785214781,0,0.73868275474525469,0