msdX(mean),msdX(std),msdY(mean),msdY(std),msdZ(mean),msdZ(std),DmsdX(mean),DmsdX(std),DmsdY(mean),DmsdY(std),DmsdZ(mean),DmsdZ(std)
2733.5285775000002,0,2397.4092375,0,2496.9974124999999,0,1.0350093058991319,0,0.90774279489347742,0,0.94545035307703951,0