msdX(mean),msdX(std),msdY(mean),msdY(std),msdZ(mean),msdZ(std),DmsdX(mean),DmsdX(std),DmsdY(mean),DmsdY(std),DmsdZ(mean),DmsdZ(std)
3712.0603775,0,3232.8019650000001,0,3434.9593725,0,0.91603036378218305,0,0.79776309081187791,0,0.84764975878094917,0