msdX(mean),msdX(std),msdY(mean),msdY(std),msdZ(mean),msdZ(std),DmsdX(mean),DmsdX(std),DmsdY(mean),DmsdY(std),DmsdZ(mean),DmsdZ(std)
3381.9580974999999,0,2941.3522800000001,0,3110.5687800000001,0,0.95311172310944103,0,0.82893911131986842,0,0.87662812024424608,0