msdX(mean),msdX(std),msdY(mean),msdY(std),msdZ(mean),msdZ(std),DmsdX(mean),DmsdX(std),DmsdY(mean),DmsdY(std),DmsdZ(mean),DmsdZ(std)
4012.5660400000002,0,3507.4187550000001,0,3729.0895974999999,0,0.88064393819682218,0,0.76977849947326848,0,0.81842893457554211,0