msdX(mean),msdX(std),msdY(mean),msdY(std),msdZ(mean),msdZ(std),DmsdX(mean),DmsdX(std),DmsdY(mean),DmsdY(std),DmsdZ(mean),DmsdZ(std)
5803.0018650000002,0,5180.6440300000004,0,5597.9705075000002,0,0.72684102920055449,0,0.64888909676180295,0,0.70116032008300078,0