msdX(mean),msdX(std),msdY(mean),msdY(std),msdZ(mean),msdZ(std),DmsdX(mean),DmsdX(std),DmsdY(mean),DmsdY(std),DmsdZ(mean),DmsdZ(std)
5658.5879150000001,0,5043.8104549999998,0,5460.6603274999998,0,0.73665462086233535,0,0.65662075666973319,0,0.71088772033552616,0