msdX(mean),msdX(std),msdY(mean),msdY(std),msdZ(mean),msdZ(std),DmsdX(mean),DmsdX(std),DmsdY(mean),DmsdY(std),DmsdZ(mean),DmsdZ(std)
4884.0315899999996,0,4351.6637149999997,0,4662.3260749999999,0,0.7916627820401988,0,0.70537017208774577,0,0.75572607656148694,0