msdX(mean),msdX(std),msdY(mean),msdY(std),msdZ(mean),msdZ(std),DmsdX(mean),DmsdX(std),DmsdY(mean),DmsdY(std),DmsdZ(mean),DmsdZ(std)
2253.3969625,0,1993.8962799999999,0,2059.6928174999998,0,1.1066677941754248,0,0.97922418230036334,0,1.0115375785777427,0