msdX(mean),msdX(std),msdY(mean),msdY(std),msdZ(mean),msdZ(std),DmsdX(mean),DmsdX(std),DmsdY(mean),DmsdY(std),DmsdZ(mean),DmsdZ(std)
6056.7156825000002,0,5400.5847075000001,0,5837.7007924999998,0,0.71356777258303949,0,0.63626615518893492,0,0.68776468467000218,0