msdX(mean),msdX(std),msdY(mean),msdY(std),msdZ(mean),msdZ(std),DmsdX(mean),DmsdX(std),DmsdY(mean),DmsdY(std),DmsdZ(mean),DmsdZ(std)
4353.1873349999996,0,3834.3691699999999,0,4095.9347375000002,0,0.84343391189501282,0,0.74291243170281196,0,0.79359099268267486,0