msdX(mean),msdX(std),msdY(mean),msdY(std),msdZ(mean),msdZ(std),DmsdX(mean),DmsdX(std),DmsdY(mean),DmsdY(std),DmsdZ(mean),DmsdZ(std)
523.75649499999997,0,494.29805750000003,0,459.68092250000001,0,1.6242190252222453,0,1.532865590758735,0,1.4255145415546828,0