msdX(mean),msdX(std),msdY(mean),msdY(std),msdZ(mean),msdZ(std),DmsdX(mean),DmsdX(std),DmsdY(mean),DmsdY(std),DmsdZ(mean),DmsdZ(std)
510.89594299999999,0,492.14549675000001,0,489.49275799999998,0,1.9240369432588502,0,1.8534226591137335,0,1.843432430328898,0