msdX(mean),msdX(std),msdY(mean),msdY(std),msdZ(mean),msdZ(std),DmsdX(mean),DmsdX(std),DmsdY(mean),DmsdY(std),DmsdZ(mean),DmsdZ(std)
82.559923999999995,0,81.517542500000005,0,80.258020250000001,0,2.2074845989304812,0,2.1796134358288772,0,2.1459363703208556,0