msdX(mean),msdX(std),msdY(mean),msdY(std),msdZ(mean),msdZ(std),DmsdX(mean),DmsdX(std),DmsdY(mean),DmsdY(std),DmsdZ(mean),DmsdZ(std)
4501.0186224999998,0,3991.55456125,0,4152.2818230000003,0,1.331268447944395,0,1.1805840169328601,0,1.2281223966282167,0