msdX(mean),msdX(std),msdY(mean),msdY(std),msdZ(mean),msdZ(std),DmsdX(mean),DmsdX(std),DmsdY(mean),DmsdY(std),DmsdZ(mean),DmsdZ(std)
7002.6824347499996,0,6084.5717544999998,0,6396.705927,0,1.2043274575637188,0,1.0464299787603617,0,1.1001110870911155,0