msdX(mean),msdX(std),msdY(mean),msdY(std),msdZ(mean),msdZ(std),DmsdX(mean),DmsdX(std),DmsdY(mean),DmsdY(std),DmsdZ(mean),DmsdZ(std)
1235.0175535000001,0,1156.50202775,0,1172.7253075000001,0,1.7092879961708805,0,1.6006210016838902,0,1.6230743322107402,0