msdX(mean),msdX(std),msdY(mean),msdY(std),msdZ(mean),msdZ(std),DmsdX(mean),DmsdX(std),DmsdY(mean),DmsdY(std),DmsdZ(mean),DmsdZ(std)
100.77393600000001,0,99.202392500000002,0,97.638229499999994,0,2.1875673516642551,0,2.1534528039073808,0,2.1194984696092618,0