msdX(mean),msdX(std),msdY(mean),msdY(std),msdZ(mean),msdZ(std),DmsdX(mean),DmsdX(std),DmsdY(mean),DmsdY(std),DmsdZ(mean),DmsdZ(std)
49.373482500000001,0,48.84223875,0,48.050521500000002,0,2.2648386467889909,0,2.2404696674311926,0,2.204152362385321,0