msdX(mean),msdX(std),msdY(mean),msdY(std),msdZ(mean),msdZ(std),DmsdX(mean),DmsdX(std),DmsdY(mean),DmsdY(std),DmsdZ(mean),DmsdZ(std)
6109.0573542499997,0,5353.5133162499997,0,5603.8974292499997,0,1.2413923664433666,0,1.0878618711645014,0,1.1387412308648415,0