msdX(mean),msdX(std),msdY(mean),msdY(std),msdZ(mean),msdZ(std),DmsdX(mean),DmsdX(std),DmsdY(mean),DmsdY(std),DmsdZ(mean),DmsdZ(std)
4988.3861247499999,0,4401.2633255000001,0,4595.3449540000001,0,1.3018841560896042,0,1.1486550653762506,0,1.1993070780339279,0