msdX(mean),msdX(std),msdY(mean),msdY(std),msdZ(mean),msdZ(std),DmsdX(mean),DmsdX(std),DmsdY(mean),DmsdY(std),DmsdZ(mean),DmsdZ(std)
663.32462625000005,0,635.06261525000002,0,635.02693899999997,0,1.8653673404105737,0,1.7858903690944881,0,1.785790042182227,0