msdX(mean),msdX(std),msdY(mean),msdY(std),msdZ(mean),msdZ(std),DmsdX(mean),DmsdX(std),DmsdY(mean),DmsdY(std),DmsdZ(mean),DmsdZ(std)
391.32365700000003,0,379.57645100000002,0,376.6236035,0,1.9730604554621849,0,1.9138308453781512,0,1.8989425386554621,0