msdX(mean),msdX(std),msdY(mean),msdY(std),msdZ(mean),msdZ(std),DmsdX(mean),DmsdX(std),DmsdY(mean),DmsdY(std),DmsdZ(mean),DmsdZ(std)
4655.5584685000003,0,4120.7863180000004,0,4294.5036805,0,1.3207258066666667,0,1.1690173951773051,0,1.2182989164539006,0