msdX(mean),msdX(std),msdY(mean),msdY(std),msdZ(mean),msdZ(std),DmsdX(mean),DmsdX(std),DmsdY(mean),DmsdY(std),DmsdZ(mean),DmsdZ(std)
422.28395949999998,0,408.83013625000001,0,406.40336000000002,0,1.958645452226345,0,1.8962436746289426,0,1.8849877551020409,0