msdX(mean),msdX(std),msdY(mean),msdY(std),msdZ(mean),msdZ(std),DmsdX(mean),DmsdX(std),DmsdY(mean),DmsdY(std),DmsdZ(mean),DmsdZ(std)
67.749101749999994,0,66.956176499999998,0,66.030205499999994,0,2.228588873355263,0,2.2025058059210525,0,2.1720462335526314,0