msdX(mean),msdX(std),msdY(mean),msdY(std),msdZ(mean),msdZ(std),DmsdX(mean),DmsdX(std),DmsdY(mean),DmsdY(std),DmsdZ(mean),DmsdZ(std)
7244.2155292500001,0,6289.9590842500002,0,6617.9178595000003,0,1.1949681410556008,0,1.0375589577468274,0,1.0916573327083381,0