msdX(mean),msdX(std),msdY(mean),msdY(std),msdZ(mean),msdZ(std),DmsdX(mean),DmsdX(std),DmsdY(mean),DmsdY(std),DmsdZ(mean),DmsdZ(std)
550.94702874999996,0,529.37002299999995,0,526.96607449999999,0,1.9085924783487296,0,1.8338453452655885,0,1.825517579099307,0