msdX(mean),msdX(std),msdY(mean),msdY(std),msdZ(mean),msdZ(std),DmsdX(mean),DmsdX(std),DmsdY(mean),DmsdY(std),DmsdZ(mean),DmsdZ(std)
714.86969850000003,0,682.96651574999999,0,682.35743524999998,0,1.8494386818730599,0,1.7669019896947225,0,1.765326238142463,0