msdX(mean),msdX(std),msdY(mean),msdY(std),msdZ(mean),msdZ(std),DmsdX(mean),DmsdX(std),DmsdY(mean),DmsdY(std),DmsdZ(mean),DmsdZ(std)
1529.6454892500001,0,1421.8449370000001,0,1451.6066967500001,0,1.6484433033084276,0,1.5322705693656156,0,1.5643437352719307,0