msdX(mean),msdX(std),msdY(mean),msdY(std),msdZ(mean),msdZ(std),DmsdX(mean),DmsdX(std),DmsdY(mean),DmsdY(std),DmsdZ(mean),DmsdZ(std)
247.395252,0,241.66400049999999,0,238.39851899999999,0,2.0570558647450112,0,2.0094013345343678,0,1.9822493264966741,0