msdX(mean),msdX(std),msdY(mean),msdY(std),msdZ(mean),msdZ(std),DmsdX(mean),DmsdX(std),DmsdY(mean),DmsdY(std),DmsdZ(mean),DmsdZ(std)
376.65827324999998,0,365.50518399999999,0,362.78813350000001,0,1.9803274093059937,0,1.9216886645636173,0,1.9074034358569929,0