msdX(mean),msdX(std),msdY(mean),msdY(std),msdZ(mean),msdZ(std),DmsdX(mean),DmsdX(std),DmsdY(mean),DmsdY(std),DmsdZ(mean),DmsdZ(std)
6761.1151337499996,0,5896.1963464999999,0,6188.8835669999999,0,1.2123066726385434,0,1.0572217796392369,0,1.109702274851774,0