msdX(mean),msdX(std),msdY(mean),msdY(std),msdZ(mean),msdZ(std),DmsdX(mean),DmsdX(std),DmsdY(mean),DmsdY(std),DmsdZ(mean),DmsdZ(std)
858.69835899999998,0,815.52092225000001,0,819.98466050000002,0,1.8034829718566228,0,1.7127994726617195,0,1.7221744479837582,0