msdX(mean),msdX(std),msdY(mean),msdY(std),msdZ(mean),msdZ(std),DmsdX(mean),DmsdX(std),DmsdY(mean),DmsdY(std),DmsdZ(mean),DmsdZ(std)
5711.19600575,0,5010.4962372500004,0,5245.6339472500003,0,1.2615108466661269,0,1.1067375982380834,0,1.1586757161605974,0