msdX(mean),msdX(std),msdY(mean),msdY(std),msdZ(mean),msdZ(std),DmsdX(mean),DmsdX(std),DmsdY(mean),DmsdY(std),DmsdZ(mean),DmsdZ(std)
57.833959749999998,0,57.220951749999998,0,56.329443499999996,0,2.2474336690414507,0,2.2236121146373056,0,2.188968011658031,0