msdX(mean),msdX(std),msdY(mean),msdY(std),msdZ(mean),msdZ(std),DmsdX(mean),DmsdX(std),DmsdY(mean),DmsdY(std),DmsdZ(mean),DmsdZ(std)
348.97050999999999,0,339.24659274999999,0,336.12552449999998,0,1.9941172,0,1.9385519585714286,0,1.9207172828571428,0