msdX(mean),msdX(std),msdY(mean),msdY(std),msdZ(mean),msdZ(std),DmsdX(mean),DmsdX(std),DmsdY(mean),DmsdY(std),DmsdZ(mean),DmsdZ(std)
89.526087750000002,0,88.230923750000002,0,86.833464750000005,0,2.2014611741803281,0,2.1696128790983606,0,2.1352491331967216,0