msdX(mean),msdX(std),msdY(mean),msdY(std),msdZ(mean),msdZ(std),DmsdX(mean),DmsdX(std),DmsdY(mean),DmsdY(std),DmsdZ(mean),DmsdZ(std)
277.80768625000002,0,270.61141099999998,0,267.45254549999999,0,2.0387061124021528,0,1.9858958732876713,0,1.962714375,0