msdX(mean),msdX(std),msdY(mean),msdY(std),msdZ(mean),msdZ(std),DmsdX(mean),DmsdX(std),DmsdY(mean),DmsdY(std),DmsdZ(mean),DmsdZ(std)
5161.0870142499998,0,4547.1780962499997,0,4752.758871,0,1.2919512902398118,0,1.1382742806273156,0,1.1897363750375489,0