msdX(mean),msdX(std),msdY(mean),msdY(std),msdZ(mean),msdZ(std),DmsdX(mean),DmsdX(std),DmsdY(mean),DmsdY(std),DmsdZ(mean),DmsdZ(std)
2978.8392247500001,0,2689.7465662499999,0,2779.7247160000002,0,1.4533286183525778,0,1.3122848753862417,0,1.356183793787608,0