msdX(mean),msdX(std),msdY(mean),msdY(std),msdZ(mean),msdZ(std),DmsdX(mean),DmsdX(std),DmsdY(mean),DmsdY(std),DmsdZ(mean),DmsdZ(std)
9483.2253810000002,0,8145.1887150000002,0,8621.3956782500009,0,1.1204983081267577,0,0.96240148344636911,0,1.0186681095363568,0