msdX(mean),msdX(std),msdY(mean),msdY(std),msdZ(mean),msdZ(std),DmsdX(mean),DmsdX(std),DmsdY(mean),DmsdY(std),DmsdZ(mean),DmsdZ(std)
406.31099375000002,0,393.86693250000002,0,391.14727625,0,1.9653869417123511,0,1.9051931594646889,0,1.8920377761206064,0