msdX(mean),msdX(std),msdY(mean),msdY(std),msdZ(mean),msdZ(std),DmsdX(mean),DmsdX(std),DmsdY(mean),DmsdY(std),DmsdZ(mean),DmsdZ(std)
3540.0660509999998,0,3175.2487755000002,0,3289.34829575,0,1.4020433744785339,0,1.2575574703622538,0,1.3027465922862649,0