msdX(mean),msdX(std),msdY(mean),msdY(std),msdZ(mean),msdZ(std),DmsdX(mean),DmsdX(std),DmsdY(mean),DmsdY(std),DmsdZ(mean),DmsdZ(std)
117.917323,0,116.10274225000001,0,114.37904974999999,0,2.1649447307221541,0,2.1316292946756428,0,2.0999825535495713,0