msdX(mean),msdX(std),msdY(mean),msdY(std),msdZ(mean),msdZ(std),DmsdX(mean),DmsdX(std),DmsdY(mean),DmsdY(std),DmsdZ(mean),DmsdZ(std)
994.00758025000005,0,939.24488474999998,0,945.50004200000001,0,1.767019874822233,0,1.6696697406079641,0,1.6807893612230387,0