msdX(mean),msdX(std),msdY(mean),msdY(std),msdZ(mean),msdZ(std),DmsdX(mean),DmsdX(std),DmsdY(mean),DmsdY(std),DmsdZ(mean),DmsdZ(std)
167.75032400000001,0,164.66358324999999,0,162.13465049999999,0,2.1162782674516403,0,2.0773370468881414,0,2.0454329331370897,0