msdX(mean),msdX(std),msdY(mean),msdY(std),msdZ(mean),msdZ(std),DmsdX(mean),DmsdX(std),DmsdY(mean),DmsdY(std),DmsdZ(mean),DmsdZ(std)
530.71279875000005,0,510.66596924999999,0,507.89009900000002,0,1.9168533545027693,0,1.8444472763664819,0,1.8344212581266555,0