msdX(mean),msdX(std),msdY(mean),msdY(std),msdZ(mean),msdZ(std),DmsdX(mean),DmsdX(std),DmsdY(mean),DmsdY(std),DmsdZ(mean),DmsdZ(std)
688.65872775000003,0,658.6750055,0,658.23964524999997,0,1.8575581579302283,0,1.7766813671102319,0,1.7755070452706345,0