msdX(mean),msdX(std),msdY(mean),msdY(std),msdZ(mean),msdZ(std),DmsdX(mean),DmsdX(std),DmsdY(mean),DmsdY(std),DmsdZ(mean),DmsdZ(std)
1425.7785377499999,0,1327.4926654999999,0,1353.4621185000001,0,1.6701818091565794,0,1.5550480267473643,0,1.5854690962514644,0