msdX(mean),msdX(std),msdY(mean),msdY(std),msdZ(mean),msdZ(std),DmsdX(mean),DmsdX(std),DmsdY(mean),DmsdY(std),DmsdZ(mean),DmsdZ(std)
1030.50485325,0,972.32581549999998,0,979.80196675000002,0,1.7569416684189589,0,1.6577503105819504,0,1.6704966471072973,0