msdX(mean),msdX(std),msdY(mean),msdY(std),msdZ(mean),msdZ(std),DmsdX(mean),DmsdX(std),DmsdY(mean),DmsdY(std),DmsdZ(mean),DmsdZ(std)
3191.7882540000001,0,2875.70808425,0,2975.7361150000002,0,1.4326228735150663,0,1.2907514067970316,0,1.3356486347586702,0