msdX(mean),msdX(std),msdY(mean),msdY(std),msdZ(mean),msdZ(std),DmsdX(mean),DmsdX(std),DmsdY(mean),DmsdY(std),DmsdZ(mean),DmsdZ(std)
2877.2808422500002,0,2601.9075189999999,0,2686.522035,0,1.4635698950032217,0,1.3234973306995828,0,1.3665377098240021,0