msdX(mean),msdX(std),msdY(mean),msdY(std),msdZ(mean),msdZ(std),DmsdX(mean),DmsdX(std),DmsdY(mean),DmsdY(std),DmsdZ(mean),DmsdZ(std)
45.433096749999997,0,44.960315999999999,0,44.272823500000001,0,2.2716548374999999,0,2.2480158000000001,0,2.2136411750000002,0