msdX(mean),msdX(std),msdY(mean),msdY(std),msdZ(mean),msdZ(std),DmsdX(mean),DmsdX(std),DmsdY(mean),DmsdY(std),DmsdZ(mean),DmsdZ(std)
491.98385124999999,0,474.34810924999999,0,471.41343875000001,0,1.9313681676917038,0,1.862135995485475,0,1.8506154360769433,0