msdX(mean),msdX(std),msdY(mean),msdY(std),msdZ(mean),msdZ(std),DmsdX(mean),DmsdX(std),DmsdY(mean),DmsdY(std),DmsdZ(mean),DmsdZ(std)
7489.9629009999999,0,6490.2611704999999,0,6836.5112609999996,0,1.185033209731349,0,1.0268642353149029,0,1.081646596928497,0