msdX(mean),msdX(std),msdY(mean),msdY(std),msdZ(mean),msdZ(std),DmsdX(mean),DmsdX(std),DmsdY(mean),DmsdY(std),DmsdZ(mean),DmsdZ(std)
132.82322275000001,0,130.37214175,0,128.55213674999999,0,2.1515640834233265,0,2.1118597475701941,0,2.0823780251079911,0