msdX(mean),msdX(std),msdY(mean),msdY(std),msdZ(mean),msdZ(std),DmsdX(mean),DmsdX(std),DmsdY(mean),DmsdY(std),DmsdZ(mean),DmsdZ(std)
6320.6747960000002,0,5524.6814162500004,0,5792.2861114999996,0,1.2319242465664428,0,1.0767820226315927,0,1.1289392247047205,0