msdX(mean),msdX(std),msdY(mean),msdY(std),msdZ(mean),msdZ(std),DmsdX(mean),DmsdX(std),DmsdY(mean),DmsdY(std),DmsdZ(mean),DmsdZ(std)
2416.1855572499999,0,2202.3135997499999,0,2268.9315852499999,0,1.5140272102410395,0,1.3800110283336118,0,1.4217551081439552,0