msdX(mean),msdX(std),msdY(mean),msdY(std),msdZ(mean),msdZ(std),DmsdX(mean),DmsdX(std),DmsdY(mean),DmsdY(std),DmsdZ(mean),DmsdZ(std)
9802.1180194999997,0,8415.9800682500008,0,8910.3777405000001,0,1.110864249176476,0,0.95377461901622884,0,1.0098042136289458,0