msdX(mean),msdX(std),msdY(mean),msdY(std),msdZ(mean),msdZ(std),DmsdX(mean),DmsdX(std),DmsdY(mean),DmsdY(std),DmsdZ(mean),DmsdZ(std)
3417.8886910000001,0,3072.6605922499998,0,3181.8544067500002,0,1.4113009707655462,0,1.2687507606945245,0,1.3138386352093483,0