msdX(mean),msdX(std),msdY(mean),msdY(std),msdZ(mean),msdZ(std),DmsdX(mean),DmsdX(std),DmsdY(mean),DmsdY(std),DmsdZ(mean),DmsdZ(std)
73.276716250000007,0,72.398414500000001,0,71.366125749999995,0,2.2205065530303032,0,2.1938913484848483,0,2.1626098712121209,0