msdX(mean),msdX(std),msdY(mean),msdY(std),msdZ(mean),msdZ(std),DmsdX(mean),DmsdX(std),DmsdY(mean),DmsdY(std),DmsdZ(mean),DmsdZ(std)
299.88607000000002,0,291.7697215,0,288.55447850000002,0,2.0244334158415844,0,1.9696425843834384,0,1.9479375236273631,0