msdX(mean),msdX(std),msdY(mean),msdY(std),msdZ(mean),msdZ(std),DmsdX(mean),DmsdX(std),DmsdY(mean),DmsdY(std),DmsdZ(mean),DmsdZ(std)
212.09718950000001,0,207.5200585,0,204.42210224999999,0,2.0834694449901772,0,2.0385074508840866,0,2.0080756606090375,0