msdX(mean),msdX(std),msdY(mean),msdY(std),msdZ(mean),msdZ(std),DmsdX(mean),DmsdX(std),DmsdY(mean),DmsdY(std),DmsdZ(mean),DmsdZ(std)
181.41078450000001,0,177.83192124999999,0,175.04914199999999,0,2.1061623587461304,0,2.0646120888157897,0,2.0323042801857585,0