msdX(mean),msdX(std),msdY(mean),msdY(std),msdZ(mean),msdZ(std),DmsdX(mean),DmsdX(std),DmsdY(mean),DmsdY(std),DmsdZ(mean),DmsdZ(std)
3663.1315032500002,0,3282.4543767499999,0,3401.3038040000001,0,1.3915205649644187,0,1.2469120381707903,0,1.2920595907513865,0