msdX(mean),msdX(std),msdY(mean),msdY(std),msdZ(mean),msdZ(std),DmsdX(mean),DmsdX(std),DmsdY(mean),DmsdY(std),DmsdZ(mean),DmsdZ(std)
51.269756000000001,0,50.691211250000002,0,49.888450499999998,0,2.2619009999999999,0,2.2363769669117648,0,2.2009610514705882,0