msdX(mean),msdX(std),msdY(mean),msdY(std),msdZ(mean),msdZ(std),DmsdX(mean),DmsdX(std),DmsdY(mean),DmsdY(std),DmsdZ(mean),DmsdZ(std)
2927.2519482500002,0,2944.0330505000002,0,2001.6012390000001,0,0.48286426665218735,0,0.48563239005762426,0,0.33017373683110829,0