msdX(mean),msdX(std),msdY(mean),msdY(std),msdZ(mean),msdZ(std),DmsdX(mean),DmsdX(std),DmsdY(mean),DmsdY(std),DmsdZ(mean),DmsdZ(std)
148.77319850000001,0,148.753602,0,117.14714050000001,0,1.2899410274566474,0,1.2897711156069365,0,1.0157266517341041,0