msdX(mean),msdX(std),msdY(mean),msdY(std),msdZ(mean),msdZ(std),DmsdX(mean),DmsdX(std),DmsdY(mean),DmsdY(std),DmsdZ(mean),DmsdZ(std)
1729.50344025,0,1740.8999819999999,0,1207.4559145000001,0,0.57972182354748603,0,0.58354189340782114,0,0.40473382608938546,0