msdX(mean),msdX(std),msdY(mean),msdY(std),msdZ(mean),msdZ(std),DmsdX(mean),DmsdX(std),DmsdY(mean),DmsdY(std),DmsdZ(mean),DmsdZ(std)
67.644788000000005,0,67.637549250000006,0,55.837017250000002,0,1.5304250678733031,0,1.5302612952488688,0,1.2632809332579185,0