msdX(mean),msdX(std),msdY(mean),msdY(std),msdZ(mean),msdZ(std),DmsdX(mean),DmsdX(std),DmsdY(mean),DmsdY(std),DmsdZ(mean),DmsdZ(std)
459.73828750000001,0,460.95403025000002,0,342.13616524999998,0,0.92614481768734902,0,0.92859393684528613,0,0.68923482121273161,0