msdX(mean),msdX(std),msdY(mean),msdY(std),msdZ(mean),msdZ(std),DmsdX(mean),DmsdX(std),DmsdY(mean),DmsdY(std),DmsdZ(mean),DmsdZ(std)
164.45540975,0,164.39194499999999,0,128.82792000000001,0,1.2585873195153061,0,1.2581016198979593,0,0.9859279591836736,0