msdX(mean),msdX(std),msdY(mean),msdY(std),msdZ(mean),msdZ(std),DmsdX(mean),DmsdX(std),DmsdY(mean),DmsdY(std),DmsdZ(mean),DmsdZ(std)
1309.2042065000001,0,1318.38941325,0,927.51609550000001,0,0.63874005846479109,0,0.64322137579281191,0,0.4525204564156774,0