msdX(mean),msdX(std),msdY(mean),msdY(std),msdZ(mean),msdZ(std),DmsdX(mean),DmsdX(std),DmsdY(mean),DmsdY(std),DmsdZ(mean),DmsdZ(std)
83.410937250000003,0,83.393063249999997,0,67.982056749999998,0,1.4685024163732396,0,1.468187733274648,0,1.196867196302817,0