msdX(mean),msdX(std),msdY(mean),msdY(std),msdZ(mean),msdZ(std),DmsdX(mean),DmsdX(std),DmsdY(mean),DmsdY(std),DmsdZ(mean),DmsdZ(std)
537.88434674999996,0,538.35467849999998,0,397.08682974999999,0,0.8796625819068904,0,0.88043176815307445,0,0.64940061559638029,0