msdX(mean),msdX(std),msdY(mean),msdY(std),msdZ(mean),msdZ(std),DmsdX(mean),DmsdX(std),DmsdY(mean),DmsdY(std),DmsdZ(mean),DmsdZ(std)
336.51222825000002,0,336.05242399999997,0,253.60461025000001,0,1.0286699457407786,0,1.0272643896474423,0,0.7752331676686367,0