msdX(mean),msdX(std),msdY(mean),msdY(std),msdZ(mean),msdZ(std),DmsdX(mean),DmsdX(std),DmsdY(mean),DmsdY(std),DmsdZ(mean),DmsdZ(std)
754.47505999999998,0,759.12967675000004,0,549.09880250000003,0,0.77984605154355013,0,0.78465719068701767,0,0.56756353621141131,0