msdX(mean),msdX(std),msdY(mean),msdY(std),msdZ(mean),msdZ(std),DmsdX(mean),DmsdX(std),DmsdY(mean),DmsdY(std),DmsdZ(mean),DmsdZ(std)
2503.2463332500001,0,2520.2644627499999,0,1722.7612777500001,0,0.50867273119674339,0,0.51213090400923911,0,0.35007409087676283,0