msdX(mean),msdX(std),msdY(mean),msdY(std),msdZ(mean),msdZ(std),DmsdX(mean),DmsdX(std),DmsdY(mean),DmsdY(std),DmsdZ(mean),DmsdZ(std)
2145.93635425,0,2159.51909725,0,1484.6939072499999,0,0.53718242571593078,0,0.54058253160358472,0,0.37165663043206171,0