msdX(mean),msdX(std),msdY(mean),msdY(std),msdZ(mean),msdZ(std),DmsdX(mean),DmsdX(std),DmsdY(mean),DmsdY(std),DmsdZ(mean),DmsdZ(std)
2426.9447845,0,2442.57789675,0,1673.7044255000001,0,0.51416869251574815,0,0.51748069900920879,0,0.35458837861218612,0