msdX(mean),msdX(std),msdY(mean),msdY(std),msdZ(mean),msdZ(std),DmsdX(mean),DmsdX(std),DmsdY(mean),DmsdY(std),DmsdZ(mean),DmsdZ(std)
908.12955775,0,911.04136649999998,0,653.96390425000004,0,0.73086937258557783,0,0.73321281776478164,0,0.52631497820313344,0