msdX(mean),msdX(std),msdY(mean),msdY(std),msdZ(mean),msdZ(std),DmsdX(mean),DmsdX(std),DmsdY(mean),DmsdY(std),DmsdZ(mean),DmsdZ(std)
42.710071499999998,0,42.671243500000003,0,36.17157675,0,1.659717804404145,0,1.6582089443005181,0,1.4056312208549222,0