msdX(mean),msdX(std),msdY(mean),msdY(std),msdZ(mean),msdZ(std),DmsdX(mean),DmsdX(std),DmsdY(mean),DmsdY(std),DmsdZ(mean),DmsdZ(std)
668.60876325000004,0,670.12473475000002,0,488.06076825000002,0,0.81657152326575488,0,0.81842297844406453,0,0.59606835399364932,0