msdX(mean),msdX(std),msdY(mean),msdY(std),msdZ(mean),msdZ(std),DmsdX(mean),DmsdX(std),DmsdY(mean),DmsdY(std),DmsdZ(mean),DmsdZ(std)
52.788386250000002,0,52.741084999999998,0,44.222754500000001,0,1.5996480681818182,0,1.5982146969696969,0,1.3400834696969697,0