msdX(mean),msdX(std),msdY(mean),msdY(std),msdZ(mean),msdZ(std),DmsdX(mean),DmsdX(std),DmsdY(mean),DmsdY(std),DmsdZ(mean),DmsdZ(std)
39.75153925,0,39.705931749999998,0,33.816238499999997,0,1.6796425035211267,0,1.6777154260563378,0,1.4288551478873237,0