msdX(mean),msdX(std),msdY(mean),msdY(std),msdZ(mean),msdZ(std),DmsdX(mean),DmsdX(std),DmsdY(mean),DmsdY(std),DmsdZ(mean),DmsdZ(std)
38.320160999999999,0,38.285217500000002,0,32.661707249999999,0,1.6905953382352941,0,1.6890537132352941,0,1.4409576727941176,0