msdX(mean),msdX(std),msdY(mean),msdY(std),msdZ(mean),msdZ(std),DmsdX(mean),DmsdX(std),DmsdY(mean),DmsdY(std),DmsdZ(mean),DmsdZ(std)
554.39908375000005,0,555.17969325000001,0,409.02017425000003,0,0.86960015227961951,0,0.870824573747778,0,0.641566727360661,0