msdX(mean),msdX(std),msdY(mean),msdY(std),msdZ(mean),msdZ(std),DmsdX(mean),DmsdX(std),DmsdY(mean),DmsdY(std),DmsdZ(mean),DmsdZ(std)
193.651093,0,193.66677999999999,0,150.95101349999999,0,1.2028018198757764,0,1.202899254658385,0,0.9375839347826086,0