msdX(mean),msdX(std),msdY(mean),msdY(std),msdZ(mean),msdZ(std),DmsdX(mean),DmsdX(std),DmsdY(mean),DmsdY(std),DmsdZ(mean),DmsdZ(std)
802.60486175000005,0,806.22540249999997,0,582.56396849999999,0,0.76322257678775207,0,0.76666546453023965,0,0.55397866917078742,0