msdX(mean),msdX(std),msdY(mean),msdY(std),msdZ(mean),msdZ(std),DmsdX(mean),DmsdX(std),DmsdY(mean),DmsdY(std),DmsdZ(mean),DmsdZ(std)
1158.6205095,0,1164.7831767499999,0,825.41083849999995,0,0.66789545530533034,0,0.67144797091772024,0,0.47581424916413662,0