msdX(mean),msdX(std),msdY(mean),msdY(std),msdZ(mean),msdZ(std),DmsdX(mean),DmsdX(std),DmsdY(mean),DmsdY(std),DmsdZ(mean),DmsdZ(std)
80.457960999999997,0,80.525411750000004,0,65.859630499999994,0,1.4771963463892288,0,1.4784347322521421,0,1.2091731425948591,0