msdX(mean),msdX(std),msdY(mean),msdY(std),msdZ(mean),msdZ(std),DmsdX(mean),DmsdX(std),DmsdY(mean),DmsdY(std),DmsdZ(mean),DmsdZ(std)
827.20837574999996,0,832.01283049999995,0,599.65499475000001,0,0.75447681115468801,0,0.75885883847136071,0,0.54693085985954026,0