msdX(mean),msdX(std),msdY(mean),msdY(std),msdZ(mean),msdZ(std),DmsdX(mean),DmsdX(std),DmsdY(mean),DmsdY(std),DmsdZ(mean),DmsdZ(std)
77.671614750000003,0,77.711869750000005,0,63.717117500000001,0,1.4879619683908047,0,1.4887331369731802,0,1.2206344348659004,0