msdX(mean),msdX(std),msdY(mean),msdY(std),msdZ(mean),msdZ(std),DmsdX(mean),DmsdX(std),DmsdY(mean),DmsdY(std),DmsdZ(mean),DmsdZ(std)
70.025906000000006,0,69.992719500000007,0,57.7001135,0,1.5200992619392188,0,1.5193788603473231,0,1.2525350253256151,0