msdX(mean),msdX(std),msdY(mean),msdY(std),msdZ(mean),msdZ(std),DmsdX(mean),DmsdX(std),DmsdY(mean),DmsdY(std),DmsdZ(mean),DmsdZ(std)
95.737703249999996,0,95.702213,0,77.192531750000001,0,1.4275005454771372,0,1.4269713667992048,0,1.1509820837475151,0