msdX(mean),msdX(std),msdY(mean),msdY(std),msdZ(mean),msdZ(std),DmsdX(mean),DmsdX(std),DmsdY(mean),DmsdY(std),DmsdZ(mean),DmsdZ(std)
2215.2311647500001,0,2225.3396244999999,0,1528.7027780000001,0,0.53186822683073232,0,0.53429522797118845,0,0.36703548091236499,0