msdX(mean),msdX(std),msdY(mean),msdY(std),msdZ(mean),msdZ(std),DmsdX(mean),DmsdX(std),DmsdY(mean),DmsdY(std),DmsdZ(mean),DmsdZ(std)
2748.9153755000002,0,2765.2745049999999,0,1884.15893525,0,0.49289627322009183,0,0.49582955884814001,0,0.33784048996784449,0