msdX(mean),msdX(std),msdY(mean),msdY(std),msdZ(mean),msdZ(std),DmsdX(mean),DmsdX(std),DmsdY(mean),DmsdY(std),DmsdZ(mean),DmsdZ(std)
60.874295250000003,0,60.819073500000002,0,50.469377250000001,0,1.5608793653846154,0,1.5594634230769231,0,1.2940865961538461,0