msdX(mean),msdX(std),msdY(mean),msdY(std),msdZ(mean),msdZ(std),DmsdX(mean),DmsdX(std),DmsdY(mean),DmsdY(std),DmsdZ(mean),DmsdZ(std)
358.35477324999999,0,358.26455850000002,0,269.12604399999998,0,1.0077468314116984,0,1.0074931341394826,0,0.75682239595050604,0