msdX(mean),msdX(std),msdY(mean),msdY(std),msdZ(mean),msdZ(std),DmsdX(mean),DmsdX(std),DmsdY(mean),DmsdY(std),DmsdZ(mean),DmsdZ(std)
2837.4790929999999,0,2853.03674,0,1942.9351595000001,0,0.48799213927011315,0,0.49066775702541876,0,0.33414769021084856,0