msdX(mean),msdX(std),msdY(mean),msdY(std),msdZ(mean),msdZ(std),DmsdX(mean),DmsdX(std),DmsdY(mean),DmsdY(std),DmsdZ(mean),DmsdZ(std)
853.79053250000004,0,857.71707775000004,0,616.98700974999997,0,0.7468862184347117,0,0.75032111542835489,0,0.53973319800839803,0