msdX(mean),msdX(std),msdY(mean),msdY(std),msdZ(mean),msdZ(std),DmsdX(mean),DmsdX(std),DmsdY(mean),DmsdY(std),DmsdZ(mean),DmsdZ(std)
259.81386750000001,0,259.59287475000002,0,199.22970475,0,1.1087362766714082,0,1.1077932066145093,0,0.85019788655761019,0