msdX(mean),msdX(std),msdY(mean),msdY(std),msdZ(mean),msdZ(std),DmsdX(mean),DmsdX(std),DmsdY(mean),DmsdY(std),DmsdZ(mean),DmsdZ(std)
369.85165024999998,0,370.23049874999998,0,277.35936075000001,0,0.99762178632440202,0,0.99864367582269364,0,0.748137099667326,0