msdX(mean),msdX(std),msdY(mean),msdY(std),msdZ(mean),msdZ(std),DmsdX(mean),DmsdX(std),DmsdY(mean),DmsdY(std),DmsdZ(mean),DmsdZ(std)
227.93839525000001,0,228.06294625000001,0,176.00163774999999,0,1.1492692197478991,0,1.1498972079831933,0,0.88740321554621837,0