msdX(mean),msdX(std),msdY(mean),msdY(std),msdZ(mean),msdZ(std),DmsdX(mean),DmsdX(std),DmsdY(mean),DmsdY(std),DmsdZ(mean),DmsdZ(std)
1090.19680425,0,1094.6449084999999,0,778.30820900000003,0,0.68313777524229269,0,0.68592504083465622,0,0.48770252882446324,0