msdX(mean),msdX(std),msdY(mean),msdY(std),msdZ(mean),msdZ(std),DmsdX(mean),DmsdX(std),DmsdY(mean),DmsdY(std),DmsdZ(mean),DmsdZ(std)
56.658704499999999,0,56.619296749999997,0,47.239566750000002,0,1.579703657063197,0,1.5786049279739776,0,1.3170882922862455,0