msdX(mean),msdX(std),msdY(mean),msdY(std),msdZ(mean),msdZ(std),DmsdX(mean),DmsdX(std),DmsdY(mean),DmsdY(std),DmsdZ(mean),DmsdZ(std)
187.44800925000001,0,187.38288175,0,146.20529974999999,0,1.2140415106865285,0,1.2136197004533678,0,0.94692551651554402,0