msdX(mean),msdX(std),msdY(mean),msdY(std),msdZ(mean),msdZ(std),DmsdX(mean),DmsdX(std),DmsdY(mean),DmsdY(std),DmsdZ(mean),DmsdZ(std)
99.088443499999997,0,99.071313750000002,0,79.720085499999996,0,1.4168986201143945,0,1.4166536761201143,0,1.1399440252621542,0