msdX(mean),msdX(std),msdY(mean),msdY(std),msdZ(mean),msdZ(std),DmsdX(mean),DmsdX(std),DmsdY(mean),DmsdY(std),DmsdZ(mean),DmsdZ(std)
58.710543999999999,0,58.664330499999998,0,48.816527499999999,0,1.56980064171123,0,1.5685649866310161,0,1.3052547459893049,0