msdX(mean),msdX(std),msdY(mean),msdY(std),msdZ(mean),msdZ(std),DmsdX(mean),DmsdX(std),DmsdY(mean),DmsdY(std),DmsdZ(mean),DmsdZ(std)
2283.7963479999999,0,2295.3922855000001,0,1575.1514979999999,0,0.52593759453442845,0,0.52860803381438559,0,0.36274311000230292,0