msdX(mean),msdX(std),msdY(mean),msdY(std),msdZ(mean),msdZ(std),DmsdX(mean),DmsdX(std),DmsdY(mean),DmsdY(std),DmsdZ(mean),DmsdZ(std)
521.40062724999996,0,522.24586799999997,0,385.57399574999999,0,0.88895310397249372,0,0.8903941827688111,0,0.6573778058933849,0