msdX(mean),msdX(std),msdY(mean),msdY(std),msdZ(mean),msdZ(std),DmsdX(mean),DmsdX(std),DmsdY(mean),DmsdY(std),DmsdZ(mean),DmsdZ(std)
315.41486824999998,0,315.14992725000002,0,238.84160675000001,0,1.0481220699490474,0,1.0472416722972973,0,0.79366949518165708,0