msdX(mean),msdX(std),msdY(mean),msdY(std),msdZ(mean),msdZ(std),DmsdX(mean),DmsdX(std),DmsdY(mean),DmsdY(std),DmsdZ(mean),DmsdZ(std)
571.44649475000006,0,573.2959065,0,421.15706499999999,0,0.85974898909227693,0,0.86253145411233711,0,0.63363650702106322,0