msdX(mean),msdX(std),msdY(mean),msdY(std),msdZ(mean),msdZ(std),DmsdX(mean),DmsdX(std),DmsdY(mean),DmsdY(std),DmsdZ(mean),DmsdZ(std)
880.69770774999995,0,884.38139075000004,0,635.37042225000005,0,0.73896434615707329,0,0.74205520284443705,0,0.53311832711025342,0