msdX(mean),msdX(std),msdY(mean),msdY(std),msdZ(mean),msdZ(std),DmsdX(mean),DmsdX(std),DmsdY(mean),DmsdY(std),DmsdZ(mean),DmsdZ(std)
732.18101999999999,0,735.96408374999999,0,532.86389425000004,0,0.78904485236008337,0,0.79312172255549973,0,0.57424803604784835,0