msdX(mean),msdX(std),msdY(mean),msdY(std),msdZ(mean),msdZ(std),DmsdX(mean),DmsdX(std),DmsdY(mean),DmsdY(std),DmsdZ(mean),DmsdZ(std)
1576.97025775,0,1585.4375055,0,1106.4270447500001,0,0.59904661955200444,0,0.60226308867475375,0,0.42030049563780486,0