msdX(mean),msdX(std),msdY(mean),msdY(std),msdZ(mean),msdZ(std),DmsdX(mean),DmsdX(std),DmsdY(mean),DmsdY(std),DmsdZ(mean),DmsdZ(std)
213.40776074999999,0,213.57585750000001,0,165.58271224999999,0,1.1695712134636462,0,1.170492459810011,0,0.90746828050785522,0