msdX(mean),msdX(std),msdY(mean),msdY(std),msdZ(mean),msdZ(std),DmsdX(mean),DmsdX(std),DmsdY(mean),DmsdY(std),DmsdZ(mean),DmsdZ(std)
445.95210450000002,0,446.81689725000001,0,331.98514899999998,0,0.93661181286754414,0,0.93842809559647167,0,0.69725248319798372,0