msdX(mean),msdX(std),msdY(mean),msdY(std),msdZ(mean),msdZ(std),DmsdX(mean),DmsdX(std),DmsdY(mean),DmsdY(std),DmsdZ(mean),DmsdZ(std)
130.04737399999999,0,130.01564074999999,0,103.16976150000001,0,1.3324526024590164,0,1.3321274667008196,0,1.0570672284836067,0