msdX(mean),msdX(std),msdY(mean),msdY(std),msdZ(mean),msdZ(std),DmsdX(mean),DmsdX(std),DmsdY(mean),DmsdY(std),DmsdZ(mean),DmsdZ(std)
244.8544410625,0,232.5474585625,0,232.36315937500001,0,1.4589142466484606,0,1.3855856518123137,0,1.3844875434458788,0