msdX(mean),msdX(std),msdY(mean),msdY(std),msdZ(mean),msdZ(std),DmsdX(mean),DmsdX(std),DmsdY(mean),DmsdY(std),DmsdZ(mean),DmsdZ(std)
1604.9803454375001,0,1402.0619582500001,0,1494.6023140625,0,0.88744040553896775,0,0.77524091578889176,0,0.82640917534074265,0