msdX(mean),msdX(std),msdY(mean),msdY(std),msdZ(mean),msdZ(std),DmsdX(mean),DmsdX(std),DmsdY(mean),DmsdY(std),DmsdZ(mean),DmsdZ(std)
47.803308999999999,0,46.903204312500002,0,45.584264312499997,0,1.86005093385214,0,1.8250274051556421,0,1.7737067825875485,0