msdX(mean),msdX(std),msdY(mean),msdY(std),msdZ(mean),msdZ(std),DmsdX(mean),DmsdX(std),DmsdY(mean),DmsdY(std),DmsdZ(mean),DmsdZ(std)
93.367821062499999,0,90.710265250000006,0,88.879255000000001,0,1.7152692173147581,0,1.6664470039804045,0,1.6328093386405389,0