msdX(mean),msdX(std),msdY(mean),msdY(std),msdZ(mean),msdZ(std),DmsdX(mean),DmsdX(std),DmsdY(mean),DmsdY(std),DmsdZ(mean),DmsdZ(std)
396.99008081250003,0,369.75952087500002,0,374.01094806250001,0,1.3192691691359735,0,1.2287771394350595,0,1.2429053937274992,0