msdX(mean),msdX(std),msdY(mean),msdY(std),msdZ(mean),msdZ(std),DmsdX(mean),DmsdX(std),DmsdY(mean),DmsdY(std),DmsdZ(mean),DmsdZ(std)
424.76161993749997,0,394.21528562499998,0,399.91461774999999,0,1.2985680829639252,0,1.2051827747630692,0,1.2226065966065423,0