msdX(mean),msdX(std),msdY(mean),msdY(std),msdZ(mean),msdZ(std),DmsdX(mean),DmsdX(std),DmsdY(mean),DmsdY(std),DmsdZ(mean),DmsdZ(std)
850.12464775000001,0,766.14211231249999,0,796.85353350000003,0,1.0825016737054329,0,0.97556296134868414,0,1.0146691852716467,0