msdX(mean),msdX(std),msdY(mean),msdY(std),msdZ(mean),msdZ(std),DmsdX(mean),DmsdX(std),DmsdY(mean),DmsdY(std),DmsdZ(mean),DmsdZ(std)
49.591304125000001,0,48.694468499999999,0,47.300668062500002,0,1.8515732716241444,0,1.8180884318606099,0,1.7660485897635347,0