msdX(mean),msdX(std),msdY(mean),msdY(std),msdZ(mean),msdZ(std),DmsdX(mean),DmsdX(std),DmsdY(mean),DmsdY(std),DmsdZ(mean),DmsdZ(std)
3239.6649140625,0,2735.85706725,0,3043.9863059999998,0,0.68635514376019569,0,0.57961845453486149,0,0.64489868985826559,0