msdX(mean),msdX(std),msdY(mean),msdY(std),msdZ(mean),msdZ(std),DmsdX(mean),DmsdX(std),DmsdY(mean),DmsdY(std),DmsdZ(mean),DmsdZ(std)
358.18517212500001,0,335.59750843749998,0,338.77543018749998,0,1.3490120097608438,0,1.2639414039451384,0,1.2759102260529784,0