msdX(mean),msdX(std),msdY(mean),msdY(std),msdZ(mean),msdZ(std),DmsdX(mean),DmsdX(std),DmsdY(mean),DmsdY(std),DmsdZ(mean),DmsdZ(std)
3551.5428915624998,0,2980.6428823125002,0,3333.3688982499998,0,0.66393286751647418,0,0.55720762393092493,0,0.62314696420058879,0