msdX(mean),msdX(std),msdY(mean),msdY(std),msdZ(mean),msdZ(std),DmsdX(mean),DmsdX(std),DmsdY(mean),DmsdY(std),DmsdZ(mean),DmsdZ(std)
2788.292293,0,2370.5029740625,0,2611.8727869999998,0,0.72770648412114991,0,0.61866913636867815,0,0.68166338499414947,0