msdX(mean),msdX(std),msdY(mean),msdY(std),msdZ(mean),msdZ(std),DmsdX(mean),DmsdX(std),DmsdY(mean),DmsdY(std),DmsdZ(mean),DmsdZ(std)
253.46017875000001,0,240.5641755,0,240.61542887499999,0,1.4486198061535531,0,1.3749143198704514,0,1.3752072520956371,0