msdX(mean),msdX(std),msdY(mean),msdY(std),msdZ(mean),msdZ(std),DmsdX(mean),DmsdX(std),DmsdY(mean),DmsdY(std),DmsdZ(mean),DmsdZ(std)
1655.4641048125,0,1444.0326893125,0,1543.2592478125,0,0.87795860068723208,0,0.76582809350554648,0,0.81845189259512974,0