msdX(mean),msdX(std),msdY(mean),msdY(std),msdZ(mean),msdZ(std),DmsdX(mean),DmsdX(std),DmsdY(mean),DmsdY(std),DmsdZ(mean),DmsdZ(std)
185.150552,0,177.30647662499999,0,175.55003275000001,0,1.5401404575072786,0,1.4748909742825453,0,1.4602803223346736,0