msdX(mean),msdX(std),msdY(mean),msdY(std),msdZ(mean),msdZ(std),DmsdX(mean),DmsdX(std),DmsdY(mean),DmsdY(std),DmsdZ(mean),DmsdZ(std)
155.081090375,0,149.23611231250001,0,147.1152698125,0,1.5892169807856533,0,1.5293196821093085,0,1.5075860271135781,0