msdX(mean),msdX(std),msdY(mean),msdY(std),msdZ(mean),msdZ(std),DmsdX(mean),DmsdX(std),DmsdY(mean),DmsdY(std),DmsdZ(mean),DmsdZ(std)
1249.289479,0,1105.35324575,0,1164.9778966250001,0,0.96436719209541089,0,0.85325813095835423,0,0.89928433874329383,0