msdX(mean),msdX(std),msdY(mean),msdY(std),msdZ(mean),msdZ(std),DmsdX(mean),DmsdX(std),DmsdY(mean),DmsdY(std),DmsdZ(mean),DmsdZ(std)
2118.2346595624999,0,1825.6111320625,0,1980.5460235625001,0,0.80466792178181146,0,0.69350707155451863,0,0.75236322169443992,0