msdX(mean),msdX(std),msdY(mean),msdY(std),msdZ(mean),msdZ(std),DmsdX(mean),DmsdX(std),DmsdY(mean),DmsdY(std),DmsdZ(mean),DmsdZ(std)
439.14303731249998,0,407.68502512499998,0,413.30857018749998,0,1.2877465538707786,0,1.1954988274033527,0,1.2119893559088022,0