msdX(mean),msdX(std),msdY(mean),msdY(std),msdZ(mean),msdZ(std),DmsdX(mean),DmsdX(std),DmsdY(mean),DmsdY(std),DmsdZ(mean),DmsdZ(std)
999.92148599999996,0,892.88518787500004,0,933.53042768750004,0,1.0335639940048582,0,0.92292644361465714,0,0.96493919860199506,0