msdX(mean),msdX(std),msdY(mean),msdY(std),msdZ(mean),msdZ(std),DmsdX(mean),DmsdX(std),DmsdY(mean),DmsdY(std),DmsdZ(mean),DmsdZ(std)
469.68913943749999,0,435.34128531250002,0,441.91761874999997,0,1.2670899854435502,0,1.1744290777730317,0,1.1921701868171395,0