msdX(mean),msdX(std),msdY(mean),msdY(std),msdZ(mean),msdZ(std),DmsdX(mean),DmsdX(std),DmsdY(mean),DmsdY(std),DmsdZ(mean),DmsdZ(std)
346.25289562500001,0,324.81569687500001,0,327.34179093749998,0,1.3595428137883647,0,1.2753708404227473,0,1.2852894088246842,0