msdX(mean),msdX(std),msdY(mean),msdY(std),msdZ(mean),msdZ(std),DmsdX(mean),DmsdX(std),DmsdY(mean),DmsdY(std),DmsdZ(mean),DmsdZ(std)
301.853611,0,284.51114256250003,0,285.92241625000003,0,1.400387896079796,0,1.3199310719670612,0,1.3264783866852241,0