msdX(mean),msdX(std),msdY(mean),msdY(std),msdZ(mean),msdZ(std),DmsdX(mean),DmsdX(std),DmsdY(mean),DmsdY(std),DmsdZ(mean),DmsdZ(std)
454.15566693749997,0,421.24072993750002,0,427.36691999999999,0,1.2773327715862746,0,1.1847580647939813,0,1.2019882435663056,0