msdX(mean),msdX(std),msdY(mean),msdY(std),msdZ(mean),msdZ(std),DmsdX(mean),DmsdX(std),DmsdY(mean),DmsdY(std),DmsdZ(mean),DmsdZ(std)
178.652271625,0,171.43757343749999,0,169.43635106249999,0,1.5494559551170859,0,1.4868826837597571,0,1.4695260282957503,0