msdX(mean),msdX(std),msdY(mean),msdY(std),msdZ(mean),msdZ(std),DmsdX(mean),DmsdX(std),DmsdY(mean),DmsdY(std),DmsdZ(mean),DmsdZ(std)
4132.7798241250002,0,3430.3422666874999,0,3875.6524211874998,0,0.62716385192777546,0,0.52056648574591913,0,0.58814386554449161,0