msdX(mean),msdX(std),msdY(mean),msdY(std),msdZ(mean),msdZ(std),DmsdX(mean),DmsdX(std),DmsdY(mean),DmsdY(std),DmsdZ(mean),DmsdZ(std)
5273.3000368749999,0,4290.5999151875003,0,4915.8152898750004,0,0.57320451648245141,0,0.46638560912649174,0,0.53434614124852131,0