msdX(mean),msdX(std),msdY(mean),msdY(std),msdZ(mean),msdZ(std),DmsdX(mean),DmsdX(std),DmsdY(mean),DmsdY(std),DmsdZ(mean),DmsdZ(std)
69.485712250000006,0,67.849119562499993,0,66.166939312500006,0,1.7824466588285592,0,1.7404648028003418,0,1.6973135351646003,0