msdX(mean),msdX(std),msdY(mean),msdY(std),msdZ(mean),msdZ(std),DmsdX(mean),DmsdX(std),DmsdY(mean),DmsdY(std),DmsdZ(mean),DmsdZ(std)
721.71167943750004,0,656.639131625,0,677.85421518750002,0,1.1320671555318815,0,1.0299952392747902,0,1.0632729317207394,0