msdX(mean),msdX(std),msdY(mean),msdY(std),msdZ(mean),msdZ(std),DmsdX(mean),DmsdX(std),DmsdY(mean),DmsdY(std),DmsdZ(mean),DmsdZ(std)
2323.6107549375001,0,1994.2051840624999,0,2176.2538186249999,0,0.77886829142201919,0,0.66845239941982915,0,0.72947462900630733,0