msdX(mean),msdX(std),msdY(mean),msdY(std),msdZ(mean),msdZ(std),DmsdX(mean),DmsdX(std),DmsdY(mean),DmsdY(std),DmsdZ(mean),DmsdZ(std)
1761.6949744999999,0,1532.8065355000001,0,1642.5483611249999,0,0.85952412621872376,0,0.74785034705676667,0,0.80139295695536561,0