msdX(mean),msdX(std),msdY(mean),msdY(std),msdZ(mean),msdZ(std),DmsdX(mean),DmsdX(std),DmsdY(mean),DmsdY(std),DmsdZ(mean),DmsdZ(std)
501.62525787499999,0,464.50602318749998,0,472.36418718750002,0,1.2449336313906354,0,1.1528111098299967,0,1.1723135022853244,0