msdX(mean),msdX(std),msdY(mean),msdY(std),msdZ(mean),msdZ(std),DmsdX(mean),DmsdX(std),DmsdY(mean),DmsdY(std),DmsdZ(mean),DmsdZ(std)
633.38634549999995,0,579.29484187499997,0,595.17511693749998,0,1.1739159401352979,0,1.0736629448151238,0,1.1030953886340469,0