msdX(mean),msdX(std),msdY(mean),msdY(std),msdZ(mean),msdZ(std),DmsdX(mean),DmsdX(std),DmsdY(mean),DmsdY(std),DmsdZ(mean),DmsdZ(std)
1555.239437125,0,1359.750118875,0,1449.4116716250001,0,0.89655524281569154,0,0.78386071552444725,0,0.83554827775962948,0