msdX(mean),msdX(std),msdY(mean),msdY(std),msdZ(mean),msdZ(std),DmsdX(mean),DmsdX(std),DmsdY(mean),DmsdY(std),DmsdZ(mean),DmsdZ(std)
1065.907091625,0,949.06190575000005,0,994.36308012500001,0,1.0136050700123622,0,0.90249325385127432,0,0.94557158627329796,0