msdX(mean),msdX(std),msdY(mean),msdY(std),msdZ(mean),msdZ(std),DmsdX(mean),DmsdX(std),DmsdY(mean),DmsdY(std),DmsdZ(mean),DmsdZ(std)
2394.7246488750002,0,2052.4235332500002,0,2241.3485185625,0,0.76991715302858188,0,0.65986546063700957,0,0.72060588308854256,0