msdX(mean),msdX(std),msdY(mean),msdY(std),msdZ(mean),msdZ(std),DmsdX(mean),DmsdX(std),DmsdY(mean),DmsdY(std),DmsdZ(mean),DmsdZ(std)
879.28077599999995,0,789.50726306249999,0,823.00537518750002,0,1.073886998188369,0,0.96424442330592142,0,1.0051564824078409,0