msdX(mean),msdX(std),msdY(mean),msdY(std),msdZ(mean),msdZ(std),DmsdX(mean),DmsdX(std),DmsdY(mean),DmsdY(std),DmsdZ(mean),DmsdZ(std)
654.73621437500003,0,598.06886974999998,0,615.16034187499997,0,1.1639065199840011,0,1.0631705435233467,0,1.0935535823803033,0