msdX(mean),msdX(std),msdY(mean),msdY(std),msdZ(mean),msdZ(std),DmsdX(mean),DmsdX(std),DmsdY(mean),DmsdY(std),DmsdZ(mean),DmsdZ(std)
1707.56659975,0,1486.8585505625001,0,1592.4099847499999,0,0.86859280723841503,0,0.75632460987969896,0,0.81001576110178541,0