msdX(mean),msdX(std),msdY(mean),msdY(std),msdZ(mean),msdZ(std),DmsdX(mean),DmsdX(std),DmsdY(mean),DmsdY(std),DmsdZ(mean),DmsdZ(std)
937.00231018750003,0,839.79713181249997,0,875.97455906250002,0,1.0527918692767926,0,0.94357461299882028,0,0.98422264646261315,0