msdX(mean),msdX(std),msdY(mean),msdY(std),msdZ(mean),msdZ(std),DmsdX(mean),DmsdX(std),DmsdY(mean),DmsdY(std),DmsdZ(mean),DmsdZ(std)
5431.2839138749996,0,4410.5245523125004,0,5060.4956295624997,0,0.56626011717406033,0,0.45983678802194655,0,0.527602109113538,0