msdX(mean),msdX(std),msdY(mean),msdY(std),msdZ(mean),msdZ(std),DmsdX(mean),DmsdX(std),DmsdY(mean),DmsdY(std),DmsdZ(mean),DmsdZ(std)
42.710594562499999,0,41.926055812500003,0,40.686551812499999,0,1.8842909365808822,0,1.8496789329044119,0,1.7949949329044117,0