msdX(mean),msdX(std),msdY(mean),msdY(std),msdZ(mean),msdZ(std),DmsdX(mean),DmsdX(std),DmsdY(mean),DmsdY(std),DmsdZ(mean),DmsdZ(std)
3338.51154275,0,2816.9256776249999,0,3135.8733238125001,0,0.67840298496620022,0,0.57241401254961599,0,0.6372258403509693,0