msdX(mean),msdX(std),msdY(mean),msdY(std),msdZ(mean),msdZ(std),DmsdX(mean),DmsdX(std),DmsdY(mean),DmsdY(std),DmsdZ(mean),DmsdZ(std)
1331.0747425,0,1173.7129963125001,0,1239.7661055000001,0,0.94526488122714192,0,0.83351418265987287,0,0.88042190498171358,0