msdX(mean),msdX(std),msdY(mean),msdY(std),msdZ(mean),msdZ(std),DmsdX(mean),DmsdX(std),DmsdY(mean),DmsdY(std),DmsdZ(mean),DmsdZ(std)
370.69036981250002,0,346.80015281250002,0,349.91993324999999,0,1.3390380607314871,0,1.2527398656682722,0,1.2640093916315474,0