msdX(mean),msdX(std),msdY(mean),msdY(std),msdZ(mean),msdZ(std),DmsdX(mean),DmsdX(std),DmsdY(mean),DmsdY(std),DmsdZ(mean),DmsdZ(std)
1873.2832284374999,0,1625.1361540625001,0,1750.2783479375,0,0.84081655425244617,0,0.72943661722186481,0,0.78560624851319605,0