msdX(mean),msdX(std),msdY(mean),msdY(std),msdZ(mean),msdZ(std),DmsdX(mean),DmsdX(std),DmsdY(mean),DmsdY(std),DmsdZ(mean),DmsdZ(std)
1508.4093312499999,0,1319.4349319999999,0,1405.2209561875,0,0.90659587770086847,0,0.79301701830129523,0,0.84457680004056934,0