msdX(mean),msdX(std),msdY(mean),msdY(std),msdZ(mean),msdZ(std),DmsdX(mean),DmsdX(std),DmsdY(mean),DmsdY(std),DmsdZ(mean),DmsdZ(std)
410.62483818750002,0,381.70686693750002,0,386.7148195625,0,1.3088339508738844,0,1.2166602218577349,0,1.2326226717886739,0