msdX(mean),msdX(std),msdY(mean),msdY(std),msdZ(mean),msdZ(std),DmsdX(mean),DmsdX(std),DmsdY(mean),DmsdY(std),DmsdZ(mean),DmsdZ(std)
3891.2260577500001,0,3243.529740125,0,3651.9152114375001,0,0.6418781900696936,0,0.53503727825889724,0,0.6024026081797188,0