msdX(mean),msdX(std),msdY(mean),msdY(std),msdZ(mean),msdZ(std),DmsdX(mean),DmsdX(std),DmsdY(mean),DmsdY(std),DmsdZ(mean),DmsdZ(std)
96.875724312499997,0,94.077213,0,92.162862187499996,0,1.7070612213656386,0,1.6577482466960352,0,1.6240151927312774,0