msdX(mean),msdX(std),msdY(mean),msdY(std),msdZ(mean),msdZ(std),DmsdX(mean),DmsdX(std),DmsdY(mean),DmsdY(std),DmsdZ(mean),DmsdZ(std)
676.68134799999996,0,616.73817162499995,0,635.38731693750003,0,1.1537946767455738,0,1.0515868679843132,0,1.0833851208119014,0