msdX(mean),msdX(std),msdY(mean),msdY(std),msdZ(mean),msdZ(std),DmsdX(mean),DmsdX(std),DmsdY(mean),DmsdY(std),DmsdZ(mean),DmsdZ(std)
291.56640012499997,0,275.16407612500001,0,276.35691531250001,0,1.410350210214447,0,1.331009720049984,0,1.3367796612987748,0