msdX(mean),msdX(std),msdY(mean),msdY(std),msdZ(mean),msdZ(std),DmsdX(mean),DmsdX(std),DmsdY(mean),DmsdY(std),DmsdZ(mean),DmsdZ(std)
281.65050050000002,0,266.12532568749998,0,267.0309805,0,1.4203252672718105,0,1.3420339167297024,0,1.3466010110943014,0