msdX(mean),msdX(std),msdY(mean),msdY(std),msdZ(mean),msdZ(std),DmsdX(mean),DmsdX(std),DmsdY(mean),DmsdY(std),DmsdZ(mean),DmsdZ(std)
2468.1253345,0,2114.902296875,0,2312.2432355000001,0,0.76109759455417303,0,0.65217395096134578,0,0.71302811893858797,0