msdX(mean),msdX(std),msdY(mean),msdY(std),msdZ(mean),msdZ(std),DmsdX(mean),DmsdX(std),DmsdY(mean),DmsdY(std),DmsdZ(mean),DmsdZ(std)
1099.7815901250001,0,978.85961412500001,0,1025.9379148124999,0,1.0030842668049982,0,0.89279424856348044,0,0.93573323131384512,0