msdX(mean),msdX(std),msdY(mean),msdY(std),msdZ(mean),msdZ(std),DmsdX(mean),DmsdX(std),DmsdY(mean),DmsdY(std),DmsdZ(mean),DmsdZ(std)
4672.5891281249997,0,3836.5064998124999,0,4369.9945209999996,0,0.60012318545668208,0,0.49274105609551694,0,0.56125949884729731,0