msdX(mean),msdX(std),msdY(mean),msdY(std),msdZ(mean),msdZ(std),DmsdX(mean),DmsdX(std),DmsdY(mean),DmsdY(std),DmsdZ(mean),DmsdZ(std)
1209.3561174375,0,1072.6188868125,0,1128.1967858749999,0,0.97329873170739889,0,0.86325159900136816,0,0.90798110248551345,0