msdX(mean),msdX(std),msdY(mean),msdY(std),msdZ(mean),msdZ(std),DmsdX(mean),DmsdX(std),DmsdY(mean),DmsdY(std),DmsdZ(mean),DmsdZ(std)
10104.567817499999,0,7487.2790400000004,0,9078.0119300000006,0,1.0640867541596462,0,0.78846662173546755,0,0.95598272219882063,0