msdX(mean),msdX(std),msdY(mean),msdY(std),msdZ(mean),msdZ(std),DmsdX(mean),DmsdX(std),DmsdY(mean),DmsdY(std),DmsdZ(mean),DmsdZ(std)
3751.0174550000002,0,3186.101995,0,3371.2067525000002,0,1.3195417876407132,0,1.1208144916744842,0,1.1859310808513135,0