msdX(mean),msdX(std),msdY(mean),msdY(std),msdZ(mean),msdZ(std),DmsdX(mean),DmsdX(std),DmsdY(mean),DmsdY(std),DmsdZ(mean),DmsdZ(std)
2353.0576925,0,2078.9795374999999,0,2138.5223900000001,0,1.4410004649097738,0,1.2731564082020086,0,1.3096201457499796,0