msdX(mean),msdX(std),msdY(mean),msdY(std),msdZ(mean),msdZ(std),DmsdX(mean),DmsdX(std),DmsdY(mean),DmsdY(std),DmsdZ(mean),DmsdZ(std)
9658.3460250000007,0,7217.0337975000002,0,8668.3781500000005,0,1.074112281192773,0,0.80261202234966167,0,0.96401717279932397,0