msdX(mean),msdX(std),msdY(mean),msdY(std),msdZ(mean),msdZ(std),DmsdX(mean),DmsdX(std),DmsdY(mean),DmsdY(std),DmsdZ(mean),DmsdZ(std)
10543.932947499999,0,7763.10203,0,9433.4447249999994,0,1.0543932947499999,0,0.77631020299999998,0,0.94334447249999998,0