msdX(mean),msdX(std),msdY(mean),msdY(std),msdZ(mean),msdZ(std),DmsdX(mean),DmsdX(std),DmsdY(mean),DmsdY(std),DmsdZ(mean),DmsdZ(std)
4400.9297225,0,3677.4642749999998,0,3972.3165399999998,0,1.2765445021077872,0,1.0666943345967164,0,1.1522199079535127,0