msdX(mean),msdX(std),msdY(mean),msdY(std),msdZ(mean),msdZ(std),DmsdX(mean),DmsdX(std),DmsdY(mean),DmsdY(std),DmsdZ(mean),DmsdZ(std)
6127.4271275000001,0,4918.863515,0,5547.5521900000003,0,1.1871944472610083,0,0.95303417410454805,0,1.0748431631769979,0