msdX(mean),msdX(std),msdY(mean),msdY(std),msdZ(mean),msdZ(std),DmsdX(mean),DmsdX(std),DmsdY(mean),DmsdY(std),DmsdZ(mean),DmsdZ(std)
1031.0033874999999,0,954.27639250000004,0,952.27243750000002,0,1.6499574109143282,0,1.5271680238450871,0,1.5239610116824922,0