msdX(mean),msdX(std),msdY(mean),msdY(std),msdZ(mean),msdZ(std),DmsdX(mean),DmsdX(std),DmsdY(mean),DmsdY(std),DmsdZ(mean),DmsdZ(std)
235.32093499999999,0,231.44863000000001,0,222.66213999999999,0,1.9469465113072257,0,1.9149086872586873,0,1.8422129619415335,0