msdX(mean),msdX(std),msdY(mean),msdY(std),msdZ(mean),msdZ(std),DmsdX(mean),DmsdX(std),DmsdY(mean),DmsdY(std),DmsdZ(mean),DmsdZ(std)
7946.1000000000004,0,6142.6806925000001,0,7167.3523450000002,0,1.1228697397055085,0,0.86802711648249165,0,1.0128242863804653,0