msdX(mean),msdX(std),msdY(mean),msdY(std),msdZ(mean),msdZ(std),DmsdX(mean),DmsdX(std),DmsdY(mean),DmsdY(std),DmsdZ(mean),DmsdZ(std)
4187.9966549999999,0,3516.0724,0,3759.2480675000002,0,1.2902552954526783,0,1.0832460976010516,0,1.1581646609534177,0