msdX(mean),msdX(std),msdY(mean),msdY(std),msdZ(mean),msdZ(std),DmsdX(mean),DmsdX(std),DmsdY(mean),DmsdY(std),DmsdZ(mean),DmsdZ(std)
7851.1251099999999,0,6081.3039275000001,0,7087.9219174999998,0,1.1254802474268184,0,0.8717715426904441,0,1.0160729833854181,0