msdX(mean),msdX(std),msdY(mean),msdY(std),msdZ(mean),msdZ(std),DmsdX(mean),DmsdX(std),DmsdY(mean),DmsdY(std),DmsdZ(mean),DmsdZ(std)
3281.947075,0,2843.6669575000001,0,2976.7015500000002,0,1.34539111051898,0,1.1657239310896121,0,1.2202597155038124,0