msdX(mean),msdX(std),msdY(mean),msdY(std),msdZ(mean),msdZ(std),DmsdX(mean),DmsdX(std),DmsdY(mean),DmsdY(std),DmsdZ(mean),DmsdZ(std)
6904.9198850000002,0,5463.3784999999998,0,6242.7775275000004,0,1.1570422971870951,0,0.91548636556593233,0,1.0460885530240405,0