msdX(mean),msdX(std),msdY(mean),msdY(std),msdZ(mean),msdZ(std),DmsdX(mean),DmsdX(std),DmsdY(mean),DmsdY(std),DmsdZ(mean),DmsdZ(std)
9247.1071150000007,0,6943.4192800000001,0,8265.9810400000006,0,1.0894415344528312,0,0.81803414415758846,0,0.97385084394316657,0