msdX(mean),msdX(std),msdY(mean),msdY(std),msdZ(mean),msdZ(std),DmsdX(mean),DmsdX(std),DmsdY(mean),DmsdY(std),DmsdZ(mean),DmsdZ(std)
3517.7663375000002,0,3018.6201850000002,0,3165.9516400000002,0,1.3319490878054323,0,1.1429549367679726,0,1.1987397667609048,0