msdX(mean),msdX(std),msdY(mean),msdY(std),msdZ(mean),msdZ(std),DmsdX(mean),DmsdX(std),DmsdY(mean),DmsdY(std),DmsdZ(mean),DmsdZ(std)
6500.4817174999998,0,5201.2839050000002,0,5914.6040400000002,0,1.1682128956653528,0,0.93473179310386156,0,1.0629237974289241,0