msdX(mean),msdX(std),msdY(mean),msdY(std),msdZ(mean),msdZ(std),DmsdX(mean),DmsdX(std),DmsdY(mean),DmsdY(std),DmsdZ(mean),DmsdZ(std)
7677.7506075000001,0,5963.5908625000002,0,6910.0857400000004,0,1.1333811531250924,0,0.8803387650940333,0,1.0200593044197102,0