msdX(mean),msdX(std),msdY(mean),msdY(std),msdZ(mean),msdZ(std),DmsdX(mean),DmsdX(std),DmsdY(mean),DmsdY(std),DmsdZ(mean),DmsdZ(std)
6037.8500249999997,0,4858.7353199999998,0,5460.9506325000002,0,1.1931409537328574,0,0.96013582146574106,0,1.079139730031486,0