msdX(mean),msdX(std),msdY(mean),msdY(std),msdZ(mean),msdZ(std),DmsdX(mean),DmsdX(std),DmsdY(mean),DmsdY(std),DmsdZ(mean),DmsdZ(std)
10186.247284999999,0,7544.198155,0,9159.0380824999993,0,1.0614212325983661,0,0.78611601315021684,0,0.95438459512545848,0