msdX(mean),msdX(std),msdY(mean),msdY(std),msdZ(mean),msdZ(std),DmsdX(mean),DmsdX(std),DmsdY(mean),DmsdY(std),DmsdZ(mean),DmsdZ(std)
5937.0887700000003,0,4793.3843674999998,0,5381.0249025000003,0,1.1970902431647714,0,0.96648608103476075,0,1.0849715506290829,0