msdX(mean),msdX(std),msdY(mean),msdY(std),msdZ(mean),msdZ(std),DmsdX(mean),DmsdX(std),DmsdY(mean),DmsdY(std),DmsdZ(mean),DmsdZ(std)
8881.1915750000007,0,6743.4446324999999,0,7966.4284399999997,0,1.0985229127154283,0,0.83410298909458225,0,0.98537500288612179,0