msdX(mean),msdX(std),msdY(mean),msdY(std),msdZ(mean),msdZ(std),DmsdX(mean),DmsdX(std),DmsdY(mean),DmsdY(std),DmsdZ(mean),DmsdZ(std)
7092.5607799999998,0,5576.1397450000004,0,6428.6503750000002,0,1.1496478463367192,0,0.90384802436784106,0,1.0420332356278368,0