msdX(mean),msdX(std),msdY(mean),msdY(std),msdZ(mean),msdZ(std),DmsdX(mean),DmsdX(std),DmsdY(mean),DmsdY(std),DmsdZ(mean),DmsdZ(std)
6714.5848274999998,0,5326.3414924999997,0,6072.9982375,0,1.1645000336740239,0,0.92373914496884069,0,1.0532306663410065,0