msdX(mean),msdX(std),msdY(mean),msdY(std),msdZ(mean),msdZ(std),DmsdX(mean),DmsdX(std),DmsdY(mean),DmsdY(std),DmsdZ(mean),DmsdZ(std)
6423.1899524999999,0,5128.8598425,0,5826.5608499999998,0,1.1756189285278507,0,0.93872122063937524,0,1.066419532060277,0