msdX(mean),msdX(std),msdY(mean),msdY(std),msdZ(mean),msdZ(std),DmsdX(mean),DmsdX(std),DmsdY(mean),DmsdY(std),DmsdZ(mean),DmsdZ(std)
8709.799755,0,6621.1918299999998,0,7824.4337699999996,0,1.1048745524161494,0,0.83992589559054853,0,0.99256217165908356,0