msdX(mean),msdX(std),msdY(mean),msdY(std),msdZ(mean),msdZ(std),DmsdX(mean),DmsdX(std),DmsdY(mean),DmsdY(std),DmsdZ(mean),DmsdZ(std)
3865.1438349999999,0,3268.6981375,0,3468.2059899999999,0,1.3131264161306395,0,1.110492663129643,0,1.1782725550371445,0