msdX(mean),msdX(std),msdY(mean),msdY(std),msdZ(mean),msdZ(std),DmsdX(mean),DmsdX(std),DmsdY(mean),DmsdY(std),DmsdZ(mean),DmsdZ(std)
7194.8367625000001,0,5649.300295,0,6510.0248174999997,0,1.1474774745619445,0,0.90098567202186031,0,1.0382593912144344,0