msdX(mean),msdX(std),msdY(mean),msdY(std),msdZ(mean),msdZ(std),DmsdX(mean),DmsdX(std),DmsdY(mean),DmsdY(std),DmsdZ(mean),DmsdZ(std)
9567.0608350000002,0,7175.7482600000003,0,8584.3054575000006,0,1.0760226482188249,0,0.80706789460661188,0,0.96549057759790657,0