msdX(mean),msdX(std),msdY(mean),msdY(std),msdZ(mean),msdZ(std),DmsdX(mean),DmsdX(std),DmsdY(mean),DmsdY(std),DmsdZ(mean),DmsdZ(std)
571.55816500000003,0,550.5806675,0,534.23087999999996,0,1.7724565794914204,0,1.7074033517676248,0,1.656701095720488,0