msdX(mean),msdX(std),msdY(mean),msdY(std),msdZ(mean),msdZ(std),DmsdX(mean),DmsdX(std),DmsdY(mean),DmsdY(std),DmsdZ(mean),DmsdZ(std)
3975.6206099999999,0,3346.6143750000001,0,3563.9524449999999,0,1.3059370434039945,0,1.0993170905965313,0,1.170709676659951,0