msdX(mean),msdX(std),msdY(mean),msdY(std),msdZ(mean),msdZ(std),DmsdX(mean),DmsdX(std),DmsdY(mean),DmsdY(std),DmsdZ(mean),DmsdZ(std)
4711.7035599999999,0,3914.6057700000001,0,4259.2875350000004,0,1.2564766200288005,0,1.0439134304609861,0,1.1358302018702555,0