msdX(mean),msdX(std),msdY(mean),msdY(std),msdZ(mean),msdZ(std),DmsdX(mean),DmsdX(std),DmsdY(mean),DmsdY(std),DmsdZ(mean),DmsdZ(std)
3057.9270525000002,0,2666.5716925000002,0,2771.5875274999999,0,1.3664880920993834,0,1.191604116766467,0,1.2385322761194029,0