msdX(mean),msdX(std),msdY(mean),msdY(std),msdZ(mean),msdZ(std),DmsdX(mean),DmsdX(std),DmsdY(mean),DmsdY(std),DmsdZ(mean),DmsdZ(std)
6609.6914699999998,0,5259.0490275000002,0,5991.2271300000002,0,1.166704386377811,0,0.92829681936125408,0,1.0575366496428531,0