msdX(mean),msdX(std),msdY(mean),msdY(std),msdZ(mean),msdZ(std),DmsdX(mean),DmsdX(std),DmsdY(mean),DmsdY(std),DmsdZ(mean),DmsdZ(std)
6222.2284374999999,0,4994.8475625000001,0,5639.7723475000003,0,1.1824685682748224,0,0.94921784137411158,0,1.0717789615296907,0