msdX(mean),msdX(std),msdY(mean),msdY(std),msdZ(mean),msdZ(std),DmsdX(mean),DmsdX(std),DmsdY(mean),DmsdY(std),DmsdZ(mean),DmsdZ(std)
5839.4300750000002,0,4717.4056375,0,5287.3190324999996,0,1.2018255690705524,0,0.97089932442166782,0,1.0881944168313162,0