msdX(mean),msdX(std),msdY(mean),msdY(std),msdZ(mean),msdZ(std),DmsdX(mean),DmsdX(std),DmsdY(mean),DmsdY(std),DmsdZ(mean),DmsdZ(std)
8241.2424100000007,0,6345.8750725,0,7424.3203375000003,0,1.1168508483534356,0,0.8599912010435018,0,1.0061417993630573,0