msdX(mean),msdX(std),msdY(mean),msdY(std),msdZ(mean),msdZ(std),DmsdX(mean),DmsdX(std),DmsdY(mean),DmsdY(std),DmsdZ(mean),DmsdZ(std)
8794.9351399999996,0,6686.5197724999998,0,7890.1811600000001,0,1.1015884291654836,0,0.83750393783713817,0,0.98826564738890099,0