msdX(mean),msdX(std),msdY(mean),msdY(std),msdZ(mean),msdZ(std),DmsdX(mean),DmsdX(std),DmsdY(mean),DmsdY(std),DmsdZ(mean),DmsdZ(std)
8429.7762375000002,0,6467.1983824999998,0,7573.0675799999999,0,1.1120098809471461,0,0.85311736643654901,0,0.9989975701345527,0