msdX(mean),msdX(std),msdY(mean),msdY(std),msdZ(mean),msdZ(std),DmsdX(mean),DmsdX(std),DmsdY(mean),DmsdY(std),DmsdZ(mean),DmsdZ(std)
9850.5705749999997,0,7340.7670424999997,0,8834.9780874999997,0,1.0714595561042464,0,0.79846491499521399,0,0.96099222149103714,0