msdX(mean),msdX(std),msdY(mean),msdY(std),msdZ(mean),msdZ(std),DmsdX(mean),DmsdX(std),DmsdY(mean),DmsdY(std),DmsdZ(mean),DmsdZ(std)
5733.4545275,0,4643.9165974999996,0,5194.9864825000004,0,1.2050135618957545,0,0.97602282419083641,0,1.0918424721521649,0