msdX(mean),msdX(std),msdY(mean),msdY(std),msdZ(mean),msdZ(std),DmsdX(mean),DmsdX(std),DmsdY(mean),DmsdY(std),DmsdZ(mean),DmsdZ(std)
9764.9396424999995,0,7272.1258024999997,0,8747.0254624999998,0,1.0739278591512635,0,0.79977335042268183,0,0.96197976360243709,0