msdX(mean),msdX(std),msdY(mean),msdY(std),msdZ(mean),msdZ(std),DmsdX(mean),DmsdX(std),DmsdY(mean),DmsdY(std),DmsdZ(mean),DmsdZ(std)
9401.5527375000001,0,7052.3520250000001,0,8421.1593274999996,0,1.0819398898483235,0,0.81159157281173522,0,0.96911525676484356,0