msdX(mean),msdX(std),msdY(mean),msdY(std),msdZ(mean),msdZ(std),DmsdX(mean),DmsdX(std),DmsdY(mean),DmsdY(std),DmsdZ(mean),DmsdZ(std)
10023.552960000001,0,7435.9513424999996,0,8996.7928350000002,0,1.0668802111716622,0,0.79146280467685615,0,0.95759460522394413,0