msdX(mean),msdX(std),msdY(mean),msdY(std),msdZ(mean),msdZ(std),DmsdX(mean),DmsdX(std),DmsdY(mean),DmsdY(std),DmsdZ(mean),DmsdZ(std)
5213.8414274999996,0,4281.1187375,0,4745.0237374999997,0,1.2256326815937939,0,1.0063748795251528,0,1.11542636048425,0