msdX(mean),msdX(std),msdY(mean),msdY(std),msdZ(mean),msdZ(std),DmsdX(mean),DmsdX(std),DmsdY(mean),DmsdY(std),DmsdZ(mean),DmsdZ(std)
198.06254023437501,0,199.81367734374999,0,188.77116289062499,0,2.1150171148498331,0,2.1337166879866514,0,2.015798847330367,0