msdX(mean),msdX(std),msdY(mean),msdY(std),msdZ(mean),msdZ(std),DmsdX(mean),DmsdX(std),DmsdY(mean),DmsdY(std),DmsdZ(mean),DmsdZ(std)
780.07722109375004,0,793.42767148437497,0,725.52950468749998,0,1.8568661846020333,0,1.8886450895735183,0,1.7270228725514505,0