msdX(mean),msdX(std),msdY(mean),msdY(std),msdZ(mean),msdZ(std),DmsdX(mean),DmsdX(std),DmsdY(mean),DmsdY(std),DmsdZ(mean),DmsdZ(std)
9947.9097910156252,0,10318.848650390624,0,8696.3447429687494,0,1.1753982694402392,0,1.2192266617896834,0,1.0275192252520031,0