msdX(mean),msdX(std),msdY(mean),msdY(std),msdZ(mean),msdZ(std),DmsdX(mean),DmsdX(std),DmsdY(mean),DmsdY(std),DmsdZ(mean),DmsdZ(std)
1126.3945281250001,0,1148.05426171875,0,1041.4497136718751,0,1.7666047165495833,0,1.8005752185100472,0,1.6333797175706584,0