msdX(mean),msdX(std),msdY(mean),msdY(std),msdZ(mean),msdZ(std),DmsdX(mean),DmsdX(std),DmsdY(mean),DmsdY(std),DmsdZ(mean),DmsdZ(std)
10662.281063671875,0,11062.872042968749,0,9304.0384933593741,0,1.1589829615051463,0,1.2025269383301063,0,1.0113428845663914,0