msdX(mean),msdX(std),msdY(mean),msdY(std),msdZ(mean),msdZ(std),DmsdX(mean),DmsdX(std),DmsdY(mean),DmsdY(std),DmsdZ(mean),DmsdZ(std)
8964.8804457031256,0,9303.7556589843753,0,7864.4426273437502,0,1.2004359181335695,0,1.2458127617235992,0,1.0530825774134154,0