msdX(mean),msdX(std),msdY(mean),msdY(std),msdZ(mean),msdZ(std),DmsdX(mean),DmsdX(std),DmsdY(mean),DmsdY(std),DmsdZ(mean),DmsdZ(std)
327.12380039062498,0,330.758784375,0,308.95055078125,0,2.0312991486093139,0,2.0538708473479947,0,1.9184510268434667,0