msdX(mean),msdX(std),msdY(mean),msdY(std),msdZ(mean),msdZ(std),DmsdX(mean),DmsdX(std),DmsdY(mean),DmsdY(std),DmsdZ(mean),DmsdZ(std)
83.446821874999998,0,83.995648437499995,0,80.3918828125,0,2.2314470473537602,0,2.2461231894150413,0,2.1497550835654593,0