msdX(mean),msdX(std),msdY(mean),msdY(std),msdZ(mean),msdZ(std),DmsdX(mean),DmsdX(std),DmsdY(mean),DmsdY(std),DmsdZ(mean),DmsdZ(std)
871.80729804687496,0,886.79220078125002,0,808.89828632812498,0,1.8309669790527234,0,1.8624382252242397,0,1.698845668070444,0