msdX(mean),msdX(std),msdY(mean),msdY(std),msdZ(mean),msdZ(std),DmsdX(mean),DmsdX(std),DmsdY(mean),DmsdY(std),DmsdZ(mean),DmsdZ(std)
461.410998828125,0,466.48419374999997,0,432.89106757812499,0,1.9686869283333333,0,1.9903325599999999,0,1.8470018883333332,0