msdX(mean),msdX(std),msdY(mean),msdY(std),msdZ(mean),msdZ(std),DmsdX(mean),DmsdX(std),DmsdY(mean),DmsdY(std),DmsdZ(mean),DmsdZ(std)
444.30030117187499,0,449.16123398437497,0,417.02495039062501,0,1.9764980960379979,0,1.9981222642493046,0,1.8551619665199257,0