msdX(mean),msdX(std),msdY(mean),msdY(std),msdZ(mean),msdZ(std),DmsdX(mean),DmsdX(std),DmsdY(mean),DmsdY(std),DmsdZ(mean),DmsdZ(std)
7290.7659925781254,0,7544.2267597656246,0,6420.9338031249999,0,1.2538534517251572,0,1.2974432004756273,0,1.1042612011608535,0