msdX(mean),msdX(std),msdY(mean),msdY(std),msdZ(mean),msdZ(std),DmsdX(mean),DmsdX(std),DmsdY(mean),DmsdY(std),DmsdZ(mean),DmsdZ(std)
270.04617500000001,0,272.95248046875003,0,255.525087890625,0,2.065691856573705,0,2.0879233565737052,0,1.9546142181274897,0