msdX(mean),msdX(std),msdY(mean),msdY(std),msdZ(mean),msdZ(std),DmsdX(mean),DmsdX(std),DmsdY(mean),DmsdY(std),DmsdZ(mean),DmsdZ(std)
1303.2643675781251,0,1329.0799378906249,0,1198.3623511718749,0,1.7299969481125552,0,1.7642654042795904,0,1.5907464838564711,0