msdX(mean),msdX(std),msdY(mean),msdY(std),msdZ(mean),msdZ(std),DmsdX(mean),DmsdX(std),DmsdY(mean),DmsdY(std),DmsdZ(mean),DmsdZ(std)
4809.373750390625,0,4958.5355960937504,0,4292.0678703125004,0,1.3643613476285461,0,1.4066767648492908,0,1.2176079064716314,0