msdX(mean),msdX(std),msdY(mean),msdY(std),msdZ(mean),msdZ(std),DmsdX(mean),DmsdX(std),DmsdY(mean),DmsdY(std),DmsdZ(mean),DmsdZ(std)
49.673218749999997,0,49.975196484374997,0,48.24655390625,0,2.2816406698564591,0,2.2955114174641142,0,2.2161096531100477,0