msdX(mean),msdX(std),msdY(mean),msdY(std),msdZ(mean),msdZ(std),DmsdX(mean),DmsdX(std),DmsdY(mean),DmsdY(std),DmsdZ(mean),DmsdZ(std)
314.94650312499999,0,318.38212968750003,0,297.33146093750003,0,2.0387636075522586,0,2.0610036716115978,0,1.9247350134861767,0