msdX(mean),msdX(std),msdY(mean),msdY(std),msdZ(mean),msdZ(std),DmsdX(mean),DmsdX(std),DmsdY(mean),DmsdY(std),DmsdZ(mean),DmsdZ(std)
3283.934000390625,0,3363.0510996093749,0,2953.9111640625001,0,1.4739242790102387,0,1.5094343146594043,0,1.3258005131142176,0