msdX(mean),msdX(std),msdY(mean),msdY(std),msdZ(mean),msdZ(std),DmsdX(mean),DmsdX(std),DmsdY(mean),DmsdY(std),DmsdZ(mean),DmsdZ(std)
58.317859765625002,0,58.720661718750002,0,56.530155468750003,0,2.2666050759109311,0,2.282260536437247,0,2.1971234514170042,0