msdX(mean),msdX(std),msdY(mean),msdY(std),msdZ(mean),msdZ(std),DmsdX(mean),DmsdX(std),DmsdY(mean),DmsdY(std),DmsdZ(mean),DmsdZ(std)
162.88533046875,0,164.36472773437501,0,155.702735546875,0,2.1420536609589038,0,2.1615087482876714,0,2.047597618150685,0