msdX(mean),msdX(std),msdY(mean),msdY(std),msdZ(mean),msdZ(std),DmsdX(mean),DmsdX(std),DmsdY(mean),DmsdY(std),DmsdZ(mean),DmsdZ(std)
47.825113281249997,0,48.1373546875,0,46.501213671875,0,2.2841845149253732,0,2.299097537313433,0,2.2209534888059701,0