msdX(mean),msdX(std),msdY(mean),msdY(std),msdZ(mean),msdZ(std),DmsdX(mean),DmsdX(std),DmsdY(mean),DmsdY(std),DmsdZ(mean),DmsdZ(std)
4488.8775027343754,0,4622.4319199218753,0,4005.8815511718749,0,1.3842099455945651,0,1.4253933711695361,0,1.2352711965582037,0