msdX(mean),msdX(std),msdY(mean),msdY(std),msdZ(mean),msdZ(std),DmsdX(mean),DmsdX(std),DmsdY(mean),DmsdY(std),DmsdZ(mean),DmsdZ(std)
396.20844609375001,0,400.70710937500002,0,372.43541718749998,0,1.9976896441701681,0,2.0203719800420168,0,1.8778256328781511,0