msdX(mean),msdX(std),msdY(mean),msdY(std),msdZ(mean),msdZ(std),DmsdX(mean),DmsdX(std),DmsdY(mean),DmsdY(std),DmsdZ(mean),DmsdZ(std)
190.4133828125,0,192.11166601562499,0,181.55312656250001,0,2.1206130800464038,0,2.1395266748839905,0,2.0219373723897913,0