msdX(mean),msdX(std),msdY(mean),msdY(std),msdZ(mean),msdZ(std),DmsdX(mean),DmsdX(std),DmsdY(mean),DmsdY(std),DmsdZ(mean),DmsdZ(std)
647.03616953125004,0,656.20477617187498,0,604.58882578124997,0,1.8972349503665242,0,1.9241190749083688,0,1.7727711446243126,0