msdX(mean),msdX(std),msdY(mean),msdY(std),msdZ(mean),msdZ(std),DmsdX(mean),DmsdX(std),DmsdY(mean),DmsdY(std),DmsdZ(mean),DmsdZ(std)
9606.3496921874994,0,9964.4060953125008,0,8406.7935871093741,0,1.1833819715770562,0,1.227490036122161,0,1.0356116827441291,0