msdX(mean),msdX(std),msdY(mean),msdY(std),msdZ(mean),msdZ(std),DmsdX(mean),DmsdX(std),DmsdY(mean),DmsdY(std),DmsdZ(mean),DmsdZ(std)
536.27660273437505,0,543.09330117187505,0,502.56030312500002,0,1.9368906645033861,0,1.9615107943002259,0,1.8151162189616254,0