msdX(mean),msdX(std),msdY(mean),msdY(std),msdZ(mean),msdZ(std),DmsdX(mean),DmsdX(std),DmsdY(mean),DmsdY(std),DmsdZ(mean),DmsdZ(std)
86.896358593749994,0,87.601000781249994,0,83.772792578125006,0,2.2245467799999998,0,2.2425856199999998,0,2.14458349,0