msdX(mean),msdX(std),msdY(mean),msdY(std),msdZ(mean),msdZ(std),DmsdX(mean),DmsdX(std),DmsdY(mean),DmsdY(std),DmsdZ(mean),DmsdZ(std)
577.87871874999996,0,586.14681445312499,0,540.93740820312496,0,1.9202615784008306,0,1.9477360397196262,0,1.7975074831256488,0