msdX(mean),msdX(std),msdY(mean),msdY(std),msdZ(mean),msdZ(std),DmsdX(mean),DmsdX(std),DmsdY(mean),DmsdY(std),DmsdZ(mean),DmsdZ(std)
2568.7785566406251,0,2631.086507421875,0,2327.0942164062499,0,1.5438724186909158,0,1.5813203825987603,0,1.3986166955174355,0