msdX(mean),msdX(std),msdY(mean),msdY(std),msdZ(mean),msdZ(std),DmsdX(mean),DmsdX(std),DmsdY(mean),DmsdY(std),DmsdZ(mean),DmsdZ(std)
1736.3833980468751,0,1773.04875078125,0,1589.5895738281249,0,1.6510777160509111,0,1.6859417598553881,0,1.5114956328001186,0