msdX(mean),msdX(std),msdY(mean),msdY(std),msdZ(mean),msdZ(std),DmsdX(mean),DmsdX(std),DmsdY(mean),DmsdY(std),DmsdZ(mean),DmsdZ(std)
3519.8515953125002,0,3611.5118261718749,0,3159.3833609375001,0,1.4534205907780979,0,1.4912690236676844,0,1.3045756920727773,0