msdX(mean),msdX(std),msdY(mean),msdY(std),msdZ(mean),msdZ(std),DmsdX(mean),DmsdX(std),DmsdY(mean),DmsdY(std),DmsdZ(mean),DmsdZ(std)
105.604650390625,0,106.47053046875,0,101.73596015625,0,2.1991423942516266,0,2.2171737364425161,0,2.118579647505423,0