msdX(mean),msdX(std),msdY(mean),msdY(std),msdZ(mean),msdZ(std),DmsdX(mean),DmsdX(std),DmsdY(mean),DmsdY(std),DmsdZ(mean),DmsdZ(std)
1503.8246425781249,0,1536.679605078125,0,1380.0117320312499,0,1.6894928693680513,0,1.7264042374195434,0,1.550393519894675,0