msdX(mean),msdX(std),msdY(mean),msdY(std),msdZ(mean),msdZ(std),DmsdX(mean),DmsdX(std),DmsdY(mean),DmsdY(std),DmsdZ(mean),DmsdZ(std)
77.263940625000004,0,77.741925781250004,0,74.522599999999997,0,2.2408877039274921,0,2.2547507175226582,0,2.1613805438066462,0