msdX(mean),msdX(std),msdY(mean),msdY(std),msdZ(mean),msdZ(std),DmsdX(mean),DmsdX(std),DmsdY(mean),DmsdY(std),DmsdZ(mean),DmsdZ(std)
840.76661914062504,0,854.62555195312495,0,780.34766679687505,0,1.8410947864393248,0,1.8714428144958939,0,1.7087905112340329,0