msdX(mean),msdX(std),msdY(mean),msdY(std),msdZ(mean),msdZ(std),DmsdX(mean),DmsdX(std),DmsdY(mean),DmsdY(std),DmsdZ(mean),DmsdZ(std)
623.22507499999995,0,632.03052890624997,0,582.72685390624997,0,1.9047948806112702,0,1.9317074426934095,0,1.7810180826170008,0