msdX(mean),msdX(std),msdY(mean),msdY(std),msdZ(mean),msdZ(std),DmsdX(mean),DmsdX(std),DmsdY(mean),DmsdY(std),DmsdZ(mean),DmsdZ(std)
114.44455703125,0,115.465996484375,0,110.17518124999999,0,2.188581170318725,0,2.2081146738047805,0,2.1069357370517925,0