msdX(mean),msdX(std),msdY(mean),msdY(std),msdZ(mean),msdZ(std),DmsdX(mean),DmsdX(std),DmsdY(mean),DmsdY(std),DmsdZ(mean),DmsdZ(std)
240.274983203125,0,242.74120937500001,0,228.150466015625,0,2.0836854911924121,0,2.1050728184281842,0,1.9785406266937668,0