msdX(mean),msdX(std),msdY(mean),msdY(std),msdZ(mean),msdZ(std),DmsdX(mean),DmsdX(std),DmsdY(mean),DmsdY(std),DmsdZ(mean),DmsdZ(std)
1799.8989285156249,0,1838.3412152343751,0,1647.3392945312501,0,1.6415570695183352,0,1.6766174868183543,0,1.5024185091677749,0