msdX(mean),msdX(std),msdY(mean),msdY(std),msdZ(mean),msdZ(std),DmsdX(mean),DmsdX(std),DmsdY(mean),DmsdY(std),DmsdZ(mean),DmsdZ(std)
11435.322197656251,0,11853.859339453125,0,9953.1040777343751,0,1.143532219765625,0,1.1853859339453126,0,0.99531040777343749,0