msdX(mean),msdX(std),msdY(mean),msdY(std),msdZ(mean),msdZ(std),DmsdX(mean),DmsdX(std),DmsdY(mean),DmsdY(std),DmsdZ(mean),DmsdZ(std)
1086.180315234375,0,1106.97507421875,0,1003.972744140625,0,1.7760740974706184,0,1.8100767692897293,0,1.6416519066172712,0