msdX(mean),msdX(std),msdY(mean),msdY(std),msdZ(mean),msdZ(std),DmsdX(mean),DmsdX(std),DmsdY(mean),DmsdY(std),DmsdZ(mean),DmsdZ(std)
381.33679960937502,0,385.55607851562502,0,358.63388984375001,0,2.0048375006845562,0,2.027019908953998,0,1.8854793770536691,0