msdX(mean),msdX(std),msdY(mean),msdY(std),msdZ(mean),msdZ(std),DmsdX(mean),DmsdX(std),DmsdY(mean),DmsdY(std),DmsdZ(mean),DmsdZ(std)
222.65057578125001,0,224.677081640625,0,211.37458007812501,0,2.0975912929342493,0,2.1166830066241413,0,1.9913601263493621,0