msdX(mean),msdX(std),msdY(mean),msdY(std),msdZ(mean),msdZ(std),DmsdX(mean),DmsdX(std),DmsdY(mean),DmsdY(std),DmsdZ(mean),DmsdZ(std)
214.199892578125,0,216.01917070312501,0,203.43181445312501,0,2.1047277059877172,0,2.1226039291197543,0,1.9989205923746161,0