msdX(mean),msdX(std),msdY(mean),msdY(std),msdZ(mean),msdZ(std),DmsdX(mean),DmsdX(std),DmsdY(mean),DmsdY(std),DmsdZ(mean),DmsdZ(std)
2758.993848828125,0,2822.6524121093748,0,2493.6907105468749,0,1.5254472699850254,0,1.5606440797241259,0,1.3787612060847778,0