msdX(mean),msdX(std),msdY(mean),msdY(std),msdZ(mean),msdZ(std),DmsdX(mean),DmsdX(std),DmsdY(mean),DmsdY(std),DmsdZ(mean),DmsdZ(std)
4046.5889714843752,0,4158.6500374999996,0,3622.6862042968751,0,1.4141701538496541,0,1.4533323756825627,0,1.2660279418001457,0