msdX(mean),msdX(std),msdY(mean),msdY(std),msdZ(mean),msdZ(std),DmsdX(mean),DmsdX(std),DmsdY(mean),DmsdY(std),DmsdZ(mean),DmsdZ(std)
150.63785820312501,0,151.86010468750001,0,143.99751562500001,0,2.1551765108047687,0,2.1726631967213113,0,2.0601730998509686,0