msdX(mean),msdX(std),msdY(mean),msdY(std),msdZ(mean),msdZ(std),DmsdX(mean),DmsdX(std),DmsdY(mean),DmsdY(std),DmsdZ(mean),DmsdZ(std)
1934.69478203125,0,1973.853559375,0,1765.3812046875,0,1.6233781931212306,0,1.6562358334061706,0,1.4813092880867056,0