msdX(mean),msdX(std),msdY(mean),msdY(std),msdZ(mean),msdZ(std),DmsdX(mean),DmsdX(std),DmsdY(mean),DmsdY(std),DmsdZ(mean),DmsdZ(std)
478.92104453125,0,484.519701171875,0,449.55236835937501,0,1.9606149371002131,0,1.9835348107675905,0,1.840384962153518,0