msdX(mean),msdX(std),msdY(mean),msdY(std),msdZ(mean),msdZ(std),DmsdX(mean),DmsdX(std),DmsdY(mean),DmsdY(std),DmsdZ(mean),DmsdZ(std)
249.45566015624999,0,252.45237148437499,0,236.8961703125,0,2.0751943999133449,0,2.100123714254766,0,1.9707133752166377,0