msdX(mean),msdX(std),msdY(mean),msdY(std),msdZ(mean),msdZ(std),DmsdX(mean),DmsdX(std),DmsdY(mean),DmsdY(std),DmsdZ(mean),DmsdZ(std)
1615.445916015625,0,1649.61163359375,0,1482.1306796875001,0,1.6697115411014212,0,1.7050249442829457,0,1.5319180151808787,0