msdX(mean),msdX(std),msdY(mean),msdY(std),msdZ(mean),msdZ(std),DmsdX(mean),DmsdX(std),DmsdY(mean),DmsdY(std),DmsdZ(mean),DmsdZ(std)
3400.9456792968749,0,3484.8630351562501,0,3051.8564363281248,0,1.4641498955670658,0,1.500277372864254,0,1.3138625852616708,0