msdX(mean),msdX(std),msdY(mean),msdY(std),msdZ(mean),msdZ(std),DmsdX(mean),DmsdX(std),DmsdY(mean),DmsdY(std),DmsdZ(mean),DmsdZ(std)
903.97595000000001,0,919.70542304687501,0,839.02726250000001,0,1.8208495845572805,0,1.8525329545216114,0,1.6900255392362566,0