msdX(mean),msdX(std),msdY(mean),msdY(std),msdZ(mean),msdZ(std),DmsdX(mean),DmsdX(std),DmsdY(mean),DmsdY(std),DmsdZ(mean),DmsdZ(std)
56.048068749999999,0,56.433359765624999,0,54.347094921874998,0,2.2703015189873419,0,2.2859082436708862,0,2.201401313291139,0