msdX(mean),msdX(std),msdY(mean),msdY(std),msdZ(mean),msdZ(std),DmsdX(mean),DmsdX(std),DmsdY(mean),DmsdY(std),DmsdZ(mean),DmsdZ(std)
182.9761046875,0,184.80738710937499,0,174.79650546875001,0,2.1240273337363962,0,2.1452852675332523,0,2.0290767261185003,0