msdX(mean),msdX(std),msdY(mean),msdY(std),msdZ(mean),msdZ(std),DmsdX(mean),DmsdX(std),DmsdY(mean),DmsdY(std),DmsdZ(mean),DmsdZ(std)
303.15329960937498,0,306.27029062499997,0,286.26726835937501,0,2.0466045543248943,0,2.0676475316455694,0,1.9326060311181434,0