msdX(mean),msdX(std),msdY(mean),msdY(std),msdZ(mean),msdZ(std),DmsdX(mean),DmsdX(std),DmsdY(mean),DmsdY(std),DmsdZ(mean),DmsdZ(std)
2077.8865539062499,0,2122.133746484375,0,1892.435915234375,0,1.6039005320816915,0,1.6380545120406849,0,1.4607529779086594,0