msdX(mean),msdX(std),msdY(mean),msdY(std),msdZ(mean),msdZ(std),DmsdX(mean),DmsdX(std),DmsdY(mean),DmsdY(std),DmsdZ(mean),DmsdZ(std)
7810.5367777343754,0,8092.8653921875002,0,6871.6659367187503,0,1.235742588892826,0,1.2804111568633914,0,1.0871993175750283,0