msdX(mean),msdX(std),msdY(mean),msdY(std),msdZ(mean),msdZ(std),DmsdX(mean),DmsdX(std),DmsdY(mean),DmsdY(std),DmsdZ(mean),DmsdZ(std)
280.56741523437501,0,283.59748242187499,0,265.36491445312498,0,2.0592103870412846,0,2.0814494122706422,0,1.9476323996559632,0