msdX(mean),msdX(std),msdY(mean),msdY(std),msdZ(mean),msdZ(std),DmsdX(mean),DmsdX(std),DmsdY(mean),DmsdY(std),DmsdZ(mean),DmsdZ(std)
45.733284374999997,0,46.065858203125003,0,44.546884765625002,0,2.2866642187499999,0,2.3032929101562503,0,2.2273442382812503,0