msdX(mean),msdX(std),msdY(mean),msdY(std),msdZ(mean),msdZ(std),DmsdX(mean),DmsdX(std),DmsdY(mean),DmsdY(std),DmsdZ(mean),DmsdZ(std)
1674.2918691406251,0,1710.586369140625,0,1534.85883828125,0,1.6599403019467107,0,1.6959236955230816,0,1.5217024524940617,0