msdX(mean),msdX(std),msdY(mean),msdY(std),msdZ(mean),msdZ(std),DmsdX(mean),DmsdX(std),DmsdY(mean),DmsdY(std),DmsdZ(mean),DmsdZ(std)
497.35573984374997,0,503.19640078125002,0,466.5182375,0,1.9528078128834354,0,1.9757404693251535,0,1.8317280490797545,0