msdX(mean),msdX(std),msdY(mean),msdY(std),msdZ(mean),msdZ(std),DmsdX(mean),DmsdX(std),DmsdY(mean),DmsdY(std),DmsdZ(mean),DmsdZ(std)
90.393162500000003,0,91.149261328124993,0,87.169136328125006,0,2.2193717647058824,0,2.2379358280051145,0,2.1402140888746803,0