msdX(mean),msdX(std),msdY(mean),msdY(std),msdZ(mean),msdZ(std),DmsdX(mean),DmsdX(std),DmsdY(mean),DmsdY(std),DmsdZ(mean),DmsdZ(std)
4978.3607339843747,0,5135.6170015625003,0,4440.5531296874997,0,1.3546175858464895,0,1.3974071940988066,0,1.2082795284997589,0