msdX(mean),msdX(std),msdY(mean),msdY(std),msdZ(mean),msdZ(std),DmsdX(mean),DmsdX(std),DmsdY(mean),DmsdY(std),DmsdZ(mean),DmsdZ(std)
74.130416796874997,0,74.561996093749997,0,71.553687109375005,0,2.2449589944794952,0,2.2580289037854886,0,2.1669255402208201,0