msdX(mean),msdX(std),msdY(mean),msdY(std),msdZ(mean),msdZ(std),DmsdX(mean),DmsdX(std),DmsdY(mean),DmsdY(std),DmsdZ(mean),DmsdZ(std)
144.87016953125001,0,146.1296859375,0,138.62306679687501,0,2.159555322204969,0,2.1783307220496892,0,2.0664308093944097,0