msdX(mean),msdX(std),msdY(mean),msdY(std),msdZ(mean),msdZ(std),DmsdX(mean),DmsdX(std),DmsdY(mean),DmsdY(std),DmsdZ(mean),DmsdZ(std)
5715.5420808593753,0,5910.6066449218752,0,5071.95303984375,0,1.3162185807625877,0,1.3611395348969701,0,1.1680079924796698,0