msdX(mean),msdX(std),msdY(mean),msdY(std),msdZ(mean),msdZ(std),DmsdX(mean),DmsdX(std),DmsdY(mean),DmsdY(std),DmsdZ(mean),DmsdZ(std)
1865.741144921875,0,1903.2294089843749,0,1705.6793796874999,0,1.6321409687670858,0,1.6649355136003279,0,1.4921197416621104,0