msdX(mean),msdX(std),msdY(mean),msdY(std),msdZ(mean),msdZ(std),DmsdX(mean),DmsdX(std),DmsdY(mean),DmsdY(std),DmsdZ(mean),DmsdZ(std)
1350.7852156250001,0,1378.3136132812499,0,1241.1887902343749,0,1.7198326352785145,0,1.7548820540450925,0,1.5802934199270555,0