msdX(mean),msdX(std),msdY(mean),msdY(std),msdZ(mean),msdZ(std),DmsdX(mean),DmsdX(std),DmsdY(mean),DmsdY(std),DmsdZ(mean),DmsdZ(std)
3171.0820253906249,0,3245.8255339843749,0,2854.6113917968751,0,1.4839087225810381,0,1.5188849683767973,0,1.3358162008895929,0