msdX(mean),msdX(std),msdY(mean),msdY(std),msdZ(mean),msdZ(std),DmsdX(mean),DmsdX(std),DmsdY(mean),DmsdY(std),DmsdZ(mean),DmsdZ(std)
7035.9614765625001,0,7278.7833398437497,0,6224.5708789062501,0,1.2644420557292348,0,1.3080798978359758,0,1.1186259652464479,0