msdX(mean),msdX(std),msdY(mean),msdY(std),msdZ(mean),msdZ(std),DmsdX(mean),DmsdX(std),DmsdY(mean),DmsdY(std),DmsdZ(mean),DmsdZ(std)
10183.5287890625,0,10595.305859374999,0,8919.8623281250002,0,1.1719237158355311,0,1.2193111514025412,0,1.0265005795972189,0