msdX(mean),msdX(std),msdY(mean),msdY(std),msdZ(mean),msdZ(std),DmsdX(mean),DmsdX(std),DmsdY(mean),DmsdY(std),DmsdZ(mean),DmsdZ(std)
6831.685203125,0,7059.7627656249997,0,6040.6802773437503,0,1.2738749504700488,0,1.3164035923782145,0,1.1263796647987725,0