msdX(mean),msdX(std),msdY(mean),msdY(std),msdZ(mean),msdZ(std),DmsdX(mean),DmsdX(std),DmsdY(mean),DmsdY(std),DmsdZ(mean),DmsdZ(std)
5720.7246992187502,0,5935.1573359374997,0,5075.2491445312498,0,1.3136620846888005,0,1.3629027035592975,0,1.165440170968282,0