msdX(mean),msdX(std),msdY(mean),msdY(std),msdZ(mean),msdZ(std),DmsdX(mean),DmsdX(std),DmsdY(mean),DmsdY(std),DmsdZ(mean),DmsdZ(std)
2541.15803125,0,2562.5667265625002,0,2278.0270351562499,0,1.5561087644319702,0,1.5692186371754799,0,1.3949773258595393,0