msdX(mean),msdX(std),msdY(mean),msdY(std),msdZ(mean),msdZ(std),DmsdX(mean),DmsdX(std),DmsdY(mean),DmsdY(std),DmsdZ(mean),DmsdZ(std)
2132.2839140625001,0,2151.16059765625,0,1933.345359375,0,1.602593406012683,0,1.6167808453378218,0,1.4530740977060987,0