msdX(mean),msdX(std),msdY(mean),msdY(std),msdZ(mean),msdZ(std),DmsdX(mean),DmsdX(std),DmsdY(mean),DmsdY(std),DmsdZ(mean),DmsdZ(std)
4044.5686210937502,0,4138.5891718749999,0,3579.9028242187501,0,1.4227870561561011,0,1.4558613429827774,0,1.2593282195859288,0