msdX(mean),msdX(std),msdY(mean),msdY(std),msdZ(mean),msdZ(std),DmsdX(mean),DmsdX(std),DmsdY(mean),DmsdY(std),DmsdZ(mean),DmsdZ(std)
7242.3531874999999,0,7514.2136289062501,0,6424.7713007812499,0,1.2560128371420827,0,1.3031605245686928,0,1.1142228251738775,0