msdX(mean),msdX(std),msdY(mean),msdY(std),msdZ(mean),msdZ(std),DmsdX(mean),DmsdX(std),DmsdY(mean),DmsdY(std),DmsdZ(mean),DmsdZ(std)
3311.8399453124998,0,3382.8338906250001,0,2949.4245703124998,0,1.4799452346041055,0,1.5116699413489736,0,1.3179945014662755,0