msdX(mean),msdX(std),msdY(mean),msdY(std),msdZ(mean),msdZ(std),DmsdX(mean),DmsdX(std),DmsdY(mean),DmsdY(std),DmsdZ(mean),DmsdZ(std)
9298.7896445312508,0,9666.8006601562502,0,8164.4137656250005,0,1.1948652200174006,0,1.2421534779480659,0,1.0491014877526437,0