msdX(mean),msdX(std),msdY(mean),msdY(std),msdZ(mean),msdZ(std),DmsdX(mean),DmsdX(std),DmsdY(mean),DmsdY(std),DmsdZ(mean),DmsdZ(std)
10287.551187499999,0,10686.612671875,0,9002.4018906250003,0,1.1703282662021401,0,1.215726138504746,0,1.0241276280706744,0