msdX(mean),msdX(std),msdY(mean),msdY(std),msdZ(mean),msdZ(std),DmsdX(mean),DmsdX(std),DmsdY(mean),DmsdY(std),DmsdZ(mean),DmsdZ(std)
11069.966480468751,0,11515.41355078125,0,9643.8794179687502,0,1.1535095161404119,0,1.1999258657697358,0,1.0049087954118681,0