msdX(mean),msdX(std),msdY(mean),msdY(std),msdZ(mean),msdZ(std),DmsdX(mean),DmsdX(std),DmsdY(mean),DmsdY(std),DmsdZ(mean),DmsdZ(std)
3440.8784062499999,0,3510.4688632812499,0,3057.2472187499998,0,1.4713123112556232,0,1.5010690431383902,0,1.3072724288450401,0