msdX(mean),msdX(std),msdY(mean),msdY(std),msdZ(mean),msdZ(std),DmsdX(mean),DmsdX(std),DmsdY(mean),DmsdY(std),DmsdZ(mean),DmsdZ(std)
8796.0696328124995,0,9136.1291367187496,0,7741.3459140625,0,1.208545297405218,0,1.2552681328805941,0,1.0636304156946372,0