msdX(mean),msdX(std),msdY(mean),msdY(std),msdZ(mean),msdZ(std),DmsdX(mean),DmsdX(std),DmsdY(mean),DmsdY(std),DmsdZ(mean),DmsdZ(std)
11168.277003906251,0,11624.661136718751,0,9732.0238437499993,0,1.15165321371795,0,1.1987147481927451,0,1.003549296969827,0