msdX(mean),msdX(std),msdY(mean),msdY(std),msdZ(mean),msdZ(std),DmsdX(mean),DmsdX(std),DmsdY(mean),DmsdY(std),DmsdZ(mean),DmsdZ(std)
2931.1291562500001,0,2979.8038593749998,0,2621.2586289062501,0,1.5144693164693219,0,1.5396187863293862,0,1.3543639847954789,0