msdX(mean),msdX(std),msdY(mean),msdY(std),msdZ(mean),msdZ(std),DmsdX(mean),DmsdX(std),DmsdY(mean),DmsdY(std),DmsdZ(mean),DmsdZ(std)
9785.7494492187507,0,10171.060031249999,0,8575.4497695312493,0,1.1809475255817168,0,1.2274469358508588,0,1.0348881543136932,0