msdX(mean),msdX(std),msdY(mean),msdY(std),msdZ(mean),msdZ(std),DmsdX(mean),DmsdX(std),DmsdY(mean),DmsdY(std),DmsdZ(mean),DmsdZ(std)
3803.58971875,0,3881.5151992187498,0,3366.8357031249998,0,1.4401854263627039,0,1.46969101177329,0,1.2748135501301567,0