msdX(mean),msdX(std),msdY(mean),msdY(std),msdZ(mean),msdZ(std),DmsdX(mean),DmsdX(std),DmsdY(mean),DmsdY(std),DmsdZ(mean),DmsdZ(std)
8588.9221601562494,0,8936.0062148437501,0,7578.5399687500003,0,1.2136960188633419,0,1.2627422818903085,0,1.0709194491874705,0