msdX(mean),msdX(std),msdY(mean),msdY(std),msdZ(mean),msdZ(std),DmsdX(mean),DmsdX(std),DmsdY(mean),DmsdY(std),DmsdZ(mean),DmsdZ(std)
609.88117187499995,0,622.54905468749996,0,576.88176562499996,0,1.8911044089147284,0,1.9303846656976742,0,1.788780668604651,0