msdX(mean),msdX(std),msdY(mean),msdY(std),msdZ(mean),msdZ(std),DmsdX(mean),DmsdX(std),DmsdY(mean),DmsdY(std),DmsdZ(mean),DmsdZ(std)
939.81621874999996,0,967.51485156249998,0,877.97203515624994,0,1.793328503279666,0,1.8461821854502087,0,1.6753193276684555,0