msdX(mean),msdX(std),msdY(mean),msdY(std),msdZ(mean),msdZ(std),DmsdX(mean),DmsdX(std),DmsdY(mean),DmsdY(std),DmsdZ(mean),DmsdZ(std)
5834.1550039062504,0,6051.8519882812498,0,5184.5032031250003,0,1.3093909392972367,0,1.3582498500841633,0,1.1635860744844999,0