msdX(mean),msdX(std),msdY(mean),msdY(std),msdZ(mean),msdZ(std),DmsdX(mean),DmsdX(std),DmsdY(mean),DmsdY(std),DmsdZ(mean),DmsdZ(std)
5179.7707968750001,0,5339.1373359375002,0,4590.2604140624999,0,1.345140250764195,0,1.3865263187437444,0,1.1920496652419725,0