msdX(mean),msdX(std),msdY(mean),msdY(std),msdZ(mean),msdZ(std),DmsdX(mean),DmsdX(std),DmsdY(mean),DmsdY(std),DmsdZ(mean),DmsdZ(std)
1996.31695703125,0,2017.7395078125001,0,1809.44514453125,0,1.6232968649415551,0,1.6407165233779433,0,1.4713428246230729,0