msdX(mean),msdX(std),msdY(mean),msdY(std),msdZ(mean),msdZ(std),DmsdX(mean),DmsdX(std),DmsdY(mean),DmsdY(std),DmsdZ(mean),DmsdZ(std)
776.50757812500001,0,799.86419140625003,0,729.79957421874997,0,1.834269869586614,0,1.8894429718257872,0,1.7239360020915353,0