msdX(mean),msdX(std),msdY(mean),msdY(std),msdZ(mean),msdZ(std),DmsdX(mean),DmsdX(std),DmsdY(mean),DmsdY(std),DmsdZ(mean),DmsdZ(std)
6146.7116406249997,0,6392.4992578125002,0,5464.0740234374998,0,1.2918631203888169,0,1.3435206531733694,0,1.1483922023118855,0