msdX(mean),msdX(std),msdY(mean),msdY(std),msdZ(mean),msdZ(std),DmsdX(mean),DmsdX(std),DmsdY(mean),DmsdY(std),DmsdZ(mean),DmsdZ(std)
6929.60069140625,0,7167.1748242187496,0,6137.8050390625003,0,1.2683107402623399,0,1.311793451268803,0,1.123389990181312,0