msdX(mean),msdX(std),msdY(mean),msdY(std),msdZ(mean),msdZ(std),DmsdX(mean),DmsdX(std),DmsdY(mean),DmsdY(std),DmsdZ(mean),DmsdZ(std)
1099.80768359375,0,1127.765453125,0,1017.72545703125,0,1.7599856246874477,0,1.8047255125854309,0,1.6286321699449908,0