msdX(mean),msdX(std),msdY(mean),msdY(std),msdZ(mean),msdZ(std),DmsdX(mean),DmsdX(std),DmsdY(mean),DmsdY(std),DmsdZ(mean),DmsdZ(std)
9876.7611445312505,0,10273.749261718751,0,8654.6020468749994,0,1.1776157159757066,0,1.2249489904180535,0,1.0318965131154054,0