msdX(mean),msdX(std),msdY(mean),msdY(std),msdZ(mean),msdZ(std),DmsdX(mean),DmsdX(std),DmsdY(mean),DmsdY(std),DmsdZ(mean),DmsdZ(std)
6366.2251562499996,0,6611.8343320312497,0,5652.8528515625003,0,1.2835940079390082,0,1.3331151069560834,0,1.1397598843803163,0