msdX(mean),msdX(std),msdY(mean),msdY(std),msdZ(mean),msdZ(std),DmsdX(mean),DmsdX(std),DmsdY(mean),DmsdY(std),DmsdZ(mean),DmsdZ(std)
10588.2934140625,0,11019.373253906249,0,9261.6800039062491,0,1.1644684649620236,0,1.2118773211155789,0,1.0185715370141251,0