msdX(mean),msdX(std),msdY(mean),msdY(std),msdZ(mean),msdZ(std),DmsdX(mean),DmsdX(std),DmsdY(mean),DmsdY(std),DmsdZ(mean),DmsdZ(std)
5496.3121992187498,0,5699.2175351562501,0,4878.9036953124996,0,1.323382837463319,0,1.3722376749391787,0,1.1747253762132877,0