msdX(mean),msdX(std),msdY(mean),msdY(std),msdZ(mean),msdZ(std),DmsdX(mean),DmsdX(std),DmsdY(mean),DmsdY(std),DmsdZ(mean),DmsdZ(std)
3683.8234648437501,0,3760.61470703125,0,3266.6314960937498,0,1.4502052514762569,0,1.4804355444722381,0,1.285969915627819,0