msdX(mean),msdX(std),msdY(mean),msdY(std),msdZ(mean),msdZ(std),DmsdX(mean),DmsdX(std),DmsdY(mean),DmsdY(std),DmsdZ(mean),DmsdZ(std)
8189.8693984375004,0,8492.1332968749994,0,7246.0902226562503,0,1.2272531566090159,0,1.2725474470841656,0,1.0858277056927448,0