msdX(mean),msdX(std),msdY(mean),msdY(std),msdZ(mean),msdZ(std),DmsdX(mean),DmsdX(std),DmsdY(mean),DmsdY(std),DmsdZ(mean),DmsdZ(std)
10684.788843750001,0,11130.50468359375,0,9338.3752070312494,0,1.1622059518683858,0,1.2106873593611909,0,1.0157538352047404,0