msdX(mean),msdX(std),msdY(mean),msdY(std),msdZ(mean),msdZ(std),DmsdX(mean),DmsdX(std),DmsdY(mean),DmsdY(std),DmsdZ(mean),DmsdZ(std)
250.100984375,0,253.88751953125001,0,238.77710156250001,0,2.0698012499999998,0,2.1011380926724135,0,1.9760863577586205,0