msdX(mean),msdX(std),msdY(mean),msdY(std),msdZ(mean),msdZ(std),DmsdX(mean),DmsdX(std),DmsdY(mean),DmsdY(std),DmsdZ(mean),DmsdZ(std)
8285.9052460937492,0,8592.7997500000001,0,7329.4833203124999,0,1.2231622949086602,0,1.2684659490712265,0,1.0819756408383565,0