msdX(mean),msdX(std),msdY(mean),msdY(std),msdZ(mean),msdZ(std),DmsdX(mean),DmsdX(std),DmsdY(mean),DmsdY(std),DmsdZ(mean),DmsdZ(std)
9480.9271640624993,0,9868.0950117187494,0,8327.7213124999998,0,1.18751256800835,0,1.2360064206732335,0,1.0430703190031965,0