msdX(mean),msdX(std),msdY(mean),msdY(std),msdZ(mean),msdZ(std),DmsdX(mean),DmsdX(std),DmsdY(mean),DmsdY(std),DmsdZ(mean),DmsdZ(std)
9100.6739453124992,0,9455.8211210937498,0,7988.46840625,0,1.2005176282051282,0,1.24736695471597,0,1.053800762635007,0