msdX(mean),msdX(std),msdY(mean),msdY(std),msdZ(mean),msdZ(std),DmsdX(mean),DmsdX(std),DmsdY(mean),DmsdY(std),DmsdZ(mean),DmsdZ(std)
4157.4930664062504,0,4260.6940351562498,0,3684.8479296874998,0,1.4124618125597199,0,1.4475231885019642,0,1.251885908801359,0